# convertido de flygym/NeuroMechFly (c_abdomen4)
v -0.26348 0.00000 0.03956
v -0.26331 0.00000 0.04440
v -0.26260 0.00000 0.06652
v -0.25910 0.00000 -0.00440
v -0.25822 -0.14226 -0.05690
v -0.25822 0.14226 -0.05690
v -0.25578 0.00000 -0.03244
v -0.25568 0.00000 0.12687
v -0.25494 0.00000 -0.04636
v -0.25494 0.00000 -0.12158
v -0.25483 0.00000 -0.11553
v -0.25474 0.00000 -0.11975
v -0.25461 0.00000 -0.12533
v -0.25449 0.00000 0.13524
v -0.25393 0.00000 0.14033
v -0.25359 -0.18439 -0.10190
v -0.25359 0.18439 -0.10190
v -0.25334 0.00000 0.14673
v -0.25223 -0.22028 0.08500
v -0.25223 0.22028 0.08500
v -0.25158 0.00000 -0.14014
v -0.25121 0.00000 0.15605
v -0.25117 0.00000 0.15615
v -0.24703 0.00000 0.18401
v -0.24609 0.00000 0.19606
v -0.24430 0.00000 0.21221
v -0.24216 -0.11943 0.28249
v -0.24216 0.11943 0.28249
v -0.24150 -0.33490 0.22834
v -0.24150 0.33490 0.22834
v -0.24081 0.00000 -0.19659
v -0.24034 -0.34992 0.22521
v -0.24034 0.34992 0.22521
v -0.24021 -0.16453 0.27519
v -0.24021 0.16453 0.27519
v -0.23998 0.00000 -0.19067
v -0.23960 -0.21027 0.26902
v -0.23960 0.21027 0.26902
v -0.23955 -0.14691 0.26710
v -0.23955 0.14691 0.26710
v -0.23944 0.00000 -0.20262
v -0.23910 -0.34774 0.21525
v -0.23910 0.34774 0.21525
v -0.23846 -0.32444 0.23497
v -0.23846 0.32444 0.23497
v -0.23749 -0.20813 -0.14249
v -0.23749 0.20813 -0.14249
v -0.23747 -0.28995 0.21413
v -0.23747 0.28995 0.21413
v -0.23747 0.00000 0.28714
v -0.23722 0.00000 0.28639
v -0.23707 0.00000 0.28919
v -0.23685 0.00000 0.29233
v -0.23683 0.00000 0.29241
v -0.23632 0.00000 0.28639
v -0.23605 -0.38312 0.20134
v -0.23605 0.38312 0.20134
v -0.23604 -0.36174 0.17071
v -0.23604 0.36174 0.17071
v -0.23591 -0.14601 0.28044
v -0.23591 0.14601 0.28044
v -0.23559 -0.25814 0.25753
v -0.23559 0.25814 0.25753
v -0.23544 0.00000 0.29119
v -0.23541 -0.23931 0.26354
v -0.23541 0.23931 0.26354
v -0.23520 -0.16697 0.27843
v -0.23520 0.16697 0.27843
v -0.23504 -0.37090 0.21705
v -0.23504 0.37090 0.21705
v -0.23418 -0.21294 0.27111
v -0.23418 0.21294 0.27111
v -0.23381 -0.36207 0.18848
v -0.23381 0.36207 0.18848
v -0.23373 -0.33218 0.21337
v -0.23373 0.33218 0.21337
v -0.23369 -0.36725 0.19383
v -0.23369 0.36725 0.19383
v -0.23319 -0.36190 0.18783
v -0.23319 0.36190 0.18783
v -0.23281 -0.27664 0.24926
v -0.23281 0.27664 0.24926
v -0.23226 -0.40472 0.15541
v -0.23226 0.40472 0.15541
v -0.23215 -0.37843 0.14909
v -0.23215 0.37843 0.14909
v -0.23120 -0.12624 0.28277
v -0.23120 0.12624 0.28277
v -0.23108 0.00000 0.29123
v -0.23084 -0.33670 0.21138
v -0.23084 0.33670 0.21138
v -0.23004 -0.33605 0.21235
v -0.23004 0.33605 0.21235
v -0.22945 -0.36352 0.19004
v -0.22945 0.36352 0.19004
v -0.22882 -0.39669 0.18578
v -0.22882 0.39669 0.18578
v -0.22304 -0.34123 0.20859
v -0.22304 0.34123 0.20859
v -0.22262 -0.32612 0.23582
v -0.22262 0.32612 0.23582
v -0.22116 -0.42226 0.12168
v -0.22116 0.42226 0.12168
v -0.22052 -0.41553 0.10523
v -0.22052 0.41553 0.10523
v -0.21734 -0.44946 0.05531
v -0.21734 0.44946 0.05531
v -0.21675 -0.41989 0.15041
v -0.21675 0.41989 0.15041
v -0.21670 -0.42704 0.11393
v -0.21670 0.42704 0.11393
v -0.21524 -0.42878 0.06811
v -0.21524 0.42878 0.06811
v -0.21487 -0.41017 0.03978
v -0.21487 0.41017 0.03978
v -0.21382 -0.14093 0.28197
v -0.21382 0.14093 0.28197
v -0.21283 -0.25629 0.25219
v -0.21283 0.25629 0.25219
v -0.21226 -0.42095 -0.00957
v -0.21226 0.42095 -0.00957
v -0.21193 -0.44447 0.08265
v -0.21193 0.44447 0.08265
v -0.21094 -0.16719 -0.24196
v -0.21094 0.16719 -0.24196
v -0.21081 0.00000 -0.27066
v -0.21051 0.00000 0.29172
v -0.20937 -0.46368 -0.02918
v -0.20937 0.46368 -0.02918
v -0.20908 -0.38067 0.21663
v -0.20908 0.38067 0.21663
v -0.20851 -0.32489 -0.11971
v -0.20851 0.32489 -0.11971
v -0.20751 -0.45794 0.04511
v -0.20751 0.45794 0.04511
v -0.20654 -0.36075 0.20285
v -0.20654 0.36075 0.20285
v -0.20639 -0.45967 0.03081
v -0.20639 0.45967 0.03081
v -0.20461 -0.46560 0.01136
v -0.20461 0.46560 0.01136
v -0.20383 0.00000 0.29100
v -0.20367 -0.30179 0.23904
v -0.20367 0.30179 0.23904
v -0.20363 0.00000 -0.28855
v -0.20347 -0.13307 0.28114
v -0.20347 0.13307 0.28114
v -0.20325 0.00000 -0.28881
v -0.20306 0.00000 0.29261
v -0.19994 0.00000 -0.29134
v -0.19889 -0.47282 -0.03794
v -0.19889 0.47282 -0.03794
v -0.19652 -0.46955 -0.07020
v -0.19652 0.46955 -0.07020
v -0.19605 0.00000 0.29165
v -0.19137 0.00000 0.29303
v -0.19130 -0.47122 -0.09660
v -0.19130 0.47122 -0.09660
v -0.19117 -0.17820 0.27137
v -0.19117 0.17820 0.27137
v -0.19088 -0.44448 0.10498
v -0.19088 0.44448 0.10498
v -0.18996 0.00000 -0.31737
v -0.18943 0.00000 0.29270
v -0.18851 -0.46354 -0.12995
v -0.18851 0.46354 -0.12995
v -0.18843 -0.44395 -0.16695
v -0.18843 0.44395 -0.16695
v -0.18811 -0.11251 -0.31357
v -0.18811 0.11251 -0.31357
v -0.18733 -0.22987 -0.30594
v -0.18733 0.22987 -0.30594
v -0.18733 -0.25814 -0.28814
v -0.18733 0.25814 -0.28814
v -0.18688 -0.42945 -0.15013
v -0.18688 0.42945 -0.15013
v -0.18540 -0.47651 -0.09818
v -0.18540 0.47651 -0.09818
v -0.18531 -0.12386 -0.31781
v -0.18531 0.12386 -0.31781
v -0.18523 -0.22637 0.25853
v -0.18523 0.22637 0.25853
v -0.18482 -0.41807 0.16514
v -0.18482 0.41807 0.16514
v -0.18393 0.00000 0.29020
v -0.18364 -0.25535 0.25331
v -0.18364 0.25535 0.25331
v -0.18344 -0.14417 -0.31819
v -0.18344 0.14417 -0.31819
v -0.18220 -0.15305 0.27336
v -0.18220 0.15305 0.27336
v -0.18197 0.00000 -0.33555
v -0.18118 -0.10708 -0.32653
v -0.18118 0.10708 -0.32653
v -0.18092 -0.44575 0.10357
v -0.18092 0.44575 0.10357
v -0.18068 -0.35220 0.23297
v -0.18068 0.35220 0.23297
v -0.18038 -0.11002 -0.32571
v -0.18038 0.11002 -0.32571
v -0.18014 0.00000 0.29148
v -0.18012 -0.11095 -0.32555
v -0.18012 0.11095 -0.32555
v -0.17992 0.00000 -0.33980
v -0.17969 -0.34762 -0.26302
v -0.17969 0.34762 -0.26302
v -0.17966 0.00000 -0.34118
v -0.17926 -0.39894 -0.22777
v -0.17926 0.39894 -0.22777
v -0.17900 0.00000 -0.34200
v -0.17855 -0.40349 -0.19663
v -0.17855 0.40349 -0.19663
v -0.17848 -0.37652 -0.24679
v -0.17848 0.37652 -0.24679
v -0.17847 -0.33816 -0.27217
v -0.17847 0.33816 -0.27217
v -0.17840 -0.42255 -0.18440
v -0.17840 0.42255 -0.18440
v -0.17774 0.00000 -0.34444
v -0.17750 0.00000 0.28417
v -0.17731 -0.48027 -0.02427
v -0.17731 0.48027 -0.02427
v -0.17723 -0.11345 -0.31078
v -0.17723 0.11345 -0.31078
v -0.17719 0.00000 -0.34584
v -0.17714 -0.48149 -0.05170
v -0.17714 0.48149 -0.05170
v -0.17695 -0.17723 -0.33198
v -0.17695 0.17723 -0.33198
v -0.17655 -0.37609 -0.24637
v -0.17655 0.37609 -0.24637
v -0.17654 -0.36934 -0.25129
v -0.17654 0.36934 -0.25129
v -0.17644 -0.30070 -0.30066
v -0.17644 0.30070 -0.30066
v -0.17625 -0.40226 -0.22272
v -0.17625 0.40226 -0.22272
v -0.17572 0.00000 -0.35279
v -0.17537 -0.43491 0.13709
v -0.17537 0.43491 0.13709
v -0.17531 -0.37443 -0.25108
v -0.17531 0.37443 -0.25108
v -0.17467 -0.39345 -0.24284
v -0.17467 0.39345 -0.24284
v -0.17467 -0.22723 -0.31682
v -0.17467 0.22723 -0.31682
v -0.17464 -0.28094 -0.30461
v -0.17464 0.28094 -0.30461
v -0.17370 -0.33165 -0.27741
v -0.17370 0.33165 -0.27741
v -0.17309 -0.35879 -0.26208
v -0.17309 0.35879 -0.26208
v -0.17243 -0.31841 -0.29923
v -0.17243 0.31841 -0.29923
v -0.17210 -0.11045 -0.34117
v -0.17210 0.11045 -0.34117
v -0.17186 -0.18510 -0.34416
v -0.17186 0.18510 -0.34416
v -0.17155 -0.18637 -0.34814
v -0.17155 0.18637 -0.34814
v -0.17142 -0.46719 -0.15718
v -0.17142 0.46719 -0.15718
v -0.17045 -0.40725 0.18780
v -0.17045 0.40725 0.18780
v -0.17027 -0.20151 -0.35549
v -0.17027 0.20151 -0.35549
v -0.16956 0.00000 0.29346
v -0.16935 -0.14723 -0.31626
v -0.16935 0.14723 -0.31626
v -0.16862 -0.23024 -0.33394
v -0.16862 0.23024 -0.33394
v -0.16525 0.00000 -0.36517
v -0.16495 0.00000 -0.38210
v -0.16477 -0.28848 0.24463
v -0.16477 0.28848 0.24463
v -0.16386 0.00000 -0.38457
v -0.16317 -0.21477 -0.35473
v -0.16317 0.21477 -0.35473
v -0.16316 0.00000 -0.38541
v -0.16288 -0.23359 -0.30954
v -0.16288 0.23359 -0.30954
v -0.16284 -0.11686 -0.30673
v -0.16284 0.11686 -0.30673
v -0.16281 0.00000 -0.38555
v -0.16270 0.00000 -0.38402
v -0.16247 0.00000 -0.38559
v -0.16179 -0.11555 0.28277
v -0.16179 0.11555 0.28277
v -0.16166 -0.45940 -0.17813
v -0.16166 0.45940 -0.17813
v -0.16100 -0.11430 -0.33033
v -0.16100 0.11430 -0.33033
v -0.16091 0.00000 -0.38692
v -0.15935 -0.15397 -0.31016
v -0.15935 0.15397 -0.31016
v -0.15744 -0.17011 -0.31727
v -0.15744 0.17011 -0.31727
v -0.15686 0.00000 -0.38072
v -0.15681 -0.36104 0.22917
v -0.15681 0.36104 0.22917
v -0.15500 -0.41982 -0.20625
v -0.15500 0.41982 -0.20625
v -0.15451 -0.11005 -0.30922
v -0.15451 0.11005 -0.30922
v -0.15335 -0.45663 0.09575
v -0.15335 0.45663 0.09575
v -0.15131 0.00000 -0.38867
v -0.15027 -0.44747 -0.19248
v -0.15027 0.44747 -0.19248
v -0.15009 0.00000 0.28965
v -0.14940 -0.48172 -0.12101
v -0.14940 0.48172 -0.12101
v -0.14924 0.00000 -0.38718
v -0.14911 -0.23644 -0.32846
v -0.14911 0.23644 -0.32846
v -0.14850 -0.47439 0.02379
v -0.14850 0.47439 0.02379
v -0.14825 -0.18255 0.27385
v -0.14825 0.18255 0.27385
v -0.14565 -0.34124 -0.26308
v -0.14565 0.34124 -0.26308
v -0.14261 -0.48892 -0.04811
v -0.14261 0.48892 -0.04811
v -0.13988 -0.40135 0.19360
v -0.13988 0.40135 0.19360
v -0.13973 0.00000 -0.36073
v -0.13943 -0.33731 -0.26344
v -0.13943 0.33731 -0.26344
v -0.13885 0.00000 0.29680
v -0.13787 -0.30938 -0.29716
v -0.13787 0.30938 -0.29716
v -0.13781 -0.42821 -0.19782
v -0.13781 0.42821 -0.19782
v -0.13688 -0.48921 -0.06995
v -0.13688 0.48921 -0.06995
v -0.13677 -0.22037 -0.35364
v -0.13677 0.22037 -0.35364
v -0.13546 0.00000 0.29465
v -0.13284 -0.32652 -0.28417
v -0.13284 0.32652 -0.28417
v -0.13248 -0.24949 -0.30229
v -0.13248 0.24949 -0.30229
v -0.13239 0.00000 0.27463
v -0.13194 -0.48380 -0.13143
v -0.13194 0.48380 -0.13143
v -0.13158 -0.43005 0.15990
v -0.13158 0.43005 0.15990
v -0.13013 -0.25556 0.26001
v -0.13013 0.25556 0.26001
v -0.12931 -0.35751 0.22973
v -0.12931 0.35751 0.22973
v -0.12832 -0.45996 0.09995
v -0.12832 0.45996 0.09995
v -0.12816 -0.47296 -0.15218
v -0.12816 0.47296 -0.15218
v -0.12803 -0.17096 0.27755
v -0.12803 0.17096 0.27755
v -0.12727 -0.38953 -0.24760
v -0.12727 0.38953 -0.24760
v -0.12697 0.00000 0.27604
v -0.12290 0.00000 0.28731
v -0.12182 0.00000 0.29900
v -0.12175 -0.46195 -0.18379
v -0.12175 0.46195 -0.18379
v -0.12143 -0.28562 0.25115
v -0.12143 0.28562 0.25115
v -0.12142 0.00000 0.29907
v -0.12137 -0.18879 -0.34090
v -0.12137 0.18879 -0.34090
v -0.11892 0.00000 0.29797
v -0.11880 -0.46531 0.08811
v -0.11880 0.46531 0.08811
v -0.11866 -0.27292 -0.30500
v -0.11866 0.27292 -0.30500
v -0.11735 0.00000 -0.34076
v -0.11642 0.00000 0.29817
v -0.11605 -0.48992 -0.02396
v -0.11605 0.48992 -0.02396
v -0.11593 0.00000 0.27792
v -0.11536 0.00000 0.29016
v -0.11485 -0.49264 -0.04285
v -0.11485 0.49264 -0.04285
v -0.11421 -0.34115 -0.26145
v -0.11421 0.34115 -0.26145
v -0.11366 0.00000 0.28903
v -0.11166 0.00000 -0.38786
v -0.11078 -0.12209 -0.30028
v -0.11078 0.12209 -0.30028
v -0.11012 -0.32989 0.23948
v -0.11012 0.32989 0.23948
v -0.10977 -0.23540 -0.31465
v -0.10977 0.23540 -0.31465
v -0.10859 -0.32987 -0.27330
v -0.10859 0.32987 -0.27330
v -0.10715 -0.44345 -0.20565
v -0.10715 0.44345 -0.20565
v -0.10640 -0.13896 0.28382
v -0.10640 0.13896 0.28382
v -0.10489 -0.20925 -0.35897
v -0.10489 0.20925 -0.35897
v -0.10460 0.00000 0.29668
v -0.10356 -0.10942 -0.29833
v -0.10356 0.10942 -0.29833
v -0.10337 0.00000 -0.39006
v -0.10197 -0.16702 -0.30519
v -0.10197 0.16702 -0.30519
v -0.09980 0.00000 -0.38653
v -0.09972 0.00000 -0.38645
v -0.09963 -0.41551 -0.21015
v -0.09963 0.41551 -0.21015
v -0.09679 -0.24447 -0.30438
v -0.09679 0.24447 -0.30438
v -0.09625 0.00000 -0.35127
v -0.09611 -0.35705 -0.25636
v -0.09611 0.35705 -0.25636
v -0.09590 0.00000 -0.38960
v -0.09562 -0.25751 -0.30155
v -0.09562 0.25751 -0.30155
v -0.09544 -0.48925 0.01170
v -0.09544 0.48925 0.01170
v -0.09427 -0.25116 0.26125
v -0.09427 0.25116 0.26125
v -0.09403 0.00000 -0.39001
v -0.09313 -0.24735 0.26392
v -0.09313 0.24735 0.26392
v -0.09266 -0.18090 -0.32540
v -0.09266 0.18090 -0.32540
v -0.09029 -0.19429 -0.35208
v -0.09029 0.19429 -0.35208
v -0.08929 -0.40723 0.19065
v -0.08929 0.40723 0.19065
v -0.08795 -0.49436 -0.02165
v -0.08795 0.49436 -0.02165
v -0.08725 -0.18464 0.27602
v -0.08725 0.18464 0.27602
v -0.08561 -0.33757 -0.26121
v -0.08561 0.33757 -0.26121
v -0.08559 -0.27121 -0.30313
v -0.08559 0.27121 -0.30313
v -0.08208 -0.23974 -0.31854
v -0.08208 0.23974 -0.31854
v -0.08164 0.00000 -0.36251
v -0.08122 -0.33015 -0.27597
v -0.08122 0.33015 -0.27597
v -0.08108 -0.10235 0.28984
v -0.08108 0.10235 0.28984
v -0.08022 -0.10184 -0.31483
v -0.08022 0.10184 -0.31483
v -0.07872 0.00000 -0.39159
v -0.07825 -0.23323 -0.34408
v -0.07825 0.23323 -0.34408
v -0.07789 0.00000 -0.37731
v -0.07778 -0.42564 -0.20949
v -0.07778 0.42564 -0.20949
v -0.07741 -0.40662 -0.23576
v -0.07741 0.40662 -0.23576
v -0.07611 -0.48827 -0.09625
v -0.07611 0.48827 -0.09625
v -0.07555 -0.43735 -0.21136
v -0.07555 0.43735 -0.21136
v -0.07506 -0.27034 -0.30789
v -0.07506 0.27034 -0.30789
v -0.07488 -0.29431 -0.29233
v -0.07488 0.29431 -0.29233
v -0.07398 -0.10223 -0.30575
v -0.07398 0.10223 -0.30575
v -0.07327 -0.18605 -0.35349
v -0.07327 0.18605 -0.35349
v -0.07158 -0.23470 -0.34704
v -0.07158 0.23470 -0.34704
v -0.07101 -0.48158 0.06569
v -0.07101 0.48158 0.06569
v -0.07060 0.00000 -0.39130
v -0.07053 0.00000 -0.32769
v -0.06932 -0.28840 0.24989
v -0.06932 0.28840 0.24989
v -0.06911 -0.25660 -0.30693
v -0.06911 0.25660 -0.30693
v -0.06791 -0.15781 -0.30129
v -0.06791 0.15781 -0.30129
v -0.06701 0.00000 0.29158
v -0.06553 -0.38454 0.20691
v -0.06553 0.38454 0.20691
v -0.06504 -0.34343 0.23539
v -0.06504 0.34343 0.23539
v -0.06469 -0.35348 -0.25831
v -0.06469 0.35348 -0.25831
v -0.06468 -0.37642 -0.25780
v -0.06468 0.37642 -0.25780
v -0.06436 -0.44235 0.14892
v -0.06436 0.44235 0.14892
v -0.06363 0.00000 0.29377
v -0.06211 -0.41232 0.17805
v -0.06211 0.41232 0.17805
v -0.06185 0.00000 -0.39119
v -0.06169 -0.33715 -0.27962
v -0.06169 0.33715 -0.27962
v -0.06081 -0.16516 -0.33329
v -0.06081 0.16516 -0.33329
v -0.05952 0.00000 0.29340
v -0.05887 0.00000 0.29138
v -0.05843 -0.40018 0.19580
v -0.05843 0.40018 0.19580
v -0.05757 -0.27381 -0.30775
v -0.05757 0.27381 -0.30775
v -0.05675 0.00000 -0.39215
v -0.05659 -0.20004 -0.35747
v -0.05659 0.20004 -0.35747
v -0.05639 -0.42594 0.17170
v -0.05639 0.42594 0.17170
v -0.05571 -0.45046 -0.20284
v -0.05571 0.45046 -0.20284
v -0.05423 -0.22291 -0.35014
v -0.05423 0.22291 -0.35014
v -0.05413 -0.48054 0.07591
v -0.05413 0.48054 0.07591
v -0.05361 -0.14895 -0.30112
v -0.05361 0.14895 -0.30112
v -0.05355 0.00000 -0.38915
v -0.05337 0.00000 -0.39100
v -0.05298 -0.39860 -0.24910
v -0.05298 0.39860 -0.24910
v -0.05280 -0.30465 -0.29844
v -0.05280 0.30465 -0.29844
v -0.05222 0.00000 -0.38948
v -0.04800 0.00000 -0.39041
v -0.04673 0.00000 0.28683
v -0.04644 0.00000 0.28588
v -0.04583 -0.25311 0.25465
v -0.04583 0.25311 0.25465
v -0.04495 -0.47291 0.09501
v -0.04495 0.47291 0.09501
v -0.04398 -0.24431 -0.34397
v -0.04398 0.24431 -0.34397
v -0.04369 -0.12090 -0.29545
v -0.04369 0.12090 -0.29545
v -0.04189 -0.11303 -0.29818
v -0.04189 0.11303 -0.29818
v -0.04056 -0.26855 -0.31247
v -0.04056 0.26855 -0.31247
v -0.04030 0.00000 0.29001
v -0.03917 0.00000 -0.39092
v -0.03890 -0.19322 -0.34790
v -0.03890 0.19322 -0.34790
v -0.03850 -0.17610 -0.34686
v -0.03850 0.17610 -0.34686
v -0.03801 -0.34631 -0.26360
v -0.03801 0.34631 -0.26360
v -0.03627 -0.14696 -0.29880
v -0.03627 0.14696 -0.29880
v -0.03580 -0.31892 -0.28760
v -0.03580 0.31892 -0.28760
v -0.03442 -0.48292 -0.11496
v -0.03442 0.48292 -0.11496
v -0.03369 -0.27564 -0.31188
v -0.03369 0.27564 -0.31188
v -0.03203 0.00000 -0.38787
v -0.03200 -0.34477 -0.26997
v -0.03200 0.34477 -0.26997
v -0.03159 -0.40647 -0.24874
v -0.03159 0.40647 -0.24874
v -0.03120 -0.45201 0.13847
v -0.03120 0.45201 0.13847
v -0.03085 -0.27257 0.24940
v -0.03085 0.27257 0.24940
v -0.03014 -0.47528 0.09676
v -0.03014 0.47528 0.09676
v -0.02966 0.00000 0.29205
v -0.02720 -0.20863 -0.34085
v -0.02720 0.20863 -0.34085
v -0.02656 0.00000 0.29299
v -0.02656 0.00000 0.29295
v -0.02578 -0.14673 -0.30701
v -0.02578 0.14673 -0.30701
v -0.02484 0.00000 0.29277
v -0.02474 -0.26005 -0.33783
v -0.02474 0.26005 -0.33783
v -0.02439 -0.15529 -0.33517
v -0.02439 0.15529 -0.33517
v -0.02331 -0.44538 -0.19933
v -0.02331 0.44538 -0.19933
v -0.02300 -0.40739 -0.24326
v -0.02300 0.40739 -0.24326
v -0.02150 -0.48813 -0.02220
v -0.02150 0.48813 -0.02220
v -0.02143 -0.46134 -0.15973
v -0.02143 0.46134 -0.15973
v -0.02133 -0.48659 -0.05458
v -0.02133 0.48659 -0.05458
v -0.02090 -0.33124 -0.28361
v -0.02090 0.33124 -0.28361
v -0.01954 -0.27128 -0.32968
v -0.01954 0.27128 -0.32968
v -0.01787 -0.24708 -0.34070
v -0.01787 0.24708 -0.34070
v -0.01155 -0.41255 -0.23235
v -0.01155 0.41255 -0.23235
v -0.01104 -0.13774 0.28311
v -0.01104 0.13774 0.28311
v -0.00915 -0.47250 -0.13515
v -0.00915 0.47250 -0.13515
v -0.00798 0.00000 -0.39392
v -0.00790 -0.35458 0.22618
v -0.00790 0.35458 0.22618
v -0.00653 -0.15379 -0.33332
v -0.00653 0.15379 -0.33332
v -0.00515 -0.37582 -0.26310
v -0.00515 0.37582 -0.26310
v -0.00437 -0.30833 0.24321
v -0.00437 0.30833 0.24321
v -0.00222 0.00000 -0.39241
v -0.00121 0.00000 -0.35572
v -0.00005 0.00000 -0.36862
v 0.00005 -0.30192 -0.30548
v 0.00005 0.30192 -0.30548
v 0.00027 -0.10427 -0.32693
v 0.00027 0.10427 -0.32693
v 0.00063 -0.23298 0.25452
v 0.00063 0.23298 0.25452
v 0.00130 0.00000 -0.40222
v 0.00139 0.00000 -0.39466
v 0.00157 0.00000 -0.38239
v 0.00183 0.00000 -0.37769
v 0.00188 -0.46449 0.12823
v 0.00188 0.46449 0.12823
v 0.00192 0.00000 -0.30206
v 0.00206 -0.20943 -0.31938
v 0.00206 0.20943 -0.31938
v 0.00216 0.00000 -0.40611
v 0.00315 0.00000 -0.36783
v 0.00377 -0.11403 0.28583
v 0.00377 0.11403 0.28583
v 0.00387 -0.11106 -0.33816
v 0.00387 0.11106 -0.33816
v 0.00392 0.00000 -0.36921
v 0.00439 -0.35754 -0.26418
v 0.00439 0.35754 -0.26418
v 0.00443 0.00000 0.29341
v 0.00510 -0.45729 -0.15462
v 0.00510 0.45729 -0.15462
v 0.00535 0.00000 -0.39593
v 0.00560 0.00000 -0.35529
v 0.00600 0.00000 -0.40788
v 0.00624 -0.41576 0.18387
v 0.00624 0.41576 0.18387
v 0.00663 0.00000 -0.41613
v 0.00674 0.00000 -0.31833
v 0.00674 -0.17797 -0.33114
v 0.00674 0.17797 -0.33114
v 0.00684 -0.38644 -0.24712
v 0.00684 0.38644 -0.24712
v 0.00690 -0.10063 -0.29442
v 0.00690 0.10063 -0.29442
v 0.00716 0.00000 -0.42028
v 0.00844 0.00000 -0.35704
v 0.00876 -0.12649 -0.29508
v 0.00876 0.12649 -0.29508
v 0.00901 0.00000 -0.30224
v 0.00989 0.00000 -0.35643
v 0.00997 -0.27504 -0.33613
v 0.00997 0.27504 -0.33613
v 0.01072 -0.15273 -0.33697
v 0.01072 0.15273 -0.33697
v 0.01103 0.00000 0.29426
v 0.01108 0.00000 0.29390
v 0.01126 -0.33546 -0.27867
v 0.01126 0.33546 -0.27867
v 0.01126 0.00000 0.29420
v 0.01141 -0.24566 -0.33018
v 0.01141 0.24566 -0.33018
v 0.01162 0.00000 -0.39636
v 0.01187 -0.30875 -0.30030
v 0.01187 0.30875 -0.30030
v 0.01195 -0.11150 -0.35696
v 0.01195 0.11150 -0.35696
v 0.01201 0.00000 -0.33960
v 0.01211 0.00000 -0.35623
v 0.01226 0.00000 0.29443
v 0.01238 0.00000 0.29308
v 0.01286 0.00000 -0.35274
v 0.01307 0.00000 0.29179
v 0.01310 0.00000 0.29489
v 0.01332 0.00000 -0.34237
v 0.01352 -0.29301 -0.32288
v 0.01352 0.29301 -0.32288
v 0.01501 0.00000 -0.34833
v 0.01504 0.00000 -0.42050
v 0.01750 0.00000 -0.34387
v 0.01779 -0.10306 0.29145
v 0.01779 0.10306 0.29145
v 0.01780 -0.31908 0.23831
v 0.01780 0.31908 0.23831
v 0.01924 -0.14738 0.28544
v 0.01924 0.14738 0.28544
v 0.01960 -0.42972 -0.20198
v 0.01960 0.42972 -0.20198
v 0.01961 -0.40540 -0.22399
v 0.01961 0.40540 -0.22399
v 0.01972 -0.12435 -0.30023
v 0.01972 0.12435 -0.30023
v 0.02082 0.00000 -0.42202
v 0.02161 0.00000 0.28617
v 0.02162 -0.12973 -0.33972
v 0.02162 0.12973 -0.33972
v 0.02394 -0.34080 -0.26499
v 0.02394 0.34080 -0.26499
v 0.02518 -0.11143 -0.35669
v 0.02518 0.11143 -0.35669
v 0.02540 -0.37914 0.20867
v 0.02540 0.37914 0.20867
v 0.02551 -0.10821 0.28949
v 0.02551 0.10821 0.28949
v 0.02555 0.00000 -0.41369
v 0.02708 0.00000 -0.42086
v 0.02721 -0.21913 0.25851
v 0.02721 0.21913 0.25851
v 0.02736 -0.48512 -0.04342
v 0.02736 0.48512 -0.04342
v 0.02764 -0.16856 0.27784
v 0.02764 0.16856 0.27784
v 0.02836 -0.12164 0.29084
v 0.02836 0.12164 0.29084
v 0.02919 -0.16887 0.27768
v 0.02919 0.16887 0.27768
v 0.03008 -0.37170 0.21043
v 0.03008 0.37170 0.21043
v 0.03023 -0.46896 -0.12007
v 0.03023 0.46896 -0.12007
v 0.03024 -0.23569 0.25378
v 0.03024 0.23569 0.25378
v 0.03032 -0.14666 0.27607
v 0.03032 0.14666 0.27607
v 0.03059 -0.32234 -0.28776
v 0.03059 0.32234 -0.28776
v 0.03087 -0.22887 -0.31056
v 0.03087 0.22887 -0.31056
v 0.03157 -0.18052 0.27554
v 0.03157 0.18052 0.27554
v 0.03173 0.00000 -0.41952
v 0.03195 0.00000 -0.41959
v 0.03207 -0.35263 0.22426
v 0.03207 0.35263 0.22426
v 0.03207 -0.38281 0.20474
v 0.03207 0.38281 0.20474
v 0.03208 -0.38271 0.20514
v 0.03208 0.38271 0.20514
v 0.03212 -0.40248 -0.21326
v 0.03212 0.40248 -0.21326
v 0.03234 -0.12638 -0.34712
v 0.03234 0.12638 -0.34712
v 0.03261 -0.45644 0.13967
v 0.03261 0.45644 0.13967
v 0.03281 -0.36228 0.21978
v 0.03281 0.36228 0.21978
v 0.03284 -0.38879 0.20062
v 0.03284 0.38879 0.20062
v 0.03359 -0.24182 -0.30885
v 0.03359 0.24182 -0.30885
v 0.03363 -0.34164 -0.26451
v 0.03363 0.34164 -0.26451
v 0.03467 -0.47475 0.04500
v 0.03467 0.47475 0.04500
v 0.03474 -0.47130 -0.10329
v 0.03474 0.47130 -0.10329
v 0.03475 -0.48136 0.02739
v 0.03475 0.48136 0.02739
v 0.03528 -0.48737 -0.00859
v 0.03528 0.48737 -0.00859
v 0.03561 -0.32231 -0.28125
v 0.03561 0.32231 -0.28125
v 0.03562 -0.47268 0.11832
v 0.03562 0.47268 0.11832
v 0.03624 -0.44492 0.15130
v 0.03624 0.44492 0.15130
v 0.03639 -0.26874 0.24462
v 0.03639 0.26874 0.24462
v 0.03640 -0.47553 -0.08904
v 0.03640 0.47553 -0.08904
v 0.03713 -0.32399 0.23407
v 0.03713 0.32399 0.23407
v 0.03792 -0.18389 -0.31102
v 0.03792 0.18389 -0.31102
v 0.03842 -0.43421 0.16720
v 0.03842 0.43421 0.16720
v 0.03850 0.00000 0.24085
v 0.03857 -0.46708 -0.08311
v 0.03857 0.46708 -0.08311
v 0.03875 -0.27640 -0.32364
v 0.03875 0.27640 -0.32364
v 0.03934 -0.39887 0.19397
v 0.03934 0.39887 0.19397
v 0.03966 0.00000 0.23822
v 0.03977 -0.12732 -0.31274
v 0.03977 0.12732 -0.31274
v 0.04056 0.00000 0.23560
v 0.04072 -0.19629 -0.30696
v 0.04072 0.19629 -0.30696
v 0.04087 -0.48237 -0.04592
v 0.04087 0.48237 -0.04592
v 0.04094 0.00000 0.23503
v 0.04103 0.00000 -0.41297
v 0.04107 0.00000 0.23539
v 0.04165 -0.45905 -0.12845
v 0.04165 0.45905 -0.12845
v 0.04185 -0.40467 0.19089
v 0.04185 0.40467 0.19089
v 0.04227 0.00000 0.22901
v 0.04252 0.00000 -0.40333
v 0.04287 -0.40039 0.19071
v 0.04287 0.40039 0.19071
v 0.04334 0.00000 -0.41278
v 0.04442 0.00000 -0.41131
v 0.04471 -0.33517 0.18784
v 0.04471 0.33517 0.18784
v 0.04480 0.00000 -0.40574
v 0.04481 -0.43104 -0.16806
v 0.04481 0.43104 -0.16806
v 0.04491 0.00000 -0.41210
v 0.04522 0.00000 0.20914
v 0.04566 -0.12513 -0.31589
v 0.04566 0.12513 -0.31589
v 0.04589 -0.42422 -0.18794
v 0.04589 0.42422 -0.18794
v 0.04681 -0.42342 -0.18850
v 0.04681 0.42342 -0.18850
v 0.04710 -0.44548 -0.05535
v 0.04710 0.44548 -0.05535
v 0.04715 0.00000 -0.37377
v 0.04746 0.00000 -0.37839
v 0.04762 -0.41957 -0.18618
v 0.04762 0.41957 -0.18618
v 0.04777 -0.42313 -0.17167
v 0.04777 0.42313 -0.17167
v 0.04833 -0.42708 -0.17125
v 0.04833 0.42708 -0.17125
v 0.04839 -0.13906 -0.32334
v 0.04839 0.13906 -0.32334
v 0.05106 -0.42503 -0.17729
v 0.05106 0.42503 -0.17729
v 0.05170 -0.12233 -0.35322
v 0.05170 0.12233 -0.35322
v 0.05227 -0.31398 -0.30138
v 0.05227 0.31398 -0.30138
v 0.05247 -0.20520 0.23264
v 0.05247 0.20520 0.23264
v 0.05300 0.00000 -0.35961
v 0.05317 -0.37966 -0.24310
v 0.05317 0.37966 -0.24310
v 0.05337 0.00000 -0.39787
v 0.05376 -0.19664 -0.31088
v 0.05376 0.19664 -0.31088
v 0.05421 0.00000 -0.33559
v 0.05432 0.00000 -0.39401
v 0.05452 -0.18366 -0.31626
v 0.05452 0.18366 -0.31626
v 0.05572 -0.31673 -0.29569
v 0.05572 0.31673 -0.29569
v 0.05587 -0.40556 -0.20237
v 0.05587 0.40556 -0.20237
v 0.05610 0.00000 -0.37221
v 0.05643 -0.10339 -0.34698
v 0.05643 0.10339 -0.34698
v 0.05723 -0.27604 -0.31671
v 0.05723 0.27604 -0.31671
v 0.05745 0.00000 -0.31801
v 0.05765 -0.30709 -0.31395
v 0.05765 0.30709 -0.31395
v 0.05863 -0.21349 -0.30605
v 0.05863 0.21349 -0.30605
v 0.05901 0.00000 -0.30716
v 0.05944 -0.35872 -0.25092
v 0.05944 0.35872 -0.25092
v 0.05953 -0.26728 -0.30285
v 0.05953 0.26728 -0.30285
v 0.05998 0.00000 -0.30447
v 0.06078 -0.39538 -0.22005
v 0.06078 0.39538 -0.22005
v 0.06141 -0.30919 -0.23276
v 0.06141 0.30919 -0.23276
v 0.06253 -0.16866 -0.32031
v 0.06253 0.16866 -0.32031
v 0.06277 -0.13704 -0.32377
v 0.06277 0.13704 -0.32377
v 0.06285 0.00000 -0.28774
v 0.06293 -0.13416 -0.32507
v 0.06293 0.13416 -0.32507
v 0.06383 -0.12519 -0.31872
v 0.06383 0.12519 -0.31872
v 0.06387 -0.32756 -0.26700
v 0.06387 0.32756 -0.26700
v 0.06396 -0.13884 -0.32543
v 0.06396 0.13884 -0.32543
v 0.06475 -0.12596 -0.33760
v 0.06475 0.12596 -0.33760
v 0.06559 -0.16283 -0.32667
v 0.06559 0.16283 -0.32667
v 0.06624 -0.31708 0.01445
v 0.06624 0.31708 0.01445
v 0.06782 0.00000 0.12712
v 0.06794 0.00000 0.12447
v 0.06807 0.00000 0.12354
v 0.06821 0.00000 0.12275
v 0.07165 -0.23668 0.08441
v 0.07165 0.23668 0.08441
v 0.07171 -0.18098 -0.21939
v 0.07171 0.18098 -0.21939
v 0.07603 0.00000 -0.05897
v 0.07617 0.00000 0.00609
v 0.07624 0.00000 -0.00096
v 0.07636 0.00000 0.00209
v 0.07640 0.00000 -0.06729
v 0.07640 0.00000 -0.05815
v 0.07645 0.00000 0.00043
v 0.07671 0.00000 -0.00103
v 0.07838 0.00000 -0.20729
v 0.07910 -0.25620 -0.11129
v 0.07910 0.25620 -0.11129
v 0.08039 -0.11840 -0.02294
v 0.08039 0.11840 -0.02294
v 0.08084 0.00000 -0.17700
v 0.08155 0.00000 -0.17650
v 0.08159 0.00000 -0.16683
v 0.08169 0.00000 -0.16752
vn -0.9991 0.0000 -0.0422
vn 0.0000 0.0000 0.0000
vn -0.9983 0.0000 0.0588
vn 0.0000 0.0000 0.0000
vn -0.9992 -0.0353 -0.0203
vn -0.9992 0.0353 -0.0203
vn 0.0000 0.0000 0.0000
vn 0.0000 0.0000 0.0000
vn 0.0000 0.0000 0.0000
vn 0.0000 0.0000 0.0000
vn 0.0000 0.0000 0.0000
vn -0.9944 0.0000 -0.1060
vn 0.0000 0.0000 0.0000
vn 0.0000 0.0000 0.0000
vn 0.0000 0.0000 0.0000
vn -0.9769 -0.1507 -0.1514
vn -0.9769 0.1507 -0.1514
vn 0.0000 0.0000 0.0000
vn -0.9958 -0.0877 0.0278
vn -0.9958 0.0877 0.0278
vn 0.0000 0.0000 0.0000
vn -0.9952 -0.0000 0.0976
vn 0.0000 -0.0000 0.0000
vn 0.0000 0.0000 0.0000
vn 0.0000 0.0000 0.0000
vn 0.0000 0.0000 0.0000
vn -0.8478 -0.0316 0.5293
vn -0.8478 0.0316 0.5293
vn -0.9532 0.2102 -0.2171
vn -0.9532 -0.2102 -0.2171
vn 0.0000 0.0000 0.0000
vn -0.2762 -0.3705 0.8868
vn -0.2762 0.3705 0.8868
vn 0.0000 0.0000 0.0000
vn 0.0000 0.0000 0.0000
vn -0.9525 0.0000 -0.3044
vn -0.9519 -0.0592 0.3007
vn -0.9519 0.0592 0.3007
vn -0.9963 -0.0250 0.0818
vn -0.9963 0.0250 0.0818
vn 0.0000 0.0000 0.0000
vn -0.7447 0.2538 -0.6173
vn -0.7447 -0.2538 -0.6173
vn -0.9209 -0.0806 0.3814
vn -0.9209 0.0806 0.3814
vn -0.9160 -0.2546 -0.3101
vn -0.9160 0.2546 -0.3101
vn -0.9944 -0.0561 0.0901
vn -0.9944 0.0561 0.0901
vn -0.9970 0.0000 0.0768
vn 0.0396 0.0000 0.9992
vn 0.0000 0.0000 0.0000
vn 0.0000 0.0000 0.0000
vn 0.0000 0.0000 0.0000
vn 0.0000 0.0000 0.0000
vn -0.9420 -0.3039 0.1421
vn -0.9420 0.3039 0.1421
vn -0.9911 -0.1295 -0.0302
vn -0.9911 0.1295 -0.0302
vn -0.7634 -0.1650 0.6245
vn -0.7634 0.1650 0.6245
vn -0.4137 -0.3005 0.8594
vn -0.4137 0.3005 0.8594
vn 0.0000 0.0000 0.0000
vn -0.1281 -0.3430 0.9306
vn -0.1281 0.3430 0.9306
vn -0.1105 -0.1538 0.9819
vn -0.1105 0.1538 0.9819
vn -0.5965 -0.5179 0.6132
vn -0.5965 0.5179 0.6132
vn 0.1156 -0.2161 0.9695
vn 0.1156 0.2161 0.9695
vn -0.6717 -0.4386 0.5971
vn -0.6717 0.4386 0.5971
vn -0.9358 0.0493 -0.3490
vn -0.9358 -0.0493 -0.3490
vn -0.6640 0.6401 -0.3865
vn -0.6640 -0.6401 -0.3865
vn -0.0103 0.7183 0.6957
vn -0.0103 -0.7183 0.6957
vn -0.8984 -0.1272 0.4204
vn -0.8984 0.1272 0.4204
vn -0.9291 -0.3578 -0.0938
vn -0.9291 0.3578 -0.0938
vn -0.9749 -0.1916 -0.1130
vn -0.9749 0.1916 -0.1130
vn 0.0125 -0.0385 0.9992
vn 0.0125 0.0385 0.9992
vn 0.0000 0.0000 0.0000
vn -0.8993 -0.2847 0.3320
vn -0.8993 0.2847 0.3320
vn -0.4942 0.0661 -0.8669
vn -0.4942 -0.0661 -0.8669
vn -0.3917 0.6565 0.6447
vn -0.3917 -0.6565 0.6447
vn -0.3548 -0.8167 0.4552
vn -0.3548 0.8167 0.4552
vn -0.3717 -0.0468 -0.9272
vn -0.3717 0.0468 -0.9272
vn -0.0562 -0.2834 0.9574
vn -0.0562 0.2834 0.9574
vn -0.4863 -0.8576 0.1675
vn -0.4863 0.8576 0.1675
vn -0.9617 -0.2740 0.0033
vn -0.9617 0.2740 0.0033
vn -0.9800 -0.1829 -0.0789
vn -0.9800 0.1829 -0.0789
vn -0.4467 -0.8247 0.3469
vn -0.4467 0.8247 0.3469
vn -0.5428 -0.7717 0.3316
vn -0.5428 0.7717 0.3316
vn -0.9907 -0.1205 -0.0635
vn -0.9907 0.1205 -0.0635
vn -0.9773 -0.1914 -0.0914
vn -0.9773 0.1914 -0.0914
vn 0.0317 -0.1091 0.9935
vn 0.0317 0.1091 0.9935
vn 0.1082 -0.2766 0.9549
vn 0.1082 0.2766 0.9549
vn -0.9859 -0.1077 -0.1282
vn -0.9859 0.1077 -0.1282
vn -0.7303 -0.6451 0.2249
vn -0.7303 0.6451 0.2249
vn -0.9492 -0.1167 -0.2924
vn -0.9492 0.1167 -0.2924
vn 0.0000 0.0000 0.0000
vn 0.0000 0.0000 0.0000
vn -0.9751 -0.2040 -0.0868
vn -0.9751 0.2040 -0.0868
vn -0.0972 -0.6597 0.7452
vn -0.0972 0.6597 0.7452
vn -0.9612 -0.1979 -0.1923
vn -0.9612 0.1979 -0.1923
vn -0.2572 -0.9353 0.2430
vn -0.2572 0.9353 0.2430
vn -0.9424 0.2790 -0.1846
vn -0.9424 -0.2790 -0.1846
vn -0.7301 -0.6831 -0.0205
vn -0.7301 0.6831 -0.0205
vn -0.5991 -0.7832 0.1663
vn -0.5991 0.7832 0.1663
vn 0.0000 0.0000 0.0000
vn -0.0010 -0.2247 0.9744
vn -0.0010 0.2247 0.9744
vn 0.0000 0.0000 0.0000
vn 0.1057 -0.0616 0.9925
vn 0.1057 0.0616 0.9925
vn 0.0000 0.0000 0.0000
vn 0.0000 0.0000 0.0000
vn -0.9382 0.0000 -0.3461
vn -0.4753 -0.8798 0.0039
vn -0.4753 0.8798 0.0039
vn -0.9571 -0.2168 -0.1921
vn -0.9571 0.2168 -0.1921
vn 0.0000 0.0000 0.0000
vn 0.0000 0.0000 0.0000
vn -0.8263 -0.5276 -0.1973
vn -0.8263 0.5276 -0.1973
vn 0.0776 -0.1909 0.9785
vn 0.0776 0.1909 0.9785
vn -0.2957 -0.8924 0.3408
vn -0.2957 0.8924 0.3408
vn -0.9292 0.0000 -0.3696
vn 0.0000 -0.0000 0.0000
vn -0.9260 -0.3553 -0.1274
vn -0.9260 0.3553 -0.1274
vn -0.8048 -0.3413 -0.4856
vn -0.8048 0.3413 -0.4856
vn -0.7908 -0.2773 -0.5457
vn -0.7908 0.2773 -0.5457
vn -0.9010 -0.0803 -0.4262
vn -0.9010 0.0803 -0.4262
vn -0.9548 -0.0931 -0.2822
vn -0.9548 0.0931 -0.2822
vn -0.9741 -0.1444 -0.1739
vn -0.9741 0.1444 -0.1739
vn -0.4954 -0.8542 -0.1580
vn -0.4954 0.8542 -0.1580
vn -0.8364 -0.0004 -0.5482
vn -0.8364 0.0004 -0.5482
vn -0.0011 -0.2447 0.9696
vn -0.0011 0.2447 0.9696
vn -0.1565 -0.8606 0.4846
vn -0.1565 0.8606 0.4846
vn 0.0000 0.0000 0.0000
vn -0.0759 -0.2562 0.9636
vn -0.0759 0.2562 0.9636
vn -0.3780 0.0949 -0.9209
vn -0.3780 -0.0949 -0.9209
vn -0.0429 -0.1068 0.9934
vn -0.0429 0.1068 0.9934
vn 0.0000 0.0000 0.0000
vn -0.8650 0.0017 -0.5018
vn -0.8650 -0.0017 -0.5018
vn -0.1945 -0.9073 0.3729
vn -0.1945 0.9073 0.3729
vn -0.0460 -0.2700 0.9618
vn -0.0460 0.2700 0.9618
vn -0.8329 -0.3380 -0.4382
vn -0.8329 0.3380 -0.4382
vn 0.0000 0.0000 0.0000
vn 0.0079 -0.9950 0.0999
vn 0.0079 0.9950 0.0999
vn 0.0000 0.0000 0.0000
vn -0.9667 -0.1623 -0.1978
vn -0.9667 0.1623 -0.1978
vn 0.0000 0.0000 0.0000
vn -0.9829 -0.1471 -0.1104
vn -0.9829 0.1471 -0.1104
vn 0.0000 0.0000 0.0000
vn -0.8812 -0.3901 -0.2672
vn -0.8812 0.3901 -0.2672
vn -0.9104 -0.1949 -0.3650
vn -0.9104 0.1949 -0.3650
vn -0.4984 -0.4697 -0.7287
vn -0.4984 0.4697 -0.7287
vn -0.6655 -0.3135 -0.6774
vn -0.6655 0.3135 -0.6774
vn 0.0000 0.0000 0.0000
vn -0.0229 -0.0000 0.9997
vn -0.2139 -0.9653 0.1501
vn -0.2139 0.9653 0.1501
vn 0.2633 0.0128 -0.9646
vn 0.2633 -0.0128 -0.9646
vn 0.0000 0.0000 0.0000
vn -0.2419 -0.9698 0.0326
vn -0.2419 0.9698 0.0326
vn -0.8112 0.1143 -0.5735
vn -0.8112 -0.1143 -0.5735
vn -0.7361 -0.2056 -0.6449
vn -0.7361 0.2056 -0.6449
vn -0.7595 -0.3520 -0.5471
vn -0.7595 0.3520 -0.5471
vn -0.8843 -0.1815 -0.4302
vn -0.8843 0.1815 -0.4302
vn -0.5146 -0.8279 -0.2232
vn -0.5146 0.8279 -0.2232
vn 0.0000 0.0000 0.0000
vn -0.2039 -0.8937 0.3997
vn -0.2039 0.8937 0.3997
vn -0.0243 -0.3802 -0.9246
vn -0.0243 0.3802 -0.9246
vn -0.0924 -0.7842 -0.6136
vn -0.0924 0.7842 -0.6136
vn -0.8346 -0.3242 -0.4453
vn -0.8346 0.3242 -0.4453
vn 0.0407 -0.1134 -0.9927
vn 0.0407 0.1134 -0.9927
vn -0.6895 -0.5030 -0.5212
vn -0.6895 0.5030 -0.5212
vn 0.0187 -0.4044 -0.9144
vn 0.0187 0.4044 -0.9144
vn -0.3215 -0.5821 -0.7469
vn -0.3215 0.5821 -0.7469
vn -0.4387 -0.2289 -0.8690
vn -0.4387 0.2289 -0.8690
vn -0.9392 0.1599 -0.3038
vn -0.9392 -0.1599 -0.3038
vn 0.0737 0.7552 -0.6513
vn 0.0737 -0.7552 -0.6513
vn -0.3401 -0.8812 -0.3284
vn -0.3401 0.8812 -0.3284
vn -0.1166 -0.8231 0.5558
vn -0.1166 0.8231 0.5558
vn -0.3947 0.0072 -0.9188
vn -0.3947 -0.0072 -0.9188
vn 0.0000 0.0000 0.0000
vn 0.3574 0.1191 -0.9263
vn 0.3574 -0.1191 -0.9263
vn -0.7509 -0.5181 -0.4095
vn -0.7509 0.5181 -0.4095
vn 0.6556 -0.0000 -0.7551
vn -0.9051 0.0000 -0.4252
vn -0.0946 -0.2744 0.9569
vn -0.0946 0.2744 0.9569
vn 0.0000 0.0000 0.0000
vn -0.2877 -0.5852 -0.7581
vn -0.2877 0.5852 -0.7581
vn 0.0000 0.0000 0.0000
vn -0.0528 -0.5368 -0.8420
vn -0.0528 0.5368 -0.8420
vn 0.2300 0.0523 -0.9718
vn 0.2300 -0.0523 -0.9718
vn 0.0000 0.0000 0.0000
vn 0.0000 0.0000 0.0000
vn 0.0000 0.0000 0.0000
vn -0.1422 -0.0752 0.9870
vn -0.1422 0.0752 0.9870
vn -0.2608 -0.8093 -0.5263
vn -0.2608 0.8093 -0.5263
vn 0.3454 -0.3166 -0.8834
vn 0.3454 0.3166 -0.8834
vn 0.0000 0.0000 0.0000
vn 0.1852 0.1786 -0.9663
vn 0.1852 -0.1786 -0.9663
vn 0.1678 0.7364 -0.6554
vn 0.1678 -0.7364 -0.6554
vn 0.0000 -0.0000 0.0000
vn 0.0480 -0.4701 0.8813
vn 0.0480 0.4701 0.8813
vn -0.4288 -0.7978 -0.4238
vn -0.4288 0.7978 -0.4238
vn 0.1201 -0.9269 -0.3555
vn 0.1201 0.9269 -0.3555
vn -0.1988 -0.9487 0.2458
vn -0.1988 0.9487 0.2458
vn 0.0000 0.0000 0.0000
vn -0.3296 -0.3274 -0.8856
vn -0.3296 0.3274 -0.8856
vn -0.0856 0.0000 0.9963
vn -0.1555 -0.9766 -0.1483
vn -0.1555 0.9766 -0.1483
vn 0.0000 0.0000 0.0000
vn -0.0947 -0.9608 -0.2606
vn -0.0947 0.9608 -0.2606
vn -0.1970 -0.9582 0.2074
vn -0.1970 0.9582 0.2074
vn -0.0917 -0.1978 0.9759
vn -0.0917 0.1978 0.9759
vn 0.0571 -0.5248 -0.8493
vn 0.0571 0.5248 -0.8493
vn -0.1852 -0.9803 0.0687
vn -0.1852 0.9803 0.0687
vn 0.0116 -0.6882 0.7254
vn 0.0116 0.6882 0.7254
vn 0.0000 0.0000 0.0000
vn 0.0678 -0.8128 -0.5786
vn 0.0678 0.8128 -0.5786
vn 0.0000 0.0000 0.0000
vn 0.1370 -0.3015 -0.9436
vn 0.1370 0.3015 -0.9436
vn -0.1148 -0.5963 -0.7945
vn -0.1148 0.5963 -0.7945
vn -0.1048 -0.9894 -0.1002
vn -0.1048 0.9894 -0.1002
vn -0.0798 -0.6472 -0.7581
vn -0.0798 0.6472 -0.7581
vn 0.0000 -0.0000 0.0000
vn 0.1237 -0.7705 -0.6253
vn 0.1237 0.7705 -0.6253
vn 0.0189 -0.1943 -0.9808
vn 0.0189 0.1943 -0.9808
vn 0.0000 -0.0000 0.0000
vn 0.0043 -0.9635 -0.2677
vn 0.0043 0.9635 -0.2677
vn -0.0845 -0.8403 0.5355
vn -0.0845 0.8403 0.5355
vn -0.0996 -0.2455 0.9643
vn -0.0996 0.2455 0.9643
vn -0.0022 -0.4794 0.8776
vn -0.0022 0.4794 0.8776
vn -0.1353 -0.9079 0.3967
vn -0.1353 0.9079 0.3967
vn 0.0141 -0.9391 -0.3434
vn 0.0141 0.9391 -0.3434
vn -0.0627 -0.1653 0.9843
vn -0.0627 0.1653 0.9843
vn 0.0195 -0.3684 -0.9294
vn 0.0195 0.3684 -0.9294
vn 0.0000 0.0000 0.0000
vn 0.0000 0.0000 0.0000
vn 0.0000 0.0000 0.0000
vn -0.0533 -0.8537 -0.5180
vn -0.0533 0.8537 -0.5180
vn -0.0047 -0.2651 0.9642
vn -0.0047 0.2651 0.9642
vn 0.0000 0.0000 0.0000
vn 0.0419 0.7557 -0.6536
vn 0.0419 -0.7557 -0.6536
vn 0.0000 0.0000 0.0000
vn -0.2159 -0.9473 0.2366
vn -0.2159 0.9473 0.2366
vn -0.0412 -0.0508 -0.9979
vn -0.0412 0.0508 -0.9979
vn 0.3363 -0.0000 -0.9418
vn 0.0000 0.0000 0.0000
vn -0.2067 -0.9655 0.1587
vn -0.2067 0.9655 0.1587
vn 0.0000 0.0000 0.0000
vn 0.0171 0.0000 0.9999
vn -0.0520 -0.9976 -0.0459
vn -0.0520 0.9976 -0.0459
vn 0.0399 -0.2752 -0.9606
vn 0.0399 0.2752 -0.9606
vn 0.0619 0.0000 0.9981
vn 0.0000 0.0000 0.0000
vn 0.1002 0.1160 -0.9882
vn 0.1002 -0.1160 -0.9882
vn -0.0626 -0.2670 0.9617
vn -0.0626 0.2670 0.9617
vn -0.0713 -0.8798 -0.4701
vn -0.0713 0.8798 -0.4701
vn 0.1329 -0.5210 -0.8432
vn 0.1329 0.5210 -0.8432
vn -0.1454 -0.5117 -0.8468
vn -0.1454 0.5117 -0.8468
vn -0.0159 -0.1282 0.9916
vn -0.0159 0.1282 0.9916
vn 0.0053 0.1263 -0.9920
vn 0.0053 -0.1263 -0.9920
vn 0.0000 0.0000 0.0000
vn 0.0771 -0.3920 -0.9167
vn 0.0771 0.3920 -0.9167
vn 0.0000 -0.0000 0.0000
vn 0.0784 0.3395 -0.9374
vn 0.0784 -0.3395 -0.9374
vn 0.0000 0.0000 0.0000
vn 0.0000 0.0000 0.0000
vn -0.0716 -0.8135 -0.5772
vn -0.0716 0.8135 -0.5772
vn -0.1710 -0.6097 -0.7740
vn -0.1710 0.6097 -0.7740
vn 0.0000 -0.0000 0.0000
vn -0.0381 -0.3166 -0.9478
vn -0.0381 0.3166 -0.9478
vn 0.0000 0.0000 0.0000
vn -0.0429 -0.1251 -0.9912
vn -0.0429 0.1251 -0.9912
vn -0.0541 -0.9873 0.1493
vn -0.0541 0.9873 0.1493
vn 0.0628 -0.3111 0.9483
vn 0.0628 0.3111 0.9483
vn 0.0000 0.0000 0.0000
vn 0.0402 -0.2391 0.9702
vn 0.0402 0.2391 0.9702
vn -0.1145 0.8551 -0.5056
vn -0.1145 -0.8551 -0.5056
vn -0.1988 0.7832 -0.5892
vn -0.1988 -0.7832 -0.5892
vn -0.0053 -0.6811 0.7322
vn -0.0053 0.6811 0.7322
vn 0.0426 -0.9991 -0.0025
vn 0.0426 0.9991 -0.0025
vn 0.0671 -0.1723 0.9828
vn 0.0671 0.1723 0.9828
vn -0.0981 -0.6853 -0.7216
vn -0.0981 0.6853 -0.7216
vn 0.1126 -0.4051 -0.9073
vn 0.1126 0.4051 -0.9073
vn -0.2820 -0.8808 -0.3803
vn -0.2820 0.8808 -0.3803
vn 0.0000 -0.0000 0.0000
vn -0.1893 -0.5073 -0.8407
vn -0.1893 0.5073 -0.8407
vn 0.0078 -0.0857 0.9963
vn 0.0078 0.0857 0.9963
vn 0.2630 -0.2109 -0.9415
vn 0.2630 0.2109 -0.9415
vn 0.0000 -0.0000 0.0000
vn -0.0733 -0.9171 -0.3918
vn -0.0733 0.9171 -0.3918
vn 0.0000 0.0000 0.0000
vn -0.1752 -0.4487 -0.8763
vn -0.1752 0.4487 -0.8763
vn -0.1029 -0.7208 -0.6855
vn -0.1029 0.7208 -0.6855
vn 0.0283 -0.9901 -0.1372
vn 0.0283 0.9901 -0.1372
vn 0.0200 -0.2422 -0.9700
vn 0.0200 0.2422 -0.9700
vn -0.1886 -0.2588 -0.9473
vn -0.1886 0.2588 -0.9473
vn -0.2002 -0.3978 -0.8953
vn -0.2002 0.3978 -0.8953
vn 0.2754 -0.3260 -0.9044
vn 0.2754 0.3260 -0.9044
vn -0.2119 0.6211 -0.7545
vn -0.2119 -0.6211 -0.7545
vn -0.0427 -0.5479 -0.8355
vn -0.0427 0.5479 -0.8355
vn -0.1803 -0.9455 0.2710
vn -0.1803 0.9455 0.2710
vn 0.0000 0.0000 0.0000
vn 0.3554 0.0000 -0.9347
vn 0.0395 -0.1418 0.9891
vn 0.0395 0.1418 0.9891
vn -0.2890 -0.3648 -0.8851
vn -0.2890 0.3648 -0.8851
vn -0.2454 0.7302 -0.6376
vn -0.2454 -0.7302 -0.6376
vn 0.0000 0.0000 0.0000
vn 0.0315 -0.5785 0.8150
vn 0.0315 0.5785 0.8150
vn 0.0319 -0.3836 0.9230
vn 0.0319 0.3836 0.9230
vn -0.1191 -0.2903 -0.9495
vn -0.1191 0.2903 -0.9495
vn -0.1408 -0.3460 -0.9276
vn -0.1408 0.3460 -0.9276
vn -0.0914 -0.8703 0.4840
vn -0.0914 0.8703 0.4840
vn 0.0000 0.0000 0.0000
vn 0.0337 -0.6814 0.7312
vn 0.0337 0.6814 0.7312
vn 0.0000 0.0000 0.0000
vn -0.1257 -0.6572 -0.7432
vn -0.1257 0.6572 -0.7432
vn -0.3189 0.8345 -0.4494
vn -0.3189 -0.8345 -0.4494
vn 0.0000 0.0000 0.0000
vn 0.0000 0.0000 0.0000
vn 0.0039 -0.6082 0.7938
vn 0.0039 0.6082 0.7938
vn -0.1485 -0.3443 -0.9270
vn -0.1485 0.3443 -0.9270
vn 0.0000 0.0000 0.0000
vn 0.1486 -0.0681 -0.9866
vn 0.1486 0.0681 -0.9866
vn -0.0427 -0.7514 0.6585
vn -0.0427 0.7514 0.6585
vn 0.0807 -0.8569 -0.5091
vn 0.0807 0.8569 -0.5091
vn 0.2500 -0.2165 -0.9437
vn 0.2500 0.2165 -0.9437
vn 0.0739 -0.9899 0.1207
vn 0.0739 0.9899 0.1207
vn -0.0559 0.3755 -0.9251
vn -0.0559 -0.3755 -0.9251
vn 0.0000 0.0000 0.0000
vn 0.0000 0.0000 0.0000
vn -0.1300 -0.4146 -0.9007
vn -0.1300 0.4146 -0.9007
vn -0.1795 -0.4477 -0.8760
vn -0.1795 0.4477 -0.8760
vn 0.0000 0.0000 0.0000
vn 0.0000 0.0000 0.0000
vn 0.0135 -0.0000 0.9999
vn -0.0133 0.0000 0.9999
vn 0.1179 -0.2606 0.9582
vn 0.1179 0.2606 0.9582
vn -0.1304 -0.8863 0.4444
vn -0.1304 0.8863 0.4444
vn -0.0632 -0.4808 -0.8745
vn -0.0632 0.4808 -0.8745
vn 0.0660 0.0196 -0.9976
vn 0.0660 -0.0196 -0.9976
vn 0.1916 -0.2174 -0.9571
vn 0.1916 0.2174 -0.9571
vn -0.4266 -0.6712 -0.6063
vn -0.4266 0.6712 -0.6063
vn -0.9544 0.0000 -0.2987
vn 0.0000 0.0000 0.0000
vn 0.3780 -0.1080 -0.9195
vn 0.3780 0.1080 -0.9195
vn 0.1132 0.3111 -0.9436
vn 0.1132 -0.3111 -0.9436
vn -0.1429 -0.5580 -0.8175
vn -0.1429 0.5580 -0.8175
vn -0.0476 0.3806 -0.9235
vn -0.0476 -0.3806 -0.9235
vn -0.0493 -0.5661 -0.8229
vn -0.0493 0.5661 -0.8229
vn 0.0872 -0.9634 -0.2534
vn 0.0872 0.9634 -0.2534
vn -0.2512 -0.4216 -0.8713
vn -0.2512 0.4216 -0.8713
vn 0.0000 0.0000 0.0000
vn 0.0104 -0.5612 -0.8276
vn 0.0104 0.5612 -0.8276
vn -0.0989 -0.7626 -0.6392
vn -0.0989 0.7626 -0.6392
vn -0.0859 -0.8189 0.5675
vn -0.0859 0.8189 0.5675
vn 0.0689 -0.1911 0.9792
vn 0.0689 0.1911 0.9792
vn 0.0133 -0.9882 0.1526
vn 0.0133 0.9882 0.1526
vn 0.0000 0.0000 0.0000
vn 0.5017 0.0076 -0.8650
vn 0.5017 -0.0076 -0.8650
vn 0.0000 -0.0000 0.0000
vn 0.0000 0.0000 0.0000
vn -0.2387 0.8560 -0.4585
vn -0.2387 -0.8560 -0.4585
vn 0.0000 0.0000 0.0000
vn -0.3480 -0.6444 -0.6810
vn -0.3480 0.6444 -0.6810
vn -0.1717 0.8184 -0.5485
vn -0.1717 -0.8184 -0.5485
vn 0.2273 -0.8020 -0.5524
vn 0.2273 0.8020 -0.5524
vn 0.0787 -0.6346 -0.7688
vn 0.0787 0.6346 -0.7688
vn 0.0580 -0.9942 0.0906
vn 0.0580 0.9942 0.0906
vn 0.1708 -0.8963 -0.4092
vn 0.1708 0.8963 -0.4092
vn 0.0809 -0.9940 -0.0736
vn 0.0809 0.9940 -0.0736
vn -0.0373 -0.5552 -0.8309
vn -0.0373 0.5552 -0.8309
vn -0.3728 -0.7059 -0.6023
vn -0.3728 0.7059 -0.6023
vn 0.2432 -0.0023 -0.9700
vn 0.2432 0.0023 -0.9700
vn 0.0732 -0.7203 -0.6898
vn 0.0732 0.7203 -0.6898
vn -0.0956 -0.2631 0.9600
vn -0.0956 0.2631 0.9600
vn 0.1813 -0.9199 -0.3477
vn 0.1813 0.9199 -0.3477
vn 0.0000 -0.0000 0.0000
vn 0.0425 -0.4905 0.8704
vn 0.0425 0.4905 0.8704
vn -0.0889 0.8151 -0.5725
vn -0.0889 -0.8151 -0.5725
vn 0.0347 -0.3789 -0.9248
vn 0.0347 0.3789 -0.9248
vn 0.0541 -0.2354 0.9704
vn 0.0541 0.2354 0.9704
vn 0.0000 -0.0000 0.0000
vn -0.9980 -0.0000 -0.0636
vn -0.9905 0.0000 -0.1373
vn -0.1396 -0.6094 -0.7805
vn -0.1396 0.6094 -0.7805
vn -0.9831 -0.1474 0.1090
vn -0.9831 0.1474 0.1090
vn 0.0931 -0.2996 0.9495
vn 0.0931 0.2996 0.9495
vn 0.0000 -0.0000 0.0000
vn 0.0000 0.0000 0.0000
vn 0.0000 0.0000 0.0000
vn -0.9217 -0.0000 -0.3879
vn -0.1013 -0.8273 0.5526
vn -0.1013 0.8273 0.5526
vn 0.2196 -0.0000 -0.9756
vn 0.5051 0.0557 -0.8612
vn 0.5051 -0.0557 -0.8612
vn 0.0000 0.0000 0.0000
vn 0.0000 -0.0000 0.0000
vn -0.0375 -0.0265 0.9989
vn -0.0375 0.0265 0.9989
vn -0.9298 -0.3443 -0.1303
vn -0.9298 0.3443 -0.1303
vn 0.0000 0.0000 0.0000
vn 0.1911 -0.2490 -0.9495
vn 0.1911 0.2490 -0.9495
vn 0.0000 -0.0000 0.0000
vn 0.2984 -0.8508 -0.4326
vn 0.2984 0.8508 -0.4326
vn 0.0000 -0.0000 0.0000
vn 0.0000 0.0000 0.0000
vn 0.0000 -0.0000 0.0000
vn -0.0012 -0.6271 0.7789
vn -0.0012 0.6271 0.7789
vn 0.0000 0.0000 0.0000
vn -0.9822 0.0000 0.1878
vn 0.3919 -0.2407 -0.8880
vn 0.3919 0.2407 -0.8880
vn 0.2373 -0.6476 -0.7241
vn 0.2373 0.6476 -0.7241
vn -0.5052 -0.0949 -0.8578
vn -0.5052 0.0949 -0.8578
vn 0.0000 -0.0000 0.0000
vn 0.0000 0.0000 0.0000
vn -0.1132 0.2684 -0.9566
vn -0.1132 -0.2684 -0.9566
vn -0.9993 0.0000 0.0366
vn 0.0000 0.0000 0.0000
vn 0.1499 -0.2226 -0.9633
vn 0.1499 0.2226 -0.9633
vn 0.1225 0.1682 -0.9781
vn 0.1225 -0.1682 -0.9781
vn 0.0000 0.0000 0.0000
vn 0.0000 0.0000 0.0000
vn 0.1472 -0.7437 -0.6521
vn 0.1472 0.7437 -0.6521
vn 0.0000 0.0000 0.0000
vn 0.4915 0.2698 -0.8280
vn 0.4915 -0.2698 -0.8280
vn 0.0716 -0.0000 -0.9974
vn -0.2046 -0.7979 -0.5670
vn -0.2046 0.7979 -0.5670
vn -0.8215 -0.2519 -0.5116
vn -0.8215 0.2519 -0.5116
vn 0.0000 0.0000 0.0000
vn 0.0000 0.0000 0.0000
vn 0.0000 0.0000 0.0000
vn 0.0000 0.0000 0.0000
vn 0.0000 0.0000 0.0000
vn -0.0689 0.0000 0.9976
vn 0.0000 0.0000 0.0000
vn 0.0000 0.0000 0.0000
vn -0.2363 -0.7262 -0.6456
vn -0.2363 0.7262 -0.6456
vn 0.0000 0.0000 0.0000
vn 0.0000 -0.0000 0.0000
vn 0.0000 0.0000 0.0000
vn 0.7061 0.0662 0.7050
vn 0.7061 -0.0662 0.7050
vn 0.1116 -0.2635 0.9582
vn 0.1116 0.2635 0.9582
vn 0.1054 -0.2670 0.9579
vn 0.1054 0.2670 0.9579
vn 0.3585 -0.7725 -0.5242
vn 0.3585 0.7725 -0.5242
vn 0.2824 -0.7449 -0.6044
vn 0.2824 0.7449 -0.6044
vn -0.7510 -0.1964 -0.6304
vn -0.7510 0.1964 -0.6304
vn 0.0000 0.0000 0.0000
vn 0.8959 0.0000 0.4442
vn -0.2507 -0.9679 0.0143
vn -0.2507 0.9679 0.0143
vn 0.0951 -0.5665 -0.8185
vn 0.0951 0.5665 -0.8185
vn 0.4439 -0.2171 -0.8694
vn 0.4439 0.2171 -0.8694
vn 0.0593 -0.5857 0.8084
vn 0.0593 0.5857 0.8084
vn 0.8580 0.0671 0.5092
vn 0.8580 -0.0671 0.5092
vn 0.0000 0.0000 0.0000
vn 0.0000 0.0000 0.0000
vn 0.0975 -0.2448 0.9646
vn 0.0975 0.2448 0.9646
vn 0.0581 -0.9944 -0.0884
vn 0.0581 0.9944 -0.0884
vn 0.0634 -0.2615 0.9631
vn 0.0634 0.2615 0.9631
vn -0.1093 -0.0839 0.9905
vn -0.1093 0.0839 0.9905
vn 0.8847 0.0254 0.4655
vn 0.8847 -0.0254 0.4655
vn 0.8745 -0.1268 0.4681
vn 0.8745 0.1268 0.4681
vn 0.2766 -0.8811 -0.3837
vn 0.2766 0.8811 -0.3837
vn 0.2939 -0.1774 0.9392
vn 0.2939 0.1774 0.9392
vn 0.9396 0.0353 0.3403
vn 0.9396 -0.0353 0.3403
vn -0.0433 -0.7274 -0.6848
vn -0.0433 0.7274 -0.6848
vn 0.2298 0.0044 -0.9732
vn 0.2298 -0.0044 -0.9732
vn 0.3303 -0.3504 0.8764
vn 0.3303 0.3504 0.8764
vn 0.0000 -0.0000 0.0000
vn 0.0000 0.0000 0.0000
vn 0.0789 -0.3564 0.9310
vn 0.0789 0.3564 0.9310
vn 0.3704 -0.4403 0.8179
vn 0.3704 0.4403 0.8179
vn 0.2968 -0.3924 0.8706
vn 0.2968 0.3924 0.8706
vn 0.3485 -0.7284 -0.5899
vn 0.3485 0.7284 -0.5899
vn -0.1113 -0.6638 -0.7396
vn -0.1113 0.6638 -0.7396
vn 0.0339 -0.7864 0.6168
vn 0.0339 0.7864 0.6168
vn 0.7494 -0.4081 0.5214
vn 0.7494 0.4081 0.5214
vn 0.0254 -0.5623 0.8266
vn 0.0254 0.5623 0.8266
vn 0.4606 0.2211 -0.8596
vn 0.4606 -0.2211 -0.8596
vn 0.1897 -0.4737 -0.8600
vn 0.1897 0.4737 -0.8600
vn 0.9182 -0.3885 0.0767
vn 0.9182 0.3885 0.0767
vn 0.7857 -0.6010 -0.1468
vn 0.7857 0.6010 -0.1468
vn -0.0418 -0.9726 0.2286
vn -0.0418 0.9726 0.2286
vn 0.6431 -0.7621 0.0745
vn 0.6431 0.7621 0.0745
vn 0.1720 -0.8542 -0.4907
vn 0.1720 0.8542 -0.4907
vn 0.2709 -0.9451 0.1826
vn 0.2709 0.9451 0.1826
vn 0.9901 -0.1319 0.0471
vn 0.9901 0.1319 0.0471
vn 0.3179 -0.1603 0.9345
vn 0.3179 0.1603 0.9345
vn 0.4005 -0.8893 -0.2208
vn 0.4005 0.8893 -0.2208
vn 0.9458 -0.1472 0.2894
vn 0.9458 0.1472 0.2894
vn 0.3151 -0.3937 -0.8636
vn 0.3151 0.3937 -0.8636
vn 0.9301 -0.3029 0.2079
vn 0.9301 0.3029 0.2079
vn 0.0000 0.0000 0.0000
vn 0.9252 -0.3780 -0.0349
vn 0.9252 0.3780 -0.0349
vn 0.4813 0.2437 -0.8420
vn 0.4813 -0.2437 -0.8420
vn 0.6267 -0.1164 0.7705
vn 0.6267 0.1164 0.7705
vn 0.0000 0.0000 0.0000
vn -0.2778 0.6163 -0.7369
vn -0.2778 -0.6163 -0.7369
vn 0.0000 -0.0000 0.0000
vn 0.1550 -0.0924 -0.9836
vn 0.1550 0.0924 -0.9836
vn 0.4301 -0.8955 -0.1142
vn 0.4301 0.8955 -0.1142
vn 0.9561 0.0000 0.2930
vn 0.0000 0.0000 0.0000
vn 0.0000 0.0000 0.0000
vn 0.8202 -0.5249 -0.2275
vn 0.8202 0.5249 -0.2275
vn 0.0840 -0.5880 0.8045
vn 0.0840 0.5880 0.8045
vn 0.0000 0.0000 0.0000
vn 0.0000 -0.0000 0.0000
vn 0.9654 -0.0459 0.2566
vn 0.9654 0.0459 0.2566
vn 0.0000 0.0000 0.0000
vn 0.0000 -0.0000 0.0000
vn 0.9800 -0.0944 0.1749
vn 0.9800 0.0944 0.1749
vn 0.0000 0.0000 0.0000
vn 0.4160 -0.8134 -0.4066
vn 0.4160 0.8134 -0.4066
vn 0.0000 0.0000 0.0000
vn 0.9569 0.0000 0.2905
vn -0.3582 -0.9319 -0.0574
vn -0.3582 0.9319 -0.0574
vn 0.4247 -0.8592 -0.2853
vn 0.4247 0.8592 -0.2853
vn 0.5785 -0.6180 -0.5323
vn 0.5785 0.6180 -0.5323
vn 0.9838 -0.1786 0.0139
vn 0.9838 0.1786 0.0139
vn 0.6640 -0.0000 -0.7477
vn 0.9845 0.0000 -0.1753
vn 0.8677 -0.4954 -0.0410
vn 0.8677 0.4954 -0.0410
vn 0.9814 -0.1917 0.0009
vn 0.9814 0.1917 0.0009
vn 0.8488 -0.0797 0.5227
vn 0.8488 0.0797 0.5227
vn -0.1032 0.6236 -0.7749
vn -0.1032 -0.6236 -0.7749
vn 0.8625 -0.4729 -0.1802
vn 0.8625 0.4729 -0.1802
vn 0.2885 -0.4827 -0.8269
vn 0.2885 0.4827 -0.8269
vn 0.0519 -0.8854 -0.4619
vn 0.0519 0.8854 -0.4619
vn 0.9821 -0.0102 0.1881
vn 0.9821 0.0102 0.1881
vn 0.2168 -0.0000 -0.9762
vn 0.2692 -0.5654 -0.7796
vn 0.2692 0.5654 -0.7796
vn 0.0000 0.0000 0.0000
vn -0.1410 -0.3380 -0.9305
vn -0.1410 0.3380 -0.9305
vn 0.0000 0.0000 0.0000
vn 0.0000 0.0000 0.0000
vn -0.2174 -0.2800 -0.9351
vn -0.2174 0.2800 -0.9351
vn 0.9649 -0.2200 -0.1431
vn 0.9649 0.2200 -0.1431
vn 0.9827 -0.1712 -0.0703
vn 0.9827 0.1712 -0.0703
vn 0.0000 0.0000 0.0000
vn 0.4909 -0.0026 -0.8712
vn 0.4909 0.0026 -0.8712
vn 0.6576 0.1734 -0.7331
vn 0.6576 -0.1734 -0.7331
vn 0.0000 0.0000 0.0000
vn 0.3671 -0.5334 -0.7621
vn 0.3671 0.5334 -0.7621
vn 0.9107 -0.0690 -0.4072
vn 0.9107 0.0690 -0.4072
vn 0.0000 0.0000 0.0000
vn 0.9562 -0.1813 -0.2299
vn 0.9562 0.1813 -0.2299
vn 0.9799 -0.0210 -0.1982
vn 0.9799 0.0210 -0.1982
vn 0.0000 0.0000 0.0000
vn 0.4774 -0.7605 -0.4402
vn 0.4774 0.7605 -0.4402
vn 0.9942 -0.0670 -0.0844
vn 0.9942 0.0670 -0.0844
vn 0.9818 -0.1019 -0.1601
vn 0.9818 0.1019 -0.1601
vn -0.1327 0.4301 -0.8930
vn -0.1327 -0.4301 -0.8930
vn 0.0000 0.0000 0.0000
vn -0.1366 0.4322 -0.8914
vn -0.1366 -0.4322 -0.8914
vn 0.9902 0.0050 -0.1395
vn 0.9902 -0.0050 -0.1395
vn 0.7038 -0.4663 -0.5360
vn 0.7038 0.4663 -0.5360
vn 0.1652 0.0804 -0.9830
vn 0.1652 -0.0804 -0.9830
vn 0.4430 -0.8813 -0.1644
vn 0.4430 0.8813 -0.1644
vn 0.2406 -0.2846 -0.9280
vn 0.2406 0.2846 -0.9280
vn 0.9858 -0.1568 0.0610
vn 0.9858 0.1568 0.0610
vn 0.9893 0.0000 0.1460
vn 0.0000 0.0000 0.0000
vn 0.0000 0.0000 0.0000
vn 0.0000 0.0000 0.0000
vn 0.9931 -0.0700 0.0945
vn 0.9931 0.0700 0.0945
vn 0.9941 -0.0454 -0.0986
vn 0.9941 0.0454 -0.0986
vn 0.0000 0.0000 0.0000
vn 0.0000 0.0000 0.0000
vn 0.9979 0.0000 0.0649
vn 0.0000 -0.0000 0.0000
vn 0.0000 0.0000 0.0000
vn 0.0000 0.0000 0.0000
vn 0.0000 0.0000 0.0000
vn 0.0000 0.0000 0.0000
vn 0.9927 0.0000 -0.1207
vn 0.9974 -0.0700 -0.0137
vn 0.9974 0.0700 -0.0137
vn 0.9992 -0.0054 0.0386
vn 0.9992 0.0054 0.0386
vn 0.0000 0.0000 0.0000
vn 0.9999 0.0000 0.0104
vn 0.0000 0.0000 0.0000
vn 0.0000 0.0000 0.0000
f 806//806 784//784 645//645
f 625//625 772//772 567//567
f 756//756 744//744 810//810
f 814//814 754//754 780//780
f 810//810 726//726 814//814
f 810//810 814//814 784//784
f 784//784 904//904 762//762
f 772//772 762//762 567//567
f 768//768 762//762 827//827
f 766//766 762//762 768//768
f 799//799 768//768 827//827
f 516//516 762//762 585//585
f 845//845 732//732 819//819
f 909//909 845//845 899//899
f 780//780 692//692 776//776
f 780//780 604//604 692//692
f 565//565 776//776 610//610
f 845//845 724//724 732//732
f 694//694 720//720 599//599
f 398//398 716//716 435//435
f 732//732 712//712 702//702
f 632//632 681//681 722//722
f 732//732 694//694 722//722
f 682//682 664//664 702//702
f 664//664 682//682 665//665
f 571//571 664//664 665//665
f 702//702 665//665 682//682
f 732//732 702//702 800//800
f 310//310 446//446 398//398
f 528//528 446//446 385//385
f 571//571 665//665 528//528
f 681//681 632//632 527//527
f 319//319 357//357 425//425
f 310//310 398//398 288//288
f 380//380 310//310 361//361
f 185//185 338//338 220//220
f 599//599 716//716 446//446
f 645//645 784//784 510//510
f 532//532 625//625 567//567
f 784//784 563//563 510//510
f 347//347 491//491 353//353
f 325//325 347//347 264//264
f 604//604 754//754 710//710
f 610//610 692//692 604//604
f 604//604 483//483 485//485
f 351//351 483//483 431//431
f 610//610 604//604 485//485
f 565//565 610//610 476//476
f 300//300 351//351 325//325
f 144//144 390//390 351//351
f 198//198 300//300 131//131
f 131//131 325//325 264//264
f 33//33 131//131 70//70
f 57//57 131//131 97//97
f 74//74 91//91 137//137
f 78//78 137//137 43//43
f 30//30 43//43 76//76
f 76//76 91//91 49//49
f 240//240 347//347 353//353
f 196//196 240//240 353//353
f 317//317 420//420 378//378
f 353//353 372//372 317//317
f 306//306 353//353 317//317
f 109//109 184//184 240//240
f 139//139 115//115 107//107
f 123//123 135//135 107//107
f 113//113 86//86 105//105
f 57//57 86//86 59//59
f 115//115 59//59 113//113
f 184//184 264//264 240//240
f 306//306 135//135 162//162
f 349//349 422//422 366//366
f 565//565 366//366 422//422
f 119//119 187//187 144//144
f 349//349 187//187 182//182
f 319//319 349//349 182//182
f 144//144 82//82 63//63
f 119//119 66//66 182//182
f 182//182 66//66 72//72
f 182//182 187//187 119//119
f 160//160 182//182 72//72
f 68//68 40//40 61//61
f 40//40 82//82 49//49
f 28//28 88//88 61//61
f 40//40 50//50 28//28
f 142//142 51//51 50//50
f 142//142 50//50 55//55
f 22//22 50//50 40//40
f 20//20 49//49 59//59
f 22//22 20//20 3//3
f 1//1 22//22 3//3
f 220//220 288//288 191//191
f 275//275 144//144 187//187
f 367//367 338//338 164//164
f 817//817 835//835 839//839
f 640//640 804//804 817//817
f 817//817 839//839 823//823
f 831//831 833//833 859//859
f 825//825 831//831 859//859
f 778//778 728//728 601//601
f 787//787 827//827 804//804
f 585//585 718//718 589//589
f 382//382 433//433 458//458
f 640//640 728//728 804//804
f 778//778 601//601 554//554
f 458//458 554//554 355//355
f 833//833 827//827 917//917
f 898//898 904//904 917//917
f 748//748 859//859 877//877
f 696//696 859//859 748//748
f 608//608 848//848 637//637
f 637//637 848//848 760//760
f 770//770 890//890 857//857
f 591//591 559//559 667//667
f 615//615 552//552 734//734
f 673//673 685//685 615//615
f 608//608 651//651 848//848
f 640//640 696//696 581//581
f 587//587 512//512 554//554
f 597//597 512//512 698//698
f 554//554 512//512 355//355
f 597//597 583//583 456//456
f 489//489 583//583 608//608
f 524//524 552//552 615//615
f 444//444 464//464 394//394
f 242//242 359//359 321//321
f 415//415 359//359 456//456
f 242//242 244//244 359//359
f 384//384 321//321 359//359
f 487//487 608//608 548//548
f 696//696 817//817 823//823
f 917//917 921//921 915//915
f 919//919 909//909 917//917
f 917//917 909//909 921//921
f 879//879 917//917 906//906
f 874//874 879//879 906//906
f 758//758 874//874 869//869
f 628//628 736//736 797//797
f 782//782 896//896 663//663
f 670//670 758//758 628//628
f 888//888 906//906 915//915
f 881//881 906//906 888//888
f 888//888 896//896 881//881
f 617//617 821//821 634//634
f 612//612 676//676 647//647
f 647//647 676//676 642//642
f 464//464 556//556 505//505
f 406//406 480//480 536//536
f 388//388 406//406 536//536
f 626//626 538//538 536//536
f 593//593 661//661 577//577
f 540//540 556//556 685//685
f 685//685 661//661 593//593
f 577//577 661//661 595//595
f 534//534 577//577 595//595
f 670//670 628//628 570//570
f 546//546 544//544 649//649
f 849//849 853//853 829//829
f 713//713 849//849 801//801
f 671//671 849//849 713//713
f 828//828 860//860 849//849
f 675//675 750//750 708//708
f 606//606 574//574 579//579
f 676//676 688//688 642//642
f 688//688 676//676 683//683
f 611//611 622//622 671//671
f 442//442 642//642 557//557
f 675//675 708//708 671//671
f 441//441 540//540 577//577
f 478//478 540//540 441//441
f 400//400 470//470 508//508
f 470//470 514//514 508//508
f 499//499 468//468 546//546
f 331//331 374//374 342//342
f 342//342 418//418 392//392
f 248//248 254//254 331//331
f 172//172 248//248 281//281
f 248//248 342//342 281//281
f 248//248 331//331 342//342
f 260//260 369//369 427//427
f 260//260 427//427 297//297
f 229//229 246//246 271//271
f 271//271 337//337 278//278
f 579//579 574//574 499//499
f 375//375 642//642 413//413
f 452//452 442//442 525//525
f 413//413 442//442 298//298
f 295//295 406//406 388//388
f 283//283 403//403 304//304
f 189//189 297//297 295//295
f 150//150 172//172 180//180
f 170//170 150//150 180//180
f 189//189 283//283 180//180
f 298//298 326//326 413//413
f 273//273 256//256 272//272
f 508//508 514//514 544//544
f 499//499 480//480 427//427
f 229//229 297//297 189//189
f 661//661 685//685 867//867
f 464//464 524//524 556//556
f 439//439 394//394 464//464
f 915//915 921//921 808//808
f 829//829 915//915 808//808
f 378//378 433//433 382//382
f 420//420 433//433 378//378
f 378//378 323//323 227//227
f 141//141 222//222 152//152
f 141//141 152//152 129//129
f 312//312 458//458 345//345
f 227//227 178//178 158//158
f 133//133 121//121 176//176
f 168//168 309//309 218//218
f 176//176 168//168 218//218
f 309//309 290//290 364//364
f 176//176 166//166 168//168
f 166//166 176//176 178//178
f 133//133 176//176 206//206
f 237//237 244//244 209//209
f 233//233 214//214 231//231
f 233//233 252//252 206//206
f 133//133 206//206 125//125
f 125//125 47//47 133//133
f 163//163 36//36 125//125
f 163//163 125//125 150//150
f 216//216 206//206 321//321
f 174//174 235//235 172//172
f 174//174 206//206 216//216
f 742//742 604//604 780//780
f 754//754 604//604 742//742
f 164//164 142//142 53//53
f 53//53 142//142 55//55
f 163//163 273//273 286//286
f 519//519 506//506 641//641
f 565//565 619//619 730//730
f 565//565 730//730 776//776
f 732//732 800//800 819//819
f 784//784 774//774 752//752
f 772//772 752//752 774//774
f 784//784 762//762 774//774
f 774//774 762//762 772//772
f 806//806 791//791 810//810
f 756//756 710//710 744//744
f 744//744 756//756 746//746
f 744//744 726//726 810//810
f 726//726 710//710 754//754
f 726//726 754//754 814//814
f 754//754 742//742 780//780
f 814//814 904//904 784//784
f 762//762 516//516 567//567
f 768//768 585//585 766//766
f 766//766 585//585 762//762
f 516//516 585//585 420//420
f 904//904 898//898 762//762
f 819//819 899//899 845//845
f 904//904 919//919 917//917
f 904//904 845//845 909//909
f 904//904 909//909 919//919
f 780//780 845//845 904//904
f 776//776 692//692 610//610
f 720//720 694//694 732//732
f 716//716 845//845 730//730
f 776//776 845//845 780//780
f 619//619 565//565 530//530
f 619//619 716//716 730//730
f 716//716 738//738 845//845
f 724//724 845//845 738//738
f 599//599 738//738 716//716
f 720//720 738//738 599//599
f 425//425 530//530 422//422
f 530//530 565//565 422//422
f 716//716 425//425 435//435
f 425//425 619//619 530//530
f 446//446 716//716 398//398
f 425//425 357//357 435//435
f 435//435 357//357 398//398
f 732//732 724//724 720//720
f 722//722 712//712 732//732
f 722//722 694//694 599//599
f 722//722 599//599 632//632
f 722//722 690//690 712//712
f 722//722 681//681 690//690
f 702//702 664//664 800//800
f 681//681 527//527 665//665
f 665//665 527//527 541//541
f 527//527 446//446 541//541
f 571//571 528//528 500//500
f 446//446 380//380 385//385
f 500//500 528//528 376//376
f 500//500 376//376 367//367
f 385//385 376//376 528//528
f 446//446 528//528 541//541
f 665//665 541//541 528//528
f 357//357 319//319 191//191
f 310//310 288//288 220//220
f 379//379 343//343 338//338
f 360//360 343//343 379//379
f 361//361 360//360 379//379
f 385//385 361//361 379//379
f 338//338 361//361 220//220
f 310//310 220//220 361//361
f 385//385 380//380 361//361
f 220//220 142//142 185//185
f 185//185 142//142 164//164
f 191//191 288//288 398//398
f 503//503 645//645 510//510
f 510//510 563//563 491//491
f 510//510 431//431 494//494
f 510//510 491//491 347//347
f 625//625 532//532 563//563
f 563//563 532//532 491//491
f 431//431 510//510 347//347
f 347//347 240//240 264//264
f 710//710 756//756 604//604
f 503//503 483//483 604//604
f 756//756 503//503 604//604
f 610//610 485//485 366//366
f 485//485 351//351 390//390
f 366//366 485//485 390//390
f 366//366 476//476 610//610
f 351//351 431//431 325//325
f 483//483 503//503 431//431
f 300//300 144//144 351//351
f 366//366 390//390 275//275
f 390//390 144//144 275//275
f 144//144 198//198 101//101
f 101//101 45//45 82//82
f 300//300 325//325 131//131
f 131//131 264//264 109//109
f 131//131 109//109 97//97
f 101//101 131//131 33//33
f 70//70 131//131 57//57
f 137//137 78//78 95//95
f 43//43 57//57 78//78
f 137//137 95//95 74//74
f 59//59 78//78 57//57
f 80//80 74//74 59//59
f 80//80 74//74 95//95
f 74//74 80//80 78//78
f 78//78 80//80 95//95
f 45//45 33//33 30//30
f 101//101 33//33 45//45
f 43//43 99//99 91//91
f 45//45 76//76 49//49
f 93//93 91//91 99//99
f 30//30 76//76 45//45
f 82//82 45//45 49//49
f 49//49 91//91 59//59
f 198//198 131//131 101//101
f 91//91 74//74 59//59
f 532//532 472//472 353//353
f 353//353 472//472 372//372
f 532//532 516//516 472//472
f 306//306 196//196 353//353
f 472//472 516//516 420//420
f 372//372 472//472 317//317
f 472//472 420//420 317//317
f 111//111 103//103 240//240
f 240//240 103//103 109//109
f 240//240 196//196 162//162
f 162//162 111//111 240//240
f 111//111 105//105 103//103
f 196//196 306//306 162//162
f 162//162 135//135 123//123
f 111//111 162//162 123//123
f 105//105 123//123 113//113
f 135//135 139//139 107//107
f 115//115 113//113 107//107
f 109//109 86//86 84//84
f 105//105 109//109 103//103
f 59//59 86//86 113//113
f 86//86 109//109 105//105
f 97//97 84//84 57//57
f 57//57 84//84 86//86
f 97//97 109//109 84//84
f 532//532 353//353 491//491
f 135//135 306//306 139//139
f 645//645 503//503 756//756
f 494//494 431//431 503//503
f 425//425 349//349 319//319
f 82//82 40//40 63//63
f 66//66 63//63 40//40
f 147//147 160//160 68//68
f 147//147 68//68 117//117
f 68//68 160//160 72//72
f 68//68 35//35 61//61
f 40//40 49//49 20//20
f 22//22 40//40 20//20
f 191//191 160//160 147//147
f 319//319 182//182 160//160
f 147//147 88//88 51//51
f 61//61 40//40 28//28
f 51//51 88//88 28//28
f 22//22 55//55 50//50
f 220//220 147//147 51//51
f 20//20 59//59 115//115
f 425//425 422//422 349//349
f 88//88 68//68 61//61
f 117//117 68//68 88//88
f 565//565 476//476 366//366
f 349//349 275//275 187//187
f 349//349 366//366 275//275
f 53//53 55//55 22//22
f 833//833 835//835 817//817
f 823//823 839//839 825//825
f 859//859 917//917 879//879
f 859//859 833//833 917//917
f 589//589 799//799 554//554
f 799//799 827//827 778//778
f 778//778 827//827 787//787
f 787//787 804//804 764//764
f 804//804 827//827 833//833
f 799//799 778//778 554//554
f 585//585 589//589 433//433
f 585//585 433//433 420//420
f 589//589 554//554 458//458
f 433//433 589//589 458//458
f 601//601 728//728 640//640
f 601//601 587//587 554//554
f 601//601 640//640 587//587
f 898//898 917//917 827//827
f 823//823 825//825 696//696
f 877//877 872//872 848//848
f 877//877 859//859 872//872
f 825//825 859//859 696//696
f 748//748 877//877 698//698
f 848//848 872//872 760//760
f 877//877 848//848 698//698
f 698//698 848//848 597//597
f 597//597 848//848 651//651
f 859//859 879//879 872//872
f 872//872 890//890 760//760
f 890//890 879//879 857//857
f 651//651 608//608 583//583
f 667//667 890//890 770//770
f 667//667 760//760 890//890
f 770//770 857//857 734//734
f 760//760 706//706 637//637
f 706//706 667//667 559//559
f 559//559 637//637 706//706
f 667//667 770//770 734//734
f 591//591 667//667 734//734
f 591//591 734//734 552//552
f 760//760 667//667 706//706
f 843//843 734//734 857//857
f 734//734 867//867 685//685
f 637//637 559//559 608//608
f 581//581 696//696 698//698
f 640//640 581//581 512//512
f 587//587 640//640 512//512
f 454//454 512//512 597//597
f 581//581 698//698 512//512
f 364//364 512//512 396//396
f 355//355 512//512 364//364
f 512//512 460//460 396//396
f 309//309 364//364 396//396
f 454//454 456//456 410//410
f 456//456 583//583 561//561
f 456//456 561//561 522//522
f 456//456 489//489 415//415
f 489//489 487//487 415//415
f 489//489 522//522 583//583
f 522//522 489//489 456//456
f 548//548 608//608 559//559
f 497//497 487//487 548//548
f 415//415 487//487 437//437
f 552//552 559//559 591//591
f 444//444 552//552 524//524
f 437//437 497//497 444//444
f 444//444 524//524 464//464
f 548//548 559//559 497//497
f 552//552 444//444 497//497
f 410//410 456//456 244//244
f 333//333 244//244 302//302
f 384//384 359//359 415//415
f 252//252 242//242 321//321
f 244//244 456//456 359//359
f 328//328 437//437 340//340
f 394//394 340//340 437//437
f 321//321 384//384 328//328
f 384//384 437//437 328//328
f 437//437 444//444 394//394
f 583//583 597//597 651//651
f 833//833 831//831 823//823
f 597//597 456//456 454//454
f 333//333 454//454 410//410
f 917//917 915//915 906//906
f 857//857 879//879 874//874
f 874//874 906//906 869//869
f 869//869 906//906 881//881
f 867//867 874//874 864//864
f 857//857 874//874 867//867
f 789//789 867//867 864//864
f 864//864 874//874 789//789
f 851//851 855//855 797//797
f 855//855 881//881 782//782
f 789//789 670//670 661//661
f 869//869 797//797 736//736
f 628//628 797//797 782//782
f 758//758 869//869 736//736
f 797//797 869//869 851//851
f 896//896 888//888 892//892
f 892//892 883//883 886//886
f 896//896 892//892 837//837
f 888//888 894//894 821//821
f 862//862 841//841 894//894
f 894//894 841//841 704//704
f 704//704 841//841 750//750
f 888//888 883//883 892//892
f 888//888 886//886 883//883
f 888//888 862//862 894//894
f 888//888 821//821 886//886
f 888//888 915//915 829//829
f 846//846 862//862 829//829
f 653//653 536//536 657//657
f 574//574 837//837 794//794
f 837//837 663//663 896//896
f 821//821 894//894 704//704
f 653//653 700//700 617//617
f 574//574 606//606 663//663
f 821//821 617//617 700//700
f 653//653 658//658 626//626
f 658//658 617//617 647//647
f 794//794 837//837 821//821
f 653//653 617//617 658//658
f 536//536 653//653 626//626
f 518//518 550//550 536//536
f 574//574 550//550 518//518
f 480//480 574//574 518//518
f 538//538 626//626 466//466
f 538//538 403//403 536//536
f 480//480 518//518 536//536
f 536//536 403//403 388//388
f 657//657 536//536 550//550
f 626//626 474//474 466//466
f 626//626 647//647 474//474
f 394//394 439//439 331//331
f 321//321 340//340 254//254
f 254//254 340//340 331//331
f 593//593 540//540 685//685
f 577//577 540//540 593//593
f 670//670 570//570 595//595
f 534//534 514//514 470//470
f 649//649 663//663 546//546
f 570//570 544//544 595//595
f 782//782 544//544 570//570
f 782//782 649//649 544//544
f 534//534 544//544 514//514
f 544//544 546//546 508//508
f 534//534 595//595 544//544
f 846//846 828//828 708//708
f 841//841 708//708 750//750
f 846//846 708//708 862//862
f 841//841 862//862 708//708
f 853//853 860//860 829//829
f 829//829 860//860 846//846
f 828//828 849//849 671//671
f 849//849 860//860 853//853
f 750//750 675//675 704//704
f 675//675 612//612 634//634
f 675//675 634//634 704//704
f 606//606 579//579 546//546
f 675//675 613//613 612//612
f 686//686 680//680 688//688
f 642//642 630//630 557//557
f 635//635 659//659 612//612
f 655//655 677//677 659//659
f 677//677 655//655 642//642
f 655//655 630//630 642//642
f 623//623 613//613 675//675
f 630//630 611//611 557//557
f 612//612 622//622 635//635
f 635//635 622//622 630//630
f 442//442 557//557 525//525
f 623//623 612//612 613//613
f 686//686 612//612 659//659
f 612//612 623//623 622//622
f 671//671 622//622 623//623
f 675//675 671//671 623//623
f 671//671 620//620 611//611
f 505//505 478//478 462//462
f 505//505 556//556 540//540
f 441//441 577//577 534//534
f 470//470 451//451 441//441
f 534//534 470//470 441//441
f 439//439 464//464 462//462
f 478//478 412//412 418//418
f 412//412 478//478 441//441
f 412//412 441//441 392//392
f 315//315 392//392 441//441
f 418//418 412//412 392//392
f 441//441 451//451 315//315
f 462//462 478//478 418//418
f 400//400 468//468 429//429
f 508//508 546//546 468//468
f 337//337 470//470 400//400
f 429//429 369//369 400//400
f 369//369 429//429 427//427
f 468//468 499//499 427//427
f 427//427 429//429 468//468
f 400//400 508//508 468//468
f 418//418 342//342 374//374
f 342//342 392//392 281//281
f 315//315 451//451 337//337
f 315//315 271//271 246//246
f 392//392 315//315 281//281
f 315//315 246//246 281//281
f 427//427 406//406 297//297
f 189//189 172//172 246//246
f 369//369 260//260 400//400
f 246//246 229//229 189//189
f 297//297 229//229 258//258
f 266//266 337//337 400//400
f 278//278 266//266 271//271
f 271//271 266//266 258//258
f 258//258 266//266 260//260
f 266//266 400//400 260//260
f 439//439 418//418 374//374
f 315//315 337//337 271//271
f 499//499 574//574 480//480
f 448//448 474//474 375//375
f 448//448 375//375 466//466
f 375//375 474//474 642//642
f 375//375 413//413 326//326
f 642//642 442//442 413//413
f 388//388 283//283 295//295
f 403//403 466//466 304//304
f 466//466 292//292 203//203
f 304//304 466//466 203//203
f 403//403 283//283 388//388
f 295//295 283//283 269//269
f 269//269 283//283 189//189
f 304//304 203//203 170//170
f 304//304 170//170 224//224
f 224//224 170//170 180//180
f 375//375 256//256 292//292
f 292//292 466//466 375//375
f 170//170 203//203 200//200
f 170//170 200//200 203//203
f 292//292 256//256 203//203
f 180//180 172//172 189//189
f 272//272 375//375 326//326
f 150//150 194//194 256//256
f 150//150 256//256 273//273
f 150//150 170//170 194//194
f 298//298 442//442 404//404
f 442//442 452//452 404//404
f 326//326 298//298 272//272
f 272//272 298//298 273//273
f 298//298 307//307 285//285
f 375//375 272//272 256//256
f 579//579 499//499 546//546
f 506//506 452//452 525//525
f 663//663 606//606 546//546
f 406//406 295//295 297//297
f 321//321 328//328 340//340
f 676//676 612//612 686//686
f 676//676 686//686 683//683
f 617//617 634//634 612//612
f 464//464 505//505 462//462
f 235//235 254//254 248//248
f 808//808 740//740 812//812
f 829//829 812//812 801//801
f 812//812 740//740 801//801
f 654//654 641//641 620//620
f 713//713 801//801 740//740
f 557//557 506//506 525//525
f 620//620 641//641 611//611
f 150//150 273//273 163//163
f 506//506 449//449 404//404
f 307//307 404//404 286//286
f 378//378 227//227 317//317
f 382//382 323//323 378//378
f 227//227 222//222 317//317
f 306//306 317//317 141//141
f 306//306 141//141 139//139
f 317//317 222//222 141//141
f 382//382 458//458 335//335
f 335//335 227//227 323//323
f 335//335 458//458 312//312
f 227//227 152//152 222//222
f 152//152 154//154 129//129
f 154//154 227//227 158//158
f 158//158 176//176 154//154
f 121//121 154//154 176//176
f 154//154 152//152 227//227
f 129//129 154//154 121//121
f 227//227 312//312 178//178
f 115//115 121//121 133//133
f 139//139 141//141 115//115
f 115//115 141//141 121//121
f 121//121 141//141 129//129
f 312//312 355//355 262//262
f 178//178 312//312 262//262
f 178//178 262//262 166//166
f 364//364 290//290 355//355
f 309//309 333//333 218//218
f 166//166 262//262 168//168
f 168//168 290//290 309//309
f 290//290 168//168 262//262
f 212//212 176//176 218//218
f 176//176 212//212 206//206
f 302//302 237//237 212//212
f 233//233 206//206 209//209
f 242//242 252//252 233//233
f 214//214 209//209 244//244
f 244//244 242//242 214//214
f 231//231 242//242 244//244
f 244//244 242//242 231//231
f 302//302 244//244 237//237
f 302//302 212//212 218//218
f 17//17 20//20 115//115
f 20//20 17//17 6//6
f 17//17 115//115 133//133
f 17//17 133//133 47//47
f 12//12 6//6 17//17
f 1//1 6//6 12//12
f 125//125 17//17 47//47
f 206//206 174//174 125//125
f 125//125 174//174 150//150
f 150//150 174//174 172//172
f 1//1 3//3 6//6
f 41//41 12//12 36//36
f 41//41 36//36 163//163
f 625//625 563//563 784//784
f 645//645 756//756 806//806
f 458//458 355//355 345//345
f 235//235 248//248 172//172
f 321//321 250//250 216//216
f 801//801 849//849 829//829
f 713//713 654//654 671//671
f 404//404 452//452 506//506
f 273//273 285//285 284//284
f 408//408 404//404 449//449
f 506//506 519//519 449//449
f 404//404 408//408 286//286
f 664//664 571//571 500//500
f 625//625 784//784 752//752
f 772//772 625//625 752//752
f 756//756 810//810 791//791
f 806//806 756//756 791//791
f 756//756 744//744 746//746
f 744//744 710//710 746//746
f 710//710 726//726 746//746
f 726//726 744//744 746//746
f 780//780 904//904 814//814
f 799//799 718//718 768//768
f 827//827 762//762 898//898
f 810//810 784//784 806//806
f 720//720 732//732 724//724
f 845//845 776//776 730//730
f 360//360 361//361 338//338
f 360//360 338//338 343//343
f 425//425 716//716 619//619
f 738//738 720//720 724//724
f 732//732 720//720 724//724
f 702//702 712//712 690//690
f 681//681 702//702 690//690
f 702//702 681//681 665//665
f 446//446 527//527 632//632
f 446//446 632//632 599//599
f 310//310 380//380 446//446
f 398//398 357//357 191//191
f 385//385 338//338 376//376
f 338//338 385//385 379//379
f 30//30 33//33 43//43
f 338//338 185//185 164//164
f 51//51 142//142 220//220
f 510//510 494//494 503//503
f 347//347 325//325 431//431
f 351//351 485//485 483//483
f 184//184 109//109 264//264
f 300//300 198//198 144//144
f 82//82 144//144 101//101
f 43//43 33//33 70//70
f 57//57 43//43 70//70
f 59//59 74//74 80//80
f 78//78 59//59 74//74
f 99//99 91//91 93//93
f 93//93 76//76 43//43
f 93//93 43//43 91//91
f 91//91 76//76 93//93
f 137//137 99//99 43//43
f 825//825 839//839 833//833
f 825//825 833//833 823//823
f 91//91 99//99 137//137
f 516//516 532//532 567//567
f 123//123 107//107 113//113
f 105//105 111//111 123//123
f 319//319 160//160 191//191
f 144//144 63//63 119//119
f 66//66 119//119 63//63
f 66//66 38//38 72//72
f 40//40 38//38 66//66
f 38//38 40//40 68//68
f 72//72 38//38 68//68
f 68//68 61//61 35//35
f 147//147 220//220 191//191
f 117//117 88//88 147//147
f 28//28 50//50 51//51
f 833//833 839//839 835//835
f 821//821 837//837 883//883
f 821//821 883//883 886//886
f 817//817 804//804 833//833
f 799//799 589//589 718//718
f 764//764 778//778 787//787
f 728//728 764//764 804//804
f 728//728 778//778 764//764
f 696//696 640//640 817//817
f 748//748 698//698 696//696
f 879//879 890//890 872//872
f 843//843 857//857 867//867
f 867//867 734//734 843//843
f 685//685 673//673 734//734
f 615//615 734//734 673//673
f 454//454 460//460 512//512
f 460//460 454//454 396//396
f 583//583 522//522 561//561
f 489//489 608//608 487//487
f 552//552 497//497 559//559
f 497//497 437//437 487//487
f 244//244 333//333 410//410
f 415//415 437//437 384//384
f 831//831 825//825 823//823
f 789//789 661//661 867//867
f 869//869 881//881 851//851
f 881//881 855//855 851//851
f 896//896 782//782 881//881
f 782//782 797//797 855//855
f 758//758 670//670 789//789
f 685//685 556//556 615//615
f 758//758 789//789 874//874
f 736//736 628//628 758//758
f 782//782 663//663 649//649
f 886//886 883//883 837//837
f 574//574 663//663 837//837
f 892//892 886//886 837//837
f 829//829 862//862 888//888
f 794//794 821//821 700//700
f 653//653 657//657 700//700
f 704//704 634//634 821//821
f 550//550 574//574 657//657
f 700//700 574//574 794//794
f 657//657 574//574 700//700
f 642//642 680//680 659//659
f 647//647 626//626 658//658
f 617//617 612//612 647//647
f 403//403 538//538 466//466
f 474//474 448//448 466//466
f 331//331 340//340 394//394
f 254//254 250//250 321//321
f 670//670 595//595 661//661
f 828//828 846//846 860//860
f 671//671 708//708 828//828
f 680//680 642//642 688//688
f 686//686 659//659 680//680
f 659//659 635//635 655//655
f 635//635 677//677 655//655
f 677//677 642//642 659//659
f 630//630 655//655 677//677
f 635//635 630//630 677//677
f 686//686 688//688 683//683
f 630//630 622//622 611//611
f 540//540 478//478 505//505
f 462//462 418//418 439//439
f 480//480 406//406 427//427
f 470//470 337//337 451//451
f 331//331 439//439 374//374
f 271//271 258//258 229//229
f 260//260 297//297 258//258
f 172//172 281//281 246//246
f 266//266 278//278 337//337
f 295//295 269//269 189//189
f 304//304 224//224 283//283
f 224//224 180//180 283//283
f 256//256 194//194 200//200
f 256//256 200//200 203//203
f 194//194 170//170 203//203
f 200//200 194//194 203//203
f 307//307 298//298 404//404
f 285//285 273//273 298//298
f 642//642 474//474 647//647
f 628//628 782//782 570//570
f 206//206 252//252 321//321
f 683//683 676//676 688//688
f 676//676 683//683 688//688
f 615//615 556//556 524//524
f 812//812 829//829 808//808
f 641//641 506//506 611//611
f 557//557 611//611 506//506
f 740//740 654//654 713//713
f 620//620 671//671 654//654
f 307//307 286//286 284//284
f 284//284 286//286 273//273
f 382//382 335//335 323//323
f 335//335 312//312 227//227
f 158//158 178//178 176//176
f 312//312 345//345 355//355
f 262//262 355//355 290//290
f 309//309 454//454 333//333
f 454//454 309//309 396//396
f 333//333 302//302 218//218
f 209//209 206//206 212//212
f 242//242 233//233 231//231
f 231//231 214//214 242//242
f 209//209 214//214 233//233
f 209//209 212//212 237//237
f 17//17 36//36 12//12
f 17//17 125//125 36//36
f 216//216 250//250 174//174
f 254//254 174//174 250//250
f 254//254 235//235 174//174
f 718//718 585//585 768//768
f 3//3 20//20 6//6
f 338//338 367//367 376//376
f 285//285 307//307 284//284
f 668//668 492//492 572//572
f 23//23 4//4 2//2
f 362//362 156//156 267//267
f 4//4 13//13 11//11
f 31//31 145//145 126//126
f 795//795 668//668 679//679
f 572//572 492//492 501//501
f 54//54 23//23 52//52
f 923//923 907//907 911//911
f 495//495 643//643 602//602
f 643//643 739//739 687//687
f 207//207 279//279 276//276
f 156//156 54//54 89//89
f 407//407 495//495 423//423
f 901//901 795//795 807//807
f 155//155 201//201 156//156
f 7//7 2//2 4//4
f 2//2 8//8 23//23
f 267//267 329//329 362//362
f 923//923 884//884 870//870
f 629//629 621//621 643//643
f 11//11 9//9 4//4
f 207//207 148//148 145//145
f 31//31 21//21 13//13
f 126//126 31//31 31//31
f 572//572 638//638 668//668
f 901//901 908//908 910//910
f 910//910 912//912 907//907
f 679//679 785//785 795//795
f 501//501 568//568 572//572
f 362//362 401//401 492//492
f 18//18 24//24 23//23
f 911//911 922//922 923//923
f 870//870 815//815 739//739
f 811//811 714//714 739//739
f 602//602 542//542 495//495
f 687//687 646//646 643//643
f 407//407 313//313 279//279
f 276//276 238//238 207//207
f 520//520 473//473 495//495
f 89//89 127//127 156//156
f 423//423 416//416 407//407
f 807//807 900//900 901//901
f 901//901 900//900 902//902
f 795//795 792//792 802//802
f 572//572 568//568 575//575
f 23//23 14//14 15//15
f 23//23 8//8 14//14
f 870//870 884//884 875//875
f 870//870 875//875 865//865
f 870//870 865//865 852//852
f 739//739 701//701 687//687
f 495//495 526//526 520//520
f 407//407 416//416 386//386
f 279//279 313//313 293//293
f 362//362 329//329 370//370
f 156//156 201//201 267//267
f 54//54 64//64 89//89
f 795//795 802//802 807//807
f 910//910 913//913 914//914
f 910//910 908//908 913//913
f 668//668 638//638 678//678
f 795//795 785//785 792//792
f 492//492 481//481 501//501
f 156//156 149//149 155//155
f 23//23 24//24 25//25
f 23//23 25//25 26//26
f 23//23 15//15 18//18
f 923//923 922//922 920//920
f 207//207 204//204 192//192
f 207//207 210//210 204//204
f 207//207 238//238 225//225
f 207//207 219//219 210//210
f 739//739 818//818 811//811
f 643//643 646//646 629//629
f 739//739 714//714 701//701
f 13//13 21//21 10//10
f 4//4 9//9 7//7
f 156//156 127//127 149//149
f 207//207 225//225 219//219
f 739//739 815//815 818//818
f 643//643 621//621 602//602
f 495//495 542//542 526//526
f 495//495 473//473 423//423
f 805//805 644//644 783//783
f 624//624 566//566 771//771
f 755//755 809//809 743//743
f 813//813 779//779 753//753
f 809//809 813//813 725//725
f 809//809 783//783 813//813
f 783//783 761//761 903//903
f 771//771 566//566 761//761
f 767//767 826//826 761//761
f 765//765 767//767 761//761
f 798//798 826//826 767//767
f 515//515 584//584 761//761
f 844//844 819//819 731//731
f 909//909 899//899 844//844
f 779//779 775//775 691//691
f 779//779 691//691 603//603
f 564//564 609//609 775//775
f 844//844 731//731 723//723
f 693//693 598//598 719//719
f 397//397 434//434 715//715
f 731//731 702//702 711//711
f 631//631 721//721 681//681
f 731//731 721//721 693//693
f 682//682 702//702 664//664
f 664//664 665//665 682//682
f 571//571 665//665 664//664
f 702//702 682//682 665//665
f 731//731 800//800 702//702
f 310//310 397//397 445//445
f 528//528 385//385 445//445
f 571//571 528//528 665//665
f 681//681 527//527 631//631
f 318//318 424//424 356//356
f 310//310 287//287 397//397
f 380//380 361//361 310//310
f 185//185 220//220 338//338
f 598//598 445//445 715//715
f 644//644 509//509 783//783
f 531//531 566//566 624//624
f 783//783 509//509 562//562
f 346//346 352//352 490//490
f 324//324 263//263 346//346
f 603//603 709//709 753//753
f 609//609 603//603 691//691
f 603//603 484//484 482//482
f 350//350 430//430 482//482
f 609//609 484//484 603//603
f 564//564 475//475 609//609
f 299//299 324//324 350//350
f 143//143 350//350 389//389
f 197//197 130//130 299//299
f 130//130 263//263 324//324
f 32//32 69//69 130//130
f 56//56 96//96 130//130
f 73//73 136//136 90//90
f 77//77 42//42 136//136
f 29//29 75//75 42//42
f 75//75 48//48 90//90
f 239//239 352//352 346//346
f 195//195 352//352 239//239
f 316//316 377//377 419//419
f 352//352 316//316 371//371
f 305//305 316//316 352//352
f 108//108 239//239 183//183
f 138//138 106//106 114//114
f 122//122 106//106 134//134
f 112//112 104//104 85//85
f 56//56 58//58 85//85
f 114//114 112//112 58//58
f 183//183 239//239 263//263
f 305//305 161//161 134//134
f 348//348 365//365 421//421
f 564//564 421//421 365//365
f 118//118 143//143 186//186
f 348//348 181//181 186//186
f 318//318 181//181 348//348
f 143//143 62//62 81//81
f 118//118 181//181 65//65
f 181//181 71//71 65//65
f 181//181 118//118 186//186
f 159//159 71//71 181//181
f 67//67 60//60 39//39
f 39//39 48//48 81//81
f 27//27 60//60 87//87
f 39//39 27//27 50//50
f 142//142 50//50 51//51
f 142//142 55//55 50//50
f 22//22 39//39 50//50
f 19//19 58//58 48//48
f 22//22 3//3 19//19
f 1//1 3//3 22//22
f 220//220 190//190 287//287
f 274//274 186//186 143//143
f 367//367 164//164 338//338
f 816//816 838//838 834//834
f 639//639 816//816 803//803
f 816//816 822//822 838//838
f 830//830 858//858 832//832
f 824//824 858//858 830//830
f 777//777 600//600 727//727
f 786//786 803//803 826//826
f 584//584 588//588 717//717
f 381//381 457//457 432//432
f 639//639 803//803 727//727
f 777//777 553//553 600//600
f 457//457 354//354 553//553
f 832//832 916//916 826//826
f 897//897 916//916 903//903
f 747//747 876//876 858//858
f 695//695 747//747 858//858
f 607//607 636//636 847//847
f 636//636 759//759 847//847
f 769//769 856//856 889//889
f 590//590 666//666 558//558
f 614//614 733//733 551//551
f 672//672 614//614 684//684
f 607//607 847//847 650//650
f 639//639 580//580 695//695
f 586//586 553//553 511//511
f 596//596 697//697 511//511
f 553//553 354//354 511//511
f 596//596 455//455 582//582
f 488//488 607//607 582//582
f 523//523 614//614 551//551
f 443//443 393//393 463//463
f 241//241 320//320 358//358
f 414//414 455//455 358//358
f 241//241 358//358 243//243
f 383//383 358//358 320//320
f 486//486 547//547 607//607
f 695//695 822//822 816//816
f 916//916 915//915 921//921
f 918//918 916//916 909//909
f 916//916 921//921 909//909
f 878//878 905//905 916//916
f 873//873 905//905 878//878
f 757//757 868//868 873//873
f 627//627 796//796 735//735
f 781//781 662//662 895//895
f 669//669 627//627 757//757
f 887//887 915//915 905//905
f 880//880 887//887 905//905
f 887//887 880//880 895//895
f 616//616 633//633 820//820
f 612//612 647//647 676//676
f 647//647 642//642 676//676
f 463//463 504//504 555//555
f 405//405 535//535 479//479
f 387//387 535//535 405//405
f 626//626 535//535 537//537
f 592//592 576//576 660//660
f 539//539 684//684 555//555
f 684//684 592//592 660//660
f 576//576 594//594 660//660
f 533//533 594//594 576//576
f 669//669 569//569 627//627
f 545//545 648//648 543//543
f 849//849 829//829 853//853
f 713//713 801//801 849//849
f 671//671 713//713 849//849
f 828//828 849//849 860//860
f 674//674 707//707 749//749
f 605//605 578//578 573//573
f 676//676 642//642 688//688
f 688//688 683//683 676//676
f 611//611 671//671 622//622
f 442//442 557//557 642//642
f 674//674 671//671 707//707
f 440//440 576//576 539//539
f 477//477 440//440 539//539
f 399//399 507//507 469//469
f 469//469 507//507 513//513
f 498//498 545//545 467//467
f 330//330 341//341 373//373
f 341//341 391//391 417//417
f 247//247 330//330 253//253
f 171//171 280//280 247//247
f 247//247 280//280 341//341
f 247//247 341//341 330//330
f 259//259 426//426 368//368
f 259//259 296//296 426//426
f 228//228 270//270 245//245
f 270//270 277//277 336//336
f 578//578 498//498 573//573
f 375//375 413//413 642//642
f 452//452 525//525 442//442
f 413//413 298//298 442//442
f 294//294 387//387 405//405
f 282//282 303//303 402//402
f 188//188 294//294 296//296
f 150//150 179//179 171//171
f 169//169 179//179 150//150
f 188//188 179//179 282//282
f 298//298 413//413 326//326
f 273//273 272//272 255//255
f 507//507 543//543 513//513
f 498//498 426//426 479//479
f 228//228 188//188 296//296
f 660//660 866//866 684//684
f 463//463 555//555 523//523
f 438//438 463//463 393//393
f 915//915 808//808 921//921
f 829//829 808//808 915//915
f 377//377 381//381 432//432
f 419//419 377//377 432//432
f 377//377 226//226 322//322
f 140//140 151//151 221//221
f 140//140 128//128 151//151
f 311//311 344//344 457//457
f 226//226 157//157 177//177
f 132//132 175//175 120//120
f 167//167 217//217 308//308
f 175//175 217//217 167//167
f 308//308 363//363 289//289
f 175//175 167//167 165//165
f 165//165 177//177 175//175
f 132//132 205//205 175//175
f 236//236 208//208 243//243
f 232//232 230//230 213//213
f 232//232 205//205 251//251
f 132//132 124//124 205//205
f 124//124 132//132 46//46
f 163//163 124//124 36//36
f 163//163 150//150 124//124
f 215//215 320//320 205//205
f 173//173 171//171 234//234
f 173//173 215//215 205//205
f 741//741 779//779 603//603
f 753//753 741//741 603//603
f 164//164 53//53 142//142
f 53//53 55//55 142//142
f 163//163 286//286 273//273
f 519//519 641//641 506//506
f 564//564 729//729 618//618
f 564//564 775//775 729//729
f 731//731 819//819 800//800
f 783//783 751//751 773//773
f 771//771 773//773 751//751
f 783//783 773//773 761//761
f 773//773 771//771 761//761
f 805//805 809//809 790//790
f 755//755 743//743 709//709
f 743//743 745//745 755//755
f 743//743 809//809 725//725
f 725//725 753//753 709//709
f 725//725 813//813 753//753
f 753//753 779//779 741//741
f 813//813 783//783 903//903
f 761//761 566//566 515//515
f 767//767 765//765 584//584
f 765//765 761//761 584//584
f 515//515 419//419 584//584
f 903//903 761//761 897//897
f 819//819 844//844 899//899
f 903//903 916//916 918//918
f 903//903 909//909 844//844
f 903//903 918//918 909//909
f 779//779 903//903 844//844
f 775//775 609//609 691//691
f 719//719 731//731 693//693
f 715//715 729//729 844//844
f 775//775 779//779 844//844
f 618//618 529//529 564//564
f 618//618 729//729 715//715
f 715//715 844//844 737//737
f 723//723 737//737 844//844
f 598//598 715//715 737//737
f 719//719 598//598 737//737
f 424//424 421//421 529//529
f 529//529 421//421 564//564
f 715//715 434//434 424//424
f 424//424 529//529 618//618
f 445//445 397//397 715//715
f 424//424 434//434 356//356
f 434//434 397//397 356//356
f 731//731 719//719 723//723
f 721//721 731//731 711//711
f 721//721 598//598 693//693
f 721//721 631//631 598//598
f 721//721 711//711 689//689
f 721//721 689//689 681//681
f 702//702 800//800 664//664
f 681//681 665//665 527//527
f 665//665 541//541 527//527
f 527//527 541//541 445//445
f 571//571 500//500 528//528
f 445//445 385//385 380//380
f 500//500 376//376 528//528
f 500//500 367//367 376//376
f 385//385 528//528 376//376
f 445//445 541//541 528//528
f 665//665 528//528 541//541
f 356//356 190//190 318//318
f 310//310 220//220 287//287
f 379//379 338//338 343//343
f 360//360 379//379 343//343
f 361//361 379//379 360//360
f 385//385 379//379 361//361
f 338//338 220//220 361//361
f 310//310 361//361 220//220
f 385//385 361//361 380//380
f 220//220 185//185 142//142
f 185//185 164//164 142//142
f 190//190 397//397 287//287
f 502//502 509//509 644//644
f 509//509 490//490 562//562
f 509//509 493//493 430//430
f 509//509 346//346 490//490
f 624//624 562//562 531//531
f 562//562 490//490 531//531
f 430//430 346//346 509//509
f 346//346 263//263 239//239
f 709//709 603//603 755//755
f 502//502 603//603 482//482
f 755//755 603//603 502//502
f 609//609 365//365 484//484
f 484//484 389//389 350//350
f 365//365 389//389 484//484
f 365//365 609//609 475//475
f 350//350 324//324 430//430
f 482//482 430//430 502//502
f 299//299 350//350 143//143
f 365//365 274//274 389//389
f 389//389 274//274 143//143
f 143//143 100//100 197//197
f 100//100 81//81 44//44
f 299//299 130//130 324//324
f 130//130 108//108 263//263
f 130//130 96//96 108//108
f 100//100 32//32 130//130
f 69//69 56//56 130//130
f 136//136 94//94 77//77
f 42//42 77//77 56//56
f 136//136 73//73 94//94
f 58//58 56//56 77//77
f 79//79 58//58 73//73
f 79//79 94//94 73//73
f 73//73 77//77 79//79
f 77//77 94//94 79//79
f 44//44 29//29 32//32
f 100//100 44//44 32//32
f 42//42 90//90 98//98
f 44//44 48//48 75//75
f 92//92 98//98 90//90
f 29//29 44//44 75//75
f 81//81 48//48 44//44
f 48//48 58//58 90//90
f 197//197 100//100 130//130
f 90//90 58//58 73//73
f 531//531 352//352 471//471
f 352//352 371//371 471//471
f 531//531 471//471 515//515
f 305//305 352//352 195//195
f 471//471 419//419 515//515
f 371//371 316//316 471//471
f 471//471 316//316 419//419
f 110//110 239//239 102//102
f 239//239 108//108 102//102
f 239//239 161//161 195//195
f 161//161 239//239 110//110
f 110//110 102//102 104//104
f 195//195 161//161 305//305
f 161//161 122//122 134//134
f 110//110 122//122 161//161
f 104//104 112//112 122//122
f 134//134 106//106 138//138
f 114//114 106//106 112//112
f 108//108 83//83 85//85
f 104//104 102//102 108//108
f 58//58 112//112 85//85
f 85//85 104//104 108//108
f 96//96 56//56 83//83
f 56//56 85//85 83//83
f 96//96 83//83 108//108
f 531//531 490//490 352//352
f 134//134 138//138 305//305
f 644//644 755//755 502//502
f 493//493 502//502 430//430
f 424//424 318//318 348//348
f 81//81 62//62 39//39
f 65//65 39//39 62//62
f 146//146 67//67 159//159
f 146//146 116//116 67//67
f 67//67 71//71 159//159
f 67//67 60//60 34//34
f 39//39 19//19 48//48
f 22//22 19//19 39//39
f 190//190 146//146 159//159
f 318//318 159//159 181//181
f 146//146 51//51 87//87
f 60//60 27//27 39//39
f 51//51 27//27 87//87
f 22//22 50//50 55//55
f 220//220 51//51 146//146
f 19//19 114//114 58//58
f 424//424 348//348 421//421
f 87//87 60//60 67//67
f 116//116 87//87 67//67
f 564//564 365//365 475//475
f 348//348 186//186 274//274
f 348//348 274//274 365//365
f 53//53 22//22 55//55
f 832//832 816//816 834//834
f 822//822 824//824 838//838
f 858//858 878//878 916//916
f 858//858 916//916 832//832
f 588//588 553//553 798//798
f 798//798 777//777 826//826
f 777//777 786//786 826//826
f 786//786 763//763 803//803
f 803//803 832//832 826//826
f 798//798 553//553 777//777
f 584//584 432//432 588//588
f 584//584 419//419 432//432
f 588//588 457//457 553//553
f 432//432 457//457 588//588
f 600//600 639//639 727//727
f 600//600 553//553 586//586
f 600//600 586//586 639//639
f 897//897 826//826 916//916
f 822//822 695//695 824//824
f 876//876 847//847 871//871
f 876//876 871//871 858//858
f 824//824 695//695 858//858
f 747//747 697//697 876//876
f 847//847 759//759 871//871
f 876//876 697//697 847//847
f 697//697 596//596 847//847
f 596//596 650//650 847//847
f 858//858 871//871 878//878
f 871//871 759//759 889//889
f 889//889 856//856 878//878
f 650//650 582//582 607//607
f 666//666 769//769 889//889
f 666//666 889//889 759//759
f 769//769 733//733 856//856
f 759//759 636//636 705//705
f 705//705 558//558 666//666
f 558//558 705//705 636//636
f 666//666 733//733 769//769
f 590//590 733//733 666//666
f 590//590 551//551 733//733
f 759//759 705//705 666//666
f 842//842 856//856 733//733
f 733//733 684//684 866//866
f 636//636 607//607 558//558
f 580//580 697//697 695//695
f 639//639 511//511 580//580
f 586//586 511//511 639//639
f 453//453 596//596 511//511
f 580//580 511//511 697//697
f 363//363 395//395 511//511
f 354//354 363//363 511//511
f 511//511 395//395 459//459
f 308//308 395//395 363//363
f 453//453 409//409 455//455
f 455//455 560//560 582//582
f 455//455 521//521 560//560
f 455//455 414//414 488//488
f 488//488 414//414 486//486
f 488//488 582//582 521//521
f 521//521 455//455 488//488
f 547//547 558//558 607//607
f 496//496 547//547 486//486
f 414//414 436//436 486//486
f 551//551 590//590 558//558
f 443//443 523//523 551//551
f 436//436 443//443 496//496
f 443//443 463//463 523//523
f 547//547 496//496 558//558
f 551//551 496//496 443//443
f 409//409 243//243 455//455
f 332//332 301//301 243//243
f 383//383 414//414 358//358
f 251//251 320//320 241//241
f 243//243 358//358 455//455
f 327//327 339//339 436//436
f 393//393 436//436 339//339
f 320//320 327//327 383//383
f 383//383 327//327 436//436
f 436//436 393//393 443//443
f 582//582 650//650 596//596
f 832//832 822//822 830//830
f 596//596 453//453 455//455
f 332//332 409//409 453//453
f 916//916 905//905 915//915
f 856//856 873//873 878//878
f 873//873 868//868 905//905
f 868//868 880//880 905//905
f 866//866 863//863 873//873
f 856//856 866//866 873//873
f 788//788 863//863 866//866
f 863//863 788//788 873//873
f 850//850 796//796 854//854
f 854//854 781//781 880//880
f 788//788 660//660 669//669
f 868//868 735//735 796//796
f 627//627 781//781 796//796
f 757//757 735//735 868//868
f 796//796 850//850 868//868
f 895//895 891//891 887//887
f 891//891 885//885 882//882
f 895//895 836//836 891//891
f 887//887 820//820 893//893
f 861//861 893//893 840//840
f 893//893 703//703 840//840
f 703//703 749//749 840//840
f 887//887 891//891 882//882
f 887//887 882//882 885//885
f 887//887 893//893 861//861
f 887//887 885//885 820//820
f 887//887 829//829 915//915
f 846//846 829//829 861//861
f 652//652 656//656 535//535
f 573//573 793//793 836//836
f 836//836 895//895 662//662
f 820//820 703//703 893//893
f 652//652 616//616 699//699
f 573//573 662//662 605//605
f 820//820 699//699 616//616
f 652//652 626//626 658//658
f 658//658 647//647 616//616
f 793//793 820//820 836//836
f 652//652 658//658 616//616
f 535//535 626//626 652//652
f 517//517 535//535 549//549
f 573//573 517//517 549//549
f 479//479 517//517 573//573
f 537//537 465//465 626//626
f 537//537 535//535 402//402
f 479//479 535//535 517//517
f 535//535 387//387 402//402
f 656//656 549//549 535//535
f 626//626 465//465 474//474
f 626//626 474//474 647//647
f 393//393 330//330 438//438
f 320//320 253//253 339//339
f 253//253 330//330 339//339
f 592//592 684//684 539//539
f 576//576 592//592 539//539
f 669//669 594//594 569//569
f 533//533 469//469 513//513
f 648//648 545//545 662//662
f 569//569 594//594 543//543
f 781//781 569//569 543//543
f 781//781 543//543 648//648
f 533//533 513//513 543//543
f 543//543 507//507 545//545
f 533//533 543//543 594//594
f 846//846 707//707 828//828
f 840//840 749//749 707//707
f 846//846 861//861 707//707
f 840//840 707//707 861//861
f 853//853 829//829 860//860
f 829//829 846//846 860//860
f 828//828 671//671 849//849
f 849//849 853//853 860//860
f 749//749 703//703 674//674
f 674//674 633//633 612//612
f 674//674 703//703 633//633
f 605//605 545//545 578//578
f 674//674 612//612 613//613
f 686//686 688//688 680//680
f 642//642 557//557 630//630
f 635//635 612//612 659//659
f 655//655 659//659 677//677
f 677//677 642//642 655//655
f 655//655 642//642 630//630
f 623//623 674//674 613//613
f 630//630 557//557 611//611
f 612//612 635//635 622//622
f 635//635 630//630 622//622
f 442//442 525//525 557//557
f 623//623 613//613 612//612
f 686//686 659//659 612//612
f 612//612 622//622 623//623
f 671//671 623//623 622//622
f 674//674 623//623 671//671
f 671//671 611//611 620//620
f 504//504 461//461 477//477
f 504//504 539//539 555//555
f 440//440 533//533 576//576
f 469//469 440//440 450//450
f 533//533 440//440 469//469
f 438//438 461//461 463//463
f 477//477 417//417 411//411
f 411//411 440//440 477//477
f 411//411 391//391 440//440
f 314//314 440//440 391//391
f 417//417 391//391 411//411
f 440//440 314//314 450//450
f 461//461 417//417 477//477
f 399//399 428//428 467//467
f 507//507 467//467 545//545
f 336//336 399//399 469//469
f 428//428 399//399 368//368
f 368//368 426//426 428//428
f 467//467 426//426 498//498
f 426//426 467//467 428//428
f 399//399 467//467 507//507
f 417//417 373//373 341//341
f 341//341 280//280 391//391
f 314//314 336//336 450//450
f 314//314 245//245 270//270
f 391//391 280//280 314//314
f 314//314 280//280 245//245
f 426//426 296//296 405//405
f 188//188 245//245 171//171
f 368//368 399//399 259//259
f 245//245 188//188 228//228
f 296//296 257//257 228//228
f 265//265 399//399 336//336
f 277//277 270//270 265//265
f 270//270 257//257 265//265
f 257//257 259//259 265//265
f 265//265 259//259 399//399
f 438//438 373//373 417//417
f 314//314 270//270 336//336
f 498//498 479//479 573//573
f 447//447 375//375 474//474
f 447//447 465//465 375//375
f 375//375 642//642 474//474
f 375//375 326//326 413//413
f 642//642 413//413 442//442
f 387//387 294//294 282//282
f 402//402 303//303 465//465
f 465//465 202//202 291//291
f 303//303 202//202 465//465
f 402//402 387//387 282//282
f 294//294 268//268 282//282
f 268//268 188//188 282//282
f 303//303 169//169 202//202
f 303//303 223//223 169//169
f 223//223 179//179 169//169
f 375//375 291//291 255//255
f 291//291 375//375 465//465
f 169//169 199//199 202//202
f 169//169 202//202 199//199
f 291//291 202//202 255//255
f 179//179 188//188 171//171
f 272//272 326//326 375//375
f 150//150 255//255 193//193
f 150//150 273//273 255//255
f 150//150 193//193 169//169
f 298//298 404//404 442//442
f 442//442 404//404 452//452
f 326//326 272//272 298//298
f 272//272 273//273 298//298
f 298//298 285//285 307//307
f 375//375 255//255 272//272
f 578//578 545//545 498//498
f 506//506 525//525 452//452
f 662//662 545//545 605//605
f 405//405 296//296 294//294
f 320//320 339//339 327//327
f 676//676 686//686 612//612
f 676//676 683//683 686//686
f 616//616 612//612 633//633
f 463//463 461//461 504//504
f 234//234 247//247 253//253
f 808//808 812//812 740//740
f 829//829 801//801 812//812
f 812//812 801//801 740//740
f 654//654 620//620 641//641
f 713//713 740//740 801//801
f 557//557 525//525 506//506
f 620//620 611//611 641//641
f 150//150 163//163 273//273
f 506//506 404//404 449//449
f 307//307 286//286 404//404
f 377//377 316//316 226//226
f 381//381 377//377 322//322
f 226//226 316//316 221//221
f 305//305 140//140 316//316
f 305//305 138//138 140//140
f 316//316 140//140 221//221
f 381//381 334//334 457//457
f 334//334 322//322 226//226
f 334//334 311//311 457//457
f 226//226 221//221 151//151
f 151//151 128//128 153//153
f 153//153 157//157 226//226
f 157//157 153//153 175//175
f 120//120 175//175 153//153
f 153//153 226//226 151//151
f 128//128 120//120 153//153
f 226//226 177//177 311//311
f 114//114 132//132 120//120
f 138//138 114//114 140//140
f 114//114 120//120 140//140
f 120//120 128//128 140//140
f 311//311 261//261 354//354
f 177//177 261//261 311//311
f 177//177 165//165 261//261
f 363//363 354//354 289//289
f 308//308 217//217 332//332
f 165//165 167//167 261//261
f 167//167 308//308 289//289
f 289//289 261//261 167//167
f 211//211 217//217 175//175
f 175//175 205//205 211//211
f 301//301 211//211 236//236
f 232//232 208//208 205//205
f 241//241 232//232 251//251
f 213//213 243//243 208//208
f 243//243 213//213 241//241
f 230//230 243//243 241//241
f 243//243 230//230 241//241
f 301//301 236//236 243//243
f 301//301 217//217 211//211
f 16//16 114//114 19//19
f 19//19 5//5 16//16
f 16//16 132//132 114//114
f 16//16 46//46 132//132
f 12//12 16//16 5//5
f 1//1 12//12 5//5
f 124//124 46//46 16//16
f 205//205 124//124 173//173
f 124//124 150//150 173//173
f 150//150 171//171 173//173
f 1//1 5//5 3//3
f 41//41 36//36 12//12
f 41//41 163//163 36//36
f 624//624 783//783 562//562
f 644//644 805//805 755//755
f 457//457 344//344 354//354
f 234//234 171//171 247//247
f 320//320 215//215 249//249
f 801//801 829//829 849//849
f 713//713 671//671 654//654
f 404//404 506//506 452//452
f 273//273 284//284 285//285
f 408//408 449//449 404//404
f 506//506 449//449 519//519
f 404//404 286//286 408//408
f 664//664 500//500 571//571
f 624//624 751//751 783//783
f 771//771 751//751 624//624
f 755//755 790//790 809//809
f 805//805 790//790 755//755
f 755//755 745//745 743//743
f 743//743 745//745 709//709
f 709//709 745//745 725//725
f 725//725 745//745 743//743
f 779//779 813//813 903//903
f 798//798 767//767 717//717
f 826//826 897//897 761//761
f 809//809 805//805 783//783
f 719//719 723//723 731//731
f 844//844 729//729 775//775
f 360//360 338//338 361//361
f 360//360 343//343 338//338
f 424//424 618//618 715//715
f 737//737 723//723 719//719
f 731//731 723//723 719//719
f 702//702 689//689 711//711
f 681//681 689//689 702//702
f 702//702 665//665 681//681
f 445//445 631//631 527//527
f 445//445 598//598 631//631
f 310//310 445//445 380//380
f 397//397 190//190 356//356
f 385//385 376//376 338//338
f 338//338 379//379 385//385
f 29//29 42//42 32//32
f 338//338 164//164 185//185
f 51//51 220//220 142//142
f 509//509 502//502 493//493
f 346//346 430//430 324//324
f 350//350 482//482 484//484
f 183//183 263//263 108//108
f 299//299 143//143 197//197
f 81//81 100//100 143//143
f 42//42 69//69 32//32
f 56//56 69//69 42//42
f 58//58 79//79 73//73
f 77//77 73//73 58//58
f 98//98 92//92 90//90
f 92//92 42//42 75//75
f 92//92 90//90 42//42
f 90//90 92//92 75//75
f 136//136 42//42 98//98
f 824//824 832//832 838//838
f 824//824 822//822 832//832
f 90//90 136//136 98//98
f 515//515 566//566 531//531
f 122//122 112//112 106//106
f 104//104 122//122 110//110
f 318//318 190//190 159//159
f 143//143 118//118 62//62
f 65//65 62//62 118//118
f 65//65 71//71 37//37
f 39//39 65//65 37//37
f 37//37 67//67 39//39
f 71//71 67//67 37//37
f 67//67 34//34 60//60
f 146//146 190//190 220//220
f 116//116 146//146 87//87
f 27//27 51//51 50//50
f 832//832 834//834 838//838
f 820//820 882//882 836//836
f 820//820 885//885 882//882
f 816//816 832//832 803//803
f 798//798 717//717 588//588
f 763//763 786//786 777//777
f 727//727 803//803 763//763
f 727//727 763//763 777//777
f 695//695 816//816 639//639
f 747//747 695//695 697//697
f 878//878 871//871 889//889
f 842//842 866//866 856//856
f 866//866 842//842 733//733
f 684//684 733//733 672//672
f 614//614 672//672 733//733
f 453//453 511//511 459//459
f 459//459 395//395 453//453
f 582//582 560//560 521//521
f 488//488 486//486 607//607
f 551//551 558//558 496//496
f 496//496 486//486 436//436
f 243//243 409//409 332//332
f 414//414 383//383 436//436
f 830//830 822//822 824//824
f 788//788 866//866 660//660
f 868//868 850//850 880//880
f 880//880 850//850 854//854
f 895//895 880//880 781//781
f 781//781 854//854 796//796
f 757//757 788//788 669//669
f 684//684 614//614 555//555
f 757//757 873//873 788//788
f 735//735 757//757 627//627
f 781//781 648//648 662//662
f 885//885 836//836 882//882
f 573//573 836//836 662//662
f 891//891 836//836 885//885
f 829//829 887//887 861//861
f 793//793 699//699 820//820
f 652//652 699//699 656//656
f 703//703 820//820 633//633
f 549//549 656//656 573//573
f 699//699 793//793 573//573
f 656//656 699//699 573//573
f 642//642 659//659 680//680
f 647//647 658//658 626//626
f 616//616 647//647 612//612
f 402//402 465//465 537//537
f 474//474 465//465 447//447
f 330//330 393//393 339//339
f 253//253 320//320 249//249
f 669//669 660//660 594//594
f 828//828 860//860 846//846
f 671//671 828//828 707//707
f 680//680 688//688 642//642
f 686//686 680//680 659//659
f 659//659 655//655 635//635
f 635//635 655//655 677//677
f 677//677 659//659 642//642
f 630//630 677//677 655//655
f 635//635 677//677 630//630
f 686//686 683//683 688//688
f 630//630 611//611 622//622
f 539//539 504//504 477//477
f 461//461 438//438 417//417
f 479//479 426//426 405//405
f 469//469 450//450 336//336
f 330//330 373//373 438//438
f 270//270 228//228 257//257
f 259//259 257//257 296//296
f 171//171 245//245 280//280
f 265//265 336//336 277//277
f 294//294 188//188 268//268
f 303//303 282//282 223//223
f 223//223 282//282 179//179
f 255//255 199//199 193//193
f 255//255 202//202 199//199
f 193//193 202//202 169//169
f 199//199 202//202 193//193
f 307//307 404//404 298//298
f 285//285 298//298 273//273
f 642//642 647//647 474//474
f 627//627 569//569 781//781
f 205//205 320//320 251//251
f 683//683 688//688 676//676
f 676//676 688//688 683//683
f 614//614 523//523 555//555
f 812//812 808//808 829//829
f 641//641 611//611 506//506
f 557//557 506//506 611//611
f 740//740 713//713 654//654
f 620//620 654//654 671//671
f 307//307 284//284 286//286
f 284//284 273//273 286//286
f 381//381 322//322 334//334
f 334//334 226//226 311//311
f 157//157 175//175 177//177
f 311//311 354//354 344//344
f 261//261 289//289 354//354
f 308//308 332//332 453//453
f 453//453 395//395 308//308
f 332//332 217//217 301//301
f 208//208 211//211 205//205
f 241//241 230//230 232//232
f 230//230 241//241 213//213
f 208//208 232//232 213//213
f 208//208 236//236 211//211
f 16//16 12//12 36//36
f 16//16 36//36 124//124
f 215//215 173//173 249//249
f 253//253 249//249 173//173
f 253//253 173//173 234//234
f 717//717 767//767 584//584
f 3//3 5//5 19//19
f 338//338 376//376 367//367
f 285//285 284//284 307//307
f 668//668 572//572 492//492
f 23//23 2//2 4//4
f 362//362 267//267 156//156
f 4//4 11//11 13//13
f 31//31 126//126 145//145
f 795//795 679//679 668//668
f 572//572 501//501 492//492
f 54//54 52//52 23//23
f 923//923 911//911 907//907
f 495//495 602//602 643//643
f 643//643 687//687 739//739
f 207//207 276//276 279//279
f 156//156 89//89 54//54
f 407//407 423//423 495//495
f 901//901 807//807 795//795
f 155//155 156//156 201//201
f 7//7 4//4 2//2
f 2//2 23//23 8//8
f 267//267 362//362 329//329
f 923//923 870//870 884//884
f 629//629 643//643 621//621
f 11//11 4//4 9//9
f 207//207 145//145 148//148
f 31//31 13//13 21//21
f 126//126 31//31 31//31
f 572//572 668//668 638//638
f 901//901 910//910 908//908
f 910//910 907//907 912//912
f 679//679 795//795 785//785
f 501//501 572//572 568//568
f 362//362 492//492 401//401
f 18//18 23//23 24//24
f 911//911 923//923 922//922
f 870//870 739//739 815//815
f 811//811 739//739 714//714
f 602//602 495//495 542//542
f 687//687 643//643 646//646
f 407//407 279//279 313//313
f 276//276 207//207 238//238
f 520//520 495//495 473//473
f 89//89 156//156 127//127
f 423//423 407//407 416//416
f 807//807 901//901 900//900
f 901//901 902//902 900//900
f 795//795 802//802 792//792
f 572//572 575//575 568//568
f 23//23 15//15 14//14
f 23//23 14//14 8//8
f 870//870 875//875 884//884
f 870//870 865//865 875//875
f 870//870 852//852 865//865
f 739//739 687//687 701//701
f 495//495 520//520 526//526
f 407//407 386//386 416//416
f 279//279 293//293 313//313
f 362//362 370//370 329//329
f 156//156 267//267 201//201
f 54//54 89//89 64//64
f 795//795 807//807 802//802
f 910//910 914//914 913//913
f 910//910 913//913 908//908
f 668//668 678//678 638//638
f 795//795 792//792 785//785
f 492//492 501//501 481//481
f 156//156 155//155 149//149
f 23//23 25//25 24//24
f 23//23 26//26 25//25
f 23//23 18//18 15//15
f 923//923 920//920 922//922
f 207//207 192//192 204//204
f 207//207 204//204 210//210
f 207//207 225//225 238//238
f 207//207 210//210 219//219
f 739//739 811//811 818//818
f 643//643 629//629 646//646
f 739//739 701//701 714//714
f 13//13 10//10 21//21
f 4//4 7//7 9//9
f 156//156 149//149 127//127
f 207//207 219//219 225//225
f 739//739 818//818 815//815
f 643//643 602//602 621//621
f 495//495 526//526 542//542
f 495//495 423//423 473//473
