# convertido de flygym/NeuroMechFly (c_abdomen3)
v -0.25947 0.00000 0.21630
v -0.25944 0.00000 0.23025
v -0.25911 0.00000 0.21855
v -0.25792 0.00000 0.20299
v -0.25367 0.00000 0.07854
v -0.25166 0.00000 0.04174
v -0.25147 0.00000 0.26904
v -0.25142 0.00000 0.29286
v -0.25139 0.00000 0.04576
v -0.25086 0.00000 0.03346
v -0.25074 0.00000 0.28871
v -0.25025 0.00000 0.02354
v -0.24997 0.00000 0.28568
v -0.24923 0.00000 0.28671
v -0.24880 0.00000 0.28647
v -0.24732 0.00000 -0.08408
v -0.24687 0.00000 -0.08830
v -0.24685 0.00000 -0.08271
v -0.24572 0.00000 0.28752
v -0.24365 -0.14663 0.25596
v -0.24365 0.14663 0.25596
v -0.24239 -0.14733 0.28188
v -0.24239 0.14733 0.28188
v -0.24227 -0.13947 0.28024
v -0.24227 0.13947 0.28024
v -0.24141 -0.14495 0.28200
v -0.24141 0.14495 0.28200
v -0.23957 -0.25079 0.23776
v -0.23957 0.25079 0.23776
v -0.23955 -0.16761 -0.04616
v -0.23955 0.16761 -0.04616
v -0.23943 -0.23916 0.24562
v -0.23943 0.23916 0.24562
v -0.23874 -0.25121 0.23629
v -0.23874 0.25121 0.23629
v -0.23869 -0.21711 0.26602
v -0.23869 0.21711 0.26602
v -0.23810 -0.26238 0.23367
v -0.23810 0.26238 0.23367
v -0.23729 -0.25864 0.21954
v -0.23729 0.25864 0.21954
v -0.23512 0.00000 -0.18892
v -0.23469 -0.15655 0.28681
v -0.23469 0.15655 0.28681
v -0.23461 0.00000 -0.19910
v -0.23394 0.00000 -0.20595
v -0.22989 0.00000 0.29735
v -0.22987 0.00000 0.29160
v -0.22691 -0.36798 -0.02608
v -0.22691 0.36798 -0.02608
v -0.22480 0.00000 -0.26229
v -0.22204 -0.35202 -0.12098
v -0.22204 0.35202 -0.12098
v -0.22068 -0.32303 0.21459
v -0.22068 0.32303 0.21459
v -0.21721 -0.10694 0.30786
v -0.21721 0.10694 0.30786
v -0.21620 -0.15821 -0.19091
v -0.21620 0.15821 -0.19091
v -0.21532 0.00000 -0.30357
v -0.21382 -0.41248 -0.02509
v -0.21382 0.41248 -0.02509
v -0.21138 -0.32333 0.23031
v -0.21138 0.32333 0.23031
v -0.21041 0.00000 -0.32747
v -0.20990 0.00000 -0.32873
v -0.20713 0.00000 0.29874
v -0.20699 -0.30921 0.23844
v -0.20699 0.30921 0.23844
v -0.20655 0.00000 -0.34013
v -0.20386 -0.39939 -0.16214
v -0.20386 0.39939 -0.16214
v -0.20193 0.00000 0.30455
v -0.19706 -0.43057 -0.19273
v -0.19706 0.43057 -0.19273
v -0.19570 -0.45370 -0.17940
v -0.19570 0.45370 -0.17940
v -0.19563 -0.41889 0.11946
v -0.19563 0.41889 0.11946
v -0.19509 -0.43551 0.13135
v -0.19509 0.43551 0.13135
v -0.19410 -0.24324 0.28058
v -0.19410 0.24324 0.28058
v -0.19283 -0.44846 0.12043
v -0.19283 0.44846 0.12043
v -0.19217 -0.48621 -0.00362
v -0.19217 0.48621 -0.00362
v -0.19144 -0.47368 -0.13199
v -0.19144 0.47368 -0.13199
v -0.19137 -0.37903 0.19417
v -0.19137 0.37903 0.19417
v -0.19123 -0.28031 0.27323
v -0.19123 0.28031 0.27323
v -0.19046 -0.41450 -0.21384
v -0.19046 0.41450 -0.21384
v -0.19022 -0.12773 -0.38534
v -0.19022 0.12773 -0.38534
v -0.19001 -0.41439 0.15734
v -0.19001 0.41439 0.15734
v -0.18999 -0.42397 -0.20504
v -0.18999 0.42397 -0.20504
v -0.18988 -0.42508 -0.20538
v -0.18988 0.42508 -0.20538
v -0.18959 -0.48846 0.03713
v -0.18959 0.48846 0.03713
v -0.18934 -0.48431 -0.09312
v -0.18934 0.48431 -0.09312
v -0.18911 -0.49010 -0.01594
v -0.18911 0.49010 -0.01594
v -0.18900 -0.46986 0.09805
v -0.18900 0.46986 0.09805
v -0.18768 -0.14935 -0.38627
v -0.18768 0.14935 -0.38627
v -0.18594 -0.47548 0.05967
v -0.18594 0.47548 0.05967
v -0.18582 0.00000 -0.40831
v -0.18541 -0.21173 -0.35013
v -0.18541 0.21173 -0.35013
v -0.18476 -0.19966 -0.37414
v -0.18476 0.19966 -0.37414
v -0.18367 -0.43018 0.14545
v -0.18367 0.43018 0.14545
v -0.18364 -0.42254 -0.21696
v -0.18364 0.42254 -0.21696
v -0.18284 0.00000 0.31977
v -0.18274 -0.45244 -0.19899
v -0.18274 0.45244 -0.19899
v -0.18249 -0.20428 -0.34855
v -0.18249 0.20428 -0.34855
v -0.18104 -0.13228 -0.38961
v -0.18104 0.13228 -0.38961
v -0.18067 -0.18893 0.32145
v -0.18067 0.18893 0.32145
v -0.18050 -0.48319 0.08904
v -0.18050 0.48319 0.08904
v -0.17993 -0.26148 0.28334
v -0.17993 0.26148 0.28334
v -0.17977 -0.10127 -0.40143
v -0.17977 0.10127 -0.40143
v -0.17926 0.00000 -0.42836
v -0.17919 0.00000 -0.43195
v -0.17797 0.00000 -0.43437
v -0.17773 0.00000 -0.42389
v -0.17711 0.00000 0.31795
v -0.17680 0.00000 -0.43980
v -0.17676 -0.49014 -0.04441
v -0.17676 0.49014 -0.04441
v -0.17648 -0.20764 0.30963
v -0.17648 0.20764 0.30963
v -0.17608 -0.26898 -0.30472
v -0.17608 0.26898 -0.30472
v -0.17588 0.00000 -0.44058
v -0.17458 -0.20203 -0.38572
v -0.17458 0.20203 -0.38572
v -0.17450 -0.33246 -0.28996
v -0.17450 0.33246 -0.28996
v -0.17446 -0.35700 0.22018
v -0.17446 0.35700 0.22018
v -0.17419 -0.38817 -0.26554
v -0.17419 0.38817 -0.26554
v -0.17383 -0.24725 -0.33420
v -0.17383 0.24725 -0.33420
v -0.17376 -0.27777 -0.33977
v -0.17376 0.27777 -0.33977
v -0.17306 0.00000 -0.43747
v -0.17112 -0.35869 -0.28191
v -0.17112 0.35869 -0.28191
v -0.17040 0.00000 0.31853
v -0.16875 0.00000 -0.43574
v -0.16850 -0.31249 -0.32785
v -0.16850 0.31249 -0.32785
v -0.16845 -0.47080 -0.14200
v -0.16845 0.47080 -0.14200
v -0.16697 -0.42643 -0.23501
v -0.16697 0.42643 -0.23501
v -0.16693 -0.31527 -0.32433
v -0.16693 0.31527 -0.32433
v -0.16670 -0.31084 -0.32156
v -0.16670 0.31084 -0.32156
v -0.16641 -0.33728 0.24874
v -0.16641 0.33728 0.24874
v -0.16608 0.00000 0.32165
v -0.16598 -0.27978 -0.34404
v -0.16598 0.27978 -0.34404
v -0.16592 -0.31808 -0.32046
v -0.16592 0.31808 -0.32046
v -0.16565 -0.31060 -0.32692
v -0.16565 0.31060 -0.32692
v -0.16410 -0.31816 -0.31993
v -0.16410 0.31816 -0.31993
v -0.16407 -0.31561 -0.32049
v -0.16407 0.31561 -0.32049
v -0.16370 -0.16481 0.32177
v -0.16370 0.16481 0.32177
v -0.16333 -0.23480 -0.34541
v -0.16333 0.23480 -0.34541
v -0.16280 -0.30008 -0.33414
v -0.16280 0.30008 -0.33414
v -0.16275 -0.25616 -0.34003
v -0.16275 0.25616 -0.34003
v -0.16250 -0.40789 -0.25056
v -0.16250 0.40789 -0.25056
v -0.16200 -0.32198 -0.31539
v -0.16200 0.32198 -0.31539
v -0.16194 0.00000 0.33023
v -0.16141 -0.22471 -0.37176
v -0.16141 0.22471 -0.37176
v -0.16128 -0.44881 -0.21064
v -0.16128 0.44881 -0.21064
v -0.16076 -0.10423 0.32138
v -0.16076 0.10423 0.32138
v -0.15768 -0.10579 -0.40501
v -0.15768 0.10579 -0.40501
v -0.15752 -0.37545 0.20809
v -0.15752 0.37545 0.20809
v -0.15662 0.00000 0.32258
v -0.15313 0.00000 -0.42202
v -0.14898 -0.14925 -0.41229
v -0.14898 0.14925 -0.41229
v -0.14876 -0.33478 -0.29225
v -0.14876 0.33478 -0.29225
v -0.14480 0.00000 -0.39373
v -0.14470 -0.36502 0.20741
v -0.14470 0.36502 0.20741
v -0.14390 0.00000 -0.41377
v -0.14374 -0.45137 -0.18269
v -0.14374 0.45137 -0.18269
v -0.14371 -0.47623 0.09857
v -0.14371 0.47623 0.09857
v -0.14363 -0.29888 -0.32770
v -0.14363 0.29888 -0.32770
v -0.14327 -0.43330 -0.22413
v -0.14327 0.43330 -0.22413
v -0.14277 -0.34032 0.24016
v -0.14277 0.34032 0.24016
v -0.14274 -0.32730 0.26587
v -0.14274 0.32730 0.26587
v -0.14138 -0.22981 -0.37532
v -0.14138 0.22981 -0.37532
v -0.13817 0.00000 -0.40984
v -0.13793 -0.37579 0.20351
v -0.13793 0.37579 0.20351
v -0.13735 -0.37221 -0.27800
v -0.13735 0.37221 -0.27800
v -0.13569 -0.35193 0.23955
v -0.13569 0.35193 0.23955
v -0.13551 -0.15687 -0.39902
v -0.13551 0.15687 -0.39902
v -0.13134 0.00000 -0.40450
v -0.13109 -0.19292 0.31741
v -0.13109 0.19292 0.31741
v -0.13019 0.00000 -0.40425
v -0.12790 -0.25946 0.28729
v -0.12790 0.25946 0.28729
v -0.12724 -0.41961 -0.22331
v -0.12724 0.41961 -0.22331
v -0.12708 -0.39934 -0.25819
v -0.12708 0.39934 -0.25819
v -0.12578 0.00000 0.32935
v -0.12440 -0.35090 -0.28823
v -0.12440 0.35090 -0.28823
v -0.12415 0.00000 0.33184
v -0.12349 -0.45308 0.12673
v -0.12349 0.45308 0.12673
v -0.12171 -0.10042 -0.37489
v -0.12171 0.10042 -0.37489
v -0.12149 -0.40283 0.16930
v -0.12149 0.40283 0.16930
v -0.12112 -0.45915 -0.15021
v -0.12112 0.45915 -0.15021
v -0.12081 -0.30999 0.28387
v -0.12081 0.30999 0.28387
v -0.11985 -0.47975 -0.06383
v -0.11985 0.47975 -0.06383
v -0.11823 -0.10539 -0.39566
v -0.11823 0.10539 -0.39566
v -0.11664 -0.30013 -0.31767
v -0.11664 0.30013 -0.31767
v -0.11635 -0.17718 -0.37868
v -0.11635 0.17718 -0.37868
v -0.11630 0.00000 0.33516
v -0.11408 -0.39854 -0.23819
v -0.11408 0.39854 -0.23819
v -0.11392 -0.37030 0.20430
v -0.11392 0.37030 0.20430
v -0.11124 -0.21278 -0.37711
v -0.11124 0.21278 -0.37711
v -0.10812 -0.40360 -0.21230
v -0.10812 0.40360 -0.21230
v -0.10531 -0.34993 0.25800
v -0.10531 0.34993 0.25800
v -0.10510 -0.25995 -0.35599
v -0.10510 0.25995 -0.35599
v -0.10058 -0.24702 -0.37000
v -0.10058 0.24702 -0.37000
v -0.09892 -0.48573 0.05291
v -0.09892 0.48573 0.05291
v -0.09833 0.00000 -0.37955
v -0.09808 -0.41262 -0.20932
v -0.09808 0.41262 -0.20932
v -0.09680 -0.22952 -0.37638
v -0.09680 0.22952 -0.37638
v -0.09599 0.00000 0.33699
v -0.09522 -0.47275 -0.09767
v -0.09522 0.47275 -0.09767
v -0.09504 -0.38055 0.20526
v -0.09504 0.38055 0.20526
v -0.09335 -0.11695 0.33362
v -0.09335 0.11695 0.33362
v -0.09227 -0.38992 0.20288
v -0.09227 0.38992 0.20288
v -0.09204 -0.38616 0.20479
v -0.09204 0.38616 0.20479
v -0.09096 -0.38567 0.20678
v -0.09096 0.38567 0.20678
v -0.08919 -0.31603 -0.30681
v -0.08919 0.31603 -0.30681
v -0.08732 -0.10529 -0.34608
v -0.08732 0.10529 -0.34608
v -0.08591 0.00000 -0.36843
v -0.08584 0.00000 -0.36874
v -0.08577 -0.38928 0.20498
v -0.08577 0.38928 0.20498
v -0.08526 0.00000 -0.36914
v -0.08515 0.00000 -0.36873
v -0.08407 -0.38418 0.20218
v -0.08407 0.38418 0.20218
v -0.08335 0.00000 0.33921
v -0.08282 -0.28719 -0.32175
v -0.08282 0.28719 -0.32175
v -0.08261 -0.12176 -0.39164
v -0.08261 0.12176 -0.39164
v -0.08184 -0.47877 -0.00262
v -0.08184 0.47877 -0.00262
v -0.08178 0.00000 -0.35673
v -0.08172 -0.11385 -0.38668
v -0.08172 0.11385 -0.38668
v -0.08155 -0.39337 0.20469
v -0.08155 0.39337 0.20469
v -0.08044 -0.39060 0.20645
v -0.08044 0.39060 0.20645
v -0.08025 -0.19340 -0.36425
v -0.08025 0.19340 -0.36425
v -0.07980 -0.14219 0.33095
v -0.07980 0.14219 0.33095
v -0.07975 -0.47205 -0.09784
v -0.07975 0.47205 -0.09784
v -0.07897 0.00000 0.33660
v -0.07847 -0.28528 -0.33056
v -0.07847 0.28528 -0.33056
v -0.07831 -0.32593 0.26793
v -0.07831 0.32593 0.26793
v -0.07782 -0.35625 0.24572
v -0.07782 0.35625 0.24572
v -0.07693 -0.22232 0.29954
v -0.07693 0.22232 0.29954
v -0.07589 -0.36751 0.22688
v -0.07589 0.36751 0.22688
v -0.07576 -0.39594 0.20513
v -0.07576 0.39594 0.20513
v -0.07489 0.00000 -0.35325
v -0.07385 -0.38726 0.20970
v -0.07385 0.38726 0.20970
v -0.06979 -0.37541 -0.26607
v -0.06979 0.37541 -0.26607
v -0.06974 0.00000 -0.37427
v -0.06898 -0.10351 -0.33152
v -0.06898 0.10351 -0.33152
v -0.06898 -0.21275 -0.35229
v -0.06898 0.21275 -0.35229
v -0.06526 -0.39006 0.21660
v -0.06526 0.39006 0.21660
v -0.06479 -0.40756 -0.21268
v -0.06479 0.40756 -0.21268
v -0.06448 -0.42604 0.16362
v -0.06448 0.42604 0.16362
v -0.06392 -0.43889 -0.17869
v -0.06392 0.43889 -0.17869
v -0.06378 -0.24623 -0.37021
v -0.06378 0.24623 -0.37021
v -0.06255 0.00000 -0.35110
v -0.06098 -0.18034 -0.37647
v -0.06098 0.18034 -0.37647
v -0.05930 0.00000 -0.37801
v -0.05929 0.00000 -0.35436
v -0.05864 0.00000 -0.35571
v -0.05829 0.00000 -0.37795
v -0.05733 -0.39049 -0.22324
v -0.05733 0.39049 -0.22324
v -0.05694 -0.32806 -0.29965
v -0.05694 0.32806 -0.29965
v -0.05579 0.00000 -0.37326
v -0.05522 -0.28240 0.27246
v -0.05522 0.28240 0.27246
v -0.05465 -0.39919 0.20490
v -0.05465 0.39919 0.20490
v -0.05418 -0.16730 0.31263
v -0.05418 0.16730 0.31263
v -0.05335 -0.12445 -0.37821
v -0.05335 0.12445 -0.37821
v -0.05334 -0.47926 0.04759
v -0.05334 0.47926 0.04759
v -0.05228 0.00000 0.32829
v -0.05159 0.00000 -0.35529
v -0.04936 -0.35590 -0.29140
v -0.04936 0.35590 -0.29140
v -0.04805 -0.41452 -0.21178
v -0.04805 0.41452 -0.21178
v -0.04743 0.00000 -0.33198
v -0.04666 0.00000 -0.37660
v -0.04485 -0.37824 -0.23995
v -0.04485 0.37824 -0.23995
v -0.04384 0.00000 -0.36073
v -0.04351 -0.32068 -0.30338
v -0.04351 0.32068 -0.30338
v -0.04312 -0.45376 -0.14136
v -0.04312 0.45376 -0.14136
v -0.04184 -0.41538 0.18119
v -0.04184 0.41538 0.18119
v -0.04166 -0.29374 -0.31959
v -0.04166 0.29374 -0.31959
v -0.04138 -0.33387 0.25899
v -0.04138 0.33387 0.25899
v -0.04131 -0.38316 -0.22674
v -0.04131 0.38316 -0.22674
v -0.03894 -0.11758 -0.33719
v -0.03894 0.11758 -0.33719
v -0.03726 -0.22466 -0.35167
v -0.03726 0.22466 -0.35167
v -0.03548 -0.10663 -0.32371
v -0.03548 0.10663 -0.32371
v -0.03223 0.00000 -0.37984
v -0.03214 -0.47524 0.07858
v -0.03214 0.47524 0.07858
v -0.03122 -0.13674 -0.35226
v -0.03122 0.13674 -0.35226
v -0.02918 -0.38551 0.23162
v -0.02918 0.38551 0.23162
v -0.02821 -0.24226 -0.35326
v -0.02821 0.24226 -0.35326
v -0.02773 0.00000 -0.34662
v -0.02772 -0.41546 0.17682
v -0.02772 0.41546 0.17682
v -0.02716 -0.35976 -0.26586
v -0.02716 0.35976 -0.26586
v -0.02671 -0.11472 -0.34365
v -0.02671 0.11472 -0.34365
v -0.02583 -0.38832 -0.23665
v -0.02583 0.38832 -0.23665
v -0.02548 -0.37140 -0.24413
v -0.02548 0.37140 -0.24413
v -0.02375 -0.26730 -0.35389
v -0.02375 0.26730 -0.35389
v -0.02085 -0.35589 -0.27798
v -0.02085 0.35589 -0.27798
v -0.02082 -0.40249 0.21360
v -0.02082 0.40249 0.21360
v -0.02040 -0.15229 -0.37650
v -0.02040 0.15229 -0.37650
v -0.02028 0.00000 0.31919
v -0.01998 0.00000 0.32071
v -0.01917 0.00000 0.31469
v -0.01860 0.00000 0.31759
v -0.01779 0.00000 0.31599
v -0.01752 -0.45760 -0.08308
v -0.01752 0.45760 -0.08308
v -0.01747 -0.19626 -0.35005
v -0.01747 0.19626 -0.35005
v -0.01496 0.00000 0.31020
v -0.01471 -0.18695 -0.38679
v -0.01471 0.18695 -0.38679
v -0.01457 0.00000 0.30903
v -0.01417 -0.40663 0.18711
v -0.01417 0.40663 0.18711
v -0.01358 0.00000 -0.36924
v -0.01296 -0.29876 0.26193
v -0.01296 0.29876 0.26193
v -0.01293 -0.41442 0.18541
v -0.01293 0.41442 0.18541
v -0.01047 -0.40916 0.18358
v -0.01047 0.40916 0.18358
v -0.01013 0.00000 0.30507
v -0.00963 -0.44552 0.14555
v -0.00963 0.44552 0.14555
v -0.00957 -0.40771 0.18345
v -0.00957 0.40771 0.18345
v -0.00934 -0.39917 0.20259
v -0.00934 0.39917 0.20259
v -0.00718 0.00000 -0.38478
v -0.00659 -0.40772 0.18189
v -0.00659 0.40772 0.18189
v -0.00487 -0.46803 0.01811
v -0.00487 0.46803 0.01811
v -0.00250 -0.31487 -0.29817
v -0.00250 0.31487 -0.29817
v -0.00222 -0.45023 0.13816
v -0.00222 0.45023 0.13816
v -0.00211 -0.40736 0.17387
v -0.00211 0.40736 0.17387
v -0.00147 -0.44914 0.13565
v -0.00147 0.44914 0.13565
v -0.00120 0.00000 0.29936
v -0.00102 -0.40044 0.17827
v -0.00102 0.40044 0.17827
v -0.00013 -0.46167 0.13038
v -0.00013 0.46167 0.13038
v 0.00066 -0.18443 0.29581
v 0.00066 0.18443 0.29581
v 0.00080 -0.34366 -0.24363
v 0.00080 0.34366 -0.24363
v 0.00098 -0.19448 -0.37779
v 0.00098 0.19448 -0.37779
v 0.00170 -0.41994 -0.18462
v 0.00170 0.41994 -0.18462
v 0.00181 -0.20799 -0.32783
v 0.00181 0.20799 -0.32783
v 0.00248 -0.17216 -0.39202
v 0.00248 0.17216 -0.39202
v 0.00416 -0.28553 -0.32036
v 0.00416 0.28553 -0.32036
v 0.00498 -0.44250 0.14820
v 0.00498 0.44250 0.14820
v 0.00535 -0.40748 0.18555
v 0.00535 0.40748 0.18555
v 0.00543 -0.40642 0.18994
v 0.00543 0.40642 0.18994
v 0.00737 -0.45864 -0.05320
v 0.00737 0.45864 -0.05320
v 0.00750 -0.46631 0.07181
v 0.00750 0.46631 0.07181
v 0.00751 -0.40439 0.18886
v 0.00751 0.40439 0.18886
v 0.00816 0.00000 -0.36450
v 0.00839 -0.45152 0.09241
v 0.00839 0.45152 0.09241
v 0.00974 -0.30356 -0.30980
v 0.00974 0.30356 -0.30980
v 0.01010 -0.24188 -0.31743
v 0.01010 0.24188 -0.31743
v 0.01094 -0.45448 0.09953
v 0.01094 0.45448 0.09953
v 0.01135 -0.39573 0.18555
v 0.01135 0.39573 0.18555
v 0.01223 -0.12962 -0.38724
v 0.01223 0.12962 -0.38724
v 0.01224 -0.40354 0.18306
v 0.01224 0.40354 0.18306
v 0.01263 -0.31844 0.24033
v 0.01263 0.31844 0.24033
v 0.01290 0.00000 -0.37382
v 0.01421 -0.34081 0.24128
v 0.01421 0.34081 0.24128
v 0.01474 -0.35315 0.23347
v 0.01474 0.35315 0.23347
v 0.01518 -0.44899 0.08145
v 0.01518 0.44899 0.08145
v 0.01618 -0.45652 0.10714
v 0.01618 0.45652 0.10714
v 0.01655 0.00000 -0.39272
v 0.01661 -0.44868 0.14283
v 0.01661 0.44868 0.14283
v 0.01678 -0.33710 -0.26062
v 0.01678 0.33710 -0.26062
v 0.01704 -0.21693 0.27019
v 0.01704 0.21693 0.27019
v 0.01859 -0.38317 0.20625
v 0.01859 0.38317 0.20625
v 0.01981 -0.25070 0.25923
v 0.01981 0.25070 0.25923
v 0.02015 -0.44988 0.08779
v 0.02015 0.44988 0.08779
v 0.02070 -0.38155 0.21289
v 0.02070 0.38155 0.21289
v 0.02143 -0.45124 0.09597
v 0.02143 0.45124 0.09597
v 0.02235 -0.45552 0.10953
v 0.02235 0.45552 0.10953
v 0.02275 -0.45293 0.09219
v 0.02275 0.45293 0.09219
v 0.02309 -0.31689 -0.28437
v 0.02309 0.31689 -0.28437
v 0.02345 0.00000 -0.39133
v 0.02364 0.00000 -0.39407
v 0.02409 -0.41038 0.18346
v 0.02409 0.41038 0.18346
v 0.02461 -0.45845 0.12583
v 0.02461 0.45845 0.12583
v 0.02505 -0.45507 0.11621
v 0.02505 0.45507 0.11621
v 0.02561 -0.26723 -0.28638
v 0.02561 0.26723 -0.28638
v 0.02614 -0.44002 0.13553
v 0.02614 0.44002 0.13553
v 0.02668 -0.46712 0.11820
v 0.02668 0.46712 0.11820
v 0.02671 -0.45709 0.12028
v 0.02671 0.45709 0.12028
v 0.02709 -0.44345 0.08193
v 0.02709 0.44345 0.08193
v 0.02715 -0.45509 0.10268
v 0.02715 0.45509 0.10268
v 0.02715 -0.38134 0.19909
v 0.02715 0.38134 0.19909
v 0.02755 -0.45360 0.12253
v 0.02755 0.45360 0.12253
v 0.02773 -0.45415 0.10030
v 0.02773 0.45415 0.10030
v 0.02776 0.00000 0.24732
v 0.02795 -0.43155 0.14032
v 0.02795 0.43155 0.14032
v 0.02809 -0.43515 0.13639
v 0.02809 0.43515 0.13639
v 0.02927 -0.44661 0.13519
v 0.02927 0.44661 0.13519
v 0.02999 -0.45156 0.11065
v 0.02999 0.45156 0.11065
v 0.03007 -0.39941 0.18317
v 0.03007 0.39941 0.18317
v 0.03069 0.00000 -0.39260
v 0.03154 -0.45626 0.11380
v 0.03154 0.45626 0.11380
v 0.03175 -0.43709 0.13517
v 0.03175 0.43709 0.13517
v 0.03228 -0.44721 0.07933
v 0.03228 0.44721 0.07933
v 0.03305 -0.40080 0.17868
v 0.03305 0.40080 0.17868
v 0.03313 -0.45437 0.13009
v 0.03313 0.45437 0.13009
v 0.03385 -0.39173 0.18423
v 0.03385 0.39173 0.18423
v 0.03456 -0.10268 0.25408
v 0.03456 0.10268 0.25408
v 0.03517 -0.44321 0.12799
v 0.03517 0.44321 0.12799
v 0.03573 -0.45384 0.12193
v 0.03573 0.45384 0.12193
v 0.03626 -0.44719 0.10045
v 0.03626 0.44719 0.10045
v 0.03692 -0.44249 0.12573
v 0.03692 0.44249 0.12573
v 0.03747 0.00000 0.23213
v 0.03783 -0.43199 0.13194
v 0.03783 0.43199 0.13194
v 0.03791 0.00000 0.23279
v 0.03800 -0.25974 -0.28438
v 0.03800 0.25974 -0.28438
v 0.03819 -0.44076 0.12408
v 0.03819 0.44076 0.12408
v 0.03819 -0.44411 0.08278
v 0.03819 0.44411 0.08278
v 0.03851 -0.42014 0.14233
v 0.03851 0.42014 0.14233
v 0.03875 -0.45476 0.11645
v 0.03875 0.45476 0.11645
v 0.03905 -0.44926 0.08604
v 0.03905 0.44926 0.08604
v 0.03916 -0.45198 0.11466
v 0.03916 0.45198 0.11466
v 0.03921 -0.41876 0.14180
v 0.03921 0.41876 0.14180
v 0.03950 -0.44272 0.12184
v 0.03950 0.44272 0.12184
v 0.03955 -0.45713 0.11446
v 0.03955 0.45713 0.11446
v 0.04000 -0.44170 0.12374
v 0.04000 0.44170 0.12374
v 0.04019 -0.44427 0.08379
v 0.04019 0.44427 0.08379
v 0.04047 -0.42928 0.12990
v 0.04047 0.42928 0.12990
v 0.04049 -0.44574 0.08563
v 0.04049 0.44574 0.08563
v 0.04060 -0.41933 0.13656
v 0.04060 0.41933 0.13656
v 0.04206 -0.43554 0.12142
v 0.04206 0.43554 0.12142
v 0.04256 -0.43348 0.13278
v 0.04256 0.43348 0.13278
v 0.04305 -0.43111 0.13128
v 0.04305 0.43111 0.13128
v 0.04305 -0.43095 0.12651
v 0.04305 0.43095 0.12651
v 0.04330 -0.43201 0.12242
v 0.04330 0.43201 0.12242
v 0.04350 -0.44101 0.11673
v 0.04350 0.44101 0.11673
v 0.04422 -0.42649 0.12402
v 0.04422 0.42649 0.12402
v 0.04425 -0.43263 0.11927
v 0.04425 0.43263 0.11927
v 0.04571 -0.43217 0.11502
v 0.04571 0.43217 0.11502
v 0.04680 -0.42982 0.12201
v 0.04680 0.42982 0.12201
v 0.04689 -0.42888 0.12089
v 0.04689 0.42888 0.12089
v 0.04737 -0.42340 -0.13687
v 0.04737 0.42340 -0.13687
v 0.04738 -0.43610 0.11110
v 0.04738 0.43610 0.11110
v 0.04804 0.00000 0.21305
v 0.04864 -0.37158 -0.22012
v 0.04864 0.37158 -0.22012
v 0.04963 -0.43661 0.10951
v 0.04963 0.43661 0.10951
v 0.04963 -0.30352 -0.24876
v 0.04963 0.30352 -0.24876
v 0.04986 -0.42495 -0.13490
v 0.04986 0.42495 -0.13490
v 0.05009 -0.41253 -0.15024
v 0.05009 0.41253 -0.15024
v 0.05050 -0.42715 0.13116
v 0.05050 0.42715 0.13116
v 0.05057 -0.19974 -0.35504
v 0.05057 0.19974 -0.35504
v 0.05083 -0.42229 -0.14360
v 0.05083 0.42229 -0.14360
v 0.05101 -0.43269 0.10965
v 0.05101 0.43269 0.10965
v 0.05105 -0.42474 -0.13693
v 0.05105 0.42474 -0.13693
v 0.05108 -0.44117 -0.10588
v 0.05108 0.44117 -0.10588
v 0.05114 -0.41636 -0.14454
v 0.05114 0.41636 -0.14454
v 0.05155 -0.42747 0.12856
v 0.05155 0.42747 0.12856
v 0.05155 -0.43256 -0.12321
v 0.05155 0.43256 -0.12321
v 0.05169 -0.42502 -0.14655
v 0.05169 0.42502 -0.14655
v 0.05175 -0.10764 -0.39021
v 0.05175 0.10764 -0.39021
v 0.05220 -0.22908 -0.29990
v 0.05220 0.22908 -0.29990
v 0.05285 -0.14777 -0.37480
v 0.05285 0.14777 -0.37480
v 0.05337 -0.41336 -0.14596
v 0.05337 0.41336 -0.14596
v 0.05486 -0.44961 -0.07482
v 0.05486 0.44961 -0.07482
v 0.05527 -0.35500 -0.20230
v 0.05527 0.35500 -0.20230
v 0.05543 -0.43665 0.11202
v 0.05543 0.43665 0.11202
v 0.05676 -0.41095 -0.16428
v 0.05676 0.41095 -0.16428
v 0.05686 -0.40070 -0.14289
v 0.05686 0.40070 -0.14289
v 0.05720 -0.40633 -0.16530
v 0.05720 0.40633 -0.16530
v 0.05744 -0.42564 0.12679
v 0.05744 0.42564 0.12679
v 0.05786 -0.40946 -0.16665
v 0.05786 0.40946 -0.16665
v 0.05821 -0.37421 0.11646
v 0.05821 0.37421 0.11646
v 0.05862 -0.32210 -0.23922
v 0.05862 0.32210 -0.23922
v 0.05886 -0.40149 -0.16822
v 0.05886 0.40149 -0.16822
v 0.05928 -0.43183 0.10845
v 0.05928 0.43183 0.10845
v 0.05986 -0.38051 -0.20847
v 0.05986 0.38051 -0.20847
v 0.05993 -0.43391 0.09894
v 0.05993 0.43391 0.09894
v 0.06013 -0.43018 0.10866
v 0.06013 0.43018 0.10866
v 0.06218 -0.45150 -0.03816
v 0.06218 0.45150 -0.03816
v 0.06236 -0.44839 0.08707
v 0.06236 0.44839 0.08707
v 0.06318 -0.45092 0.09110
v 0.06318 0.45092 0.09110
v 0.06387 -0.44894 0.08728
v 0.06387 0.44894 0.08728
v 0.06524 -0.44841 0.01091
v 0.06524 0.44841 0.01091
v 0.06665 -0.38429 -0.19186
v 0.06665 0.38429 -0.19186
v 0.06772 0.00000 -0.38133
v 0.06908 -0.28549 -0.24969
v 0.06908 0.28549 -0.24969
v 0.06910 -0.21375 -0.30127
v 0.06910 0.21375 -0.30127
v 0.07011 -0.40553 0.00193
v 0.07011 0.40553 0.00193
v 0.07278 0.00000 -0.35876
v 0.07391 -0.27662 -0.24290
v 0.07391 0.27662 -0.24290
v 0.07451 -0.22536 0.16115
v 0.07451 0.22536 0.16115
v 0.07636 -0.26377 -0.26862
v 0.07636 0.26377 -0.26862
v 0.07796 0.00000 -0.40248
v 0.07822 -0.25129 -0.27557
v 0.07822 0.25129 -0.27557
v 0.08279 -0.23633 -0.29191
v 0.08279 0.23633 -0.29191
v 0.08516 -0.21682 -0.31209
v 0.08516 0.21682 -0.31209
v 0.08581 -0.33899 -0.01156
v 0.08581 0.33899 -0.01156
v 0.08605 -0.18269 -0.35447
v 0.08605 0.18269 -0.35447
v 0.08612 -0.13994 -0.38053
v 0.08612 0.13994 -0.38053
v 0.08671 0.00000 -0.39780
v 0.08698 -0.20852 0.07378
v 0.08698 0.20852 0.07378
v 0.08909 0.00000 0.13564
v 0.08929 0.00000 0.14247
v 0.09004 0.00000 0.14204
v 0.09042 0.00000 0.14154
v 0.09100 0.00000 0.12220
v 0.09151 -0.20995 -0.28966
v 0.09151 0.20995 -0.28966
v 0.09174 -0.20767 -0.33267
v 0.09174 0.20767 -0.33267
v 0.09304 0.00000 -0.21746
v 0.09320 0.00000 -0.21422
v 0.09364 0.00000 -0.21577
v 0.09414 0.00000 -0.20123
v 0.09423 0.00000 -0.22086
v 0.09554 0.00000 -0.39974
v 0.09678 -0.17594 -0.34663
v 0.09678 0.17594 -0.34663
v 0.09698 -0.18766 -0.34236
v 0.09698 0.18766 -0.34236
v 0.09702 -0.18069 -0.33890
v 0.09702 0.18069 -0.33890
v 0.09705 -0.18818 -0.34141
v 0.09705 0.18818 -0.34141
v 0.09741 -0.11436 -0.37737
v 0.09741 0.11436 -0.37737
v 0.09759 0.00000 -0.01961
v 0.09792 0.00000 -0.02407
v 0.09825 0.00000 -0.02693
v 0.09873 0.00000 -0.03040
v 0.09876 0.00000 -0.03688
v 0.09925 -0.12220 -0.23140
v 0.09925 0.12220 -0.23140
v 0.09942 -0.19862 -0.33448
v 0.09942 0.19862 -0.33448
v 0.09955 -0.15423 -0.37318
v 0.09955 0.15423 -0.37318
v 0.10254 -0.24786 -0.07460
v 0.10254 0.24786 -0.07460
v 0.10275 -0.13675 -0.22468
v 0.10275 0.13675 -0.22468
v 0.10474 0.00000 -0.39927
v 0.10497 0.00000 -0.40302
v 0.10597 0.00000 -0.29651
v 0.10603 0.00000 -0.29696
v 0.10616 0.00000 -0.39794
v 0.10629 0.00000 -0.39953
v 0.10640 0.00000 -0.39690
v 0.10714 0.00000 -0.30108
v 0.10728 0.00000 -0.30494
v 0.10757 -0.17521 -0.07851
v 0.10757 0.17521 -0.07851
v 0.10801 -0.12268 -0.37212
v 0.10801 0.12268 -0.37212
v 0.11025 0.00000 -0.37942
v 0.11026 -0.13415 -0.37535
v 0.11026 0.13415 -0.37535
v 0.11318 -0.12146 -0.34135
v 0.11318 0.12146 -0.34135
v 0.11376 0.00000 -0.33305
v 0.11385 0.00000 -0.35763
v 0.11499 -0.11132 -0.33576
v 0.11499 0.11132 -0.33576
v 0.11758 -0.12118 -0.34213
v 0.11758 0.12118 -0.34213
vn 0.0000 0.0000 0.0000
vn 0.0000 0.0000 0.0000
vn 0.0000 0.0000 0.0000
vn -1.0000 -0.0000 -0.0009
vn 0.0000 0.0000 0.0000
vn 0.0000 0.0000 0.0000
vn 0.0000 0.0000 0.0000
vn 0.0000 0.0000 0.0000
vn 0.0000 0.0000 0.0000
vn 0.0000 0.0000 0.0000
vn 0.0000 0.0000 0.0000
vn -0.9993 0.0000 -0.0379
vn 0.0000 0.0000 0.0000
vn 0.0000 0.0000 0.0000
vn 0.0000 0.0000 0.0000
vn 0.0000 0.0000 0.0000
vn -0.9935 0.0000 -0.1139
vn 0.0000 0.0000 0.0000
vn -0.8383 0.0000 0.5452
vn -0.9969 -0.0780 0.0137
vn -0.9969 0.0780 0.0137
vn -0.8816 -0.4367 0.1788
vn -0.8816 0.4367 0.1788
vn -0.9830 -0.0429 0.1783
vn -0.9830 0.0429 0.1783
vn -0.9985 0.0255 0.0491
vn -0.9985 -0.0255 0.0491
vn -0.6462 -0.3566 0.6747
vn -0.6462 0.3566 0.6747
vn -0.9955 -0.0578 -0.0755
vn -0.9955 0.0578 -0.0755
vn -0.9990 -0.0431 0.0073
vn -0.9990 0.0431 0.0073
vn -0.9750 0.1318 -0.1786
vn -0.9750 -0.1318 -0.1786
vn -0.7088 -0.3050 0.6360
vn -0.7088 0.3050 0.6360
vn -0.7740 -0.3677 0.5156
vn -0.7740 0.3677 0.5156
vn -0.9802 -0.1951 0.0344
vn -0.9802 0.1951 0.0344
vn 0.0000 0.0000 0.0000
vn -0.5520 -0.0779 0.8302
vn -0.5520 0.0779 0.8302
vn 0.0000 0.0000 0.0000
vn 0.0000 0.0000 0.0000
vn 0.0000 -0.0000 0.0000
vn 0.0000 0.0000 0.0000
vn -0.9912 -0.1317 0.0111
vn -0.9912 0.1317 0.0111
vn -0.9856 0.0000 -0.1693
vn -0.9824 -0.1019 -0.1564
vn -0.9824 0.1019 -0.1564
vn -0.8940 -0.3646 0.2605
vn -0.8940 0.3646 0.2605
vn -0.4560 -0.0362 0.8892
vn -0.4560 0.0362 0.8892
vn -0.9779 -0.0978 -0.1848
vn -0.9779 0.0978 -0.1848
vn 0.0000 0.0000 0.0000
vn -0.9607 -0.2716 -0.0579
vn -0.9607 0.2716 -0.0579
vn -0.5564 -0.5592 0.6146
vn -0.5564 0.5592 0.6146
vn 0.0000 0.0000 0.0000
vn 0.0000 0.0000 0.0000
vn 0.0000 0.0000 0.0000
vn -0.5581 -0.4403 0.7033
vn -0.5581 0.4403 0.7033
vn 0.0000 0.0000 0.0000
vn -0.9776 -0.1684 -0.1261
vn -0.9776 0.1684 -0.1261
vn 0.0000 0.0000 0.0000
vn -0.8407 -0.3027 -0.4489
vn -0.8407 0.3027 -0.4489
vn -0.8390 -0.5111 -0.1867
vn -0.8390 0.5111 -0.1867
vn -0.9543 -0.2814 0.1003
vn -0.9543 0.2814 0.1003
vn -0.9177 -0.0744 0.3902
vn -0.9177 0.0744 0.3902
vn -0.1744 -0.4290 0.8863
vn -0.1744 0.4290 0.8863
vn -0.7754 -0.5064 0.3772
vn -0.7754 0.5064 0.3772
vn -0.9555 -0.2947 0.0121
vn -0.9555 0.2947 0.0121
vn -0.8924 -0.4376 -0.1096
vn -0.8924 0.4376 -0.1096
vn -0.1783 -0.7122 0.6789
vn -0.1783 0.7122 0.6789
vn -0.5491 -0.3922 0.7380
vn -0.5491 0.3922 0.7380
vn -0.9517 -0.0987 -0.2908
vn -0.9517 0.0987 -0.2908
vn -0.9753 -0.1005 -0.1968
vn -0.9753 0.1005 -0.1968
vn -0.8099 -0.4898 0.3226
vn -0.8099 0.4898 0.3226
vn -0.6961 -0.4711 -0.5417
vn -0.6961 0.4711 -0.5417
vn -0.8835 0.0894 -0.4599
vn -0.8835 -0.0894 -0.4599
vn -0.6050 -0.7861 0.1266
vn -0.6050 0.7861 0.1266
vn 0.0352 -0.9838 -0.1759
vn 0.0352 0.9838 -0.1759
vn -0.4585 -0.8881 -0.0334
vn -0.4585 0.8881 -0.0334
vn -0.9602 -0.2668 0.0831
vn -0.9602 0.2668 0.0831
vn -0.6283 -0.1139 -0.7696
vn -0.6283 0.1139 -0.7696
vn -0.9530 -0.2871 0.0968
vn -0.9530 0.2871 0.0968
vn -0.9484 -0.0000 -0.3170
vn -0.7541 -0.5152 -0.4073
vn -0.7541 0.5152 -0.4073
vn -0.9043 -0.3507 -0.2432
vn -0.9043 0.3507 -0.2432
vn -0.1096 -0.6861 0.7192
vn -0.1096 0.6861 0.7192
vn -0.7365 -0.4111 -0.5372
vn -0.7365 0.4111 -0.5372
vn -0.3258 -0.0000 0.9454
vn -0.1261 -0.8954 -0.4271
vn -0.1261 0.8954 -0.4271
vn -0.9760 -0.1806 -0.1218
vn -0.9760 0.1806 -0.1218
vn -0.5946 -0.0841 -0.7996
vn -0.5946 0.0841 -0.7996
vn -0.4970 -0.2404 0.8338
vn -0.4970 0.2404 0.8338
vn -0.1094 -0.8960 0.4304
vn -0.1094 0.8960 0.4304
vn -0.3655 -0.2901 0.8845
vn -0.3655 0.2901 0.8845
vn 0.0001 -0.1302 -0.9915
vn 0.0001 0.1302 -0.9915
vn 0.0000 0.0000 0.0000
vn 0.0000 0.0000 0.0000
vn 0.0000 0.0000 0.0000
vn 0.3349 -0.0000 -0.9423
vn 0.0000 0.0000 0.0000
vn 0.0000 0.0000 0.0000
vn 0.1045 -0.9925 -0.0634
vn 0.1045 0.9925 -0.0634
vn 0.0334 -0.4748 0.8795
vn 0.0334 0.4748 0.8795
vn -0.9622 -0.0973 -0.2546
vn -0.9622 0.0973 -0.2546
vn 0.0000 0.0000 0.0000
vn -0.2482 -0.3641 -0.8977
vn -0.2482 0.3641 -0.8977
vn -0.8521 -0.2340 -0.4682
vn -0.8521 0.2340 -0.4682
vn -0.2547 -0.7121 0.6542
vn -0.2547 0.7121 0.6542
vn -0.3489 -0.5597 -0.7517
vn -0.3489 0.5597 -0.7517
vn -0.9581 -0.1916 -0.2130
vn -0.9581 0.1916 -0.2130
vn -0.9607 -0.2007 -0.1915
vn -0.9607 0.2007 -0.1915
vn 0.0000 0.0000 0.0000
vn -0.5290 -0.3402 -0.7775
vn -0.5290 0.3402 -0.7775
vn 0.0000 0.0000 0.0000
vn 0.0000 0.0000 0.0000
vn -0.9695 0.1643 -0.1821
vn -0.9695 -0.1643 -0.1821
vn 0.0858 -0.9492 -0.3029
vn 0.0858 0.9492 -0.3029
vn -0.3063 -0.6719 -0.6743
vn -0.3063 0.6719 -0.6743
vn 0.2489 -0.7325 -0.6336
vn 0.2489 0.7325 -0.6336
vn -0.9827 -0.1374 -0.1240
vn -0.9827 0.1374 -0.1240
vn -0.3729 -0.5960 0.7112
vn -0.3729 0.5960 0.7112
vn 0.0000 0.0000 0.0000
vn 0.1644 -0.0690 -0.9840
vn 0.1644 0.0690 -0.9840
vn -0.7986 -0.1532 0.5821
vn -0.7986 0.1532 0.5821
vn 0.1288 -0.5350 -0.8350
vn 0.1288 0.5350 -0.8350
vn 0.6675 -0.5079 -0.5445
vn 0.6675 0.5079 -0.5445
vn 0.2751 -0.7013 -0.6577
vn 0.2751 0.7013 -0.6577
vn -0.2535 -0.0542 0.9658
vn -0.2535 0.0542 0.9658
vn -0.6130 -0.5813 -0.5350
vn -0.6130 0.5813 -0.5350
vn -0.7524 -0.4360 -0.4938
vn -0.7524 0.4360 -0.4938
vn -0.1382 -0.5149 -0.8460
vn -0.1382 0.5149 -0.8460
vn -0.3419 -0.6246 -0.7021
vn -0.3419 0.6246 -0.7021
vn -0.3154 -0.6722 -0.6698
vn -0.3154 0.6722 -0.6698
vn 0.0000 0.0000 0.0000
vn -0.5185 -0.7286 -0.4476
vn -0.5185 0.7286 -0.4476
vn 0.1073 -0.8242 -0.5561
vn 0.1073 0.8242 -0.5561
vn -0.2252 -0.0143 0.9742
vn -0.2252 0.0143 0.9742
vn 0.2136 0.1429 -0.9664
vn 0.2136 -0.1429 -0.9664
vn -0.0362 -0.7465 0.6645
vn -0.0362 0.7465 0.6645
vn 0.0000 0.0000 0.0000
vn 0.0000 0.0000 0.0000
vn -0.1071 -0.1028 -0.9889
vn -0.1071 0.1028 -0.9889
vn -0.0185 -0.5127 -0.8584
vn -0.0185 0.5127 -0.8584
vn 0.5155 0.0000 -0.8569
vn -0.1003 -0.7622 0.6395
vn -0.1003 0.7622 0.6395
vn 0.0000 0.0000 0.0000
vn 0.1587 -0.9441 -0.2888
vn 0.1587 0.9441 -0.2888
vn 0.0117 -0.9044 0.4265
vn 0.0117 0.9044 0.4265
vn 0.1899 -0.4208 -0.8871
vn 0.1899 0.4208 -0.8871
vn 0.2812 -0.7084 -0.6474
vn 0.2812 0.7084 -0.6474
vn -0.1586 -0.7417 0.6517
vn -0.1586 0.7417 0.6517
vn -0.3026 -0.5461 0.7812
vn -0.3026 0.5461 0.7812
vn 0.0104 -0.4414 -0.8972
vn 0.0104 0.4414 -0.8972
vn 0.0000 0.0000 0.0000
vn -0.1034 -0.7931 0.6003
vn -0.1034 0.7931 0.6003
vn 0.0270 -0.4995 -0.8659
vn 0.0270 0.4995 -0.8659
vn -0.2801 -0.7760 0.5651
vn -0.2801 0.7760 0.5651
vn 0.2343 -0.3959 -0.8879
vn 0.2343 0.3959 -0.8879
vn 0.0000 -0.0000 0.0000
vn 0.0448 -0.4170 0.9078
vn 0.0448 0.4170 0.9078
vn 0.0000 0.0000 0.0000
vn -0.1228 -0.0862 0.9887
vn -0.1228 0.0862 0.9887
vn 0.6052 -0.3615 -0.7092
vn 0.6052 0.3615 -0.7092
vn 0.2072 -0.7548 -0.6223
vn 0.2072 0.7548 -0.6223
vn 0.0000 0.0000 0.0000
vn -0.0199 -0.5686 -0.8224
vn -0.0199 0.5686 -0.8224
vn 0.0000 -0.0000 0.0000
vn -0.0576 -0.6897 0.7218
vn -0.0576 0.6897 0.7218
vn 0.5838 0.0014 -0.8119
vn 0.5838 -0.0014 -0.8119
vn -0.1010 -0.7346 0.6709
vn -0.1010 0.7346 0.6709
vn 0.1368 -0.9301 -0.3408
vn 0.1368 0.9301 -0.3408
vn 0.0248 -0.2992 0.9539
vn 0.0248 0.2992 0.9539
vn 0.1308 -0.9861 -0.1029
vn 0.1308 0.9861 -0.1029
vn 0.2541 0.9143 -0.3155
vn 0.2541 -0.9143 -0.3155
vn 0.1615 -0.6816 -0.7137
vn 0.1615 0.6816 -0.7137
vn 0.3044 -0.2300 -0.9244
vn 0.3044 0.2300 -0.9244
vn -0.0241 0.0000 0.9997
vn 0.3532 -0.8881 -0.2943
vn 0.3532 0.8881 -0.2943
vn -0.0724 -0.8430 0.5330
vn -0.0724 0.8430 0.5330
vn 0.1672 0.0191 -0.9857
vn 0.1672 -0.0191 -0.9857
vn 0.2634 -0.7368 -0.6227
vn 0.2634 0.7368 -0.6227
vn -0.0587 -0.7762 0.6278
vn -0.0587 0.7762 0.6278
vn -0.1727 -0.6819 -0.7108
vn -0.1727 0.6819 -0.7108
vn -0.1122 -0.5318 -0.8394
vn -0.1122 0.5318 -0.8394
vn 0.0734 -0.9953 0.0638
vn 0.0734 0.9953 0.0638
vn 0.0000 0.0000 0.0000
vn 0.0413 0.5322 -0.8456
vn 0.0413 -0.5322 -0.8456
vn 0.1080 -0.1915 -0.9755
vn 0.1080 0.1915 -0.9755
vn 0.0000 0.0000 0.0000
vn 0.1080 -0.9632 -0.2460
vn 0.1080 0.9632 -0.2460
vn 0.2187 0.3300 0.9183
vn 0.2187 -0.3300 0.9183
vn 0.1321 -0.0170 0.9911
vn 0.1321 0.0170 0.9911
vn -0.4048 -0.6545 0.6385
vn -0.4048 0.6545 0.6385
vn -0.2058 -0.6568 0.7255
vn -0.2058 0.6568 0.7255
vn 0.0177 0.0951 0.9953
vn 0.0177 -0.0951 0.9953
vn -0.0388 -0.4852 -0.8736
vn -0.0388 0.4852 -0.8736
vn 0.6295 0.2774 -0.7258
vn 0.6295 -0.2774 -0.7258
vn 0.0000 0.0000 0.0000
vn 0.0000 0.0000 0.0000
vn -0.0428 -0.0908 0.9950
vn -0.0428 0.0908 0.9950
vn 0.0000 0.0000 0.0000
vn 0.0000 0.0000 0.0000
vn -0.3487 -0.5838 0.7332
vn -0.3487 0.5838 0.7332
vn 0.0000 0.0000 0.0000
vn -0.0344 -0.6034 -0.7967
vn -0.0344 0.6034 -0.7967
vn 0.2099 0.0063 -0.9777
vn 0.2099 -0.0063 -0.9777
vn 0.1233 -0.9905 -0.0613
vn 0.1233 0.9905 -0.0613
vn 0.0000 -0.0000 0.0000
vn 0.3490 0.8706 -0.3468
vn 0.3490 -0.8706 -0.3468
vn -0.2853 -0.4095 0.8665
vn -0.2853 0.4095 0.8665
vn -0.3523 -0.0420 0.9350
vn -0.3523 0.0420 0.9350
vn 0.1762 -0.5959 -0.7835
vn 0.1762 0.5959 -0.7835
vn 0.2615 -0.1467 0.9540
vn 0.2615 0.1467 0.9540
vn 0.1871 -0.9759 -0.1127
vn 0.1871 0.9759 -0.1127
vn 0.0000 0.0000 0.0000
vn -0.0318 -0.6531 -0.7566
vn -0.0318 0.6531 -0.7566
vn 0.1811 -0.3558 0.9168
vn 0.1811 0.3558 0.9168
vn -0.0189 -0.6295 0.7767
vn -0.0189 0.6295 0.7767
vn 0.1007 -0.3210 0.9417
vn 0.1007 0.3210 0.9417
vn -0.2560 -0.7964 0.5479
vn -0.2560 0.7964 0.5479
vn -0.2227 -0.8030 0.5528
vn -0.2227 0.8030 0.5528
vn 0.4602 0.0000 -0.8878
vn -0.6042 -0.4611 0.6499
vn -0.6042 0.4611 0.6499
vn 0.1650 -0.7674 -0.6196
vn 0.1650 0.7674 -0.6196
vn 0.0000 0.0000 0.0000
vn 0.3967 0.0692 -0.9153
vn 0.3967 -0.0692 -0.9153
vn 0.4001 0.1893 -0.8967
vn 0.4001 -0.1893 -0.8967
vn -0.1767 -0.5987 0.7813
vn -0.1767 0.5987 0.7813
vn 0.1001 -0.3665 -0.9250
vn 0.1001 0.3665 -0.9250
vn -0.2061 -0.8524 0.4806
vn -0.2061 0.8524 0.4806
vn 0.2171 -0.9071 -0.3605
vn 0.2171 0.9071 -0.3605
vn 0.1213 -0.4118 -0.9032
vn 0.1213 0.4118 -0.9032
vn -0.2839 0.0000 -0.9588
vn 0.0056 -0.3569 -0.9341
vn 0.0056 0.3569 -0.9341
vn 0.0000 0.0000 0.0000
vn 0.0000 0.0000 0.0000
vn 0.0000 0.0000 0.0000
vn 0.0000 0.0000 0.0000
vn 0.0383 -0.7694 -0.6376
vn 0.0383 0.7694 -0.6376
vn 0.0376 -0.3273 -0.9442
vn 0.0376 0.3273 -0.9442
vn 0.0000 0.0000 0.0000
vn 0.2196 -0.2874 0.9323
vn 0.2196 0.2874 0.9323
vn -0.2022 -0.7657 0.6105
vn -0.2022 0.7657 0.6105
vn 0.3083 -0.1590 0.9379
vn 0.3083 0.1590 0.9379
vn 0.5651 0.6970 -0.4415
vn 0.5651 -0.6970 -0.4415
vn 0.1842 -0.9815 -0.0519
vn 0.1842 0.9815 -0.0519
vn 0.0000 0.0000 0.0000
vn 0.0000 0.0000 0.0000
vn 0.0236 -0.5385 -0.8423
vn 0.0236 0.5385 -0.8423
vn 0.1936 -0.6981 -0.6893
vn 0.1936 0.6981 -0.6893
vn 0.5025 0.0000 -0.8646
vn 0.0000 -0.0000 0.0000
vn 0.2365 -0.8967 -0.3742
vn 0.2365 0.8967 -0.3742
vn -0.5729 -0.0000 -0.8196
vn 0.1263 -0.5287 -0.8394
vn 0.1263 0.5287 -0.8394
vn 0.2075 -0.9139 -0.3489
vn 0.2075 0.9139 -0.3489
vn -0.0542 -0.8375 0.5438
vn -0.0542 0.8375 0.5438
vn 0.0263 -0.6922 -0.7212
vn 0.0263 0.6922 -0.7212
vn 0.1522 -0.4003 0.9036
vn 0.1522 0.4003 0.9036
vn -0.2446 -0.6860 -0.6852
vn -0.2446 0.6860 -0.6852
vn 0.3087 0.8927 -0.3282
vn 0.3087 -0.8927 -0.3282
vn 0.4249 0.3345 -0.8412
vn 0.4249 -0.3345 -0.8412
vn -0.6559 -0.1321 -0.7432
vn -0.6559 0.1321 -0.7432
vn 0.0000 0.0000 0.0000
vn 0.1016 -0.9789 0.1771
vn 0.1016 0.9789 0.1771
vn 0.3755 0.7754 -0.5077
vn 0.3755 -0.7754 -0.5077
vn 0.0765 -0.6018 0.7950
vn 0.0765 0.6018 0.7950
vn 0.5586 0.2187 -0.8001
vn 0.5586 -0.2187 -0.8001
vn 0.0000 0.0000 0.0000
vn -0.1327 -0.2316 0.9637
vn -0.1327 0.2316 0.9637
vn 0.4705 -0.8248 -0.3136
vn 0.4705 0.8248 -0.3136
vn -0.6921 -0.0032 -0.7218
vn -0.6921 0.0032 -0.7218
vn 0.1921 -0.5015 -0.8436
vn 0.1921 0.5015 -0.8436
vn 0.3932 -0.7318 -0.5567
vn 0.3932 0.7318 -0.5567
vn 0.2948 -0.5126 -0.8064
vn 0.2948 0.5126 -0.8064
vn 0.3907 -0.7152 -0.5796
vn 0.3907 0.7152 -0.5796
vn 0.0518 -0.8716 0.4875
vn 0.0518 0.8716 0.4875
vn -0.0728 0.4813 -0.8735
vn -0.0728 -0.4813 -0.8735
vn 0.0000 0.0000 0.0000
vn 0.8520 0.0000 0.5235
vn 0.0000 0.0000 0.0000
vn 0.0000 0.0000 0.0000
vn 0.0000 0.0000 0.0000
vn 0.1929 -0.9718 -0.1360
vn 0.1929 0.9718 -0.1360
vn -0.0210 -0.9435 -0.3309
vn -0.0210 0.9435 -0.3309
vn 0.0000 0.0000 0.0000
vn -0.0892 -0.5248 -0.8465
vn -0.0892 0.5248 -0.8465
vn 0.2970 0.0000 0.9549
vn 0.3028 -0.8530 0.4250
vn 0.3028 0.8530 0.4250
vn -0.5151 0.0000 -0.8571
vn 0.2804 -0.2837 0.9170
vn 0.2804 0.2837 0.9170
vn 0.0224 -0.7267 0.6866
vn 0.0224 0.7267 0.6866
vn 0.0374 0.9971 0.0657
vn 0.0374 -0.9971 0.0657
vn -0.7510 -0.0000 -0.6603
vn -0.0791 -0.7330 0.6756
vn -0.0791 0.7330 0.6756
vn 0.5573 0.6505 0.5161
vn 0.5573 -0.6505 0.5161
vn 0.4022 -0.8057 0.4348
vn 0.4022 0.8057 0.4348
vn 0.0000 -0.0000 0.0000
vn 0.3633 0.8768 0.3152
vn 0.3633 -0.8768 0.3152
vn 0.2069 -0.9758 -0.0705
vn 0.2069 0.9758 -0.0705
vn 0.2501 -0.6055 -0.7555
vn 0.2501 0.6055 -0.7555
vn -0.3303 -0.3958 0.8569
vn -0.3303 0.3958 0.8569
vn -0.2799 0.3142 0.9071
vn -0.2799 -0.3142 0.9071
vn 0.0833 -0.7316 0.6766
vn 0.0833 0.7316 0.6766
vn 0.5181 0.0000 0.8553
vn 0.4110 -0.8362 0.3631
vn 0.4110 0.8362 0.3631
vn 0.0306 -0.9358 0.3513
vn 0.0306 0.9358 0.3513
vn 0.4871 -0.1367 0.8626
vn 0.4871 0.1367 0.8626
vn 0.4397 -0.7203 -0.5365
vn 0.4397 0.7203 -0.5365
vn 0.0656 -0.8716 -0.4859
vn 0.0656 0.8716 -0.4859
vn 0.2846 -0.8441 -0.4544
vn 0.2846 0.8441 -0.4544
vn 0.1729 -0.7410 -0.6488
vn 0.1729 0.7410 -0.6488
vn 0.2000 -0.1889 -0.9614
vn 0.2000 0.1889 -0.9614
vn 0.7811 -0.1326 -0.6101
vn 0.7811 0.1326 -0.6101
vn 0.2893 -0.7624 0.5789
vn 0.2893 0.7624 0.5789
vn -0.2313 0.9212 0.3129
vn -0.2313 -0.9212 0.3129
vn -0.1264 -0.7178 0.6847
vn -0.1264 0.7178 0.6847
vn 0.1362 -0.9848 -0.1077
vn 0.1362 0.9848 -0.1077
vn 0.2319 -0.9724 -0.0276
vn 0.2319 0.9724 -0.0276
vn 0.1131 0.9935 -0.0126
vn 0.1131 -0.9935 -0.0126
vn 0.0000 0.0000 0.0000
vn 0.4532 -0.8365 -0.3080
vn 0.4532 0.8365 -0.3080
vn 0.4945 -0.4706 -0.7308
vn 0.4945 0.4706 -0.7308
vn 0.6366 -0.0973 -0.7650
vn 0.6366 0.0973 -0.7650
vn 0.9192 -0.1194 0.3752
vn 0.9192 0.1194 0.3752
vn 0.2676 -0.7767 0.5702
vn 0.2676 0.7767 0.5702
vn -0.3638 0.0576 -0.9297
vn -0.3638 -0.0576 -0.9297
vn -0.3537 0.4011 0.8450
vn -0.3537 -0.4011 0.8450
vn 0.8431 -0.1630 0.5124
vn 0.8431 0.1630 0.5124
vn -0.1428 -0.0000 -0.9898
vn 0.3294 -0.3295 0.8848
vn 0.3294 0.3295 0.8848
vn 0.5309 -0.4260 0.7326
vn 0.5309 0.4260 0.7326
vn 0.4043 0.3383 0.8498
vn 0.4043 -0.3383 0.8498
vn 0.3347 0.9096 -0.2463
vn 0.3347 -0.9096 -0.2463
vn 0.0000 0.0000 0.0000
vn 0.2237 -0.5653 0.7940
vn 0.2237 0.5653 0.7940
vn 0.5801 -0.7307 -0.3600
vn 0.5801 0.7307 -0.3600
vn 0.8657 -0.0690 0.4958
vn 0.8657 0.0690 0.4958
vn 0.5346 -0.8109 0.2380
vn 0.5346 0.8109 0.2380
vn 0.7763 -0.2158 0.5922
vn 0.7763 0.2158 0.5922
vn 0.7935 -0.5972 -0.1170
vn 0.7935 0.5972 -0.1170
vn 0.5578 -0.5710 0.6023
vn 0.5578 0.5710 0.6023
vn 0.3836 -0.8540 -0.3514
vn 0.3836 0.8540 -0.3514
vn 0.7497 -0.6592 0.0586
vn 0.7497 0.6592 0.0586
vn -0.0647 0.9259 0.3721
vn -0.0647 -0.9259 0.3721
vn 0.5944 -0.5921 -0.5442
vn 0.5944 0.5921 -0.5442
vn 0.0000 0.0000 0.0000
vn 0.0000 0.0000 0.0000
vn 0.6222 -0.5819 0.5237
vn 0.6222 0.5819 0.5237
vn 0.8001 0.1778 -0.5729
vn 0.8001 -0.1778 -0.5729
vn -0.1755 -0.9614 0.2120
vn -0.1755 0.9614 0.2120
vn 0.7339 -0.0822 -0.6742
vn 0.7339 0.0822 -0.6742
vn 0.6880 -0.5825 0.4328
vn 0.6880 0.5825 0.4328
vn 0.2075 -0.9691 0.1331
vn 0.2075 0.9691 0.1331
vn 0.7457 0.6191 0.2462
vn 0.7457 -0.6191 0.2462
vn 0.1552 -0.9840 -0.0880
vn 0.1552 0.9840 -0.0880
vn -0.2909 0.9514 0.1014
vn -0.2909 -0.9514 0.1014
vn 0.7806 -0.3655 0.5070
vn 0.7806 0.3655 0.5070
vn 0.4874 -0.8383 -0.2444
vn 0.4874 0.8383 -0.2444
vn 0.1231 0.9845 0.1247
vn 0.1231 -0.9845 0.1247
vn 0.0000 -0.0000 0.0000
vn 0.4696 -0.3573 0.8074
vn 0.4696 0.3573 0.8074
vn 0.0000 0.0000 0.0000
vn 0.0000 0.0000 0.0000
vn 0.6362 0.3810 -0.6709
vn 0.6362 -0.3810 -0.6709
vn 0.2834 -0.9038 -0.3206
vn 0.2834 0.9038 -0.3206
vn 0.2596 -0.1751 0.9497
vn 0.2596 0.1751 0.9497
vn 0.0000 -0.0000 0.0000
vn -0.0356 0.9674 0.2509
vn -0.0356 -0.9674 0.2509
vn 0.8296 -0.3989 0.3907
vn 0.8296 0.3989 0.3907
vn -0.1890 0.8945 0.4051
vn -0.1890 -0.8945 0.4051
vn 0.8664 -0.4612 0.1914
vn 0.8664 0.4612 0.1914
vn 0.6567 -0.4510 0.6044
vn 0.6567 0.4510 0.6044
vn 0.8928 -0.1771 0.4141
vn 0.8928 0.1771 0.4141
vn 0.8767 0.0055 0.4811
vn 0.8767 -0.0055 0.4811
vn 0.5908 -0.4965 0.6360
vn 0.5908 0.4965 0.6360
vn 0.4165 -0.8407 0.3460
vn 0.4165 0.8407 0.3460
vn -0.1618 -0.9661 -0.2010
vn -0.1618 0.9661 -0.2010
vn 0.6569 0.0219 0.7537
vn 0.6569 -0.0219 0.7537
vn 0.0000 0.0000 0.0000
vn 0.6465 -0.5796 0.4961
vn 0.6465 0.5796 0.4961
vn 0.0000 0.0000 0.0000
vn 0.4840 -0.4911 -0.7242
vn 0.4840 0.4911 -0.7242
vn 0.0000 0.0000 0.0000
vn 0.0000 0.0000 0.0000
vn 0.0000 0.0000 0.0000
vn 0.0000 -0.0000 0.0000
vn 0.6028 -0.6431 0.4723
vn 0.6028 0.6431 0.4723
vn 0.3383 -0.2729 -0.9006
vn 0.3383 0.2729 -0.9006
vn -0.3489 0.8733 0.3402
vn -0.3489 -0.8733 0.3402
vn 0.6789 -0.5746 -0.4571
vn 0.6789 0.5746 -0.4571
vn 0.9140 -0.1904 0.3581
vn 0.9140 0.1904 0.3581
vn 0.8722 -0.2674 0.4095
vn 0.8722 0.2674 0.4095
vn 0.5213 -0.2201 0.8245
vn 0.5213 0.2201 0.8245
vn 0.8284 -0.0796 0.5545
vn 0.8284 0.0796 0.5545
vn 0.0000 0.0000 0.0000
vn 0.0000 0.0000 0.0000
vn 0.7445 0.1721 0.6450
vn 0.7445 -0.1721 0.6450
vn -0.4587 -0.8843 0.0873
vn -0.4587 0.8843 0.0873
vn 0.9081 -0.2233 0.3543
vn 0.9081 0.2233 0.3543
vn 0.5306 -0.7872 0.3143
vn 0.5306 0.7872 0.3143
vn 0.3521 -0.5541 0.7543
vn 0.3521 0.5541 0.7543
vn -0.2682 0.3295 -0.9053
vn -0.2682 -0.3295 -0.9053
vn -0.9603 0.0467 -0.2751
vn -0.9603 -0.0467 -0.2751
vn 0.1399 0.6751 0.7244
vn 0.1399 -0.6751 0.7244
vn 0.7289 -0.4400 0.5245
vn 0.7289 0.4400 0.5245
vn 0.8863 -0.1718 0.4301
vn 0.8863 0.1718 0.4301
vn -0.2331 0.9159 -0.3268
vn -0.2331 -0.9159 -0.3268
vn 0.8411 -0.5333 -0.0897
vn 0.8411 0.5333 -0.0897
vn 0.2607 0.9135 -0.3123
vn 0.2607 -0.9135 -0.3123
vn 0.6360 0.6957 -0.3340
vn 0.6360 -0.6957 -0.3340
vn 0.3127 -0.7525 -0.5796
vn 0.3127 0.7525 -0.5796
vn 0.6903 0.7184 -0.0863
vn 0.6903 -0.7184 -0.0863
vn 0.0000 0.0000 0.0000
vn 0.4184 -0.5497 -0.7230
vn 0.4184 0.5497 -0.7230
vn 0.3276 -0.9360 0.1286
vn 0.3276 0.9360 0.1286
vn 0.6623 -0.4864 -0.5698
vn 0.6623 0.4864 -0.5698
vn 0.0948 0.2178 0.9714
vn 0.0948 -0.2178 0.9714
vn 0.3104 -0.8601 -0.4048
vn 0.3104 0.8601 -0.4048
vn 0.5798 -0.3503 0.7356
vn 0.5798 0.3503 0.7356
vn 0.2250 -0.6916 -0.6864
vn 0.2250 0.6916 -0.6864
vn -0.8554 -0.4203 -0.3026
vn -0.8554 0.4203 -0.3026
vn 0.9793 0.0063 0.2021
vn 0.9793 -0.0063 0.2021
vn 0.9185 -0.3685 -0.1433
vn 0.9185 0.3685 -0.1433
vn 0.9319 -0.3358 -0.1369
vn 0.9319 0.3358 -0.1369
vn 0.8766 -0.4420 -0.1904
vn 0.8766 0.4420 -0.1904
vn 0.1592 0.9703 -0.1821
vn 0.1592 -0.9703 -0.1821
vn 0.4024 -0.7725 -0.4913
vn 0.4024 0.7725 -0.4913
vn 0.8527 -0.3464 -0.3911
vn 0.8527 0.3464 -0.3911
vn 0.0204 0.0103 -0.9997
vn 0.0204 -0.0103 -0.9997
vn 0.3446 -0.4186 -0.8403
vn 0.3446 0.4186 -0.8403
vn 0.2108 -0.3179 -0.9244
vn 0.2108 0.3179 -0.9244
vn 0.9462 -0.1587 -0.2820
vn 0.9462 0.1587 -0.2820
vn 0.4442 -0.8747 -0.1938
vn 0.4442 0.8747 -0.1938
vn 0.9723 -0.1617 -0.1688
vn 0.9723 0.1617 -0.1688
vn 0.5782 -0.7816 0.2340
vn 0.5782 0.7816 0.2340
vn 0.8134 -0.5613 0.1531
vn 0.8134 0.5613 0.1531
vn 0.9625 -0.2387 -0.1289
vn 0.9625 0.2387 -0.1289
vn 0.8959 -0.3249 -0.3030
vn 0.8959 0.3249 -0.3030
vn 0.8224 -0.2418 0.5150
vn 0.8224 0.2418 0.5150
vn 0.0000 0.0000 0.0000
vn 0.0000 0.0000 0.0000
vn 0.9622 -0.1782 0.2060
vn 0.9622 0.1782 0.2060
vn 0.4903 -0.4325 -0.7567
vn 0.4903 0.4325 -0.7567
vn 0.7931 -0.5710 -0.2121
vn 0.7931 0.5710 -0.2121
vn 0.7185 0.6440 -0.2626
vn 0.7185 -0.6440 -0.2626
vn 0.3804 -0.6786 -0.6283
vn 0.3804 0.6786 -0.6283
vn 0.9203 0.1913 0.3413
vn 0.9203 -0.1913 0.3413
vn 0.7055 0.6900 -0.1619
vn 0.7055 -0.6900 -0.1619
vn 0.5121 -0.8553 -0.0787
vn 0.5121 0.8553 -0.0787
vn 0.8164 -0.5767 0.0290
vn 0.8164 0.5767 0.0290
vn 0.5028 -0.8640 0.0251
vn 0.5028 0.8640 0.0251
vn 0.0000 0.0000 0.0000
vn 0.0000 0.0000 0.0000
vn 0.5307 -0.8476 0.0022
vn 0.5307 0.8476 0.0022
vn 0.6850 -0.6530 -0.3232
vn 0.6850 0.6530 -0.3232
vn 0.2692 -0.0000 -0.9631
vn 0.7055 -0.3651 -0.6074
vn 0.7055 0.3651 -0.6074
vn 0.0876 -0.8995 -0.4280
vn 0.0876 0.8995 -0.4280
vn 0.9907 -0.1305 0.0396
vn 0.9907 0.1305 0.0396
vn 0.7257 0.0000 -0.6880
vn 0.9667 -0.2199 -0.1309
vn 0.9667 0.2199 -0.1309
vn 0.9444 -0.0992 0.3135
vn 0.9444 0.0992 0.3135
vn 0.4584 -0.6109 -0.6456
vn 0.4584 0.6109 -0.6456
vn 0.0000 -0.0000 0.0000
vn 0.9230 -0.3509 -0.1578
vn 0.9230 0.3509 -0.1578
vn 0.4115 -0.4098 -0.8141
vn 0.4115 0.4098 -0.8141
vn 0.1925 -0.9800 -0.0509
vn 0.1925 0.9800 -0.0509
vn 0.9835 -0.1636 0.0777
vn 0.9835 0.1636 0.0777
vn 0.2061 -0.5020 -0.8400
vn 0.2061 0.5020 -0.8400
vn 0.0635 -0.3116 -0.9481
vn 0.0635 0.3116 -0.9481
vn 0.0000 -0.0000 0.0000
vn 0.9932 -0.0405 0.1089
vn 0.9932 0.0405 0.1089
vn 0.9537 -0.0000 0.3009
vn 0.0000 0.0000 0.0000
vn 0.9723 0.0000 0.2338
vn 0.0000 0.0000 0.0000
vn 0.0000 -0.0000 0.0000
vn 0.9871 -0.1447 0.0682
vn 0.9871 0.1447 0.0682
vn 0.2572 -0.8989 -0.3548
vn 0.2572 0.8989 -0.3548
vn 1.0000 0.0000 -0.0001
vn 0.0000 0.0000 0.0000
vn 0.0000 0.0000 0.0000
vn 0.0000 -0.0000 0.0000
vn 0.0000 0.0000 0.0000
vn 0.0000 0.0000 0.0000
vn 0.7438 -0.4830 -0.4620
vn 0.7438 0.4830 -0.4620
vn 0.6320 -0.3864 -0.6718
vn 0.6320 0.3864 -0.6718
vn 0.9516 -0.2951 -0.0858
vn 0.9516 0.2951 -0.0858
vn 0.9792 0.0857 -0.1839
vn 0.9792 -0.0857 -0.1839
vn 0.6897 0.1924 -0.6980
vn 0.6897 -0.1924 -0.6980
vn 0.0000 0.0000 0.0000
vn 0.0000 0.0000 0.0000
vn 0.0000 0.0000 0.0000
vn 0.0000 -0.0000 0.0000
vn 0.9988 0.0000 0.0486
vn 0.9972 0.0391 0.0642
vn 0.9972 -0.0391 0.0642
vn 0.9530 -0.1389 0.2694
vn 0.9530 0.1389 0.2694
vn 0.8110 -0.4157 -0.4116
vn 0.8110 0.4157 -0.4116
vn 0.9836 -0.1723 -0.0530
vn 0.9836 0.1723 -0.0530
vn 0.9943 -0.0832 -0.0671
vn 0.9943 0.0832 -0.0671
vn 0.0000 0.0000 0.0000
vn 0.0000 0.0000 0.0000
vn 0.0000 0.0000 0.0000
vn 0.0000 0.0000 0.0000
vn 0.0000 0.0000 0.0000
vn 0.9843 0.0000 0.1764
vn 0.0000 0.0000 0.0000
vn 0.0000 0.0000 0.0000
vn 0.0000 0.0000 0.0000
vn 0.9992 0.0229 0.0335
vn 0.9992 -0.0229 0.0335
vn 0.9738 0.0285 -0.2258
vn 0.9738 -0.0285 -0.2258
vn 0.0000 -0.0000 0.0000
vn 0.4080 -0.0738 -0.9100
vn 0.4080 0.0738 -0.9100
vn 0.9344 0.2333 -0.2692
vn 0.9344 -0.2333 -0.2692
vn 0.9705 -0.0000 0.2410
vn 0.5315 0.0000 -0.8470
vn 0.9696 -0.0855 -0.2291
vn 0.9696 0.0855 -0.2291
vn 0.9730 -0.2071 -0.1021
vn 0.9730 0.2071 -0.1021
f 629//629 561//561 610//610
f 635//635 746//746 687//687
f 754//754 746//746 635//635
f 720//720 689//689 758//758
f 720//720 770//770 754//754
f 506//506 561//561 595//595
f 671//671 675//675 689//689
f 599//599 673//673 625//625
f 530//530 774//774 780//780
f 402//402 780//780 493//493
f 434//434 530//530 402//402
f 772//772 789//789 742//742
f 528//528 772//772 742//742
f 789//789 758//758 805//805
f 758//758 585//585 627//627
f 812//812 813//813 815//815
f 805//805 794//794 812//812
f 812//812 794//794 813//813
f 423//423 552//552 438//438
f 477//477 352//352 394//394
f 423//423 352//352 477//477
f 569//569 477//477 508//508
f 794//794 569//569 565//565
f 398//398 508//508 356//356
f 502//502 482//482 633//633
f 469//469 472//472 462//462
f 462//462 469//469 472//472
f 462//462 281//281 262//262
f 259//259 462//462 262//262
f 815//815 633//633 461//461
f 356//356 254//254 83//83
f 345//345 251//251 194//194
f 345//345 194//194 309//309
f 133//133 83//83 37//37
f 125//125 211//211 194//194
f 125//125 281//281 211//211
f 14//14 259//259 47//47
f 419//419 443//443 479//479
f 360//360 419//419 376//376
f 360//360 396//396 419//419
f 631//631 603//603 549//549
f 603//603 631//631 543//543
f 358//358 363//363 327//327
f 268//268 313//313 311//311
f 268//268 264//264 122//122
f 246//246 291//291 242//242
f 93//93 69//69 55//55
f 39//39 93//93 55//55
f 91//91 268//268 122//122
f 79//79 55//55 99//99
f 215//215 242//242 268//268
f 64//64 158//158 91//91
f 235//235 237//237 246//246
f 55//55 64//64 99//99
f 434//434 402//402 297//297
f 229//229 434//434 297//297
f 402//402 493//493 347//347
f 334//334 402//402 347//347
f 50//50 41//41 79//79
f 264//264 484//484 229//229
f 122//122 264//264 135//135
f 813//813 633//633 815//815
f 41//41 29//29 39//39
f 21//21 44//44 37//37
f 21//21 33//33 41//41
f 19//19 25//25 4//4
f 4//4 25//25 21//21
f 11//11 4//4 2//2
f 14//14 11//11 2//2
f 21//21 41//41 50//50
f 4//4 31//31 12//12
f 27//27 44//44 23//23
f 25//25 19//19 44//44
f 750//750 850//850 792//792
f 750//750 792//792 744//744
f 417//417 730//730 699//699
f 466//466 742//742 417//417
f 270//270 417//417 378//378
f 510//510 451//451 449//449
f 389//389 408//408 449//449
f 256//256 300//300 289//289
f 289//289 374//374 389//389
f 415//415 406//406 455//455
f 391//391 406//406 415//415
f 244//244 258//258 365//365
f 221//221 261//261 406//406
f 261//261 244//244 365//365
f 712//712 762//762 514//514
f 495//495 415//415 455//455
f 726//726 718//718 712//712
f 852//852 822//822 844//844
f 792//792 850//850 852//852
f 799//799 792//792 852//852
f 537//537 785//785 591//591
f 819//819 799//799 852//852
f 819//819 803//803 787//787
f 846//846 831//831 821//821
f 807//807 829//829 848//848
f 716//716 821//821 807//807
f 520//520 647//647 539//539
f 516//516 429//429 539//539
f 516//516 821//821 716//716
f 787//787 803//803 821//821
f 876//876 833//833 819//819
f 874//874 819//819 871//871
f 790//790 837//837 870//870
f 734//734 837//837 783//783
f 872//872 874//874 871//871
f 872//872 866//866 790//790
f 783//783 790//790 550//550
f 441//441 550//550 533//533
f 421//421 537//537 453//453
f 440//440 539//539 429//429
f 410//410 441//441 533//533
f 545//545 459//459 518//518
f 475//475 545//545 550//550
f 550//550 404//404 413//413
f 429//429 370//370 302//302
f 380//380 429//429 302//302
f 287//287 302//302 343//343
f 278//278 330//330 350//350
f 239//239 302//302 287//287
f 248//248 239//239 280//280
f 287//287 343//343 280//280
f 239//239 287//287 280//280
f 154//154 207//207 239//239
f 276//276 427//427 319//319
f 332//332 276//276 213//213
f 143//143 335//335 320//320
f 116//116 97//97 131//131
f 350//350 453//453 380//380
f 386//386 441//441 410//410
f 384//384 386//386 410//410
f 109//109 334//334 147//147
f 62//62 109//109 89//89
f 107//107 305//305 89//89
f 62//62 50//50 87//87
f 209//209 233//233 175//175
f 77//77 127//127 75//75
f 101//101 103//103 124//124
f 95//95 101//101 124//124
f 95//95 75//75 101//101
f 258//258 175//175 233//233
f 160//160 202//202 258//258
f 156//156 95//95 167//167
f 221//221 167//167 244//244
f 156//156 167//167 221//221
f 75//75 209//209 175//175
f 59//59 31//31 53//53
f 151//151 59//59 95//95
f 151//151 95//95 156//156
f 151//151 204//204 179//179
f 198//198 151//151 179//179
f 59//59 151//151 162//162
f 120//120 207//207 154//154
f 97//97 129//129 120//120
f 156//156 221//221 204//204
f 530//530 434//434 506//506
f 140//140 116//116 143//143
f 585//585 758//758 661//661
f 585//585 653//653 522//522
f 522//522 653//653 610//610
f 653//653 714//714 679//679
f 665//665 687//687 768//768
f 665//665 659//659 621//621
f 639//639 687//687 665//665
f 639//639 659//659 687//687
f 665//665 768//768 776//776
f 655//655 687//687 659//659
f 754//754 635//635 679//679
f 695//695 697//697 754//754
f 764//764 768//768 746//746
f 693//693 689//689 720//720
f 746//746 706//706 720//720
f 693//693 720//720 701//701
f 701//701 720//720 706//706
f 720//720 691//691 693//693
f 764//764 770//770 720//720
f 587//587 629//629 595//595
f 593//593 644//644 635//635
f 593//593 623//623 644//644
f 629//629 687//687 637//637
f 629//629 614//614 635//635
f 663//663 687//687 629//629
f 597//597 621//621 665//665
f 597//597 621//621 589//589
f 589//589 621//621 597//597
f 597//597 665//665 595//595
f 629//629 587//587 597//597
f 614//614 593//593 561//561
f 614//614 561//561 635//635
f 691//691 685//685 677//677
f 679//679 681//681 644//644
f 671//671 689//689 683//683
f 776//776 768//768 774//774
f 657//657 673//673 639//639
f 651//651 669//669 625//625
f 720//720 789//789 768//768
f 601//601 558//558 579//579
f 506//506 595//595 530//530
f 575//575 579//579 607//607
f 571//571 556//556 625//625
f 535//535 571//571 579//579
f 575//575 535//535 579//579
f 599//599 571//571 639//639
f 571//571 535//535 639//639
f 558//558 541//541 579//579
f 575//575 541//541 558//558
f 665//665 776//776 595//595
f 657//657 665//665 621//621
f 637//637 687//687 665//665
f 663//663 667//667 687//687
f 687//687 667//667 635//635
f 659//659 639//639 616//616
f 621//621 639//639 607//607
f 657//657 579//579 639//639
f 657//657 607//607 579//579
f 639//639 621//621 601//601
f 625//625 657//657 639//639
f 685//685 695//695 677//677
f 687//687 706//706 768//768
f 746//746 706//706 687//687
f 610//610 623//623 614//614
f 610//610 561//561 593//593
f 681//681 679//679 610//610
f 644//644 623//623 610//610
f 675//675 644//644 653//653
f 675//675 758//758 689//689
f 610//610 593//593 612//612
f 776//776 778//778 774//774
f 627//627 631//631 758//758
f 758//758 631//631 794//794
f 720//720 758//758 789//789
f 780//780 774//774 789//789
f 530//530 780//780 402//402
f 493//493 772//772 528//528
f 758//758 794//794 805//805
f 742//742 789//789 724//724
f 789//789 805//805 724//724
f 805//805 850//850 724//724
f 812//812 815//815 842//842
f 805//805 812//812 850//850
f 812//812 863//863 850//850
f 812//812 842//842 863//863
f 554//554 549//549 573//573
f 438//438 552//552 554//554
f 423//423 477//477 552//552
f 552//552 477//477 549//549
f 549//549 477//477 569//569
f 552//552 549//549 554//554
f 549//549 569//569 794//794
f 438//438 358//358 354//354
f 354//354 423//423 438//438
f 354//354 291//291 352//352
f 352//352 272//272 394//394
f 423//423 354//354 352//352
f 291//291 246//246 237//237
f 272//272 291//291 237//237
f 137//137 272//272 237//237
f 137//137 237//237 93//93
f 352//352 291//291 272//272
f 398//398 502//502 508//508
f 502//502 398//398 345//345
f 398//398 251//251 345//345
f 565//565 508//508 633//633
f 633//633 508//508 502//502
f 565//565 633//633 794//794
f 794//794 633//633 813//813
f 477//477 394//394 356//356
f 477//477 356//356 508//508
f 394//394 272//272 356//356
f 398//398 356//356 251//251
f 309//309 472//472 502//502
f 345//345 309//309 502//502
f 472//472 281//281 462//462
f 472//472 309//309 281//281
f 462//462 472//472 469//469
f 461//461 482//482 462//462
f 469//469 482//482 502//502
f 461//461 462//462 259//259
f 502//502 472//472 469//469
f 251//251 356//356 83//83
f 83//83 254//254 137//137
f 251//251 149//149 194//194
f 309//309 194//194 281//281
f 44//44 133//133 37//37
f 133//133 44//44 194//194
f 281//281 125//125 205//205
f 205//205 262//262 281//281
f 281//281 194//194 211//211
f 205//205 259//259 262//262
f 205//205 125//125 47//47
f 205//205 47//47 259//259
f 44//44 57//57 125//125
f 19//19 57//57 44//44
f 125//125 19//19 11//11
f 125//125 11//11 8//8
f 47//47 8//8 14//14
f 11//11 14//14 8//8
f 47//47 125//125 8//8
f 585//585 488//488 532//532
f 438//438 457//457 396//396
f 457//457 419//419 396//396
f 488//488 474//474 457//457
f 479//479 522//522 484//484
f 585//585 522//522 479//479
f 479//479 443//443 474//474
f 419//419 474//474 443//443
f 419//419 484//484 376//376
f 479//479 484//484 419//419
f 524//524 491//491 499//499
f 504//504 486//486 474//474
f 479//479 474//474 524//524
f 488//488 504//504 474//474
f 499//499 486//486 491//491
f 501//501 497//497 484//484
f 501//501 484//484 522//522
f 506//506 484//484 501//501
f 506//506 497//497 561//561
f 506//506 229//229 484//484
f 376//376 484//484 268//268
f 360//360 376//376 268//268
f 484//484 264//264 268//268
f 543//543 488//488 573//573
f 543//543 504//504 488//488
f 603//603 543//543 567//567
f 457//457 438//438 488//488
f 396//396 372//372 358//358
f 372//372 360//360 363//363
f 372//372 363//363 358//358
f 396//396 360//360 372//372
f 661//661 675//675 653//653
f 311//311 339//339 360//360
f 327//327 315//315 313//313
f 339//339 323//323 341//341
f 339//339 311//311 323//323
f 307//307 285//285 327//327
f 285//285 307//307 313//313
f 360//360 327//327 363//363
f 311//311 360//360 268//268
f 181//181 246//246 158//158
f 313//313 268//268 242//242
f 246//246 242//242 224//224
f 242//242 215//215 224//224
f 181//181 64//64 69//69
f 181//181 158//158 64//64
f 69//69 93//93 181//181
f 69//69 64//64 55//55
f 215//215 268//268 91//91
f 91//91 99//99 64//64
f 41//41 55//55 79//79
f 158//158 215//215 91//91
f 506//506 434//434 229//229
f 229//229 297//297 135//135
f 402//402 334//334 297//297
f 105//105 297//297 109//109
f 264//264 229//229 135//135
f 85//85 135//135 111//111
f 135//135 85//85 122//122
f 85//85 81//81 122//122
f 79//79 111//111 50//50
f 85//85 111//111 79//79
f 105//105 109//109 87//87
f 50//50 111//111 115//115
f 50//50 115//115 105//105
f 50//50 105//105 87//87
f 111//111 135//135 115//115
f 135//135 105//105 115//115
f 79//79 99//99 122//122
f 135//135 297//297 105//105
f 543//543 618//618 585//585
f 618//618 627//627 585//585
f 585//585 547//547 543//543
f 547//547 499//499 543//543
f 631//631 549//549 794//794
f 37//37 137//137 29//29
f 29//29 137//137 93//93
f 39//39 35//35 29//29
f 29//29 93//93 39//39
f 39//39 29//29 35//35
f 35//35 29//29 41//41
f 33//33 37//37 29//29
f 23//23 44//44 21//21
f 27//27 23//23 21//21
f 21//21 37//37 33//33
f 2//2 4//4 12//12
f 11//11 19//19 4//4
f 21//21 50//50 4//4
f 31//31 17//17 12//12
f 573//573 603//603 567//567
f 93//93 237//237 181//181
f 27//27 23//23 44//44
f 37//37 83//83 137//137
f 25//25 44//44 23//23
f 254//254 272//272 137//137
f 39//39 55//55 41//41
f 740//740 712//712 732//732
f 748//748 752//752 712//712
f 750//750 762//762 752//752
f 744//744 782//782 762//762
f 750//750 744//744 762//762
f 766//766 782//782 744//744
f 744//744 704//704 766//766
f 744//744 792//792 785//785
f 744//744 785//785 760//760
f 744//744 760//760 704//704
f 730//730 750//750 699//699
f 724//724 730//730 417//417
f 724//724 417//417 742//742
f 493//493 466//466 347//347
f 347//347 466//466 417//417
f 417//417 699//699 712//712
f 378//378 417//417 712//712
f 347//347 417//417 305//305
f 528//528 742//742 466//466
f 750//750 724//724 850//850
f 750//750 740//740 726//726
f 740//740 750//750 712//712
f 730//730 724//724 750//750
f 514//514 782//782 766//766
f 514//514 766//766 408//408
f 760//760 785//785 708//708
f 455//455 563//563 581//581
f 708//708 537//537 581//581
f 760//760 708//708 563//563
f 455//455 581//581 495//495
f 537//537 495//495 581//581
f 449//449 704//704 760//760
f 209//209 514//514 408//408
f 209//209 408//408 374//374
f 209//209 374//374 233//233
f 514//514 209//209 378//378
f 408//408 766//766 704//704
f 408//408 704//704 449//449
f 412//412 449//449 451//451
f 451//451 365//365 412//412
f 425//425 449//449 412//412
f 510//510 445//445 451//451
f 455//455 445//445 510//510
f 300//300 374//374 289//289
f 289//289 389//389 283//283
f 412//412 283//283 389//389
f 233//233 374//374 256//256
f 289//289 283//283 256//256
f 374//374 300//300 256//256
f 445//445 455//455 365//365
f 415//415 495//495 537//537
f 415//415 317//317 391//391
f 415//415 350//350 317//317
f 415//415 537//537 421//421
f 350//350 415//415 421//421
f 258//258 412//412 365//365
f 283//283 258//258 256//256
f 365//365 406//406 261//261
f 406//406 391//391 317//317
f 221//221 406//406 317//317
f 412//412 258//258 283//283
f 365//365 455//455 406//406
f 782//782 514//514 762//762
f 722//722 726//726 718//718
f 844//844 822//822 858//858
f 863//863 852//852 850//850
f 863//863 822//822 852//852
f 819//819 821//821 803//803
f 799//799 796//796 792//792
f 821//821 819//819 833//833
f 792//792 796//796 785//785
f 647//647 785//785 796//796
f 736//736 799//799 801//801
f 736//736 801//801 819//819
f 796//796 799//799 647//647
f 846//846 821//821 833//833
f 833//833 835//835 846//846
f 831//831 833//833 829//829
f 833//833 848//848 829//829
f 591//591 647//647 520//520
f 520//520 453//453 537//537
f 539//539 440//440 453//453
f 787//787 821//821 516//516
f 736//736 516//516 539//539
f 807//807 738//738 716//716
f 471//471 468//468 516//516
f 787//787 516//516 736//736
f 801//801 799//799 819//819
f 819//819 874//874 870//870
f 852//852 844//844 819//819
f 844//844 871//871 819//819
f 844//844 858//858 871//871
f 848//848 876//876 865//865
f 833//833 876//876 848//848
f 874//874 790//790 870//870
f 809//809 848//848 868//868
f 807//807 848//848 809//809
f 809//809 837//837 734//734
f 790//790 874//874 872//872
f 872//872 871//871 866//866
f 837//837 790//790 783//783
f 810//810 790//790 866//866
f 550//550 790//790 810//810
f 453//453 350//350 421//421
f 468//468 343//343 516//516
f 447//447 413//413 431//431
f 427//427 368//368 319//319
f 427//427 431//431 368//368
f 409//409 431//431 381//381
f 550//550 441//441 404//404
f 404//404 441//441 386//386
f 319//319 409//409 266//266
f 409//409 319//319 368//368
f 368//368 431//431 409//409
f 716//716 738//738 518//518
f 204//204 221//221 278//278
f 512//512 716//716 518//518
f 468//468 471//471 343//343
f 518//518 738//738 545//545
f 447//447 459//459 545//545
f 545//545 475//475 447//447
f 545//545 734//734 550//550
f 475//475 550//550 413//413
f 440//440 429//429 380//380
f 350//350 380//380 293//293
f 293//293 380//380 295//295
f 516//516 343//343 370//370
f 471//471 383//383 343//343
f 350//350 200//200 231//231
f 278//278 350//350 231//231
f 162//162 200//200 196//196
f 293//293 302//302 200//200
f 231//231 184//184 198//198
f 350//350 293//293 200//200
f 207//207 196//196 239//239
f 239//239 248//248 154//154
f 471//471 459//459 332//332
f 280//280 343//343 248//248
f 248//248 332//332 219//219
f 343//343 383//383 248//248
f 459//459 400//400 332//332
f 427//427 276//276 337//337
f 248//248 383//383 332//332
f 400//400 427//427 337//337
f 332//332 400//400 337//337
f 459//459 436//436 400//400
f 404//404 385//385 381//381
f 319//319 266//266 276//276
f 266//266 361//361 222//222
f 386//386 335//335 361//361
f 266//266 222//222 213//213
f 276//276 266//266 213//213
f 222//222 335//335 143//143
f 120//120 154//154 113//113
f 154//154 219//219 113//113
f 219//219 213//213 131//131
f 131//131 113//113 219//219
f 139//139 222//222 143//143
f 116//116 131//131 139//139
f 139//139 143//143 116//116
f 213//213 222//222 139//139
f 219//219 332//332 213//213
f 471//471 518//518 459//459
f 154//154 248//248 219//219
f 533//533 810//810 410//410
f 436//436 427//427 400//400
f 381//381 385//385 404//404
f 785//785 537//537 708//708
f 317//317 350//350 330//330
f 278//278 317//317 330//330
f 871//871 858//858 866//866
f 866//866 858//858 810//810
f 559//559 810//810 797//797
f 410//410 810//810 559//559
f 320//320 249//249 169//169
f 143//143 320//320 169//169
f 169//169 140//140 143//143
f 152//152 51//51 116//116
f 334//334 347//347 274//274
f 347//347 305//305 274//274
f 274//274 305//305 107//107
f 87//87 109//109 62//62
f 109//109 107//107 89//89
f 305//305 270//270 173//173
f 270//270 378//378 227//227
f 305//305 173//173 89//89
f 107//107 109//109 147//147
f 50//50 62//62 53//53
f 50//50 53//53 31//31
f 53//53 89//89 72//72
f 62//62 89//89 53//53
f 227//227 378//378 209//209
f 127//127 227//227 209//209
f 127//127 209//209 75//75
f 77//77 89//89 173//173
f 89//89 77//77 72//72
f 101//101 75//75 103//103
f 72//72 77//77 75//75
f 95//95 72//72 75//75
f 53//53 72//72 95//95
f 175//175 258//258 202//202
f 124//124 175//175 95//95
f 160//160 258//258 244//244
f 167//167 160//160 244//244
f 95//95 160//160 167//167
f 175//175 202//202 95//95
f 173//173 270//270 227//227
f 4//4 50//50 31//31
f 17//17 31//31 59//59
f 59//59 51//51 17//17
f 97//97 51//51 59//59
f 59//59 53//53 95//95
f 177//177 231//231 188//188
f 177//177 188//188 171//171
f 184//184 162//162 164//164
f 196//196 207//207 120//120
f 118//118 196//196 120//120
f 162//162 196//196 118//118
f 129//129 162//162 118//118
f 120//120 129//129 118//118
f 59//59 129//129 97//97
f 97//97 120//120 113//113
f 51//51 97//97 116//116
f 842//842 822//822 863//863
f 147//147 334//334 274//274
f 522//522 610//610 561//561
f 335//335 386//386 320//320
f 410//410 559//559 384//384
f 810//810 858//858 797//797
f 320//320 324//324 249//249
f 653//653 679//679 610//610
f 758//758 675//675 661//661
f 665//665 655//655 659//659
f 653//653 585//585 661//661
f 768//768 774//774 778//778
f 789//789 774//774 768//768
f 639//639 665//665 657//657
f 655//655 665//665 687//687
f 659//659 655//655 621//621
f 695//695 754//754 728//728
f 691//691 720//720 754//754
f 691//691 754//754 695//695
f 691//691 677//677 695//695
f 695//695 697//697 693//693
f 695//695 693//693 691//691
f 689//689 693//693 697//697
f 679//679 728//728 754//754
f 754//754 697//697 695//695
f 746//746 768//768 706//706
f 770//770 768//768 764//764
f 764//764 768//768 770//770
f 693//693 701//701 746//746
f 693//693 746//746 720//720
f 746//746 754//754 770//770
f 746//746 770//770 764//764
f 746//746 701//701 706//706
f 667//667 641//641 649//649
f 720//720 768//768 764//764
f 629//629 605//605 587//587
f 667//667 649//649 663//663
f 667//667 663//663 649//649
f 667//667 649//649 641//641
f 629//629 635//635 641//641
f 629//629 641//641 667//667
f 641//641 635//635 667//667
f 621//621 597//597 558//558
f 621//621 558//558 577//577
f 663//663 629//629 667//667
f 595//595 561//561 629//629
f 635//635 561//561 593//593
f 577//577 605//605 589//589
f 577//577 589//589 621//621
f 593//593 614//614 623//623
f 665//665 621//621 637//637
f 605//605 597//597 587//587
f 597//597 595//595 629//629
f 616//616 605//605 637//637
f 595//595 629//629 587//587
f 597//597 605//605 577//577
f 577//577 621//621 605//605
f 577//577 605//605 616//616
f 637//637 605//605 629//629
f 616//616 637//637 621//621
f 605//605 621//621 589//589
f 671//671 681//681 679//679
f 671//671 679//679 635//635
f 671//671 683//683 681//681
f 671//671 681//681 653//653
f 644//644 671//671 635//635
f 675//675 671//671 644//644
f 653//653 681//681 683//683
f 653//653 683//683 689//689
f 644//644 681//681 671//671
f 683//683 689//689 685//685
f 593//593 612//612 623//623
f 669//669 651//651 625//625
f 669//669 625//625 673//673
f 673//673 599//599 639//639
f 530//530 776//776 774//774
f 595//595 776//776 530//530
f 651//651 599//599 625//625
f 625//625 599//599 651//651
f 669//669 673//673 625//625
f 579//579 541//541 575//575
f 657//657 625//625 673//673
f 558//558 601//601 616//616
f 575//575 558//558 616//616
f 575//575 639//639 535//535
f 575//575 616//616 639//639
f 571//571 625//625 579//579
f 535//535 556//556 571//571
f 599//599 556//556 535//535
f 571//571 599//599 535//535
f 625//625 639//639 579//579
f 575//575 607//607 601//601
f 607//607 639//639 601//601
f 579//579 575//575 601//601
f 616//616 601//601 621//621
f 616//616 621//621 577//577
f 616//616 621//621 655//655
f 616//616 655//655 659//659
f 597//597 577//577 558//558
f 695//695 685//685 691//691
f 621//621 607//607 657//657
f 625//625 556//556 599//599
f 695//695 728//728 653//653
f 695//695 653//653 689//689
f 695//695 685//685 689//689
f 695//695 689//689 697//697
f 695//695 689//689 683//683
f 685//685 695//695 683//683
f 593//593 561//561 610//610
f 593//593 610//610 612//612
f 612//612 593//593 623//623
f 754//754 728//728 714//714
f 728//728 754//754 714//714
f 610//610 679//679 681//681
f 728//728 679//679 714//714
f 610//610 614//614 629//629
f 526//526 585//585 479//479
f 644//644 610//610 679//679
f 653//653 644//644 671//671
f 653//653 728//728 714//714
f 776//776 774//774 778//778
f 768//768 778//778 774//774
f 772//772 493//493 780//780
f 772//772 780//780 789//789
f 488//488 438//438 573//573
f 438//438 554//554 573//573
f 508//508 565//565 569//569
f 272//272 254//254 356//356
f 482//482 461//461 633//633
f 462//462 482//482 469//469
f 149//149 251//251 83//83
f 133//133 194//194 149//149
f 83//83 133//133 149//149
f 44//44 125//125 194//194
f 19//19 125//125 57//57
f 524//524 499//499 547//547
f 532//532 488//488 526//526
f 585//585 532//532 547//547
f 526//526 488//488 585//585
f 481//481 479//479 474//474
f 481//481 474//474 486//486
f 479//479 524//524 526//526
f 526//526 524//524 532//532
f 524//524 547//547 532//532
f 474//474 419//419 457//457
f 504//504 499//499 491//491
f 474//474 479//479 481//481
f 474//474 481//481 486//486
f 499//499 481//481 486//486
f 486//486 481//481 491//491
f 481//481 499//499 491//491
f 504//504 491//491 486//486
f 486//486 491//491 524//524
f 486//486 524//524 474//474
f 501//501 561//561 497//497
f 501//501 484//484 497//497
f 501//501 522//522 561//561
f 506//506 501//501 497//497
f 543//543 573//573 567//567
f 543//543 631//631 618//618
f 438//438 396//396 358//358
f 327//327 323//323 315//315
f 323//323 311//311 315//315
f 354//354 358//358 291//291
f 242//242 291//291 285//285
f 285//285 291//291 358//358
f 339//339 327//327 360//360
f 323//323 327//327 341//341
f 311//311 313//313 315//315
f 360//360 363//363 327//327
f 360//360 327//327 339//339
f 313//313 307//307 315//315
f 307//307 313//313 315//315
f 327//327 313//313 307//307
f 756//756 748//748 752//752
f 756//756 752//752 762//762
f 358//358 327//327 285//285
f 341//341 363//363 360//360
f 339//339 341//341 360//360
f 341//341 327//327 363//363
f 181//181 235//235 246//246
f 242//242 285//285 313//313
f 224//224 158//158 246//246
f 215//215 158//158 224//224
f 181//181 237//237 235//235
f 122//122 99//99 91//91
f 334//334 109//109 297//297
f 81//81 79//79 122//122
f 81//81 85//85 79//79
f 543//543 499//499 504//504
f 41//41 33//33 35//35
f 33//33 29//29 35//35
f 21//21 25//25 27//27
f 25//25 23//23 27//27
f 549//549 603//603 573//573
f 748//748 712//712 750//750
f 748//748 750//750 752//752
f 756//756 752//752 748//748
f 752//752 756//756 762//762
f 762//762 712//712 752//752
f 710//710 722//722 699//699
f 712//712 699//699 726//726
f 718//718 732//732 712//712
f 699//699 722//722 718//718
f 750//750 710//710 699//699
f 466//466 493//493 528//528
f 270//270 305//305 417//417
f 722//722 750//750 726//726
f 722//722 710//710 750//750
f 514//514 378//378 712//712
f 760//760 510//510 449//449
f 760//760 563//563 510//510
f 581//581 563//563 708//708
f 445//445 365//365 451//451
f 425//425 389//389 449//449
f 563//563 455//455 510//510
f 408//408 389//389 374//374
f 244//244 261//261 221//221
f 317//317 278//278 221//221
f 425//425 412//412 389//389
f 732//732 718//718 726//726
f 732//732 726//726 740//740
f 726//726 699//699 718//718
f 835//835 833//833 831//831
f 736//736 647//647 799//799
f 785//785 647//647 591//591
f 819//819 787//787 736//736
f 829//829 807//807 831//831
f 831//831 807//807 821//821
f 192//192 190//190 204//204
f 192//192 204//204 231//231
f 831//831 846//846 835//835
f 539//539 647//647 736//736
f 453//453 520//520 539//539
f 716//716 512//512 516//516
f 471//471 516//516 512//512
f 537//537 591//591 520//520
f 870//870 876//876 819//819
f 876//876 837//837 865//865
f 876//876 870//870 837//837
f 865//865 868//868 848//848
f 865//865 837//837 868//868
f 809//809 868//868 837//837
f 807//807 809//809 738//738
f 810//810 533//533 550//550
f 809//809 734//734 738//738
f 429//429 516//516 370//370
f 447//447 427//427 436//436
f 413//413 447//447 475//475
f 427//427 447//447 431//431
f 413//413 381//381 431//431
f 404//404 386//386 381//381
f 278//278 231//231 204//204
f 512//512 518//518 471//471
f 734//734 545//545 738//738
f 550//550 734//734 783//783
f 453//453 440//440 380//380
f 343//343 302//302 370//370
f 295//295 302//302 293//293
f 239//239 200//200 302//302
f 196//196 200//200 239//239
f 380//380 302//302 295//295
f 447//447 436//436 459//459
f 471//471 332//332 383//383
f 337//337 276//276 332//332
f 413//413 404//404 381//381
f 361//361 335//335 222//222
f 386//386 361//361 385//385
f 113//113 131//131 97//97
f 139//139 131//131 213//213
f 381//381 266//266 409//409
f 361//361 266//266 381//381
f 386//386 385//385 381//381
f 385//385 361//361 381//381
f 386//386 384//384 320//320
f 384//384 324//324 320//320
f 169//169 249//249 152//152
f 116//116 140//140 152//152
f 140//140 169//169 152//152
f 274//274 107//107 147//147
f 127//127 173//173 227//227
f 127//127 77//77 173//173
f 124//124 75//75 175//175
f 103//103 75//75 124//124
f 256//256 258//258 233//233
f 160//160 95//95 202//202
f 204//204 151//151 156//156
f 192//192 190//190 186//186
f 192//192 186//186 179//179
f 192//192 177//177 190//190
f 177//177 192//192 231//231
f 177//177 179//179 186//186
f 198//198 188//188 231//231
f 188//188 198//198 179//179
f 171//171 188//188 179//179
f 177//177 186//186 190//190
f 171//171 179//179 177//177
f 179//179 204//204 192//192
f 204//204 190//190 192//192
f 198//198 164//164 151//151
f 200//200 162//162 184//184
f 151//151 164//164 162//162
f 184//184 231//231 200//200
f 184//184 164//164 198//198
f 162//162 129//129 59//59
f 631//631 627//627 618//618
f 840//840 816//816 817//817
f 168//168 67//67 73//73
f 15//15 3//3 1//1
f 855//855 823//823 826//826
f 854//854 855//855 861//861
f 66//66 145//145 141//141
f 45//45 66//66 60//60
f 145//145 240//240 217//217
f 387//387 583//583 489//489
f 460//460 328//328 403//403
f 3//3 6//6 5//5
f 642//642 460//460 464//464
f 816//816 642//642 702//702
f 328//328 168//168 216//216
f 67//67 15//15 13//13
f 6//6 16//16 18//18
f 823//823 840//840 841//841
f 583//583 854//854 827//827
f 325//325 387//387 366//366
f 240//240 325//325 298//298
f 16//16 45//45 42//42
f 817//817 838//838 840//840
f 73//73 144//144 168//168
f 1//1 7//7 15//15
f 826//826 856//856 855//855
f 861//861 859//859 854//854
f 141//141 70//70 66//66
f 60//60 46//46 45//45
f 217//217 165//165 145//145
f 489//489 432//432 387//387
f 403//403 463//463 460//460
f 5//5 1//1 3//3
f 464//464 608//608 642//642
f 702//702 814//814 816//816
f 216//216 303//303 328//328
f 13//13 48//48 67//67
f 18//18 10//10 6//6
f 841//841 825//825 823//823
f 827//827 619//619 583//583
f 366//366 321//321 325//325
f 298//298 252//252 240//240
f 42//42 18//18 16//16
f 816//816 814//814 817//817
f 840//840 839//839 841//841
f 460//460 463//463 464//464
f 168//168 144//144 182//182
f 6//6 9//9 5//5
f 6//6 10//10 9//9
f 823//823 824//824 826//826
f 583//583 582//582 489//489
f 387//387 432//432 392//392
f 387//387 392//392 366//366
f 45//45 46//46 42//42
f 66//66 65//65 60//60
f 840//840 838//838 839//839
f 328//328 348//348 403//403
f 328//328 303//303 348//348
f 642//642 645//645 702//702
f 168//168 182//182 216//216
f 67//67 48//48 73//73
f 15//15 7//7 13//13
f 823//823 825//825 824//824
f 855//855 856//856 860//860
f 855//855 860//860 861//861
f 854//854 859//859 857//857
f 854//854 857//857 853//853
f 854//854 853//853 827//827
f 583//583 619//619 582//582
f 325//325 321//321 298//298
f 240//240 225//225 217//217
f 240//240 252//252 225//225
f 145//145 142//142 141//141
f 66//66 70//70 65//65
f 642//642 608//608 645//645
f 145//145 165//165 142//142
f 628//628 609//609 560//560
f 634//634 686//686 745//745
f 753//753 634//634 745//745
f 719//719 757//757 688//688
f 719//719 753//753 769//769
f 505//505 594//594 560//560
f 670//670 688//688 674//674
f 598//598 624//624 672//672
f 529//529 779//779 773//773
f 401//401 492//492 779//779
f 433//433 401//401 529//529
f 771//771 741//741 788//788
f 527//527 741//741 771//771
f 788//788 804//804 757//757
f 757//757 626//626 584//584
f 811//811 815//815 813//813
f 804//804 811//811 793//793
f 811//811 813//813 793//793
f 422//422 437//437 551//551
f 476//476 393//393 351//351
f 422//422 476//476 351//351
f 568//568 507//507 476//476
f 793//793 564//564 568//568
f 397//397 355//355 507//507
f 502//502 632//632 482//482
f 469//469 462//462 472//472
f 462//462 472//472 469//469
f 462//462 262//262 281//281
f 259//259 262//262 462//462
f 815//815 461//461 632//632
f 355//355 82//82 253//253
f 344//344 193//193 250//250
f 344//344 308//308 193//193
f 132//132 36//36 82//82
f 125//125 193//193 210//210
f 125//125 210//210 281//281
f 14//14 47//47 259//259
f 418//418 478//478 442//442
f 359//359 375//375 418//418
f 359//359 418//418 395//395
f 630//630 548//548 602//602
f 602//602 542//542 630//630
f 357//357 326//326 362//362
f 267//267 310//310 312//312
f 267//267 121//121 263//263
f 245//245 241//241 290//290
f 92//92 54//54 68//68
f 38//38 54//54 92//92
f 90//90 121//121 267//267
f 78//78 98//98 54//54
f 214//214 267//267 241//241
f 63//63 90//90 157//157
f 234//234 245//245 236//236
f 54//54 98//98 63//63
f 433//433 296//296 401//401
f 228//228 296//296 433//433
f 401//401 346//346 492//492
f 333//333 346//346 401//401
f 49//49 78//78 40//40
f 263//263 228//228 483//483
f 121//121 134//134 263//263
f 813//813 815//815 632//632
f 40//40 38//38 28//28
f 20//20 36//36 43//43
f 20//20 40//40 32//32
f 19//19 4//4 24//24
f 4//4 20//20 24//24
f 11//11 2//2 4//4
f 14//14 2//2 11//11
f 20//20 49//49 40//40
f 4//4 12//12 30//30
f 26//26 22//22 43//43
f 24//24 43//43 19//19
f 749//749 791//791 849//849
f 749//749 743//743 791//791
f 416//416 698//698 729//729
f 465//465 416//416 741//741
f 269//269 377//377 416//416
f 509//509 448//448 450//450
f 388//388 448//448 407//407
f 255//255 288//288 299//299
f 288//288 388//388 373//373
f 414//414 454//454 405//405
f 390//390 414//414 405//405
f 243//243 364//364 257//257
f 220//220 405//405 260//260
f 260//260 364//364 243//243
f 711//711 513//513 761//761
f 494//494 454//454 414//414
f 725//725 711//711 717//717
f 851//851 843//843 822//822
f 791//791 851//851 849//849
f 798//798 851//851 791//791
f 536//536 590//590 784//784
f 818//818 851//851 798//798
f 818//818 786//786 802//802
f 845//845 820//820 830//830
f 806//806 847//847 828//828
f 715//715 806//806 820//820
f 519//519 538//538 646//646
f 515//515 538//538 428//428
f 515//515 715//715 820//820
f 786//786 820//820 802//802
f 875//875 818//818 832//832
f 873//873 871//871 818//818
f 790//790 869//869 836//836
f 733//733 783//783 836//836
f 872//872 871//871 873//873
f 872//872 790//790 866//866
f 783//783 550//550 790//790
f 441//441 533//533 550//550
f 420//420 452//452 536//536
f 439//439 428//428 538//538
f 410//410 533//533 441//441
f 544//544 517//517 458//458
f 475//475 550//550 544//544
f 550//550 413//413 404//404
f 428//428 301//301 369//369
f 379//379 301//301 428//428
f 286//286 342//342 301//301
f 277//277 349//349 329//329
f 238//238 286//286 301//301
f 247//247 279//279 238//238
f 286//286 279//279 342//342
f 238//238 279//279 286//286
f 153//153 238//238 206//206
f 275//275 318//318 426//426
f 331//331 212//212 275//275
f 143//143 320//320 335//335
f 116//116 130//130 96//96
f 349//349 379//379 452//452
f 386//386 410//410 441//441
f 384//384 410//410 386//386
f 108//108 146//146 333//333
f 61//61 88//88 108//108
f 106//106 88//88 304//304
f 61//61 86//86 49//49
f 208//208 174//174 232//232
f 76//76 74//74 126//126
f 100//100 123//123 102//102
f 94//94 123//123 100//100
f 94//94 100//100 74//74
f 257//257 232//232 174//174
f 159//159 257//257 201//201
f 155//155 166//166 94//94
f 220//220 243//243 166//166
f 155//155 220//220 166//166
f 74//74 174//174 208//208
f 58//58 52//52 30//30
f 150//150 94//94 58//58
f 150//150 155//155 94//94
f 150//150 178//178 203//203
f 197//197 178//178 150//150
f 58//58 161//161 150//150
f 119//119 153//153 206//206
f 96//96 119//119 128//128
f 155//155 203//203 220//220
f 529//529 505//505 433//433
f 140//140 143//143 116//116
f 584//584 660//660 757//757
f 584//584 521//521 652//652
f 521//521 609//609 652//652
f 652//652 678//678 713//713
f 664//664 767//767 686//686
f 664//664 620//620 658//658
f 638//638 664//664 686//686
f 638//638 686//686 658//658
f 664//664 775//775 767//767
f 654//654 658//658 686//686
f 753//753 678//678 634//634
f 694//694 753//753 696//696
f 763//763 745//745 767//767
f 692//692 719//719 688//688
f 745//745 719//719 705//705
f 692//692 700//700 719//719
f 700//700 705//705 719//719
f 719//719 692//692 690//690
f 763//763 719//719 769//769
f 586//586 594//594 628//628
f 592//592 634//634 643//643
f 592//592 643//643 622//622
f 628//628 636//636 686//686
f 628//628 634//634 613//613
f 662//662 628//628 686//686
f 596//596 664//664 620//620
f 596//596 588//588 620//620
f 588//588 596//596 620//620
f 596//596 594//594 664//664
f 628//628 596//596 586//586
f 613//613 560//560 592//592
f 613//613 634//634 560//560
f 690//690 676//676 684//684
f 678//678 643//643 680//680
f 670//670 682//682 688//688
f 775//775 773//773 767//767
f 656//656 638//638 672//672
f 650//650 624//624 668//668
f 719//719 767//767 788//788
f 600//600 578//578 557//557
f 505//505 529//529 594//594
f 574//574 606//606 578//578
f 570//570 624//624 555//555
f 534//534 578//578 570//570
f 574//574 578//578 534//534
f 598//598 638//638 570//570
f 570//570 638//638 534//534
f 557//557 578//578 540//540
f 574//574 557//557 540//540
f 664//664 594//594 775//775
f 656//656 620//620 664//664
f 636//636 664//664 686//686
f 662//662 686//686 666//666
f 686//686 634//634 666//666
f 658//658 615//615 638//638
f 620//620 606//606 638//638
f 656//656 638//638 578//578
f 656//656 578//578 606//606
f 638//638 600//600 620//620
f 624//624 638//638 656//656
f 684//684 676//676 694//694
f 686//686 767//767 705//705
f 745//745 686//686 705//705
f 609//609 613//613 622//622
f 609//609 592//592 560//560
f 680//680 609//609 678//678
f 643//643 609//609 622//622
f 674//674 652//652 643//643
f 674//674 688//688 757//757
f 609//609 611//611 592//592
f 775//775 773//773 777//777
f 626//626 757//757 630//630
f 757//757 793//793 630//630
f 719//719 788//788 757//757
f 779//779 788//788 773//773
f 529//529 401//401 779//779
f 492//492 527//527 771//771
f 757//757 804//804 793//793
f 741//741 723//723 788//788
f 788//788 723//723 804//804
f 804//804 723//723 849//849
f 811//811 842//842 815//815
f 804//804 849//849 811//811
f 811//811 849//849 862//862
f 811//811 862//862 842//842
f 553//553 572//572 548//548
f 437//437 553//553 551//551
f 422//422 551//551 476//476
f 551//551 548//548 476//476
f 548//548 568//568 476//476
f 551//551 553//553 548//548
f 548//548 793//793 568//568
f 437//437 353//353 357//357
f 353//353 437//437 422//422
f 353//353 351//351 290//290
f 351//351 393//393 271//271
f 422//422 351//351 353//353
f 290//290 236//236 245//245
f 271//271 236//236 290//290
f 136//136 236//236 271//271
f 136//136 92//92 236//236
f 351//351 271//271 290//290
f 397//397 507//507 502//502
f 502//502 344//344 397//397
f 397//397 344//344 250//250
f 564//564 632//632 507//507
f 632//632 502//502 507//507
f 564//564 793//793 632//632
f 793//793 813//813 632//632
f 476//476 355//355 393//393
f 476//476 507//507 355//355
f 393//393 355//355 271//271
f 397//397 250//250 355//355
f 308//308 502//502 472//472
f 344//344 502//502 308//308
f 472//472 462//462 281//281
f 472//472 281//281 308//308
f 462//462 469//469 472//472
f 461//461 462//462 482//482
f 469//469 502//502 482//482
f 461//461 259//259 462//462
f 502//502 469//469 472//472
f 250//250 82//82 355//355
f 82//82 136//136 253//253
f 250//250 193//193 148//148
f 308//308 281//281 193//193
f 43//43 36//36 132//132
f 132//132 193//193 43//43
f 281//281 205//205 125//125
f 205//205 281//281 262//262
f 281//281 210//210 193//193
f 205//205 262//262 259//259
f 205//205 47//47 125//125
f 205//205 259//259 47//47
f 43//43 125//125 56//56
f 19//19 43//43 56//56
f 125//125 11//11 19//19
f 125//125 8//8 11//11
f 47//47 14//14 8//8
f 11//11 8//8 14//14
f 47//47 8//8 125//125
f 584//584 531//531 487//487
f 437//437 395//395 456//456
f 456//456 395//395 418//418
f 487//487 456//456 473//473
f 478//478 483//483 521//521
f 584//584 478//478 521//521
f 478//478 473//473 442//442
f 418//418 442//442 473//473
f 418//418 375//375 483//483
f 478//478 418//418 483//483
f 523//523 498//498 490//490
f 503//503 473//473 485//485
f 478//478 523//523 473//473
f 487//487 473//473 503//503
f 498//498 490//490 485//485
f 500//500 483//483 496//496
f 500//500 521//521 483//483
f 505//505 500//500 483//483
f 505//505 560//560 496//496
f 505//505 483//483 228//228
f 375//375 267//267 483//483
f 359//359 267//267 375//375
f 483//483 267//267 263//263
f 542//542 572//572 487//487
f 542//542 487//487 503//503
f 602//602 566//566 542//542
f 456//456 487//487 437//437
f 395//395 357//357 371//371
f 371//371 362//362 359//359
f 371//371 357//357 362//362
f 395//395 371//371 359//359
f 660//660 652//652 674//674
f 310//310 359//359 338//338
f 326//326 312//312 314//314
f 338//338 340//340 322//322
f 338//338 322//322 310//310
f 306//306 326//326 284//284
f 284//284 312//312 306//306
f 359//359 362//362 326//326
f 310//310 267//267 359//359
f 180//180 157//157 245//245
f 312//312 241//241 267//267
f 245//245 223//223 241//241
f 241//241 223//223 214//214
f 180//180 68//68 63//63
f 180//180 63//63 157//157
f 68//68 180//180 92//92
f 68//68 54//54 63//63
f 214//214 90//90 267//267
f 90//90 63//63 98//98
f 40//40 78//78 54//54
f 157//157 90//90 214//214
f 505//505 228//228 433//433
f 228//228 134//134 296//296
f 401//401 296//296 333//333
f 104//104 108//108 296//296
f 263//263 134//134 228//228
f 84//84 110//110 134//134
f 134//134 121//121 84//84
f 84//84 121//121 80//80
f 78//78 49//49 110//110
f 84//84 78//78 110//110
f 104//104 86//86 108//108
f 49//49 114//114 110//110
f 49//49 104//104 114//114
f 49//49 86//86 104//104
f 110//110 114//114 134//134
f 134//134 114//114 104//104
f 78//78 121//121 98//98
f 134//134 104//104 296//296
f 542//542 584//584 617//617
f 617//617 584//584 626//626
f 584//584 542//542 546//546
f 546//546 542//542 498//498
f 630//630 793//793 548//548
f 36//36 28//28 136//136
f 28//28 92//92 136//136
f 38//38 28//28 34//34
f 28//28 38//38 92//92
f 38//38 34//34 28//28
f 34//34 40//40 28//28
f 32//32 28//28 36//36
f 22//22 20//20 43//43
f 26//26 20//20 22//22
f 20//20 32//32 36//36
f 2//2 12//12 4//4
f 11//11 4//4 19//19
f 20//20 4//4 49//49
f 30//30 12//12 17//17
f 572//572 566//566 602//602
f 92//92 180//180 236//236
f 26//26 43//43 22//22
f 36//36 136//136 82//82
f 24//24 22//22 43//43
f 253//253 136//136 271//271
f 38//38 40//40 54//54
f 739//739 731//731 711//711
f 747//747 711//711 751//751
f 749//749 751//751 761//761
f 743//743 761//761 781//781
f 749//749 761//761 743//743
f 765//765 743//743 781//781
f 743//743 765//765 703//703
f 743//743 784//784 791//791
f 743//743 759//759 784//784
f 743//743 703//703 759//759
f 729//729 698//698 749//749
f 723//723 416//416 729//729
f 723//723 741//741 416//416
f 492//492 346//346 465//465
f 346//346 416//416 465//465
f 416//416 711//711 698//698
f 377//377 711//711 416//416
f 346//346 304//304 416//416
f 527//527 465//465 741//741
f 749//749 849//849 723//723
f 749//749 725//725 739//739
f 739//739 711//711 749//749
f 729//729 749//749 723//723
f 513//513 765//765 781//781
f 513//513 407//407 765//765
f 759//759 707//707 784//784
f 454//454 580//580 562//562
f 707//707 580//580 536//536
f 759//759 562//562 707//707
f 454//454 494//494 580//580
f 536//536 580//580 494//494
f 448//448 759//759 703//703
f 208//208 407//407 513//513
f 208//208 373//373 407//407
f 208//208 232//232 373//373
f 513//513 377//377 208//208
f 407//407 703//703 765//765
f 407//407 448//448 703//703
f 411//411 450//450 448//448
f 450//450 411//411 364//364
f 424//424 411//411 448//448
f 509//509 450//450 444//444
f 454//454 509//509 444//444
f 299//299 288//288 373//373
f 288//288 282//282 388//388
f 411//411 388//388 282//282
f 232//232 255//255 373//373
f 288//288 255//255 282//282
f 373//373 255//255 299//299
f 444//444 364//364 454//454
f 414//414 536//536 494//494
f 414//414 390//390 316//316
f 414//414 316//316 349//349
f 414//414 420//420 536//536
f 349//349 420//420 414//414
f 257//257 364//364 411//411
f 282//282 255//255 257//257
f 364//364 260//260 405//405
f 405//405 316//316 390//390
f 220//220 316//316 405//405
f 411//411 282//282 257//257
f 364//364 405//405 454//454
f 781//781 761//761 513//513
f 721//721 717//717 725//725
f 843//843 858//858 822//822
f 862//862 849//849 851//851
f 862//862 851//851 822//822
f 818//818 802//802 820//820
f 798//798 791//791 795//795
f 820//820 832//832 818//818
f 791//791 784//784 795//795
f 646//646 795//795 784//784
f 735//735 800//800 798//798
f 735//735 818//818 800//800
f 795//795 646//646 798//798
f 845//845 832//832 820//820
f 832//832 845//845 834//834
f 830//830 828//828 832//832
f 832//832 828//828 847//847
f 590//590 519//519 646//646
f 519//519 536//536 452//452
f 538//538 452//452 439//439
f 786//786 515//515 820//820
f 735//735 538//538 515//515
f 806//806 715//715 737//737
f 470//470 515//515 467//467
f 786//786 735//735 515//515
f 800//800 818//818 798//798
f 818//818 869//869 873//873
f 851//851 818//818 843//843
f 843//843 818//818 871//871
f 843//843 871//871 858//858
f 847//847 864//864 875//875
f 832//832 847//847 875//875
f 873//873 869//869 790//790
f 808//808 867//867 847//847
f 806//806 808//808 847//847
f 808//808 733//733 836//836
f 790//790 872//872 873//873
f 872//872 866//866 871//871
f 836//836 783//783 790//790
f 810//810 866//866 790//790
f 550//550 810//810 790//790
f 452//452 420//420 349//349
f 467//467 515//515 342//342
f 446//446 430//430 413//413
f 426//426 318//318 367//367
f 426//426 367//367 430//430
f 409//409 381//381 430//430
f 550//550 404//404 441//441
f 404//404 386//386 441//441
f 318//318 265//265 409//409
f 409//409 367//367 318//318
f 367//367 409//409 430//430
f 715//715 517//517 737//737
f 203//203 277//277 220//220
f 511//511 517//517 715//715
f 467//467 342//342 470//470
f 517//517 544//544 737//737
f 446//446 544//544 458//458
f 544//544 446//446 475//475
f 544//544 550//550 733//733
f 475//475 413//413 550//550
f 439//439 379//379 428//428
f 349//349 292//292 379//379
f 292//292 294//294 379//379
f 515//515 369//369 342//342
f 470//470 342//342 382//382
f 349//349 230//230 199//199
f 277//277 230//230 349//349
f 161//161 195//195 199//199
f 292//292 199//199 301//301
f 230//230 197//197 183//183
f 349//349 199//199 292//292
f 206//206 238//238 195//195
f 238//238 153//153 247//247
f 470//470 331//331 458//458
f 279//279 247//247 342//342
f 247//247 218//218 331//331
f 342//342 247//247 382//382
f 458//458 331//331 399//399
f 426//426 336//336 275//275
f 247//247 331//331 382//382
f 399//399 336//336 426//426
f 331//331 336//336 399//399
f 458//458 399//399 435//435
f 404//404 381//381 385//385
f 318//318 275//275 265//265
f 265//265 222//222 361//361
f 386//386 361//361 335//335
f 265//265 212//212 222//222
f 275//275 212//212 265//265
f 222//222 143//143 335//335
f 119//119 112//112 153//153
f 153//153 112//112 218//218
f 218//218 130//130 212//212
f 130//130 218//218 112//112
f 138//138 143//143 222//222
f 116//116 138//138 130//130
f 138//138 116//116 143//143
f 212//212 138//138 222//222
f 218//218 212//212 331//331
f 470//470 458//458 517//517
f 153//153 218//218 247//247
f 533//533 410//410 810//810
f 435//435 399//399 426//426
f 381//381 404//404 385//385
f 784//784 707//707 536//536
f 316//316 329//329 349//349
f 277//277 329//329 316//316
f 871//871 866//866 858//858
f 866//866 810//810 858//858
f 559//559 797//797 810//810
f 410//410 559//559 810//810
f 320//320 169//169 249//249
f 143//143 169//169 320//320
f 169//169 143//143 140//140
f 152//152 116//116 51//51
f 333//333 273//273 346//346
f 346//346 273//273 304//304
f 273//273 106//106 304//304
f 86//86 61//61 108//108
f 108//108 88//88 106//106
f 304//304 172//172 269//269
f 269//269 226//226 377//377
f 304//304 88//88 172//172
f 106//106 146//146 108//108
f 49//49 52//52 61//61
f 49//49 30//30 52//52
f 52//52 71//71 88//88
f 61//61 52//52 88//88
f 226//226 208//208 377//377
f 126//126 208//208 226//226
f 126//126 74//74 208//208
f 76//76 172//172 88//88
f 88//88 71//71 76//76
f 100//100 102//102 74//74
f 71//71 74//74 76//76
f 94//94 74//74 71//71
f 52//52 94//94 71//71
f 174//174 201//201 257//257
f 123//123 94//94 174//174
f 159//159 243//243 257//257
f 166//166 243//243 159//159
f 94//94 166//166 159//159
f 174//174 94//94 201//201
f 172//172 226//226 269//269
f 4//4 30//30 49//49
f 17//17 58//58 30//30
f 58//58 17//17 51//51
f 96//96 58//58 51//51
f 58//58 94//94 52//52
f 176//176 187//187 230//230
f 176//176 170//170 187//187
f 183//183 163//163 161//161
f 195//195 119//119 206//206
f 117//117 119//119 195//195
f 161//161 117//117 195//195
f 128//128 117//117 161//161
f 119//119 117//117 128//128
f 58//58 96//96 128//128
f 96//96 112//112 119//119
f 51//51 116//116 96//96
f 842//842 862//862 822//822
f 146//146 273//273 333//333
f 521//521 560//560 609//609
f 335//335 320//320 386//386
f 410//410 384//384 559//559
f 810//810 797//797 858//858
f 320//320 249//249 324//324
f 652//652 609//609 678//678
f 757//757 660//660 674//674
f 664//664 658//658 654//654
f 652//652 660//660 584//584
f 767//767 777//777 773//773
f 788//788 767//767 773//773
f 638//638 656//656 664//664
f 654//654 686//686 664//664
f 658//658 620//620 654//654
f 694//694 727//727 753//753
f 690//690 753//753 719//719
f 690//690 694//694 753//753
f 690//690 694//694 676//676
f 694//694 692//692 696//696
f 694//694 690//690 692//692
f 688//688 696//696 692//692
f 678//678 753//753 727//727
f 753//753 694//694 696//696
f 745//745 705//705 767//767
f 769//769 763//763 767//767
f 763//763 769//769 767//767
f 692//692 745//745 700//700
f 692//692 719//719 745//745
f 745//745 769//769 753//753
f 745//745 763//763 769//769
f 745//745 705//705 700//700
f 666//666 648//648 640//640
f 719//719 763//763 767//767
f 628//628 586//586 604//604
f 666//666 662//662 648//648
f 666//666 648//648 662//662
f 666//666 640//640 648//648
f 628//628 640//640 634//634
f 628//628 666//666 640//640
f 640//640 666//666 634//634
f 620//620 557//557 596//596
f 620//620 576//576 557//557
f 662//662 666//666 628//628
f 594//594 628//628 560//560
f 634//634 592//592 560//560
f 576//576 588//588 604//604
f 576//576 620//620 588//588
f 592//592 622//622 613//613
f 664//664 636//636 620//620
f 604//604 586//586 596//596
f 596//596 628//628 594//594
f 615//615 636//636 604//604
f 594//594 586//586 628//628
f 596//596 576//576 604//604
f 576//576 604//604 620//620
f 576//576 615//615 604//604
f 636//636 628//628 604//604
f 615//615 620//620 636//636
f 604//604 588//588 620//620
f 670//670 678//678 680//680
f 670//670 634//634 678//678
f 670//670 680//680 682//682
f 670//670 652//652 680//680
f 643//643 634//634 670//670
f 674//674 643//643 670//670
f 652//652 682//682 680//680
f 652//652 688//688 682//682
f 643//643 670//670 680//680
f 682//682 684//684 688//688
f 592//592 622//622 611//611
f 668//668 624//624 650//650
f 668//668 672//672 624//624
f 672//672 638//638 598//598
f 529//529 773//773 775//775
f 594//594 529//529 775//775
f 650//650 624//624 598//598
f 624//624 650//650 598//598
f 668//668 624//624 672//672
f 578//578 574//574 540//540
f 656//656 672//672 624//624
f 557//557 615//615 600//600
f 574//574 615//615 557//557
f 574//574 534//534 638//638
f 574//574 638//638 615//615
f 570//570 578//578 624//624
f 534//534 570//570 555//555
f 598//598 534//534 555//555
f 570//570 534//534 598//598
f 624//624 578//578 638//638
f 574//574 600//600 606//606
f 606//606 600//600 638//638
f 578//578 600//600 574//574
f 615//615 620//620 600//600
f 615//615 576//576 620//620
f 615//615 654//654 620//620
f 615//615 658//658 654//654
f 596//596 557//557 576//576
f 694//694 690//690 684//684
f 620//620 656//656 606//606
f 624//624 598//598 555//555
f 694//694 652//652 727//727
f 694//694 688//688 652//652
f 694//694 688//688 684//684
f 694//694 696//696 688//688
f 694//694 682//682 688//688
f 684//684 682//682 694//694
f 592//592 609//609 560//560
f 592//592 611//611 609//609
f 611//611 622//622 592//592
f 753//753 713//713 727//727
f 727//727 713//713 753//753
f 609//609 680//680 678//678
f 727//727 713//713 678//678
f 609//609 628//628 613//613
f 525//525 478//478 584//584
f 643//643 678//678 609//609
f 652//652 670//670 643//643
f 652//652 713//713 727//727
f 775//775 777//777 773//773
f 767//767 773//773 777//777
f 771//771 779//779 492//492
f 771//771 788//788 779//779
f 487//487 572//572 437//437
f 437//437 572//572 553//553
f 507//507 568//568 564//564
f 271//271 355//355 253//253
f 482//482 632//632 461//461
f 462//462 469//469 482//482
f 148//148 82//82 250//250
f 132//132 148//148 193//193
f 82//82 148//148 132//132
f 43//43 193//193 125//125
f 19//19 56//56 125//125
f 523//523 546//546 498//498
f 531//531 525//525 487//487
f 584//584 546//546 531//531
f 525//525 584//584 487//487
f 480//480 473//473 478//478
f 480//480 485//485 473//473
f 478//478 525//525 523//523
f 525//525 531//531 523//523
f 523//523 531//531 546//546
f 473//473 456//456 418//418
f 503//503 490//490 498//498
f 473//473 480//480 478//478
f 473//473 485//485 480//480
f 498//498 485//485 480//480
f 485//485 490//490 480//480
f 480//480 490//490 498//498
f 503//503 485//485 490//490
f 485//485 523//523 490//490
f 485//485 473//473 523//523
f 500//500 496//496 560//560
f 500//500 496//496 483//483
f 500//500 560//560 521//521
f 505//505 496//496 500//500
f 542//542 566//566 572//572
f 542//542 617//617 630//630
f 437//437 357//357 395//395
f 326//326 314//314 322//322
f 322//322 314//314 310//310
f 353//353 290//290 357//357
f 241//241 284//284 290//290
f 284//284 357//357 290//290
f 338//338 359//359 326//326
f 322//322 340//340 326//326
f 310//310 314//314 312//312
f 359//359 326//326 362//362
f 359//359 338//338 326//326
f 312//312 314//314 306//306
f 306//306 314//314 312//312
f 326//326 306//306 312//312
f 755//755 751//751 747//747
f 755//755 761//761 751//751
f 357//357 284//284 326//326
f 340//340 359//359 362//362
f 338//338 359//359 340//340
f 340//340 362//362 326//326
f 180//180 245//245 234//234
f 241//241 312//312 284//284
f 223//223 245//245 157//157
f 214//214 223//223 157//157
f 180//180 234//234 236//236
f 121//121 90//90 98//98
f 333//333 296//296 108//108
f 80//80 121//121 78//78
f 80//80 78//78 84//84
f 542//542 503//503 498//498
f 40//40 34//34 32//32
f 32//32 34//34 28//28
f 20//20 26//26 24//24
f 24//24 26//26 22//22
f 548//548 572//572 602//602
f 747//747 749//749 711//711
f 747//747 751//751 749//749
f 755//755 747//747 751//751
f 751//751 761//761 755//755
f 761//761 751//751 711//711
f 709//709 698//698 721//721
f 711//711 725//725 698//698
f 717//717 711//711 731//731
f 698//698 717//717 721//721
f 749//749 698//698 709//709
f 465//465 527//527 492//492
f 269//269 416//416 304//304
f 721//721 725//725 749//749
f 721//721 749//749 709//709
f 513//513 711//711 377//377
f 759//759 448//448 509//509
f 759//759 509//509 562//562
f 580//580 707//707 562//562
f 444//444 450//450 364//364
f 424//424 448//448 388//388
f 562//562 509//509 454//454
f 407//407 373//373 388//388
f 243//243 220//220 260//260
f 316//316 220//220 277//277
f 424//424 388//388 411//411
f 731//731 725//725 717//717
f 731//731 739//739 725//725
f 725//725 717//717 698//698
f 834//834 830//830 832//832
f 735//735 798//798 646//646
f 784//784 590//590 646//646
f 818//818 735//735 786//786
f 828//828 830//830 806//806
f 830//830 820//820 806//806
f 191//191 203//203 189//189
f 191//191 230//230 203//203
f 830//830 834//834 845//845
f 538//538 735//735 646//646
f 452//452 538//538 519//519
f 715//715 515//515 511//511
f 470//470 511//511 515//515
f 536//536 519//519 590//590
f 869//869 818//818 875//875
f 875//875 864//864 836//836
f 875//875 836//836 869//869
f 864//864 847//847 867//867
f 864//864 867//867 836//836
f 808//808 836//836 867//867
f 806//806 737//737 808//808
f 810//810 550//550 533//533
f 808//808 737//737 733//733
f 428//428 369//369 515//515
f 446//446 435//435 426//426
f 413//413 475//475 446//446
f 426//426 430//430 446//446
f 413//413 430//430 381//381
f 404//404 381//381 386//386
f 277//277 203//203 230//230
f 511//511 470//470 517//517
f 733//733 737//737 544//544
f 550//550 783//783 733//733
f 452//452 379//379 439//439
f 342//342 369//369 301//301
f 294//294 292//292 301//301
f 238//238 301//301 199//199
f 195//195 238//238 199//199
f 379//379 294//294 301//301
f 446//446 458//458 435//435
f 470//470 382//382 331//331
f 336//336 331//331 275//275
f 413//413 381//381 404//404
f 361//361 222//222 335//335
f 386//386 385//385 361//361
f 112//112 96//96 130//130
f 138//138 212//212 130//130
f 381//381 409//409 265//265
f 361//361 381//381 265//265
f 386//386 381//381 385//385
f 385//385 381//381 361//361
f 386//386 320//320 384//384
f 384//384 320//320 324//324
f 169//169 152//152 249//249
f 116//116 152//152 140//140
f 140//140 152//152 169//169
f 273//273 146//146 106//106
f 126//126 226//226 172//172
f 126//126 172//172 76//76
f 123//123 174//174 74//74
f 102//102 123//123 74//74
f 255//255 232//232 257//257
f 159//159 201//201 94//94
f 203//203 155//155 150//150
f 191//191 185//185 189//189
f 191//191 178//178 185//185
f 191//191 189//189 176//176
f 176//176 230//230 191//191
f 176//176 185//185 178//178
f 197//197 230//230 187//187
f 187//187 178//178 197//197
f 170//170 178//178 187//187
f 176//176 189//189 185//185
f 170//170 176//176 178//178
f 178//178 191//191 203//203
f 203//203 191//191 189//189
f 197//197 150//150 163//163
f 199//199 183//183 161//161
f 150//150 161//161 163//163
f 183//183 199//199 230//230
f 183//183 197//197 163//163
f 161//161 58//58 128//128
f 630//630 617//617 626//626
f 840//840 817//817 816//816
f 168//168 73//73 67//67
f 15//15 1//1 3//3
f 855//855 826//826 823//823
f 854//854 861//861 855//855
f 66//66 141//141 145//145
f 45//45 60//60 66//66
f 145//145 217//217 240//240
f 387//387 489//489 583//583
f 460//460 403//403 328//328
f 3//3 5//5 6//6
f 642//642 464//464 460//460
f 816//816 702//702 642//642
f 328//328 216//216 168//168
f 67//67 13//13 15//15
f 6//6 18//18 16//16
f 823//823 841//841 840//840
f 583//583 827//827 854//854
f 325//325 366//366 387//387
f 240//240 298//298 325//325
f 16//16 42//42 45//45
f 817//817 840//840 838//838
f 73//73 168//168 144//144
f 1//1 15//15 7//7
f 826//826 855//855 856//856
f 861//861 854//854 859//859
f 141//141 66//66 70//70
f 60//60 45//45 46//46
f 217//217 145//145 165//165
f 489//489 387//387 432//432
f 403//403 460//460 463//463
f 5//5 3//3 1//1
f 464//464 642//642 608//608
f 702//702 816//816 814//814
f 216//216 328//328 303//303
f 13//13 67//67 48//48
f 18//18 6//6 10//10
f 841//841 823//823 825//825
f 827//827 583//583 619//619
f 366//366 325//325 321//321
f 298//298 240//240 252//252
f 42//42 16//16 18//18
f 816//816 817//817 814//814
f 840//840 841//841 839//839
f 460//460 464//464 463//463
f 168//168 182//182 144//144
f 6//6 5//5 9//9
f 6//6 9//9 10//10
f 823//823 826//826 824//824
f 583//583 489//489 582//582
f 387//387 392//392 432//432
f 387//387 366//366 392//392
f 45//45 42//42 46//46
f 66//66 60//60 65//65
f 840//840 839//839 838//838
f 328//328 403//403 348//348
f 328//328 348//348 303//303
f 642//642 702//702 645//645
f 168//168 216//216 182//182
f 67//67 73//73 48//48
f 15//15 13//13 7//7
f 823//823 824//824 825//825
f 855//855 860//860 856//856
f 855//855 861//861 860//860
f 854//854 857//857 859//859
f 854//854 853//853 857//857
f 854//854 827//827 853//853
f 583//583 582//582 619//619
f 325//325 298//298 321//321
f 240//240 217//217 225//225
f 240//240 225//225 252//252
f 145//145 141//141 142//142
f 66//66 65//65 70//70
f 642//642 645//645 608//608
f 145//145 142//142 165//165
