# convertido de flygym/NeuroMechFly (c_abdomen6)
v -0.45086 0.00000 0.00204
v -0.45080 0.00000 0.00152
v -0.43994 0.00000 0.00479
v -0.43276 0.00000 -0.00568
v -0.43263 0.00000 -0.00627
v -0.43245 0.00000 -0.00462
v -0.42631 0.00000 0.02429
v -0.42608 0.00000 0.00464
v -0.42540 0.00000 0.00419
v -0.42533 0.00000 -0.01555
v -0.42443 0.00000 0.00529
v -0.42189 0.00000 0.00947
v -0.41841 0.00000 0.02094
v -0.41820 0.00000 -0.02787
v -0.41542 0.00000 -0.02441
v -0.41531 0.00000 0.02262
v -0.41365 0.00000 0.01967
v -0.41228 0.00000 0.03081
v -0.41075 0.00000 0.01981
v -0.40970 0.00000 0.02991
v -0.40964 0.00000 -0.02664
v -0.40759 0.00000 -0.00497
v -0.40290 0.00000 0.03977
v -0.39956 0.00000 -0.02356
v -0.39776 0.00000 0.04656
v -0.39739 0.00000 0.04340
v -0.39506 0.00000 -0.02547
v -0.39127 0.00000 0.03662
v -0.38920 0.00000 -0.02881
v -0.38750 0.00000 0.02477
v -0.38646 0.00000 0.05377
v -0.38332 0.00000 -0.01853
v -0.38197 0.00000 0.05413
v -0.38018 0.00000 0.05796
v -0.37713 0.00000 0.05956
v -0.37119 0.00000 -0.01619
v -0.36090 0.00000 -0.03729
v -0.35924 0.00000 -0.07744
v -0.35898 0.00000 -0.08518
v -0.35713 0.00000 -0.09063
v -0.35582 0.00000 -0.03804
v -0.35486 0.00000 -0.09564
v -0.35402 0.00000 -0.09947
v -0.35384 0.00000 -0.08363
v -0.35321 0.00000 -0.09575
v -0.35188 0.00000 0.06831
v -0.35064 0.00000 -0.09655
v -0.35050 0.00000 -0.04070
v -0.35043 0.00000 -0.06251
v -0.35006 0.00000 -0.09896
v -0.34803 0.00000 -0.06704
v -0.34724 0.00000 -0.10639
v -0.34701 0.00000 -0.11412
v -0.34651 0.00000 0.02455
v -0.34611 0.00000 0.05352
v -0.34229 0.00000 -0.04076
v -0.34103 0.00000 -0.13151
v -0.34013 0.00000 -0.04416
v -0.33992 0.00000 -0.12235
v -0.33948 0.00000 -0.04452
v -0.33858 0.00000 -0.04501
v -0.33783 0.00000 -0.10967
v -0.33417 0.00000 0.07195
v -0.33083 0.00000 -0.12739
v -0.32901 0.00000 0.01241
v -0.32859 0.00000 -0.10714
v -0.32802 0.00000 -0.14210
v -0.32724 0.00000 -0.15416
v -0.32682 0.00000 -0.02778
v -0.32512 0.00000 0.07455
v -0.32427 -0.10043 -0.06278
v -0.32427 0.10043 -0.06278
v -0.32404 0.00000 -0.07127
v -0.32399 0.00000 0.07540
v -0.32383 0.00000 0.07304
v -0.32321 0.00000 0.02227
v -0.32309 0.00000 -0.00729
v -0.32258 -0.10299 -0.01058
v -0.32258 0.10299 -0.01058
v -0.32253 0.00000 -0.13662
v -0.32245 0.00000 -0.00518
v -0.32199 0.00000 -0.12770
v -0.32154 -0.10572 -0.04784
v -0.32154 0.10572 -0.04784
v -0.32112 0.00000 -0.14092
v -0.32110 0.00000 0.07111
v -0.32100 0.00000 0.01751
v -0.32069 0.00000 -0.01912
v -0.32052 0.00000 -0.13163
v -0.32051 0.00000 -0.14529
v -0.32032 0.00000 -0.05855
v -0.32010 0.00000 0.03803
v -0.31862 0.00000 0.07693
v -0.31776 0.00000 -0.13604
v -0.31754 0.00000 -0.13768
v -0.31627 0.00000 -0.03973
v -0.31472 0.00000 -0.17713
v -0.31467 0.00000 -0.13757
v -0.31426 0.00000 -0.13796
v -0.31417 0.00000 -0.10982
v -0.31373 0.00000 0.08226
v -0.31371 0.00000 -0.11718
v -0.31190 0.00000 -0.05720
v -0.31065 0.00000 -0.10791
v -0.31063 0.00000 -0.10792
v -0.31058 0.00000 0.07384
v -0.31032 0.00000 -0.13208
v -0.30975 0.00000 0.07058
v -0.30916 0.00000 0.08221
v -0.30559 0.00000 0.08367
v -0.30432 0.00000 -0.19503
v -0.30421 0.00000 -0.13963
v -0.30310 0.00000 0.07842
v -0.30221 0.00000 -0.15189
v -0.30212 0.00000 -0.18075
v -0.30151 0.00000 -0.18417
v -0.30147 0.00000 -0.18393
v -0.30143 0.00000 -0.21548
v -0.29962 0.00000 -0.13300
v -0.29921 0.00000 -0.18607
v -0.29866 0.00000 -0.13317
v -0.29841 0.00000 -0.20409
v -0.29793 0.00000 -0.13354
v -0.29733 0.00000 -0.13262
v -0.29680 0.00000 -0.13389
v -0.29645 0.00000 -0.22918
v -0.29642 0.00000 -0.12560
v -0.29639 0.00000 0.08801
v -0.29557 0.00000 -0.23668
v -0.29496 0.00000 -0.14696
v -0.29489 0.00000 -0.13462
v -0.29461 0.00000 -0.23393
v -0.29460 0.00000 -0.20690
v -0.29444 0.00000 -0.23552
v -0.29354 0.00000 -0.24345
v -0.29274 0.00000 -0.24560
v -0.29254 0.00000 0.08822
v -0.29186 0.00000 -0.17782
v -0.29145 0.00000 0.08705
v -0.29143 -0.12446 -0.01343
v -0.29143 0.12446 -0.01343
v -0.29091 0.00000 -0.25251
v -0.29073 0.00000 -0.17611
v -0.28999 0.00000 -0.22579
v -0.28995 0.00000 -0.22006
v -0.28962 0.00000 -0.15427
v -0.28951 0.00000 -0.21868
v -0.28935 0.00000 -0.16250
v -0.28918 0.00000 -0.22782
v -0.28877 0.00000 -0.13296
v -0.28826 0.00000 -0.21841
v -0.28803 0.00000 -0.14793
v -0.28801 0.00000 -0.21619
v -0.28786 0.00000 -0.15723
v -0.28776 0.00000 -0.17567
v -0.28774 0.00000 -0.23977
v -0.28701 0.00000 0.09013
v -0.28671 0.00000 -0.25488
v -0.28619 0.00000 -0.15675
v -0.28571 0.00000 -0.15567
v -0.28566 -0.11326 0.05562
v -0.28566 0.11326 0.05562
v -0.28512 0.00000 -0.14039
v -0.28475 0.00000 0.18714
v -0.28457 0.00000 -0.20930
v -0.28390 0.00000 0.19176
v -0.28388 0.00000 0.19241
v -0.28369 0.00000 0.19322
v -0.28279 0.00000 -0.13916
v -0.28246 0.00000 0.09140
v -0.28186 0.00000 -0.18858
v -0.28178 0.00000 -0.20945
v -0.28167 0.00000 -0.18852
v -0.28166 0.00000 -0.25955
v -0.28138 0.00000 -0.12922
v -0.28137 0.00000 -0.16857
v -0.28109 0.00000 0.17977
v -0.28010 0.00000 0.09250
v -0.27992 0.00000 0.18626
v -0.27975 0.00000 -0.20871
v -0.27925 0.00000 0.18695
v -0.27873 0.00000 -0.12826
v -0.27863 0.00000 -0.20963
v -0.27857 -0.12112 0.11464
v -0.27857 0.12112 0.11464
v -0.27842 0.00000 0.14657
v -0.27833 0.00000 -0.12200
v -0.27833 0.00000 -0.20906
v -0.27830 0.00000 -0.12204
v -0.27803 0.00000 0.20294
v -0.27797 0.00000 -0.19448
v -0.27796 0.00000 -0.20870
v -0.27700 0.00000 -0.21001
v -0.27663 0.00000 -0.12072
v -0.27662 0.00000 0.17504
v -0.27646 0.00000 -0.13577
v -0.27640 0.00000 0.17404
v -0.27631 -0.11193 -0.17911
v -0.27631 0.11193 -0.17911
v -0.27617 0.00000 -0.12199
v -0.27616 -0.11298 0.08467
v -0.27616 0.11298 0.08467
v -0.27554 0.00000 0.20611
v -0.27531 -0.11378 0.07926
v -0.27531 0.11378 0.07926
v -0.27517 0.00000 0.16984
v -0.27502 -0.13599 0.01249
v -0.27502 0.13599 0.01249
v -0.27494 -0.14085 -0.07270
v -0.27494 0.14085 -0.07270
v -0.27352 0.00000 0.11132
v -0.27297 0.00000 0.15398
v -0.27286 0.00000 0.16782
v -0.27255 0.00000 0.16631
v -0.27223 0.00000 -0.13291
v -0.27085 0.00000 0.14332
v -0.27083 0.00000 -0.20134
v -0.27070 0.00000 0.12723
v -0.27065 0.00000 0.12904
v -0.27004 0.00000 0.10502
v -0.26988 0.00000 -0.20247
v -0.26964 0.00000 -0.20294
v -0.26949 -0.13368 0.05250
v -0.26949 0.13368 0.05250
v -0.26944 0.00000 0.21272
v -0.26920 -0.15185 0.05383
v -0.26920 0.15185 0.05383
v -0.26909 0.00000 0.09350
v -0.26908 0.00000 -0.20280
v -0.26841 0.00000 0.20824
v -0.26829 0.00000 0.21509
v -0.26803 0.00000 -0.20475
v -0.26797 0.00000 -0.20643
v -0.26797 0.00000 0.21050
v -0.26743 0.00000 0.09853
v -0.26738 0.00000 0.15732
v -0.26726 0.00000 -0.13262
v -0.26720 0.00000 -0.13263
v -0.26695 -0.16825 0.03480
v -0.26695 0.16825 0.03480
v -0.26677 0.00000 -0.21299
v -0.26660 0.00000 -0.21217
v -0.26656 0.00000 0.17202
v -0.26646 -0.14822 -0.06734
v -0.26646 0.14822 -0.06734
v -0.26600 0.00000 -0.13098
v -0.26562 0.00000 0.13422
v -0.26525 0.00000 0.14978
v -0.26510 0.00000 0.21675
v -0.26500 0.00000 0.13208
v -0.26449 0.00000 0.21591
v -0.26445 0.00000 -0.20999
v -0.26399 0.00000 0.13007
v -0.26372 0.00000 -0.10815
v -0.26318 -0.11091 0.15587
v -0.26318 0.11091 0.15587
v -0.26234 -0.13141 -0.14876
v -0.26234 0.13141 -0.14876
v -0.26226 0.00000 -0.21624
v -0.26210 0.00000 0.12187
v -0.26207 0.00000 -0.21136
v -0.25986 0.00000 -0.21871
v -0.25956 0.00000 -0.12693
v -0.25909 0.00000 -0.22094
v -0.25814 0.00000 -0.10362
v -0.25780 0.00000 -0.21393
v -0.25774 0.00000 -0.21420
v -0.25753 0.00000 0.10681
v -0.25673 0.00000 -0.22357
v -0.25602 0.00000 0.10333
v -0.25559 0.00000 -0.25272
v -0.25527 0.00000 -0.21510
v -0.25494 0.00000 -0.08424
v -0.25482 0.00000 -0.21517
v -0.25479 0.00000 -0.08436
v -0.25460 0.00000 -0.27322
v -0.25457 0.00000 -0.21546
v -0.25446 0.00000 -0.21118
v -0.25416 0.00000 -0.21531
v -0.25333 0.00000 -0.10046
v -0.25315 -0.17073 -0.00300
v -0.25315 0.17073 -0.00300
v -0.25290 -0.15685 -0.00048
v -0.25290 0.15685 -0.00048
v -0.25166 0.00000 -0.27464
v -0.25134 0.00000 0.10580
v -0.25128 0.00000 0.10605
v -0.25125 0.00000 -0.12470
v -0.24910 0.00000 -0.11882
v -0.24787 0.00000 -0.21899
v -0.24659 0.00000 -0.11712
v -0.24633 -0.14045 0.13158
v -0.24633 0.14045 0.13158
v -0.24490 -0.19257 0.01183
v -0.24490 0.19257 0.01183
v -0.24462 0.00000 -0.22773
v -0.24382 -0.14100 -0.15724
v -0.24382 0.14100 -0.15724
v -0.24354 0.00000 0.22664
v -0.24335 0.00000 0.20052
v -0.24262 0.00000 -0.27853
v -0.24169 0.00000 -0.10919
v -0.24002 0.00000 -0.11098
v -0.24001 0.00000 -0.22923
v -0.23818 0.00000 -0.10732
v -0.23759 0.00000 -0.23038
v -0.23531 0.00000 -0.11141
v -0.23514 0.00000 -0.09985
v -0.23437 0.00000 -0.28222
v -0.23297 0.00000 0.23084
v -0.23193 0.00000 0.22942
v -0.23121 -0.20005 0.03748
v -0.23121 0.20005 0.03748
v -0.23088 0.00000 -0.23010
v -0.22976 0.00000 -0.22292
v -0.22953 0.00000 -0.23047
v -0.22937 0.00000 -0.23000
v -0.22880 -0.12106 0.17350
v -0.22880 0.12106 0.17350
v -0.22855 0.00000 -0.22343
v -0.22843 -0.20185 -0.05527
v -0.22843 0.20185 -0.05527
v -0.22831 -0.17369 -0.05376
v -0.22831 0.17369 -0.05376
v -0.22827 0.00000 -0.22345
v -0.22800 0.00000 -0.23107
v -0.22786 0.00000 -0.22352
v -0.22725 0.00000 -0.28444
v -0.22481 0.00000 -0.22559
v -0.22325 -0.17057 -0.06264
v -0.22325 0.17057 -0.06264
v -0.22307 0.00000 -0.23144
v -0.22274 -0.17020 -0.06839
v -0.22274 0.17020 -0.06839
v -0.22192 0.00000 0.23236
v -0.22168 0.00000 -0.25088
v -0.21861 0.00000 -0.25624
v -0.21667 -0.13260 -0.20573
v -0.21667 0.13260 -0.20573
v -0.21649 0.00000 -0.23296
v -0.21624 -0.21895 -0.02664
v -0.21624 0.21895 -0.02664
v -0.21313 0.00000 -0.22385
v -0.21298 0.00000 -0.25194
v -0.21102 -0.11622 -0.22511
v -0.21102 0.11622 -0.22511
v -0.20950 -0.10007 -0.25046
v -0.20950 0.10007 -0.25046
v -0.20903 -0.19469 -0.11000
v -0.20903 0.19469 -0.11000
v -0.20763 -0.21668 -0.09413
v -0.20763 0.21668 -0.09413
v -0.20716 0.00000 -0.29177
v -0.20707 -0.20559 -0.12270
v -0.20707 0.20559 -0.12270
v -0.20618 -0.22554 -0.04007
v -0.20618 0.22554 -0.04007
v -0.20453 0.00000 -0.25556
v -0.20356 -0.16859 -0.12989
v -0.20356 0.16859 -0.12989
v -0.20293 0.00000 0.22861
v -0.20024 0.00000 -0.22405
v -0.19854 -0.17738 -0.09844
v -0.19854 0.17738 -0.09844
v -0.19752 -0.19904 0.09594
v -0.19752 0.19904 0.09594
v -0.19645 -0.20990 -0.13736
v -0.19645 0.20990 -0.13736
v -0.19644 -0.19155 -0.13368
v -0.19644 0.19155 -0.13368
v -0.19504 0.00000 -0.29633
v -0.19463 0.00000 -0.23363
v -0.19424 0.00000 -0.29678
v -0.19335 0.00000 -0.29736
v -0.19021 -0.23963 -0.02795
v -0.19021 0.23963 -0.02795
v -0.18967 0.00000 -0.29784
v -0.18873 0.00000 -0.29604
v -0.18774 -0.23222 0.03305
v -0.18774 0.23222 0.03305
v -0.18649 0.00000 -0.23583
v -0.18380 0.00000 -0.29979
v -0.18117 -0.17956 -0.14127
v -0.18117 0.17956 -0.14127
v -0.18108 -0.17511 -0.14124
v -0.18108 0.17511 -0.14124
v -0.18068 -0.18405 -0.11837
v -0.18068 0.18405 -0.11837
v -0.17994 0.00000 -0.26089
v -0.17971 0.00000 -0.25871
v -0.17771 -0.16413 -0.17789
v -0.17771 0.16413 -0.17789
v -0.17453 0.00000 -0.22576
v -0.17164 -0.25344 -0.04994
v -0.17164 0.25344 -0.04994
v -0.17088 0.00000 -0.23457
v -0.16908 0.00000 0.24244
v -0.16892 0.00000 -0.23661
v -0.16699 -0.21081 -0.18399
v -0.16699 0.21081 -0.18399
v -0.16661 -0.18701 -0.18576
v -0.16661 0.18701 -0.18576
v -0.16398 -0.12573 0.20239
v -0.16398 0.12573 0.20239
v -0.16346 0.00000 -0.23673
v -0.16246 -0.13643 -0.24657
v -0.16246 0.13643 -0.24657
v -0.16168 -0.15988 0.17400
v -0.16168 0.15988 0.17400
v -0.16090 -0.12442 -0.26367
v -0.16090 0.12442 -0.26367
v -0.16069 0.00000 -0.30599
v -0.15900 0.00000 -0.22881
v -0.15869 0.00000 -0.23468
v -0.15827 0.00000 -0.26773
v -0.15809 0.00000 -0.30579
v -0.15561 0.00000 -0.23450
v -0.15543 -0.10433 -0.26922
v -0.15543 0.10433 -0.26922
v -0.15537 -0.18565 -0.20125
v -0.15537 0.18565 -0.20125
v -0.15408 0.00000 -0.30648
v -0.15408 0.00000 -0.22828
v -0.15299 -0.17933 -0.17027
v -0.15299 0.17933 -0.17027
v -0.15144 0.00000 -0.22932
v -0.15081 0.00000 0.24614
v -0.15053 0.00000 -0.30693
v -0.15051 -0.17937 -0.17150
v -0.15051 0.17937 -0.17150
v -0.14952 0.00000 -0.22729
v -0.14709 0.00000 -0.28079
v -0.14697 0.00000 -0.23195
v -0.14617 0.00000 -0.22829
v -0.14474 -0.12849 -0.27994
v -0.14474 0.12849 -0.27994
v -0.14472 -0.15567 -0.23370
v -0.14472 0.15567 -0.23370
v -0.14460 0.00000 -0.23133
v -0.14426 -0.27254 -0.02518
v -0.14426 0.27254 -0.02518
v -0.14380 0.00000 -0.31058
v -0.14275 -0.26778 -0.09879
v -0.14275 0.26778 -0.09879
v -0.14245 -0.26822 0.01166
v -0.14245 0.26822 0.01166
v -0.14164 0.00000 0.24275
v -0.13979 -0.14152 -0.26022
v -0.13979 0.14152 -0.26022
v -0.13902 -0.20565 -0.22537
v -0.13902 0.20565 -0.22537
v -0.13768 -0.17862 -0.19389
v -0.13768 0.17862 -0.19389
v -0.13608 -0.16367 -0.21657
v -0.13608 0.16367 -0.21657
v -0.13548 0.00000 -0.31382
v -0.13464 -0.10955 -0.29336
v -0.13464 0.10955 -0.29336
v -0.13426 0.00000 -0.31413
v -0.13290 0.00000 -0.31432
v -0.13157 -0.11932 -0.29623
v -0.13157 0.11932 -0.29623
v -0.13141 -0.13746 -0.29503
v -0.13141 0.13746 -0.29503
v -0.13014 0.00000 -0.27329
v -0.12994 -0.18047 -0.21022
v -0.12994 0.18047 -0.21022
v -0.12728 0.00000 0.25064
v -0.12727 -0.18563 -0.24295
v -0.12727 0.18563 -0.24295
v -0.12645 -0.22071 -0.22792
v -0.12645 0.22071 -0.22792
v -0.12418 -0.19198 -0.22326
v -0.12418 0.19198 -0.22326
v -0.12407 0.00000 -0.31113
v -0.12238 -0.18756 0.17004
v -0.12238 0.18756 0.17004
v -0.12212 0.00000 -0.31963
v -0.12209 -0.21614 0.13789
v -0.12209 0.21614 0.13789
v -0.12122 -0.16428 -0.22466
v -0.12122 0.16428 -0.22466
v -0.12054 -0.27380 0.03956
v -0.12054 0.27380 0.03956
v -0.11990 -0.16387 -0.27874
v -0.11990 0.16387 -0.27874
v -0.11967 -0.11219 -0.31028
v -0.11967 0.11219 -0.31028
v -0.11945 0.00000 0.25264
v -0.11908 0.00000 -0.32868
v -0.11908 0.00000 -0.32702
v -0.11896 -0.28620 -0.11606
v -0.11896 0.28620 -0.11606
v -0.11885 0.00000 -0.31424
v -0.11868 0.00000 -0.32128
v -0.11847 0.00000 -0.31155
v -0.11836 0.00000 -0.31156
v -0.11786 0.00000 -0.33282
v -0.11717 -0.15928 -0.30788
v -0.11717 0.15928 -0.30788
v -0.11521 0.00000 -0.34280
v -0.11493 -0.20196 -0.26389
v -0.11493 0.20196 -0.26389
v -0.11474 -0.20540 -0.23771
v -0.11474 0.20540 -0.23771
v -0.11462 0.00000 -0.34359
v -0.11395 -0.16597 -0.30064
v -0.11395 0.16597 -0.30064
v -0.11287 -0.27608 0.04905
v -0.11287 0.27608 0.04905
v -0.11149 -0.25213 0.09939
v -0.11149 0.25213 0.09939
v -0.11043 -0.26884 0.06589
v -0.11043 0.26884 0.06589
v -0.10847 0.00000 -0.34525
v -0.10836 0.00000 -0.34519
v -0.10675 0.00000 0.25528
v -0.10557 0.00000 -0.34734
v -0.10517 -0.20712 -0.28095
v -0.10517 0.20712 -0.28095
v -0.10451 -0.16399 -0.24178
v -0.10451 0.16399 -0.24178
v -0.10269 0.00000 -0.34643
v -0.10229 -0.11789 -0.31452
v -0.10229 0.11789 -0.31452
v -0.10025 0.00000 0.25639
v -0.09976 -0.16426 -0.24929
v -0.09976 0.16426 -0.24929
v -0.09845 -0.14849 -0.31674
v -0.09845 0.14849 -0.31674
v -0.09525 0.00000 0.25733
v -0.09489 -0.17655 -0.26693
v -0.09489 0.17655 -0.26693
v -0.09303 0.00000 0.25674
v -0.09209 -0.30015 -0.00237
v -0.09209 0.30015 -0.00237
v -0.09068 0.00000 0.23918
v -0.09016 -0.22514 -0.28604
v -0.09016 0.22514 -0.28604
v -0.08833 -0.19657 -0.31246
v -0.08833 0.19657 -0.31246
v -0.08646 0.00000 -0.34849
v -0.08642 -0.28824 -0.15882
v -0.08642 0.28824 -0.15882
v -0.08559 -0.22355 -0.24334
v -0.08559 0.22355 -0.24334
v -0.08538 -0.21443 -0.30403
v -0.08538 0.21443 -0.30403
v -0.08482 0.00000 0.25784
v -0.08329 -0.23150 -0.27981
v -0.08329 0.23150 -0.27981
v -0.08287 0.00000 -0.34803
v -0.08008 -0.14681 -0.31229
v -0.08008 0.14681 -0.31229
v -0.07991 -0.17121 0.20268
v -0.07991 0.17121 0.20268
v -0.07849 -0.20503 -0.32302
v -0.07849 0.20503 -0.32302
v -0.07648 -0.16977 -0.33260
v -0.07648 0.16977 -0.33260
v -0.07243 -0.31017 -0.00656
v -0.07243 0.31017 -0.00656
v -0.07211 0.00000 0.25221
v -0.07062 -0.30251 -0.14333
v -0.07062 0.30251 -0.14333
v -0.06635 -0.13933 -0.30582
v -0.06635 0.13933 -0.30582
v -0.06401 -0.22551 -0.25232
v -0.06401 0.22551 -0.25232
v -0.06285 0.00000 -0.34777
v -0.06058 0.00000 -0.34853
v -0.05774 0.00000 0.26292
v -0.05565 -0.12061 -0.32101
v -0.05565 0.12061 -0.32101
v -0.05210 0.00000 -0.34914
v -0.05153 0.00000 -0.34916
v -0.04987 -0.27933 -0.22518
v -0.04987 0.27933 -0.22518
v -0.04829 -0.26175 -0.24163
v -0.04829 0.26175 -0.24163
v -0.04824 -0.26079 0.13373
v -0.04824 0.26079 0.13373
v -0.04710 -0.10176 -0.32623
v -0.04710 0.10176 -0.32623
v -0.04660 0.00000 -0.35129
v -0.04575 -0.23040 -0.26340
v -0.04575 0.23040 -0.26340
v -0.04547 -0.24600 -0.24427
v -0.04547 0.24600 -0.24427
v -0.04516 -0.32105 0.00566
v -0.04516 0.32105 0.00566
v -0.04247 -0.32855 -0.05594
v -0.04247 0.32855 -0.05594
v -0.04209 0.00000 -0.34951
v -0.04103 0.00000 0.25690
v -0.03898 -0.30461 0.06681
v -0.03898 0.30461 0.06681
v -0.03847 -0.14391 -0.31067
v -0.03847 0.14391 -0.31067
v -0.03779 0.00000 0.26462
v -0.03755 -0.20955 -0.31357
v -0.03755 0.20955 -0.31357
v -0.03465 0.00000 0.26607
v -0.03409 -0.14728 -0.31150
v -0.03409 0.14728 -0.31150
v -0.03215 0.00000 -0.35105
v -0.02767 0.00000 0.26570
v -0.02625 -0.32224 -0.15197
v -0.02625 0.32224 -0.15197
v -0.02396 0.00000 -0.35123
v -0.01980 -0.28922 -0.23019
v -0.01980 0.28922 -0.23019
v -0.01930 -0.13510 -0.31413
v -0.01930 0.13510 -0.31413
v -0.01884 -0.31493 -0.18341
v -0.01884 0.31493 -0.18341
v -0.01781 -0.23919 -0.27440
v -0.01781 0.23919 -0.27440
v -0.01727 -0.24235 -0.29646
v -0.01727 0.24235 -0.29646
v -0.01688 -0.25124 -0.25827
v -0.01688 0.25124 -0.25827
v -0.01677 -0.20697 -0.32604
v -0.01677 0.20697 -0.32604
v -0.01648 -0.17893 -0.34809
v -0.01648 0.17893 -0.34809
v -0.01502 0.00000 -0.35371
v -0.01230 -0.29669 0.10575
v -0.01230 0.29669 0.10575
v -0.01057 -0.31176 -0.19134
v -0.01057 0.31176 -0.19134
v -0.00874 0.00000 0.25840
v -0.00796 -0.19278 -0.34590
v -0.00796 0.19278 -0.34590
v -0.00349 -0.24802 -0.28824
v -0.00349 0.24802 -0.28824
v -0.00125 0.00000 -0.35130
v -0.00074 -0.17031 -0.34371
v -0.00074 0.17031 -0.34371
v 0.00311 -0.13792 -0.30973
v 0.00311 0.13792 -0.30973
v 0.00778 -0.15949 0.22875
v 0.00778 0.15949 0.22875
v 0.00937 -0.26250 -0.25552
v 0.00937 0.26250 -0.25552
v 0.01073 -0.35597 -0.08552
v 0.01073 0.35597 -0.08552
v 0.01174 -0.16305 -0.33513
v 0.01174 0.16305 -0.33513
v 0.01348 -0.36828 -0.07827
v 0.01348 0.36828 -0.07827
v 0.01388 0.00000 0.27023
v 0.01405 -0.24384 -0.30566
v 0.01405 0.24384 -0.30566
v 0.01585 -0.35324 0.00724
v 0.01585 0.35324 0.00724
v 0.01629 -0.21304 -0.30592
v 0.01629 0.21304 -0.30592
v 0.01695 -0.12097 -0.32184
v 0.01695 0.12097 -0.32184
v 0.01709 -0.28636 -0.24935
v 0.01709 0.28636 -0.24935
v 0.01892 -0.14403 -0.31198
v 0.01892 0.14403 -0.31198
v 0.02030 0.00000 -0.35290
v 0.02066 0.00000 0.26999
v 0.02150 -0.18001 -0.35541
v 0.02150 0.18001 -0.35541
v 0.02214 -0.29592 0.12622
v 0.02214 0.29592 0.12622
v 0.02246 -0.36418 -0.07674
v 0.02246 0.36418 -0.07674
v 0.02255 -0.36180 -0.09101
v 0.02255 0.36180 -0.09101
v 0.02470 -0.30177 0.11797
v 0.02470 0.30177 0.11797
v 0.02579 -0.26406 -0.27149
v 0.02579 0.26406 -0.27149
v 0.02603 -0.28595 0.14039
v 0.02603 0.28595 0.14039
v 0.02683 0.00000 0.26981
v 0.02731 -0.34902 -0.15348
v 0.02731 0.34902 -0.15348
v 0.02907 -0.33381 0.07375
v 0.02907 0.33381 0.07375
v 0.03111 0.00000 -0.32764
v 0.03220 -0.25560 0.16914
v 0.03220 0.25560 0.16914
v 0.03224 0.00000 0.27012
v 0.03227 -0.35774 -0.13756
v 0.03227 0.35774 -0.13756
v 0.03234 -0.32546 0.08522
v 0.03234 0.32546 0.08522
v 0.03244 -0.27551 0.15182
v 0.03244 0.27551 0.15182
v 0.03265 -0.32279 0.08664
v 0.03265 0.32279 0.08664
v 0.03297 -0.20747 -0.31042
v 0.03297 0.20747 -0.31042
v 0.03379 -0.32345 0.08999
v 0.03379 0.32345 0.08999
v 0.03443 -0.32573 0.08736
v 0.03443 0.32573 0.08736
v 0.03486 -0.26262 0.15905
v 0.03486 0.26262 0.15905
v 0.03556 -0.15921 -0.34824
v 0.03556 0.15921 -0.34824
v 0.03573 -0.30864 -0.22793
v 0.03573 0.30864 -0.22793
v 0.03598 -0.36090 0.00995
v 0.03598 0.36090 0.00995
v 0.03618 -0.35174 0.03071
v 0.03618 0.35174 0.03071
v 0.03740 -0.35826 0.01353
v 0.03740 0.35826 0.01353
v 0.03775 -0.36489 -0.00098
v 0.03775 0.36489 -0.00098
v 0.03845 -0.36391 -0.00079
v 0.03845 0.36391 -0.00079
v 0.03906 -0.36889 -0.08068
v 0.03906 0.36889 -0.08068
v 0.03979 -0.36822 -0.08404
v 0.03979 0.36822 -0.08404
v 0.03981 -0.23963 -0.31671
v 0.03981 0.23963 -0.31671
v 0.04002 -0.37088 -0.06315
v 0.04002 0.37088 -0.06315
v 0.04041 -0.37245 -0.05329
v 0.04041 0.37245 -0.05329
v 0.04061 -0.17590 -0.35968
v 0.04061 0.17590 -0.35968
v 0.04080 0.00000 -0.35115
v 0.04083 -0.37120 -0.05949
v 0.04083 0.37120 -0.05949
v 0.04093 -0.37166 -0.06068
v 0.04093 0.37166 -0.06068
v 0.04129 -0.37224 -0.05550
v 0.04129 0.37224 -0.05550
v 0.04179 -0.37084 -0.06900
v 0.04179 0.37084 -0.06900
v 0.04189 0.00000 -0.35431
v 0.04227 0.00000 -0.35101
v 0.04267 -0.18418 0.21401
v 0.04267 0.18418 0.21401
v 0.04368 -0.33653 0.03169
v 0.04368 0.33653 0.03169
v 0.04436 -0.36769 -0.05988
v 0.04436 0.36769 -0.05988
v 0.04437 -0.13930 0.23640
v 0.04437 0.13930 0.23640
v 0.04464 0.00000 -0.35687
v 0.04489 0.00000 -0.34887
v 0.04512 0.00000 0.26904
v 0.04530 -0.13737 -0.30651
v 0.04530 0.13737 -0.30651
v 0.04551 -0.36836 -0.11670
v 0.04551 0.36836 -0.11670
v 0.04576 0.00000 -0.33605
v 0.04611 -0.23542 0.18554
v 0.04611 0.23542 0.18554
v 0.04616 -0.23896 -0.31750
v 0.04616 0.23896 -0.31750
v 0.04630 0.00000 -0.34715
v 0.04640 -0.18899 -0.35050
v 0.04640 0.18899 -0.35050
v 0.04670 0.00000 0.26801
v 0.04674 -0.36645 -0.12232
v 0.04674 0.36645 -0.12232
v 0.04707 -0.19498 -0.33888
v 0.04707 0.19498 -0.33888
v 0.04717 -0.14962 0.23172
v 0.04717 0.14962 0.23172
v 0.04754 -0.14985 0.23085
v 0.04754 0.14985 0.23085
v 0.04865 0.00000 0.26812
v 0.04870 0.00000 0.26826
v 0.04877 0.00000 0.26869
v 0.04908 -0.27210 -0.28305
v 0.04908 0.27210 -0.28305
v 0.04952 0.00000 0.26602
v 0.04990 -0.28131 -0.26584
v 0.04990 0.28131 -0.26584
v 0.04992 -0.15596 0.22807
v 0.04992 0.15596 0.22807
v 0.05002 -0.15165 0.22954
v 0.05002 0.15165 0.22954
v 0.05019 -0.35910 -0.14496
v 0.05019 0.35910 -0.14496
v 0.05046 -0.21435 -0.31084
v 0.05046 0.21435 -0.31084
v 0.05053 -0.27217 -0.27810
v 0.05053 0.27217 -0.27810
v 0.05128 -0.15724 0.22491
v 0.05128 0.15724 0.22491
v 0.05129 -0.35702 -0.14796
v 0.05129 0.35702 -0.14796
v 0.05146 -0.16286 0.22474
v 0.05146 0.16286 0.22474
v 0.05158 0.00000 -0.34582
v 0.05160 -0.36148 -0.13718
v 0.05160 0.36148 -0.13718
v 0.05174 -0.36007 -0.14461
v 0.05174 0.36007 -0.14461
v 0.05246 -0.19738 -0.31878
v 0.05246 0.19738 -0.31878
v 0.05254 -0.14213 -0.31347
v 0.05254 0.14213 -0.31347
v 0.05322 -0.27663 -0.27247
v 0.05322 0.27663 -0.27247
v 0.05333 -0.35804 -0.15292
v 0.05333 0.35804 -0.15292
v 0.05373 0.00000 0.25536
v 0.05428 -0.19784 -0.32359
v 0.05428 0.19784 -0.32359
v 0.05438 0.00000 -0.33069
v 0.05632 -0.11813 -0.31934
v 0.05632 0.11813 -0.31934
v 0.05714 0.00000 -0.33096
v 0.05721 -0.12787 -0.31252
v 0.05721 0.12787 -0.31252
v 0.05747 -0.34342 -0.13873
v 0.05747 0.34342 -0.13873
v 0.05751 -0.20545 -0.31445
v 0.05751 0.20545 -0.31445
v 0.05763 -0.14139 -0.30729
v 0.05763 0.14139 -0.30729
v 0.05769 -0.13034 -0.30954
v 0.05769 0.13034 -0.30954
v 0.05807 0.00000 -0.32472
v 0.05940 -0.11335 -0.30941
v 0.05940 0.11335 -0.30941
v 0.06140 0.00000 -0.32236
v 0.06151 -0.32305 -0.18888
v 0.06151 0.32305 -0.18888
v 0.06173 -0.33491 -0.19005
v 0.06173 0.33491 -0.19005
v 0.06787 0.00000 0.22705
v 0.06840 -0.33276 -0.19638
v 0.06840 0.33276 -0.19638
v 0.06841 -0.31189 -0.23239
v 0.06841 0.31189 -0.23239
v 0.06875 -0.33388 -0.19508
v 0.06875 0.33388 -0.19508
v 0.06935 -0.32497 -0.20459
v 0.06935 0.32497 -0.20459
v 0.06990 -0.29931 -0.22835
v 0.06990 0.29931 -0.22835
v 0.07171 -0.32150 -0.20881
v 0.07171 0.32150 -0.20881
v 0.07317 -0.31825 -0.21852
v 0.07317 0.31825 -0.21852
v 0.07527 0.00000 -0.27302
v 0.07567 -0.31862 -0.22183
v 0.07567 0.31862 -0.22183
v 0.08057 0.00000 0.20571
v 0.08774 0.00000 -0.23482
v 0.08868 -0.19400 -0.18244
v 0.08868 0.19400 -0.18244
v 0.08868 -0.20049 0.11577
v 0.08868 0.20049 0.11577
v 0.08987 0.00000 -0.22928
v 0.09026 0.00000 -0.22676
v 0.09123 0.00000 0.18427
v 0.09918 0.00000 -0.20352
v 0.10240 -0.20266 -0.05519
v 0.10240 0.20266 -0.05519
v 0.10367 0.00000 0.15501
v 0.10607 0.00000 0.14716
v 0.10846 0.00000 0.14012
v 0.10888 0.00000 0.13847
v 0.10899 0.00000 0.14151
v 0.10916 -0.18269 0.05090
v 0.10916 0.18269 0.05090
v 0.11294 -0.15323 -0.12649
v 0.11294 0.15323 -0.12649
v 0.11975 0.00000 -0.15434
v 0.11987 0.00000 -0.15580
v 0.12346 0.00000 -0.13742
v 0.12504 0.00000 -0.11991
v 0.12673 0.00000 -0.11032
v 0.12708 0.00000 -0.10653
v 0.12778 0.00000 -0.10666
v 0.12805 0.00000 -0.07239
v 0.12809 0.00000 0.02011
v 0.12959 0.00000 0.01457
vn 0.0000 0.0000 0.0000
vn 0.0000 0.0000 0.0000
vn 0.0000 0.0000 0.0000
vn 0.0000 0.0000 0.0000
vn 0.0000 0.0000 0.0000
vn 0.0000 0.0000 0.0000
vn 0.0000 0.0000 0.0000
vn 0.0000 0.0000 0.0000
vn 0.0000 0.0000 0.0000
vn 0.0000 0.0000 0.0000
vn 0.0000 0.0000 0.0000
vn 0.0000 0.0000 0.0000
vn 0.0000 -0.0000 0.0000
vn 0.0000 0.0000 0.0000
vn 0.0000 0.0000 0.0000
vn 0.0000 -0.0000 0.0000
vn 0.0000 0.0000 0.0000
vn 0.0000 0.0000 0.0000
vn 0.0000 0.0000 0.0000
vn 0.0000 0.0000 0.0000
vn 0.0000 0.0000 0.0000
vn 0.0000 -0.0000 0.0000
vn 0.0000 0.0000 0.0000
vn 0.0000 -0.0000 0.0000
vn 0.0000 0.0000 0.0000
vn 0.0000 0.0000 0.0000
vn 0.0000 0.0000 0.0000
vn 0.0000 0.0000 0.0000
vn 0.0000 -0.0000 0.0000
vn 0.0000 0.0000 0.0000
vn 0.0000 -0.0000 0.0000
vn 0.0000 -0.0000 0.0000
vn 0.0000 -0.0000 0.0000
vn 0.0000 0.0000 0.0000
vn 0.0000 0.0000 0.0000
vn 0.0000 -0.0000 0.0000
vn 0.0000 0.0000 0.0000
vn 0.0000 0.0000 0.0000
vn 0.0000 0.0000 0.0000
vn 0.0000 0.0000 0.0000
vn 0.0000 0.0000 0.0000
vn 0.0000 0.0000 0.0000
vn 0.0000 -0.0000 0.0000
vn 0.0000 0.0000 0.0000
vn 0.0000 0.0000 0.0000
vn 0.0000 0.0000 0.0000
vn 0.0000 0.0000 0.0000
vn 0.0000 0.0000 0.0000
vn 0.0000 0.0000 0.0000
vn 0.0000 0.0000 0.0000
vn 0.0000 0.0000 0.0000
vn 0.0000 0.0000 0.0000
vn 0.0000 0.0000 0.0000
vn 0.0000 -0.0000 0.0000
vn 0.0000 0.0000 0.0000
vn 0.0000 -0.0000 0.0000
vn 0.0000 0.0000 0.0000
vn 0.0000 0.0000 0.0000
vn 0.0000 0.0000 0.0000
vn 0.0000 0.0000 0.0000
vn 0.0000 0.0000 0.0000
vn 0.0000 -0.0000 0.0000
vn 0.0000 0.0000 0.0000
vn 0.0000 0.0000 0.0000
vn 0.0000 -0.0000 0.0000
vn 0.0000 0.0000 0.0000
vn 0.0000 0.0000 0.0000
vn 0.0000 0.0000 0.0000
vn 0.0000 0.0000 0.0000
vn 0.0000 0.0000 0.0000
vn -0.9997 -0.0240 -0.0015
vn -0.9997 0.0240 -0.0015
vn -1.0000 -0.0000 -0.0015
vn 0.0000 0.0000 0.0000
vn 0.0000 0.0000 0.0000
vn -1.0000 0.0000 -0.0085
vn 0.0000 0.0000 0.0000
vn -0.9196 -0.2093 0.3326
vn -0.9196 0.2093 0.3326
vn 0.0000 0.0000 0.0000
vn 0.0000 -0.0000 0.0000
vn 0.0000 0.0000 0.0000
vn -0.8103 -0.4953 -0.3132
vn -0.8103 0.4953 -0.3132
vn 0.0000 -0.0000 0.0000
vn 0.0000 0.0000 0.0000
vn -0.8931 0.0000 0.4498
vn -0.9999 -0.0000 0.0171
vn -0.9581 0.0000 -0.2863
vn 0.0000 0.0000 0.0000
vn 0.0000 -0.0000 0.0000
vn 0.0000 0.0000 0.0000
vn 0.0000 0.0000 0.0000
vn 0.0000 0.0000 0.0000
vn 0.0000 0.0000 0.0000
vn 0.0000 0.0000 0.0000
vn 0.0000 -0.0000 0.0000
vn 0.0000 -0.0000 0.0000
vn 0.0000 0.0000 0.0000
vn 0.0000 0.0000 0.0000
vn 0.0000 0.0000 0.0000
vn 0.0000 -0.0000 0.0000
vn 0.0000 0.0000 0.0000
vn 0.0000 0.0000 0.0000
vn 0.0000 0.0000 0.0000
vn 0.0000 0.0000 0.0000
vn 0.0000 0.0000 0.0000
vn 0.0000 0.0000 0.0000
vn 0.0000 0.0000 0.0000
vn 0.0000 0.0000 0.0000
vn 0.0000 0.0000 0.0000
vn 0.0000 -0.0000 0.0000
vn 0.0000 -0.0000 0.0000
vn 0.0000 0.0000 0.0000
vn 0.0000 0.0000 0.0000
vn -0.9508 0.0000 -0.3098
vn 0.0000 0.0000 0.0000
vn 0.0000 0.0000 0.0000
vn 0.0000 0.0000 0.0000
vn 0.0000 0.0000 0.0000
vn 0.0000 0.0000 0.0000
vn 0.0000 0.0000 0.0000
vn 0.0000 0.0000 0.0000
vn 0.0000 -0.0000 0.0000
vn 0.0000 0.0000 0.0000
vn 0.0000 0.0000 0.0000
vn 0.0000 0.0000 0.0000
vn 0.0000 0.0000 0.0000
vn 0.0000 0.0000 0.0000
vn 0.0000 0.0000 0.0000
vn 0.0000 0.0000 0.0000
vn 0.0000 0.0000 0.0000
vn 0.0000 -0.0000 0.0000
vn 0.0000 0.0000 0.0000
vn 0.0000 0.0000 0.0000
vn 0.0000 0.0000 0.0000
vn 0.0000 -0.0000 0.0000
vn 0.0000 -0.0000 0.0000
vn 0.0000 0.0000 0.0000
vn -0.6528 -0.6258 0.4268
vn -0.6528 0.6258 0.4268
vn 0.0000 0.0000 0.0000
vn 0.0000 0.0000 0.0000
vn 0.0000 0.0000 0.0000
vn 0.0000 0.0000 0.0000
vn 0.0000 0.0000 0.0000
vn 0.0000 0.0000 0.0000
vn 0.0000 0.0000 0.0000
vn -0.9748 0.0000 -0.2232
vn 0.0000 0.0000 0.0000
vn 0.0000 0.0000 0.0000
vn 0.0000 0.0000 0.0000
vn 0.0000 0.0000 0.0000
vn 0.0000 0.0000 0.0000
vn 0.0000 0.0000 0.0000
vn -0.5954 -0.0000 -0.8034
vn 0.0000 0.0000 0.0000
vn 0.0000 0.0000 0.0000
vn 0.0000 0.0000 0.0000
vn 0.0000 0.0000 0.0000
vn -0.9369 -0.3330 0.1067
vn -0.9369 0.3330 0.1067
vn 0.0000 -0.0000 0.0000
vn 0.0000 0.0000 0.0000
vn 0.0000 0.0000 0.0000
vn 0.0000 0.0000 0.0000
vn 0.0000 0.0000 0.0000
vn 0.0000 0.0000 0.0000
vn 0.0000 0.0000 0.0000
vn 0.0000 0.0000 0.0000
vn 0.0000 -0.0000 0.0000
vn 0.0000 0.0000 0.0000
vn 0.0000 0.0000 0.0000
vn 0.0000 -0.0000 0.0000
vn 0.0000 0.0000 0.0000
vn 0.0000 -0.0000 0.0000
vn 0.0000 0.0000 0.0000
vn 0.0000 0.0000 0.0000
vn 0.0000 0.0000 0.0000
vn 0.0000 0.0000 0.0000
vn 0.0000 0.0000 0.0000
vn 0.0000 0.0000 0.0000
vn 0.0000 0.0000 0.0000
vn -0.9385 -0.2345 0.2535
vn -0.9385 0.2345 0.2535
vn -0.9842 0.0000 0.1769
vn 0.0000 0.0000 0.0000
vn 0.0000 0.0000 0.0000
vn 0.0000 0.0000 0.0000
vn 0.0000 0.0000 0.0000
vn 0.0000 0.0000 0.0000
vn 0.0000 0.0000 0.0000
vn 0.0000 0.0000 0.0000
vn 0.0000 0.0000 0.0000
vn 0.0000 0.0000 0.0000
vn 0.0000 0.0000 0.0000
vn 0.0000 0.0000 0.0000
vn -0.8058 -0.3933 -0.4427
vn -0.8058 0.3933 -0.4427
vn 0.0000 -0.0000 0.0000
vn -0.9944 0.0726 -0.0764
vn -0.9944 -0.0726 -0.0764
vn 0.0000 0.0000 0.0000
vn -0.9212 -0.1254 0.3683
vn -0.9212 0.1254 0.3683
vn 0.0000 0.0000 0.0000
vn -0.8575 -0.5018 0.1134
vn -0.8575 0.5018 0.1134
vn -0.7801 -0.5814 -0.2310
vn -0.7801 0.5814 -0.2310
vn -0.9090 0.0000 0.4168
vn 0.0000 -0.0000 0.0000
vn 0.0000 0.0000 0.0000
vn 0.0000 0.0000 0.0000
vn 0.0000 0.0000 0.0000
vn 0.0000 0.0000 0.0000
vn 0.0000 -0.0000 0.0000
vn -0.9939 0.0000 -0.1106
vn 0.0000 0.0000 0.0000
vn 0.0000 0.0000 0.0000
vn 0.0000 0.0000 0.0000
vn 0.0000 0.0000 0.0000
vn -0.9449 -0.3239 -0.0477
vn -0.9449 0.3239 -0.0477
vn 0.0000 0.0000 0.0000
vn -0.9895 0.0012 -0.1447
vn -0.9895 -0.0012 -0.1447
vn 0.0000 -0.0000 0.0000
vn 0.0000 0.0000 0.0000
vn -0.7280 0.0000 0.6856
vn 0.0000 0.0000 0.0000
vn 0.0000 0.0000 0.0000
vn 0.0000 0.0000 0.0000
vn 0.0000 -0.0000 0.0000
vn 0.0000 0.0000 0.0000
vn 0.0000 0.0000 0.0000
vn 0.0000 0.0000 0.0000
vn 0.0000 0.0000 0.0000
vn -0.7393 -0.6349 0.2245
vn -0.7393 0.6349 0.2245
vn -0.5942 0.0000 -0.8043
vn 0.0000 0.0000 0.0000
vn 0.0000 0.0000 0.0000
vn -0.5736 -0.8191 -0.0005
vn -0.5736 0.8191 -0.0005
vn 0.0000 0.0000 0.0000
vn 0.0000 0.0000 0.0000
vn 0.0000 0.0000 0.0000
vn 0.0000 0.0000 0.0000
vn 0.0000 0.0000 0.0000
vn 0.0000 0.0000 0.0000
vn 0.0000 0.0000 0.0000
vn 0.0000 0.0000 0.0000
vn 0.0000 0.0000 0.0000
vn -0.9048 -0.3047 0.2976
vn -0.9048 0.3047 0.2976
vn -0.5705 -0.7944 -0.2086
vn -0.5705 0.7944 -0.2086
vn 0.0000 0.0000 0.0000
vn 0.0000 0.0000 0.0000
vn 0.0000 0.0000 0.0000
vn 0.0000 0.0000 0.0000
vn 0.0000 0.0000 0.0000
vn 0.0000 0.0000 0.0000
vn 0.0000 0.0000 0.0000
vn 0.0000 0.0000 0.0000
vn 0.0000 0.0000 0.0000
vn 0.0000 0.0000 0.0000
vn 0.0000 -0.0000 0.0000
vn 0.0000 0.0000 0.0000
vn -0.1660 0.0000 -0.9861
vn 0.0000 0.0000 0.0000
vn 0.0000 0.0000 0.0000
vn 0.0000 0.0000 0.0000
vn 0.0000 0.0000 0.0000
vn 0.0000 0.0000 0.0000
vn 0.0000 0.0000 0.0000
vn 0.0000 0.0000 0.0000
vn 0.0000 0.0000 0.0000
vn 0.0000 0.0000 0.0000
vn -0.9124 -0.3002 -0.2781
vn -0.9124 0.3002 -0.2781
vn -0.8282 -0.5323 -0.1755
vn -0.8282 0.5323 -0.1755
vn 0.0000 0.0000 0.0000
vn 0.0000 0.0000 0.0000
vn 0.0000 0.0000 0.0000
vn 0.0000 0.0000 0.0000
vn 0.0000 0.0000 0.0000
vn 0.0000 -0.0000 0.0000
vn 0.0000 0.0000 0.0000
vn -0.6798 -0.6079 0.4102
vn -0.6798 0.6079 0.4102
vn -0.7142 -0.6999 -0.0072
vn -0.7142 0.6999 -0.0072
vn 0.0000 0.0000 0.0000
vn -0.4571 -0.8510 -0.2585
vn -0.4571 0.8510 -0.2585
vn 0.0000 0.0000 0.0000
vn -0.2970 0.0000 0.9549
vn 0.0000 0.0000 0.0000
vn 0.0000 0.0000 0.0000
vn 0.0000 -0.0000 0.0000
vn 0.0000 0.0000 0.0000
vn 0.0000 0.0000 0.0000
vn 0.0000 0.0000 0.0000
vn 0.0000 0.0000 0.0000
vn 0.0000 0.0000 0.0000
vn 0.0000 0.0000 0.0000
vn 0.0000 0.0000 0.0000
vn 0.0000 0.0000 0.0000
vn -0.5994 -0.7499 0.2800
vn -0.5994 0.7499 0.2800
vn 0.0000 -0.0000 0.0000
vn 0.0000 0.0000 0.0000
vn 0.0000 0.0000 0.0000
vn 0.0000 0.0000 0.0000
vn -0.4255 -0.5114 0.7466
vn -0.4255 0.5114 0.7466
vn 0.0000 0.0000 0.0000
vn -0.9059 -0.3338 -0.2606
vn -0.9059 0.3338 -0.2606
vn -0.9191 0.0608 -0.3892
vn -0.9191 -0.0608 -0.3892
vn 0.0000 -0.0000 0.0000
vn 0.0000 0.0000 0.0000
vn 0.0000 0.0000 0.0000
vn 0.0000 0.0000 0.0000
vn 0.0000 0.0000 0.0000
vn -0.9315 -0.0315 -0.3623
vn -0.9315 0.0315 -0.3623
vn 0.0000 0.0000 0.0000
vn -0.5158 -0.8375 -0.1804
vn -0.5158 0.8375 -0.1804
vn 0.0000 0.0000 0.0000
vn 0.0182 -0.0000 -0.9998
vn 0.0000 0.0000 0.0000
vn -0.4058 -0.7777 -0.4801
vn -0.4058 0.7777 -0.4801
vn 0.0000 0.0000 0.0000
vn -0.6519 -0.7582 0.0155
vn -0.6519 0.7582 0.0155
vn 0.0000 0.0000 0.0000
vn -0.6153 0.0000 -0.7883
vn -0.5502 -0.4257 -0.7184
vn -0.5502 0.4257 -0.7184
vn -0.2552 -0.2216 -0.9412
vn -0.2552 0.2216 -0.9412
vn -0.8203 0.3795 -0.4280
vn -0.8203 -0.3795 -0.4280
vn -0.6538 -0.7378 -0.1679
vn -0.6538 0.7378 -0.1679
vn 0.0000 0.0000 0.0000
vn -0.9010 -0.2902 -0.3226
vn -0.9010 0.2902 -0.3226
vn -0.6217 -0.7761 -0.1055
vn -0.6217 0.7761 -0.1055
vn 0.0000 -0.0000 0.0000
vn -0.4423 -0.8671 -0.2294
vn -0.4423 0.8671 -0.2294
vn -0.3001 -0.0000 0.9539
vn 0.0000 0.0000 0.0000
vn -0.7719 -0.2749 -0.5732
vn -0.7719 0.2749 -0.5732
vn -0.5211 -0.7350 0.4339
vn -0.5211 0.7350 0.4339
vn -0.7131 -0.5834 -0.3888
vn -0.7131 0.5834 -0.3888
vn -0.7862 0.5228 -0.3295
vn -0.7862 -0.5228 -0.3295
vn 0.0000 0.0000 0.0000
vn 0.0000 0.0000 0.0000
vn 0.0000 0.0000 0.0000
vn 0.0000 0.0000 0.0000
vn -0.6071 -0.7931 0.0483
vn -0.6071 0.7931 0.0483
vn 0.0000 0.0000 0.0000
vn 0.0000 0.0000 0.0000
vn -0.5494 -0.7971 0.2507
vn -0.5494 0.7971 0.2507
vn 0.0000 0.0000 0.0000
vn 0.0000 0.0000 0.0000
vn -0.7590 0.6240 -0.1858
vn -0.7590 -0.6240 -0.1858
vn -0.6522 -0.5905 -0.4753
vn -0.6522 0.5905 -0.4753
vn -0.9061 0.0963 -0.4118
vn -0.9061 -0.0963 -0.4118
vn -0.3960 0.0000 -0.9183
vn 0.0000 0.0000 0.0000
vn -0.4042 -0.8299 -0.3846
vn -0.4042 0.8299 -0.3846
vn 0.0000 0.0000 0.0000
vn -0.6096 -0.7883 -0.0838
vn -0.6096 0.7883 -0.0838
vn 0.0000 0.0000 0.0000
vn 0.0000 0.0000 0.0000
vn 0.0000 0.0000 0.0000
vn -0.6610 -0.6185 -0.4248
vn -0.6610 0.6185 -0.4248
vn -0.7571 0.4401 -0.4828
vn -0.7571 -0.4401 -0.4828
vn -0.2089 -0.3071 0.9285
vn -0.2089 0.3071 0.9285
vn 0.0000 0.0000 0.0000
vn -0.4950 -0.7212 -0.4846
vn -0.4950 0.7212 -0.4846
vn -0.3668 -0.6342 0.6806
vn -0.3668 0.6342 0.6806
vn -0.4812 -0.1830 -0.8573
vn -0.4812 0.1830 -0.8573
vn 0.0000 0.0000 0.0000
vn 0.0000 0.0000 0.0000
vn 0.0000 0.0000 0.0000
vn 0.0000 0.0000 0.0000
vn 0.0000 -0.0000 0.0000
vn 0.0000 0.0000 0.0000
vn -0.5170 -0.0601 -0.8539
vn -0.5170 0.0601 -0.8539
vn -0.5239 0.5699 -0.6330
vn -0.5239 -0.5699 -0.6330
vn 0.0000 0.0000 0.0000
vn 0.0000 0.0000 0.0000
vn -0.5727 -0.6115 -0.5460
vn -0.5727 0.6115 -0.5460
vn 0.0000 0.0000 0.0000
vn 0.0000 0.0000 0.0000
vn 0.0000 0.0000 0.0000
vn -0.3203 0.9301 -0.1798
vn -0.3203 -0.9301 -0.1798
vn 0.0000 -0.0000 0.0000
vn -0.5080 0.0000 -0.8614
vn 0.0000 0.0000 0.0000
vn 0.0000 -0.0000 0.0000
vn -0.9512 -0.1964 -0.2379
vn -0.9512 0.1964 -0.2379
vn -0.4459 -0.7943 -0.4127
vn -0.4459 0.7943 -0.4127
vn 0.0000 0.0000 0.0000
vn -0.5137 -0.8572 0.0377
vn -0.5137 0.8572 0.0377
vn 0.0000 0.0000 0.0000
vn -0.6310 -0.7659 -0.1233
vn -0.6310 0.7659 -0.1233
vn -0.5198 -0.8474 0.1078
vn -0.5198 0.8474 0.1078
vn 0.0000 0.0000 0.0000
vn -0.6377 -0.6254 -0.4496
vn -0.6377 0.6254 -0.4496
vn -0.6445 0.0274 -0.7641
vn -0.6445 -0.0274 -0.7641
vn -0.8013 0.3798 -0.4623
vn -0.8013 -0.3798 -0.4623
vn -0.3771 -0.8261 -0.4188
vn -0.3771 0.8261 -0.4188
vn 0.0000 0.0000 0.0000
vn -0.6672 -0.0384 -0.7439
vn -0.6672 0.0384 -0.7439
vn 0.0000 0.0000 0.0000
vn 0.0000 0.0000 0.0000
vn -0.4177 -0.3891 -0.8210
vn -0.4177 0.3891 -0.8210
vn -0.3477 0.3236 -0.8800
vn -0.3477 -0.3236 -0.8800
vn -0.7967 0.0000 -0.6043
vn -0.7358 0.4285 -0.5244
vn -0.7358 -0.4285 -0.5244
vn 0.0000 0.0000 0.0000
vn -0.9035 0.1529 -0.4003
vn -0.9035 -0.1529 -0.4003
vn -0.5495 -0.6901 -0.4709
vn -0.5495 0.6901 -0.4709
vn -0.8549 0.0483 -0.5165
vn -0.8549 -0.0483 -0.5165
vn -0.9806 0.0000 -0.1958
vn -0.3415 -0.6535 0.6755
vn -0.3415 0.6535 0.6755
vn 0.0000 0.0000 0.0000
vn -0.4249 -0.7136 0.5569
vn -0.4249 0.7136 0.5569
vn -0.8137 0.2835 -0.5075
vn -0.8137 -0.2835 -0.5075
vn -0.4713 -0.8249 0.3121
vn -0.4713 0.8249 0.3121
vn -0.6939 -0.7140 0.0931
vn -0.6939 0.7140 0.0931
vn -0.5542 -0.0400 -0.8314
vn -0.5542 0.0400 -0.8314
vn 0.0000 0.0000 0.0000
vn -0.5135 0.0000 -0.8581
vn 0.0000 0.0000 0.0000
vn -0.5462 -0.8117 -0.2068
vn -0.5462 0.8117 -0.2068
vn 0.0000 0.0000 0.0000
vn 0.0000 0.0000 0.0000
vn 0.0000 0.0000 0.0000
vn 0.0000 0.0000 0.0000
vn 0.0000 0.0000 0.0000
vn -0.7407 -0.3307 -0.5848
vn -0.7407 0.3307 -0.5848
vn 0.0000 0.0000 0.0000
vn -0.8830 -0.2427 -0.4018
vn -0.8830 0.2427 -0.4018
vn -0.7277 -0.6555 -0.2017
vn -0.7277 0.6555 -0.2017
vn 0.0000 0.0000 0.0000
vn -0.7067 -0.4831 -0.5169
vn -0.7067 0.4831 -0.5169
vn -0.3736 -0.8748 0.3084
vn -0.3736 0.8748 0.3084
vn -0.4583 -0.7723 0.4399
vn -0.4583 0.7723 0.4399
vn -0.4171 -0.8162 0.3999
vn -0.4171 0.8162 0.3999
vn 0.0000 0.0000 0.0000
vn 0.0000 0.0000 0.0000
vn 0.0000 0.0000 0.0000
vn 0.0000 0.0000 0.0000
vn -0.8555 0.1675 -0.4900
vn -0.8555 -0.1675 -0.4900
vn -0.7150 -0.0536 -0.6971
vn -0.7150 0.0536 -0.6971
vn 0.0000 0.0000 0.0000
vn -0.1906 -0.3427 -0.9199
vn -0.1906 0.3427 -0.9199
vn 0.0000 0.0000 0.0000
vn -0.5753 -0.7828 0.2371
vn -0.5753 0.7828 0.2371
vn -0.2245 0.5684 -0.7915
vn -0.2245 -0.5684 -0.7915
vn 0.0000 0.0000 0.0000
vn -0.9698 -0.2328 -0.0729
vn -0.9698 0.2328 -0.0729
vn 0.0000 0.0000 0.0000
vn -0.4749 -0.8690 0.1389
vn -0.4749 0.8690 0.1389
vn -0.1774 -0.0000 0.9841
vn -0.6990 -0.6419 -0.3152
vn -0.6990 0.6419 -0.3152
vn -0.8587 -0.3560 -0.3686
vn -0.8587 0.3560 -0.3686
vn 0.0000 0.0000 0.0000
vn -0.4704 -0.8106 -0.3488
vn -0.4704 0.8106 -0.3488
vn -0.4059 -0.6345 -0.6577
vn -0.4059 0.6345 -0.6577
vn -0.1886 -0.7737 -0.6048
vn -0.1886 0.7737 -0.6048
vn 0.0000 0.0000 0.0000
vn -0.3143 -0.9238 -0.2188
vn -0.3143 0.9238 -0.2188
vn 0.0000 0.0000 0.0000
vn 0.0751 0.6445 -0.7609
vn 0.0751 -0.6445 -0.7609
vn -0.2333 -0.4441 0.8651
vn -0.2333 0.4441 0.8651
vn -0.2958 -0.4722 -0.8304
vn -0.2958 0.4722 -0.8304
vn -0.3061 0.2602 -0.9157
vn -0.3061 -0.2602 -0.9157
vn -0.4700 -0.8821 0.0323
vn -0.4700 0.8821 0.0323
vn 0.0000 0.0000 0.0000
vn -0.4447 -0.8712 -0.2079
vn -0.4447 0.8712 -0.2079
vn -0.1421 0.1118 -0.9835
vn -0.1421 -0.1118 -0.9835
vn -0.2382 -0.9603 -0.1453
vn -0.2382 0.9603 -0.1453
vn -0.1608 -0.0000 -0.9870
vn 0.0000 0.0000 0.0000
vn 0.0000 -0.0000 0.0000
vn -0.0779 -0.3970 -0.9145
vn -0.0779 0.3970 -0.9145
vn 0.0000 0.0000 0.0000
vn 0.0000 0.0000 0.0000
vn -0.4689 -0.7533 -0.4612
vn -0.4689 0.7533 -0.4612
vn -0.3190 -0.4753 -0.8200
vn -0.3190 0.4753 -0.8200
vn -0.3232 -0.6865 0.6513
vn -0.3232 0.6865 0.6513
vn 0.0465 -0.2130 -0.9759
vn 0.0465 0.2130 -0.9759
vn 0.0000 0.0000 0.0000
vn -0.2281 -0.9724 0.0496
vn -0.2281 0.9724 0.0496
vn -0.3365 -0.3673 -0.8671
vn -0.3365 0.3673 -0.8671
vn -0.4423 -0.8757 0.1937
vn -0.4423 0.8757 0.1937
vn -0.4632 -0.8843 -0.0579
vn -0.4632 0.8843 -0.0579
vn 0.0000 0.0000 0.0000
vn 0.0000 0.0000 0.0000
vn -0.4181 -0.8463 0.3301
vn -0.4181 0.8463 0.3301
vn -0.1737 -0.0018 -0.9848
vn -0.1737 0.0018 -0.9848
vn 0.0000 0.0000 0.0000
vn -0.2033 -0.6731 -0.7111
vn -0.2033 0.6731 -0.7111
vn 0.0000 0.0000 0.0000
vn -0.0463 0.6740 -0.7372
vn -0.0463 -0.6740 -0.7372
vn 0.0000 0.0000 0.0000
vn 0.0000 0.0000 0.0000
vn -0.4040 -0.8485 -0.3419
vn -0.4040 0.8485 -0.3419
vn 0.0000 0.0000 0.0000
vn -0.3008 -0.7214 -0.6238
vn -0.3008 0.7214 -0.6238
vn 0.0802 -0.2969 -0.9515
vn 0.0802 0.2969 -0.9515
vn -0.4144 -0.8372 -0.3570
vn -0.4144 0.8372 -0.3570
vn -0.4731 -0.8591 -0.1951
vn -0.4731 0.8591 -0.1951
vn -0.2239 -0.7031 -0.6749
vn -0.2239 0.7031 -0.6749
vn -0.4174 -0.7168 -0.5585
vn -0.4174 0.7168 -0.5585
vn -0.0083 -0.7670 -0.6416
vn -0.0083 0.7670 -0.6416
vn -0.1809 -0.0279 -0.9831
vn -0.1809 0.0279 -0.9831
vn 0.0000 0.0000 0.0000
vn -0.3708 -0.7926 0.4840
vn -0.3708 0.7926 0.4840
vn -0.2808 -0.8388 -0.4665
vn -0.2808 0.8388 -0.4665
vn -0.1114 0.0000 0.9938
vn -0.1669 -0.6081 -0.7761
vn -0.1669 0.6081 -0.7761
vn -0.2690 -0.8890 -0.3706
vn -0.2690 0.8890 -0.3706
vn 0.0000 0.0000 0.0000
vn -0.2659 0.6385 -0.7222
vn -0.2659 -0.6385 -0.7222
vn 0.0702 -0.3397 -0.9379
vn 0.0702 0.3397 -0.9379
vn -0.1538 -0.2913 0.9442
vn -0.1538 0.2913 0.9442
vn -0.3329 -0.5217 -0.7855
vn -0.3329 0.5217 -0.7855
vn -0.5447 -0.8211 -0.1707
vn -0.5447 0.8211 -0.1707
vn -0.1464 0.8175 -0.5570
vn -0.1464 -0.8175 -0.5570
vn -0.4911 -0.8588 -0.1462
vn -0.4911 0.8588 -0.1462
vn 0.0000 -0.0000 0.0000
vn -0.0821 -0.9151 -0.3947
vn -0.0821 0.9151 -0.3947
vn -0.4495 -0.8728 0.1900
vn -0.4495 0.8728 0.1900
vn 0.2278 -0.6266 -0.7453
vn 0.2278 0.6266 -0.7453
vn -0.0317 -0.1636 -0.9860
vn -0.0317 0.1636 -0.9860
vn -0.1563 -0.5914 -0.7910
vn -0.1563 0.5914 -0.7910
vn -0.0485 0.7168 -0.6956
vn -0.0485 -0.7168 -0.6956
vn 0.0000 0.0000 0.0000
vn 0.0000 0.0000 0.0000
vn -0.0668 -0.3314 -0.9411
vn -0.0668 0.3314 -0.9411
vn -0.0654 -0.8135 0.5779
vn -0.0654 0.8135 0.5779
vn -0.4619 -0.8844 0.0665
vn -0.4619 0.8844 0.0665
vn -0.3338 -0.9218 -0.1969
vn -0.3338 0.9218 -0.1969
vn -0.0287 -0.8305 0.5563
vn -0.0287 0.8305 0.5563
vn -0.2987 -0.8124 -0.5008
vn -0.2987 0.8124 -0.5008
vn -0.2662 -0.6722 0.6909
vn -0.2662 0.6722 0.6909
vn 0.0000 0.0000 0.0000
vn -0.3352 -0.8312 -0.4435
vn -0.3352 0.8312 -0.4435
vn 0.4589 -0.8066 0.3725
vn 0.4589 0.8066 0.3725
vn 0.0935 0.0000 -0.9956
vn -0.1824 -0.5827 0.7920
vn -0.1824 0.5827 0.7920
vn 0.0000 0.0000 0.0000
vn -0.4503 -0.8712 -0.1957
vn -0.4503 0.8712 -0.1957
vn -0.3216 -0.7532 0.5737
vn -0.3216 0.7532 0.5737
vn 0.0000 0.0000 0.0000
vn 0.0000 0.0000 0.0000
vn 0.6821 -0.5944 0.4260
vn 0.6821 0.5944 0.4260
vn -0.0708 -0.4868 -0.8707
vn -0.0708 0.4868 -0.8707
vn -0.8965 -0.1225 0.4258
vn -0.8965 0.1225 0.4258
vn 0.9490 0.0546 -0.3105
vn 0.9490 -0.0546 -0.3105
vn 0.8223 -0.4291 0.3738
vn 0.8223 0.4291 0.3738
vn 0.6274 0.5227 -0.5772
vn 0.6274 -0.5227 -0.5772
vn -0.2372 -0.8655 -0.4411
vn -0.2372 0.8655 -0.4411
vn -0.3084 -0.8839 0.3516
vn -0.3084 0.8839 0.3516
vn 0.1722 -0.8971 0.4070
vn 0.1722 0.8971 0.4070
vn 0.8872 -0.4142 0.2033
vn 0.8872 0.4142 0.2033
vn -0.3656 -0.9193 0.1456
vn -0.3656 0.9193 0.1456
vn 0.9070 -0.3984 0.1366
vn 0.9070 0.3984 0.1366
vn -0.3015 -0.9453 -0.1246
vn -0.3015 0.9453 -0.1246
vn 0.1883 -0.9793 -0.0742
vn 0.1883 0.9793 -0.0742
vn -0.3167 0.0406 -0.9477
vn -0.3167 -0.0406 -0.9477
vn -0.2658 -0.9538 -0.1398
vn -0.2658 0.9538 -0.1398
vn -0.4267 -0.9011 0.0765
vn -0.4267 0.9011 0.0765
vn 0.0979 -0.1588 -0.9824
vn 0.0979 0.1588 -0.9824
vn 0.0000 -0.0000 0.0000
vn 0.6886 -0.7250 -0.0137
vn 0.6886 0.7250 -0.0137
vn -0.1507 -0.9872 -0.0531
vn -0.1507 0.9872 -0.0531
vn 0.8382 -0.5325 0.1179
vn 0.8382 0.5325 0.1179
vn 0.4959 -0.8602 -0.1192
vn 0.4959 0.8602 -0.1192
vn 0.0000 0.0000 0.0000
vn 0.0000 0.0000 0.0000
vn 0.1016 -0.4786 0.8721
vn 0.1016 0.4786 0.8721
vn 0.8669 -0.4084 0.2857
vn 0.8669 0.4084 0.2857
vn 0.9395 -0.3409 0.0335
vn 0.9395 0.3409 0.0335
vn 0.0944 -0.1584 0.9828
vn 0.0944 0.1584 0.9828
vn 0.0000 -0.0000 0.0000
vn 0.0000 0.0000 0.0000
vn 0.0000 0.0000 0.0000
vn 0.0468 -0.3393 -0.9395
vn 0.0468 0.3393 -0.9395
vn 0.6122 -0.7860 0.0862
vn 0.6122 0.7860 0.0862
vn 0.2107 -0.0000 -0.9775
vn 0.2267 -0.5425 0.8089
vn 0.2267 0.5425 0.8089
vn 0.0341 -0.7252 -0.6876
vn 0.0341 0.7252 -0.6876
vn 0.0000 0.0000 0.0000
vn 0.0024 -0.7366 -0.6763
vn 0.0024 0.7366 -0.6763
vn 0.0000 -0.0000 0.0000
vn -0.1708 -0.9177 -0.3587
vn -0.1708 0.9177 -0.3587
vn 0.5492 -0.7388 -0.3907
vn 0.5492 0.7388 -0.3907
vn 0.0720 -0.4254 0.9021
vn 0.0720 0.4254 0.9021
vn 0.4628 -0.2591 0.8478
vn 0.4628 0.2591 0.8478
vn 0.0000 -0.0000 0.0000
vn 0.0000 0.0000 0.0000
vn 0.0000 0.0000 0.0000
vn 0.3891 -0.6827 -0.6185
vn 0.3891 0.6827 -0.6185
vn 0.0000 0.0000 0.0000
vn -0.4073 -0.8657 -0.2910
vn -0.4073 0.8657 -0.2910
vn 0.1625 -0.6071 0.7779
vn 0.1625 0.6071 0.7779
vn 0.8757 0.0593 0.4792
vn 0.8757 -0.0593 0.4792
vn -0.1435 -0.9646 -0.2213
vn -0.1435 0.9646 -0.2213
vn 0.9437 -0.1499 -0.2947
vn 0.9437 0.1499 -0.2947
vn 0.9452 -0.1590 -0.2852
vn 0.9452 0.1590 -0.2852
vn 0.8996 -0.1880 0.3942
vn 0.8996 0.1880 0.3942
vn 0.8953 -0.4410 0.0626
vn 0.8953 0.4410 0.0626
vn 0.1015 -0.4641 0.8799
vn 0.1015 0.4641 0.8799
vn 0.0000 0.0000 0.0000
vn 0.5436 -0.8292 -0.1305
vn 0.5436 0.8292 -0.1305
vn 0.9176 -0.3572 -0.1743
vn 0.9176 0.3572 -0.1743
vn 0.9487 -0.0840 -0.3047
vn 0.9487 0.0840 -0.3047
vn -0.1348 0.8275 -0.5450
vn -0.1348 -0.8275 -0.5450
vn 0.9046 -0.0859 -0.4175
vn 0.9046 0.0859 -0.4175
vn -0.0697 -0.8616 -0.5028
vn -0.0697 0.8616 -0.5028
vn 0.2895 0.0000 0.9572
vn 0.0000 0.0000 0.0000
vn 0.0000 0.0000 0.0000
vn 0.5767 -0.0000 -0.8169
vn 0.2205 -0.1143 -0.9687
vn 0.2205 0.1143 -0.9687
vn 0.0000 0.0000 0.0000
vn 0.7959 -0.3562 -0.4896
vn 0.7959 0.3562 -0.4896
vn 0.9605 -0.2656 0.0832
vn 0.9605 0.2656 0.0832
vn -0.1787 -0.3994 -0.8992
vn -0.1787 0.3994 -0.8992
vn 0.9514 -0.0343 -0.3060
vn 0.9514 0.0343 -0.3060
vn 0.3259 0.0588 -0.9436
vn 0.3259 -0.0588 -0.9436
vn 0.2676 0.0000 -0.9635
vn 0.9495 -0.0824 -0.3027
vn 0.9495 0.0824 -0.3027
vn 0.9417 0.0000 -0.3365
vn 0.9646 -0.2624 -0.0281
vn 0.9646 0.2624 -0.0281
vn 0.0529 -0.8276 -0.5588
vn 0.0529 0.8276 -0.5588
vn 0.9137 0.0000 0.4065
vn 0.8930 -0.0280 0.4493
vn 0.8930 0.0280 0.4493
vn 0.0555 -0.6407 -0.7658
vn 0.0555 0.6407 -0.7658
vn 0.0000 0.0000 0.0000
vn 0.0000 0.0000 0.0000
vn 0.9681 -0.0071 0.2506
vn 0.9681 0.0071 0.2506
vn 0.9242 -0.2423 -0.2953
vn 0.9242 0.2423 -0.2953
vn -0.0802 -0.9035 -0.4211
vn -0.0802 0.9035 -0.4211
vn 0.8609 0.3738 0.3451
vn 0.8609 -0.3738 0.3451
vn 0.0000 0.0000 0.0000
vn 0.8450 -0.3132 -0.4335
vn 0.8450 0.3132 -0.4335
vn 0.0000 0.0000 0.0000
vn 0.0000 0.0000 0.0000
vn 0.9571 -0.1092 -0.2684
vn 0.9571 0.1092 -0.2684
vn 0.9052 -0.2495 0.3440
vn 0.9052 0.2495 0.3440
vn 0.0000 0.0000 0.0000
vn 0.0000 0.0000 0.0000
vn 0.0000 0.0000 0.0000
vn 0.0000 0.0000 0.0000
vn 0.9516 -0.3072 -0.0093
vn 0.9516 0.3072 -0.0093
vn 0.9843 0.0000 0.1766
vn 0.0000 0.0000 0.0000
vn 0.0000 0.0000 0.0000
vn 0.0000 0.0000 0.0000
vn 0.0000 0.0000 0.0000
vn 0.9807 -0.1721 0.0929
vn 0.9807 0.1721 0.0929
vn 0.9843 -0.1516 -0.0901
vn 0.9843 0.1516 -0.0901
vn 0.0000 0.0000 0.0000
vn 0.0000 0.0000 0.0000
vn 0.9942 0.0000 -0.1071
vn 0.0000 0.0000 0.0000
vn 0.0000 0.0000 0.0000
vn 0.0000 0.0000 0.0000
vn 0.0000 0.0000 0.0000
vn 0.0000 0.0000 0.0000
vn 0.0000 0.0000 0.0000
vn 0.0000 0.0000 0.0000
f 685//685 697//697 860//860
f 697//697 705//705 860//860
f 711//711 719//719 717//717
f 746//746 685//685 873//873
f 597//597 685//685 591//591
f 715//715 873//873 719//719
f 860//860 867//867 873//873
f 867//867 860//860 837//837
f 643//643 760//760 688//688
f 750//750 812//812 794//794
f 772//772 798//798 643//643
f 572//572 595//595 489//489
f 766//766 776//776 837//837
f 409//409 556//556 477//477
f 361//361 447//447 537//537
f 300//300 361//361 319//319
f 556//556 643//643 688//688
f 361//361 230//230 310//310
f 847//847 834//834 858//858
f 790//790 858//858 805//805
f 831//831 832//832 815//815
f 822//822 757//757 723//723
f 672//672 729//729 727//727
f 740//740 721//721 674//674
f 691//691 801//801 788//788
f 691//691 631//631 609//609
f 691//691 683//683 631//631
f 691//691 609//609 565//565
f 631//631 709//709 578//578
f 578//578 616//616 631//631
f 544//544 565//565 578//578
f 609//609 631//631 616//616
f 875//875 878//878 858//858
f 400//400 493//493 472//472
f 493//493 400//400 368//368
f 678//678 762//762 636//636
f 751//751 627//627 799//799
f 627//627 758//758 799//799
f 570//570 758//758 627//627
f 587//587 618//618 620//620
f 546//546 589//589 622//622
f 622//622 587//587 569//569
f 505//505 551//551 503//503
f 546//546 551//551 505//505
f 539//539 548//548 520//520
f 560//560 558//558 626//626
f 551//551 539//539 503//503
f 567//567 614//614 525//525
f 570//570 488//488 525//525
f 490//490 458//458 570//570
f 458//458 488//488 570//570
f 436//436 432//432 449//449
f 425//425 453//453 455//455
f 421//421 467//467 402//402
f 472//472 451//451 400//400
f 449//449 432//432 411//411
f 358//358 390//390 415//415
f 358//358 415//415 416//416
f 271//271 336//336 337//337
f 346//346 438//438 407//407
f 339//339 392//392 346//346
f 622//622 618//618 587//587
f 799//799 815//815 751//751
f 627//627 751//751 732//732
f 490//490 518//518 478//478
f 374//374 416//416 478//478
f 374//374 337//337 416//416
f 536//536 493//493 446//446
f 446//446 376//376 380//380
f 380//380 484//484 446//446
f 376//376 446//446 441//441
f 376//376 395//395 352//352
f 185//185 293//293 240//240
f 224//224 185//185 227//227
f 380//380 295//295 313//313
f 380//380 342//342 295//295
f 284//284 224//224 240//240
f 313//313 295//295 240//240
f 284//284 240//240 282//282
f 162//162 224//224 208//208
f 322//322 355//355 350//350
f 360//360 392//392 298//298
f 284//284 322//322 324//324
f 284//284 245//245 208//208
f 284//284 331//331 334//334
f 88//88 103//103 91//91
f 73//73 88//88 72//72
f 96//96 103//103 88//88
f 73//73 96//96 88//88
f 224//224 284//284 208//208
f 185//185 224//224 205//205
f 202//202 185//185 205//205
f 106//106 212//212 211//211
f 76//76 108//108 106//106
f 108//108 92//92 54//54
f 199//199 346//346 241//241
f 346//346 336//336 271//271
f 241//241 346//346 149//149
f 89//89 80//80 91//91
f 97//97 89//89 116//116
f 89//89 97//97 80//80
f 87//87 141//141 79//79
f 280//280 303//303 305//305
f 288//288 303//303 246//246
f 302//302 303//303 288//288
f 56//56 69//69 61//61
f 61//61 91//91 39//39
f 101//101 108//108 86//86
f 81//81 69//69 36//36
f 18//18 28//28 16//16
f 18//18 33//33 28//28
f 24//24 32//32 56//56
f 24//24 56//56 14//14
f 316//316 274//274 269//269
f 138//138 252//252 171//171
f 117//117 138//138 68//68
f 117//117 217//217 138//138
f 94//94 119//119 100//100
f 94//94 62//62 53//53
f 53//53 68//68 94//94
f 43//43 51//51 39//39
f 117//117 68//68 85//85
f 136//136 111//111 174//174
f 36//36 69//69 56//56
f 656//656 672//672 591//591
f 536//536 591//591 562//562
f 212//212 181//181 186//186
f 106//106 214//214 212//212
f 55//55 86//86 54//54
f 594//594 627//627 732//732
f 428//428 378//378 478//478
f 831//831 878//878 832//832
f 517//517 489//489 310//310
f 308//308 307//307 265//265
f 289//289 163//163 127//127
f 291//291 263//263 289//289
f 760//760 794//794 705//705
f 837//837 776//776 867//867
f 701//701 685//685 697//697
f 693//693 685//685 701//701
f 703//703 685//685 693//693
f 697//697 685//685 703//703
f 695//695 680//680 705//705
f 695//695 705//705 680//680
f 670//670 629//629 680//680
f 697//697 629//629 676//676
f 676//676 629//629 670//670
f 697//697 676//676 705//705
f 676//676 670//670 705//705
f 860//860 873//873 685//685
f 738//738 729//729 719//719
f 738//738 719//719 748//748
f 748//748 719//719 873//873
f 713//713 685//685 746//746
f 713//713 711//711 656//656
f 711//711 713//713 715//715
f 719//719 729//729 717//717
f 717//717 729//729 656//656
f 711//711 717//717 656//656
f 685//685 656//656 591//591
f 719//719 717//717 715//715
f 746//746 873//873 715//715
f 685//685 597//597 629//629
f 591//591 593//593 562//562
f 629//629 697//697 685//685
f 860//860 705//705 794//794
f 878//878 873//873 867//867
f 873//873 866//866 748//748
f 866//866 873//873 875//875
f 875//875 873//873 878//878
f 744//744 760//760 643//643
f 798//798 784//784 794//794
f 786//786 772//772 774//774
f 798//798 772//772 794//794
f 786//786 794//794 784//784
f 750//750 794//794 786//786
f 750//750 774//774 772//772
f 744//744 794//794 760//760
f 798//798 744//744 643//643
f 643//643 556//556 537//537
f 632//632 643//643 537//537
f 632//632 812//812 643//643
f 812//812 837//837 794//794
f 812//812 766//766 837//837
f 572//572 632//632 595//595
f 489//489 595//595 563//563
f 572//572 489//489 517//517
f 563//563 537//537 489//489
f 489//489 537//537 447//447
f 632//632 766//766 812//812
f 812//812 750//750 643//643
f 632//632 537//537 595//595
f 705//705 680//680 688//688
f 688//688 680//680 556//556
f 680//680 629//629 582//582
f 512//512 480//480 629//629
f 480//480 582//582 629//629
f 512//512 629//629 514//514
f 484//484 510//510 629//629
f 629//629 597//597 484//484
f 597//597 536//536 484//484
f 512//512 514//514 484//484
f 514//514 510//510 484//484
f 512//512 484//484 380//380
f 629//629 510//510 514//514
f 512//512 380//380 366//366
f 582//582 480//480 477//477
f 477//477 480//480 409//409
f 404//404 556//556 409//409
f 361//361 537//537 404//404
f 361//361 404//404 319//319
f 489//489 447//447 361//361
f 319//319 404//404 409//409
f 512//512 366//366 480//480
f 319//319 480//480 366//366
f 293//293 366//366 240//240
f 319//319 366//366 293//293
f 319//319 409//409 480//480
f 556//556 582//582 477//477
f 230//230 361//361 300//300
f 251//251 230//230 234//234
f 256//256 319//319 293//293
f 230//230 319//319 256//256
f 186//186 230//230 256//256
f 300//300 319//319 230//230
f 234//234 230//230 186//186
f 181//181 234//234 186//186
f 186//186 293//293 185//185
f 185//185 218//218 186//186
f 293//293 186//186 256//256
f 218//218 219//219 186//186
f 219//219 216//216 186//186
f 211//211 219//219 218//218
f 212//212 216//216 219//219
f 212//212 186//186 216//216
f 310//310 230//230 251//251
f 251//251 231//231 310//310
f 236//236 179//179 214//214
f 251//251 234//234 181//181
f 251//251 181//181 179//179
f 220//220 236//236 214//214
f 228//228 286//286 220//220
f 137//137 220//220 214//214
f 836//836 822//822 834//834
f 836//836 811//811 822//822
f 843//843 834//834 836//836
f 843//843 839//839 836//836
f 845//845 836//836 839//839
f 836//836 845//845 849//849
f 849//849 845//845 834//834
f 836//836 631//631 811//811
f 854//854 847//847 841//841
f 849//849 847//847 851//851
f 849//849 834//834 847//847
f 841//841 849//849 854//854
f 841//841 709//709 849//849
f 709//709 631//631 849//849
f 809//809 782//782 847//847
f 847//847 858//858 809//809
f 792//792 809//809 858//858
f 779//779 792//792 790//790
f 792//792 858//858 790//790
f 662//662 847//847 678//678
f 709//709 612//612 578//578
f 612//612 709//709 662//662
f 841//841 662//662 709//709
f 847//847 782//782 678//678
f 662//662 678//678 645//645
f 782//782 809//809 678//678
f 805//805 858//858 826//826
f 858//858 831//831 826//826
f 820//820 831//831 817//817
f 820//820 817//817 755//755
f 828//828 831//831 755//755
f 727//727 736//736 740//740
f 740//740 674//674 727//727
f 674//674 721//721 723//723
f 727//727 729//729 734//734
f 727//727 674//674 672//672
f 723//723 740//740 822//822
f 723//723 691//691 674//674
f 691//691 768//768 801//801
f 757//757 801//801 768//768
f 801//801 757//757 822//822
f 788//788 811//811 691//691
f 803//803 796//796 788//788
f 683//683 691//691 811//811
f 803//803 822//822 796//796
f 674//674 691//691 647//647
f 593//593 691//691 565//565
f 647//647 691//691 593//593
f 723//723 757//757 691//691
f 729//729 672//672 656//656
f 591//591 672//672 593//593
f 562//562 593//593 493//493
f 683//683 811//811 631//631
f 616//616 565//565 609//609
f 616//616 578//578 565//565
f 580//580 662//662 645//645
f 580//580 645//645 622//622
f 612//612 662//662 580//580
f 565//565 493//493 593//593
f 493//493 444//444 395//395
f 444//444 493//493 352//352
f 352//352 493//493 368//368
f 565//565 544//544 493//493
f 544//544 578//578 493//493
f 493//493 578//578 472//472
f 647//647 593//593 672//672
f 748//748 866//866 834//834
f 834//834 866//866 875//875
f 834//834 875//875 858//858
f 858//858 878//878 831//831
f 453//453 430//430 402//402
f 402//402 386//386 384//384
f 402//402 425//425 386//386
f 425//425 392//392 386//386
f 725//725 762//762 699//699
f 678//678 636//636 622//622
f 622//622 636//636 618//618
f 654//654 725//725 620//620
f 618//618 636//636 620//620
f 636//636 654//654 620//620
f 765//765 731//731 624//624
f 790//790 805//805 824//824
f 790//790 824//824 699//699
f 762//762 790//790 699//699
f 824//824 814//814 805//805
f 699//699 824//824 805//805
f 699//699 624//624 658//658
f 770//770 624//624 699//699
f 620//620 725//725 699//699
f 826//826 707//707 805//805
f 770//770 805//805 707//707
f 807//807 649//649 707//707
f 664//664 755//755 641//641
f 707//707 639//639 731//731
f 639//639 707//707 649//649
f 620//620 658//658 624//624
f 602//602 620//620 624//624
f 641//641 614//614 605//605
f 664//664 641//641 605//605
f 605//605 614//614 599//599
f 614//614 567//567 599//599
f 634//634 624//624 668//668
f 639//639 668//668 731//731
f 639//639 649//649 626//626
f 626//626 668//668 639//639
f 602//602 624//624 626//626
f 548//548 602//602 626//626
f 548//548 626//626 558//558
f 626//626 605//605 560//560
f 605//605 567//567 560//560
f 567//567 554//554 560//560
f 567//567 605//605 599//599
f 731//731 668//668 624//624
f 634//634 626//626 624//624
f 829//829 817//817 831//831
f 829//829 686//686 817//817
f 755//755 817//817 660//660
f 660//660 686//686 614//614
f 614//614 686//686 758//758
f 641//641 660//660 614//614
f 584//584 758//758 570//570
f 525//525 584//584 570//570
f 614//614 758//758 584//584
f 815//815 758//758 829//829
f 770//770 765//765 624//624
f 799//799 758//758 815//815
f 807//807 820//820 755//755
f 580//580 622//622 589//589
f 580//580 589//589 546//546
f 620//620 551//551 587//587
f 578//578 546//546 472//472
f 569//569 587//587 551//551
f 569//569 551//551 546//546
f 472//472 546//546 451//451
f 505//505 503//503 470//470
f 546//546 505//505 451//451
f 482//482 470//470 522//522
f 482//482 522//522 455//455
f 522//522 520//520 533//533
f 528//528 533//533 486//486
f 528//528 449//449 522//522
f 539//539 551//551 548//548
f 558//558 560//560 541//541
f 548//548 558//558 541//541
f 554//554 567//567 530//530
f 541//541 560//560 508//508
f 508//508 560//560 500//500
f 560//560 530//530 500//500
f 533//533 541//541 486//486
f 486//486 500//500 436//436
f 486//486 508//508 500//500
f 522//522 470//470 503//503
f 525//525 614//614 574//574
f 490//490 570//570 518//518
f 462//462 525//525 488//488
f 488//488 458//458 462//462
f 530//530 567//567 464//464
f 415//415 389//389 432//432
f 432//432 465//465 415//415
f 475//475 458//458 490//490
f 703//703 701//701 697//697
f 703//703 697//697 693//693
f 475//475 465//465 458//458
f 567//567 525//525 462//462
f 451//451 474//474 467//467
f 451//451 505//505 474//474
f 474//474 470//470 467//467
f 482//482 467//467 470//470
f 467//467 453//453 402//402
f 467//467 455//455 453//453
f 451//451 421//421 402//402
f 451//451 402//402 400//400
f 400//400 402//402 368//368
f 392//392 438//438 346//346
f 425//425 455//455 392//392
f 505//505 470//470 474//474
f 407//407 449//449 411//411
f 407//407 411//411 346//346
f 419//419 432//432 389//389
f 390//390 389//389 415//415
f 389//389 344//344 348//348
f 389//389 390//390 358//358
f 337//337 336//336 358//358
f 346//346 344//344 336//336
f 346//346 389//389 348//348
f 500//500 530//530 464//464
f 436//436 500//500 464//464
f 438//438 449//449 407//407
f 368//368 402//402 370//370
f 560//560 554//554 530//530
f 602//602 548//548 551//551
f 832//832 752//752 815//815
f 751//751 752//752 732//732
f 518//518 570//570 594//594
f 570//570 627//627 594//594
f 518//518 594//594 515//515
f 478//478 475//475 490//490
f 416//416 465//465 475//475
f 475//475 478//478 416//416
f 405//405 396//396 431//431
f 329//329 316//316 405//405
f 413//413 290//290 329//329
f 290//290 413//413 431//431
f 416//416 337//337 358//358
f 326//326 316//316 269//269
f 405//405 316//316 326//326
f 515//515 498//498 478//478
f 271//271 337//337 374//374
f 174//174 374//374 285//285
f 271//271 374//374 174//174
f 415//415 465//465 416//416
f 484//484 536//536 446//446
f 536//536 562//562 493//493
f 493//493 441//441 446//446
f 441//441 395//395 376//376
f 493//493 395//395 441//441
f 444//444 352//352 395//395
f 366//366 380//380 313//313
f 240//240 366//366 313//313
f 342//342 322//322 295//295
f 322//322 282//282 295//295
f 295//295 282//282 240//240
f 224//224 227//227 240//240
f 205//205 224//224 162//162
f 208//208 141//141 87//87
f 357//357 376//376 352//352
f 357//357 352//352 342//342
f 350//350 334//334 331//331
f 331//331 324//324 350//350
f 352//352 368//368 355//355
f 352//352 355//355 322//322
f 368//368 370//370 350//350
f 368//368 350//350 355//355
f 388//388 360//360 364//364
f 388//388 364//364 350//350
f 360//360 334//334 364//364
f 386//386 392//392 360//360
f 386//386 360//360 388//388
f 370//370 388//388 350//350
f 322//322 350//350 324//324
f 298//298 210//210 334//334
f 342//342 352//352 322//322
f 284//284 324//324 331//331
f 282//282 322//322 284//284
f 245//245 284//284 334//334
f 245//245 141//141 208//208
f 245//245 210//210 141//141
f 79//79 141//141 84//84
f 210//210 84//84 141//141
f 79//79 84//84 88//88
f 69//69 81//81 88//88
f 88//88 92//92 76//76
f 81//81 77//77 88//88
f 84//84 89//89 72//72
f 88//88 91//91 69//69
f 210//210 89//89 84//84
f 79//79 88//88 76//76
f 334//334 210//210 245//245
f 218//218 202//202 205//205
f 211//211 218//218 205//205
f 87//87 205//205 162//162
f 211//211 205//205 87//87
f 220//220 137//137 228//228
f 108//108 137//137 113//113
f 137//137 214//214 113//113
f 214//214 106//106 113//113
f 113//113 106//106 108//108
f 86//86 108//108 54//54
f 106//106 87//87 76//76
f 108//108 76//76 92//92
f 92//92 65//65 54//54
f 55//55 54//54 28//28
f 65//65 92//92 77//77
f 65//65 77//77 81//81
f 87//87 79//79 76//76
f 339//339 298//298 392//392
f 298//298 339//339 199//199
f 199//199 210//210 258//258
f 146//146 115//115 176//176
f 112//112 176//176 85//85
f 339//339 346//346 199//199
f 156//156 346//346 271//271
f 346//346 156//156 149//149
f 97//97 116//116 149//149
f 149//149 126//126 118//118
f 118//118 97//97 149//149
f 97//97 111//111 80//80
f 97//97 118//118 111//111
f 115//115 143//143 176//176
f 199//199 258//258 298//298
f 149//149 199//199 241//241
f 199//199 149//149 116//116
f 91//91 80//80 82//82
f 115//115 146//146 112//112
f 115//115 112//112 80//80
f 80//80 112//112 82//82
f 199//199 116//116 89//89
f 149//149 156//156 126//126
f 126//126 156//156 118//118
f 298//298 258//258 210//210
f 199//199 89//89 210//210
f 73//73 72//72 89//89
f 91//91 73//73 89//89
f 91//91 66//66 39//39
f 162//162 208//208 87//87
f 376//376 342//342 380//380
f 342//342 376//376 357//357
f 303//303 280//280 246//246
f 303//303 302//302 305//305
f 280//280 254//254 246//246
f 246//246 237//237 288//288
f 254//254 189//189 200//200
f 200//200 246//246 254//254
f 61//61 69//69 91//91
f 61//61 39//39 51//51
f 139//139 228//228 108//108
f 101//101 139//139 108//108
f 70//70 101//101 86//86
f 70//70 33//33 31//31
f 86//86 33//33 70//70
f 86//86 55//55 28//28
f 33//33 86//86 28//28
f 36//36 32//32 54//54
f 65//65 36//36 54//54
f 28//28 54//54 30//30
f 33//33 18//18 31//31
f 30//30 22//22 28//28
f 30//30 54//54 22//22
f 22//22 16//16 28//28
f 4//4 18//18 13//13
f 13//13 19//19 4//4
f 32//32 36//36 56//56
f 14//14 56//56 51//51
f 22//22 32//32 24//24
f 32//32 22//22 54//54
f 22//22 6//6 19//19
f 22//22 24//24 14//14
f 22//22 14//14 6//6
f 1//1 19//19 13//13
f 6//6 14//14 4//4
f 2//2 1//1 7//7
f 18//18 7//7 13//13
f 2//2 18//18 16//16
f 246//246 215//215 237//237
f 246//246 124//124 169//169
f 150//150 182//182 169//169
f 246//246 169//169 182//182
f 171//171 159//159 138//138
f 159//159 169//169 138//138
f 68//68 138//138 124//124
f 329//329 290//290 274//274
f 266//266 269//269 274//274
f 290//290 431//431 171//171
f 326//326 269//269 180//180
f 217//217 278//278 133//133
f 278//278 217//217 133//133
f 269//269 266//266 261//261
f 269//269 183//183 180//180
f 217//217 133//133 183//183
f 217//217 183//183 252//252
f 252//252 183//183 269//269
f 183//183 133//133 180//180
f 136//136 153//153 133//133
f 278//278 274//274 217//217
f 120//120 115//115 217//217
f 117//117 115//115 120//120
f 176//176 117//117 85//85
f 122//122 115//115 111//111
f 111//111 118//118 156//156
f 133//133 122//122 111//111
f 133//133 153//153 180//180
f 217//217 115//115 122//122
f 217//217 122//122 133//133
f 252//252 138//138 217//217
f 180//180 153//153 136//136
f 123//123 124//124 119//119
f 94//94 124//124 119//119
f 124//124 94//94 68//68
f 57//57 68//68 53//53
f 85//85 68//68 57//57
f 105//105 107//107 100//100
f 66//66 43//43 42//42
f 43//43 53//53 62//62
f 39//39 66//66 42//42
f 39//39 42//42 43//43
f 85//85 57//57 43//43
f 85//85 43//43 82//82
f 136//136 174//174 285//285
f 156//156 174//174 111//111
f 111//111 136//136 133//133
f 124//124 200//200 100//100
f 124//124 246//246 200//200
f 56//56 61//61 51//51
f 212//212 219//219 211//211
f 101//101 228//228 139//139
f 402//402 384//384 370//370
f 652//652 632//632 572//572
f 65//65 81//81 36//36
f 143//143 115//115 117//117
f 82//82 112//112 85//85
f 439//439 405//405 431//431
f 231//231 251//251 179//179
f 766//766 652//652 776//776
f 31//31 18//18 4//4
f 100//100 200//200 189//189
f 248//248 220//220 286//286
f 374//374 478//478 378//378
f 290//290 171//171 252//252
f 478//478 497//497 428//428
f 374//374 378//378 285//285
f 325//325 222//222 434//434
f 289//289 265//265 307//307
f 307//307 291//291 289//289
f 265//265 275//275 308//308
f 263//263 196//196 289//289
f 194//194 187//187 265//265
f 5//5 8//8 25//25
f 163//163 289//289 196//196
f 102//102 104//104 127//127
f 121//121 125//125 127//127
f 98//98 102//102 121//121
f 121//121 127//127 163//163
f 98//98 121//121 163//163
f 289//289 127//127 194//194
f 194//194 104//104 187//187
f 860//860 794//794 837//837
f 703//703 693//693 697//697
f 843//843 836//836 834//834
f 693//693 701//701 703//703
f 680//680 705//705 670//670
f 656//656 685//685 713//713
f 746//746 715//715 713//713
f 711//711 715//715 717//717
f 719//719 711//711 717//717
f 652//652 766//766 632//632
f 772//772 786//786 784//784
f 798//798 794//794 784//784
f 794//794 772//772 784//784
f 750//750 786//786 774//774
f 643//643 750//750 772//772
f 794//794 744//744 798//798
f 595//595 537//537 563//563
f 760//760 705//705 688//688
f 680//680 582//582 556//556
f 591//591 536//536 597//597
f 556//556 404//404 537//537
f 489//489 361//361 310//310
f 185//185 202//202 218//218
f 228//228 101//101 286//286
f 181//181 212//212 214//214
f 214//214 179//179 181//181
f 248//248 236//236 220//220
f 843//843 836//836 839//839
f 839//839 836//836 834//834
f 839//839 834//834 845//845
f 836//836 849//849 631//631
f 678//678 809//809 792//792
f 854//854 851//851 847//847
f 779//779 678//678 792//792
f 622//622 645//645 678//678
f 755//755 820//820 828//828
f 849//849 851//851 854//854
f 841//841 847//847 662//662
f 831//831 820//820 755//755
f 828//828 826//826 755//755
f 828//828 755//755 826//826
f 831//831 828//828 826//826
f 740//740 736//736 734//734
f 740//740 734//734 748//748
f 748//748 734//734 738//738
f 727//727 734//734 736//736
f 651//651 672//672 674//674
f 734//734 748//748 738//738
f 721//721 740//740 723//723
f 748//748 729//729 738//738
f 734//734 729//729 748//748
f 748//748 822//822 740//740
f 651//651 647//647 672//672
f 651//651 674//674 647//647
f 803//803 801//801 822//822
f 788//788 801//801 803//803
f 811//811 796//796 822//822
f 691//691 757//757 768//768
f 796//796 811//811 803//803
f 811//811 796//796 803//803
f 811//811 788//788 796//796
f 402//402 430//430 425//425
f 834//834 822//822 748//748
f 612//612 580//580 578//578
f 425//425 430//430 453//453
f 765//765 770//770 731//731
f 678//678 779//779 762//762
f 762//762 725//725 654//654
f 790//790 762//762 779//779
f 654//654 636//636 762//762
f 731//731 770//770 707//707
f 824//824 805//805 814//814
f 805//805 770//770 814//814
f 770//770 805//805 814//814
f 770//770 699//699 805//805
f 699//699 658//658 620//620
f 664//664 649//649 807//807
f 664//664 807//807 755//755
f 826//826 807//807 707//707
f 602//602 551//551 620//620
f 605//605 649//649 664//664
f 605//605 626//626 649//649
f 634//634 668//668 626//626
f 528//528 522//522 533//533
f 831//831 815//815 829//829
f 686//686 829//829 758//758
f 817//817 686//686 660//660
f 614//614 584//584 574//574
f 660//660 641//641 755//755
f 580//580 546//546 578//578
f 622//622 569//569 546//546
f 520//520 522//522 503//503
f 449//449 455//455 522//522
f 528//528 486//486 449//449
f 520//520 548//548 541//541
f 541//541 508//508 486//486
f 539//539 520//520 503//503
f 541//541 533//533 520//520
f 436//436 449//449 486//486
f 458//458 432//432 436//436
f 464//464 462//462 436//436
f 462//462 464//464 567//567
f 436//436 462//462 458//458
f 465//465 432//432 458//458
f 449//449 438//438 455//455
f 482//482 455//455 467//467
f 392//392 455//455 438//438
f 451//451 467//467 421//421
f 432//432 419//419 411//411
f 411//411 389//389 346//346
f 411//411 419//419 389//389
f 358//358 336//336 389//389
f 348//348 344//344 346//346
f 336//336 344//344 389//389
f 828//828 807//807 826//826
f 828//828 820//820 807//807
f 405//405 413//413 329//329
f 574//574 584//584 525//525
f 752//752 751//751 815//815
f 478//478 498//498 497//497
f 66//66 82//82 43//43
f 413//413 405//405 439//439
f 518//518 515//515 478//478
f 227//227 185//185 240//240
f 334//334 350//350 364//364
f 384//384 388//388 370//370
f 384//384 386//386 388//388
f 298//298 334//334 360//360
f 88//88 77//77 92//92
f 96//96 73//73 103//103
f 103//103 73//73 91//91
f 72//72 88//88 84//84
f 137//137 108//108 228//228
f 87//87 106//106 211//211
f 146//146 176//176 112//112
f 117//117 176//176 143//143
f 80//80 111//111 115//115
f 91//91 82//82 66//66
f 7//7 18//18 2//2
f 305//305 273//273 280//280
f 19//19 16//16 22//22
f 19//19 2//2 16//16
f 6//6 4//4 19//19
f 274//274 217//217 261//261
f 274//274 261//261 266//266
f 19//19 3//3 2//2
f 19//19 1//1 3//3
f 1//1 2//2 3//3
f 7//7 1//1 13//13
f 215//215 246//246 182//182
f 124//124 138//138 169//169
f 274//274 290//290 266//266
f 329//329 274//274 316//316
f 217//217 274//274 278//278
f 252//252 261//261 266//266
f 261//261 274//274 266//266
f 252//252 269//269 261//261
f 217//217 274//274 261//261
f 252//252 266//266 290//290
f 120//120 217//217 117//117
f 124//124 100//100 119//119
f 94//94 100//100 107//107
f 94//94 95//95 62//62
f 94//94 107//107 95//95
f 43//43 57//57 53//53
f 43//43 62//62 51//51
f 271//271 174//174 156//156
f 439//439 431//431 413//413
f 189//189 105//105 100//100
f 123//123 119//119 124//124
f 326//326 396//396 405//405
f 159//159 150//150 169//169
f 291//291 307//307 308//308
f 196//196 263//263 238//238
f 194//194 265//265 289//289
f 175//175 163//163 196//196
f 131//131 163//163 175//175
f 175//175 196//196 238//238
f 222//222 325//325 277//277
f 131//131 125//125 127//127
f 131//131 127//127 125//125
f 102//102 127//127 121//121
f 99//99 98//98 64//64
f 104//104 102//102 98//98
f 194//194 127//127 104//104
f 127//127 125//125 121//121
f 340//340 314//314 332//332
f 173//173 222//222 191//191
f 44//44 64//64 50//50
f 203//203 164//164 168//168
f 742//742 861//861 852//852
f 58//58 44//44 38//38
f 5//5 21//21 10//10
f 98//98 163//163 114//114
f 314//314 264//264 304//304
f 264//264 192//192 259//259
f 434//434 414//414 433//433
f 373//373 442//442 382//382
f 325//325 434//434 343//343
f 576//576 742//742 606//606
f 160//160 173//173 155//155
f 197//197 243//243 213//213
f 309//309 373//373 353//353
f 25//25 8//8 17//17
f 163//163 160//160 148//148
f 192//192 144//144 151//151
f 64//64 98//98 90//90
f 144//144 142//142 135//135
f 414//414 314//314 381//381
f 871//871 884//884 885//885
f 885//885 883//883 882//882
f 531//531 600//600 603//603
f 203//203 397//397 531//531
f 818//818 763//763 742//742
f 516//516 494//494 496//496
f 393//393 362//362 434//434
f 506//506 501//501 516//516
f 110//110 157//157 128//128
f 34//34 35//35 25//25
f 20//20 23//23 25//25
f 58//58 29//29 21//21
f 132//132 145//145 144//144
f 47//47 45//45 44//44
f 50//50 47//47 44//44
f 129//129 134//134 144//144
f 426//426 423//423 434//434
f 603//603 666//666 775//775
f 775//775 855//855 871//871
f 863//863 868//868 871//871
f 270//270 268//268 287//287
f 249//249 299//299 203//203
f 197//197 177//177 164//164
f 168//168 190//190 203//203
f 253//253 250//250 247//247
f 190//190 225//225 203//203
f 852//852 818//818 742//742
f 576//576 552//552 516//516
f 542//542 523//523 516//516
f 496//496 460//460 442//442
f 456//456 422//422 442//442
f 309//309 276//276 142//142
f 38//38 49//49 58//58
f 74//74 109//109 128//128
f 154//154 152//152 163//163
f 304//304 306//306 314//314
f 277//277 233//233 222//222
f 52//52 50//50 64//64
f 60//60 48//48 58//58
f 128//128 270//270 287//287
f 753//753 777//777 775//775
f 427//427 468//468 531//531
f 882//882 876//876 877//877
f 287//287 253//253 247//247
f 213//213 206//206 197//197
f 340//340 372//372 314//314
f 325//325 279//279 277//277
f 148//148 154//154 163//163
f 193//193 242//242 192//192
f 151//151 165//165 192//192
f 90//90 67//67 64//64
f 135//135 129//129 144//144
f 296//296 304//304 264//264
f 871//871 869//869 870//870
f 775//775 681//681 689//689
f 775//775 777//777 780//780
f 531//531 468//468 526//526
f 882//882 881//881 880//880
f 882//882 880//880 879//879
f 742//742 637//637 610//610
f 742//742 741//741 665//665
f 516//516 501//501 491//491
f 442//442 460//460 459//459
f 442//442 459//459 456//456
f 58//58 49//49 60//60
f 74//74 63//63 75//75
f 25//25 35//35 46//46
f 25//25 23//23 26//26
f 21//21 29//29 27//27
f 192//192 165//165 172//172
f 871//871 868//868 869//869
f 775//775 689//689 753//753
f 603//603 600//600 607//607
f 531//531 526//526 534//534
f 531//531 534//534 549//549
f 203//203 299//299 311//311
f 203//203 311//311 335//335
f 203//203 225//225 249//249
f 164//164 166//166 167//167
f 197//197 206//206 195//195
f 128//128 178//178 235//235
f 861//861 864//864 862//862
f 861//861 862//862 856//856
f 742//742 763//763 741//741
f 576//576 575//575 571//571
f 516//516 552//552 542//542
f 516//516 491//491 495//495
f 414//414 398//398 417//417
f 325//325 327//327 320//320
f 516//516 523//523 506//506
f 373//373 377//377 371//371
f 309//309 328//328 301//301
f 128//128 157//157 170//170
f 128//128 170//170 178//178
f 74//74 75//75 93//93
f 128//128 109//109 110//110
f 25//25 26//26 34//34
f 58//58 41//41 37//37
f 8//8 9//9 11//11
f 21//21 15//15 10//10
f 8//8 11//11 12//12
f 163//163 152//152 130//130
f 222//222 233//233 232//232
f 192//192 172//172 188//188
f 222//222 232//232 229//229
f 264//264 259//259 262//262
f 144//144 145//145 147//147
f 44//44 45//45 40//40
f 64//64 59//59 52//52
f 142//142 158//158 135//135
f 144//144 134//134 132//132
f 576//576 606//606 585//585
f 287//287 268//268 260//260
f 442//442 422//422 412//412
f 434//434 423//423 393//393
f 314//314 306//306 317//317
f 58//58 48//48 41//41
f 325//325 320//320 315//315
f 192//192 188//188 193//193
f 222//222 229//229 221//221
f 277//277 272//272 267//267
f 144//144 147//147 151//151
f 684//684 859//859 696//696
f 696//696 859//859 704//704
f 710//710 716//716 718//718
f 745//745 872//872 684//684
f 596//596 590//590 684//684
f 714//714 718//718 872//872
f 859//859 872//872 867//867
f 867//867 837//837 859//859
f 642//642 687//687 759//759
f 749//749 793//793 812//812
f 771//771 642//642 797//797
f 572//572 489//489 595//595
f 766//766 837//837 776//776
f 408//408 476//476 555//555
f 361//361 537//537 447//447
f 300//300 318//318 361//361
f 555//555 687//687 642//642
f 361//361 310//310 230//230
f 846//846 857//857 833//833
f 789//789 804//804 857//857
f 830//830 815//815 832//832
f 821//821 722//722 756//756
f 671//671 726//726 728//728
f 739//739 673//673 720//720
f 690//690 787//787 800//800
f 690//690 608//608 630//630
f 690//690 630//630 682//682
f 690//690 564//564 608//608
f 630//630 577//577 708//708
f 577//577 630//630 615//615
f 543//543 577//577 564//564
f 608//608 615//615 630//630
f 874//874 857//857 878//878
f 399//399 471//471 492//492
f 492//492 367//367 399//399
f 677//677 635//635 761//761
f 751//751 799//799 627//627
f 627//627 799//799 758//758
f 570//570 627//627 758//758
f 586//586 619//619 617//617
f 545//545 621//621 588//588
f 621//621 568//568 586//586
f 504//504 502//502 550//550
f 545//545 504//504 550//550
f 538//538 519//519 547//547
f 559//559 625//625 557//557
f 550//550 502//502 538//538
f 566//566 524//524 613//613
f 570//570 524//524 487//487
f 490//490 570//570 457//457
f 457//457 570//570 487//487
f 435//435 448//448 432//432
f 424//424 454//454 452//452
f 420//420 401//401 466//466
f 471//471 399//399 450//450
f 448//448 410//410 432//432
f 358//358 415//415 390//390
f 358//358 416//416 415//415
f 271//271 337//337 336//336
f 345//345 406//406 437//437
f 338//338 345//345 391//391
f 621//621 586//586 617//617
f 799//799 751//751 815//815
f 627//627 732//732 751//751
f 490//490 478//478 518//518
f 374//374 478//478 416//416
f 374//374 416//416 337//337
f 535//535 445//445 492//492
f 445//445 379//379 375//375
f 379//379 445//445 483//483
f 375//375 440//440 445//445
f 375//375 351//351 394//394
f 184//184 239//239 292//292
f 223//223 226//226 184//184
f 379//379 312//312 294//294
f 379//379 294//294 341//341
f 283//283 239//239 223//223
f 312//312 239//239 294//294
f 283//283 281//281 239//239
f 161//161 207//207 223//223
f 321//321 349//349 354//354
f 359//359 297//297 391//391
f 283//283 323//323 321//321
f 283//283 207//207 244//244
f 283//283 333//333 330//330
f 88//88 91//91 103//103
f 73//73 71//71 88//88
f 96//96 88//88 103//103
f 73//73 88//88 96//96
f 223//223 207//207 283//283
f 184//184 204//204 223//223
f 201//201 204//204 184//184
f 106//106 211//211 212//212
f 76//76 106//106 108//108
f 108//108 54//54 92//92
f 198//198 241//241 345//345
f 345//345 271//271 336//336
f 241//241 149//149 345//345
f 89//89 91//91 80//80
f 97//97 116//116 89//89
f 89//89 80//80 97//97
f 87//87 78//78 140//140
f 280//280 305//305 303//303
f 288//288 246//246 303//303
f 302//302 288//288 303//303
f 56//56 61//61 69//69
f 61//61 39//39 91//91
f 101//101 86//86 108//108
f 81//81 36//36 69//69
f 18//18 16//16 28//28
f 18//18 28//28 33//33
f 24//24 56//56 32//32
f 24//24 14//14 56//56
f 316//316 269//269 274//274
f 138//138 171//171 252//252
f 117//117 68//68 138//138
f 117//117 138//138 217//217
f 94//94 100//100 119//119
f 94//94 53//53 62//62
f 53//53 94//94 68//68
f 43//43 39//39 51//51
f 117//117 85//85 68//68
f 136//136 174//174 111//111
f 36//36 56//56 69//69
f 655//655 590//590 671//671
f 535//535 561//561 590//590
f 212//212 186//186 181//181
f 106//106 212//212 214//214
f 55//55 54//54 86//86
f 594//594 732//732 627//627
f 428//428 478//478 378//378
f 830//830 832//832 878//878
f 517//517 310//310 489//489
f 308//308 265//265 307//307
f 289//289 127//127 163//163
f 291//291 289//289 263//263
f 759//759 704//704 793//793
f 837//837 867//867 776//776
f 700//700 696//696 684//684
f 692//692 700//700 684//684
f 702//702 692//692 684//684
f 696//696 702//702 684//684
f 694//694 704//704 679//679
f 694//694 679//679 704//704
f 669//669 679//679 628//628
f 696//696 675//675 628//628
f 675//675 669//669 628//628
f 696//696 704//704 675//675
f 675//675 704//704 669//669
f 859//859 684//684 872//872
f 737//737 718//718 728//728
f 737//737 747//747 718//718
f 747//747 872//872 718//718
f 712//712 745//745 684//684
f 712//712 655//655 710//710
f 710//710 714//714 712//712
f 718//718 716//716 728//728
f 716//716 655//655 728//728
f 710//710 655//655 716//716
f 684//684 590//590 655//655
f 718//718 714//714 716//716
f 745//745 714//714 872//872
f 684//684 628//628 596//596
f 590//590 561//561 592//592
f 628//628 684//684 696//696
f 859//859 793//793 704//704
f 878//878 867//867 872//872
f 872//872 747//747 865//865
f 865//865 874//874 872//872
f 874//874 878//878 872//872
f 743//743 642//642 759//759
f 797//797 793//793 783//783
f 785//785 773//773 771//771
f 797//797 793//793 771//771
f 785//785 783//783 793//793
f 749//749 785//785 793//793
f 749//749 771//771 773//773
f 743//743 759//759 793//793
f 797//797 642//642 743//743
f 642//642 537//537 555//555
f 632//632 537//537 642//642
f 632//632 642//642 812//812
f 812//812 793//793 837//837
f 812//812 837//837 766//766
f 572//572 595//595 632//632
f 489//489 563//563 595//595
f 572//572 517//517 489//489
f 563//563 489//489 537//537
f 489//489 447//447 537//537
f 632//632 812//812 766//766
f 812//812 642//642 749//749
f 632//632 595//595 537//537
f 704//704 687//687 679//679
f 687//687 555//555 679//679
f 679//679 581//581 628//628
f 511//511 628//628 479//479
f 479//479 628//628 581//581
f 511//511 513//513 628//628
f 483//483 628//628 509//509
f 628//628 483//483 596//596
f 596//596 483//483 535//535
f 511//511 483//483 513//513
f 513//513 483//483 509//509
f 511//511 379//379 483//483
f 628//628 513//513 509//509
f 511//511 365//365 379//379
f 581//581 476//476 479//479
f 476//476 408//408 479//479
f 403//403 408//408 555//555
f 361//361 403//403 537//537
f 361//361 318//318 403//403
f 489//489 361//361 447//447
f 318//318 408//408 403//403
f 511//511 479//479 365//365
f 318//318 365//365 479//479
f 292//292 239//239 365//365
f 318//318 292//292 365//365
f 318//318 479//479 408//408
f 555//555 476//476 581//581
f 230//230 300//300 361//361
f 251//251 234//234 230//230
f 255//255 292//292 318//318
f 230//230 255//255 318//318
f 186//186 255//255 230//230
f 300//300 230//230 318//318
f 234//234 186//186 230//230
f 181//181 186//186 234//234
f 186//186 184//184 292//292
f 184//184 186//186 218//218
f 292//292 255//255 186//186
f 218//218 186//186 219//219
f 219//219 186//186 216//216
f 211//211 218//218 219//219
f 212//212 219//219 216//216
f 212//212 216//216 186//186
f 310//310 251//251 230//230
f 251//251 310//310 231//231
f 236//236 214//214 179//179
f 251//251 181//181 234//234
f 251//251 179//179 181//181
f 220//220 214//214 236//236
f 228//228 220//220 286//286
f 137//137 214//214 220//220
f 835//835 833//833 821//821
f 835//835 821//821 810//810
f 842//842 835//835 833//833
f 842//842 835//835 838//838
f 844//844 838//838 835//835
f 835//835 848//848 844//844
f 848//848 833//833 844//844
f 835//835 810//810 630//630
f 853//853 840//840 846//846
f 848//848 850//850 846//846
f 848//848 846//846 833//833
f 840//840 853//853 848//848
f 840//840 848//848 708//708
f 708//708 848//848 630//630
f 808//808 846//846 781//781
f 846//846 808//808 857//857
f 791//791 857//857 808//808
f 778//778 789//789 791//791
f 791//791 789//789 857//857
f 661//661 677//677 846//846
f 708//708 577//577 611//611
f 611//611 661//661 708//708
f 840//840 708//708 661//661
f 846//846 677//677 781//781
f 661//661 644//644 677//677
f 781//781 677//677 808//808
f 804//804 825//825 857//857
f 857//857 825//825 830//830
f 819//819 816//816 830//830
f 819//819 754//754 816//816
f 827//827 754//754 830//830
f 726//726 739//739 735//735
f 739//739 726//726 673//673
f 673//673 722//722 720//720
f 726//726 733//733 728//728
f 726//726 671//671 673//673
f 722//722 821//821 739//739
f 722//722 673//673 690//690
f 690//690 800//800 767//767
f 756//756 767//767 800//800
f 800//800 821//821 756//756
f 787//787 690//690 810//810
f 802//802 787//787 795//795
f 682//682 810//810 690//690
f 802//802 795//795 821//821
f 673//673 646//646 690//690
f 592//592 564//564 690//690
f 646//646 592//592 690//690
f 722//722 690//690 756//756
f 728//728 655//655 671//671
f 590//590 592//592 671//671
f 561//561 492//492 592//592
f 682//682 630//630 810//810
f 615//615 608//608 564//564
f 615//615 564//564 577//577
f 579//579 644//644 661//661
f 579//579 621//621 644//644
f 611//611 579//579 661//661
f 564//564 592//592 492//492
f 492//492 394//394 443//443
f 443//443 351//351 492//492
f 351//351 367//367 492//492
f 564//564 492//492 543//543
f 543//543 492//492 577//577
f 492//492 471//471 577//577
f 646//646 671//671 592//592
f 747//747 833//833 865//865
f 833//833 874//874 865//865
f 833//833 857//857 874//874
f 857//857 830//830 878//878
f 452//452 401//401 429//429
f 401//401 383//383 385//385
f 401//401 385//385 424//424
f 424//424 385//385 391//391
f 724//724 698//698 761//761
f 677//677 621//621 635//635
f 621//621 617//617 635//635
f 653//653 619//619 724//724
f 617//617 619//619 635//635
f 635//635 619//619 653//653
f 764//764 623//623 730//730
f 789//789 823//823 804//804
f 789//789 698//698 823//823
f 761//761 698//698 789//789
f 823//823 804//804 813//813
f 698//698 804//804 823//823
f 698//698 657//657 623//623
f 769//769 698//698 623//623
f 619//619 698//698 724//724
f 825//825 804//804 706//706
f 769//769 706//706 804//804
f 806//806 706//706 648//648
f 663//663 640//640 754//754
f 706//706 730//730 638//638
f 638//638 648//648 706//706
f 619//619 623//623 657//657
f 601//601 623//623 619//619
f 640//640 604//604 613//613
f 663//663 604//604 640//640
f 604//604 598//598 613//613
f 613//613 598//598 566//566
f 633//633 667//667 623//623
f 638//638 730//730 667//667
f 638//638 625//625 648//648
f 625//625 638//638 667//667
f 601//601 625//625 623//623
f 547//547 625//625 601//601
f 547//547 557//557 625//625
f 625//625 559//559 604//604
f 604//604 559//559 566//566
f 566//566 559//559 553//553
f 566//566 598//598 604//604
f 730//730 623//623 667//667
f 633//633 623//623 625//625
f 829//829 830//830 816//816
f 829//829 816//816 686//686
f 754//754 659//659 816//816
f 659//659 613//613 686//686
f 613//613 758//758 686//686
f 640//640 613//613 659//659
f 583//583 570//570 758//758
f 524//524 570//570 583//583
f 613//613 583//583 758//758
f 815//815 829//829 758//758
f 769//769 623//623 764//764
f 799//799 815//815 758//758
f 806//806 754//754 819//819
f 579//579 588//588 621//621
f 579//579 545//545 588//588
f 619//619 586//586 550//550
f 577//577 471//471 545//545
f 568//568 550//550 586//586
f 568//568 545//545 550//550
f 471//471 450//450 545//545
f 504//504 469//469 502//502
f 545//545 450//450 504//504
f 481//481 521//521 469//469
f 481//481 454//454 521//521
f 521//521 532//532 519//519
f 527//527 485//485 532//532
f 527//527 521//521 448//448
f 538//538 547//547 550//550
f 557//557 540//540 559//559
f 547//547 540//540 557//557
f 553//553 529//529 566//566
f 540//540 507//507 559//559
f 507//507 499//499 559//559
f 559//559 499//499 529//529
f 532//532 485//485 540//540
f 485//485 435//435 499//499
f 485//485 499//499 507//507
f 521//521 502//502 469//469
f 524//524 573//573 613//613
f 490//490 518//518 570//570
f 461//461 487//487 524//524
f 487//487 461//461 457//457
f 529//529 463//463 566//566
f 415//415 432//432 389//389
f 432//432 415//415 465//465
f 475//475 490//490 457//457
f 702//702 696//696 700//700
f 702//702 692//692 696//696
f 475//475 457//457 465//465
f 566//566 461//461 524//524
f 450//450 466//466 473//473
f 450//450 473//473 504//504
f 473//473 466//466 469//469
f 481//481 469//469 466//466
f 466//466 401//401 452//452
f 466//466 452//452 454//454
f 450//450 401//401 420//420
f 450//450 399//399 401//401
f 399//399 367//367 401//401
f 391//391 345//345 437//437
f 424//424 391//391 454//454
f 504//504 473//473 469//469
f 406//406 410//410 448//448
f 406//406 345//345 410//410
f 418//418 389//389 432//432
f 390//390 415//415 389//389
f 389//389 347//347 344//344
f 389//389 358//358 390//390
f 337//337 358//358 336//336
f 345//345 336//336 344//344
f 345//345 347//347 389//389
f 499//499 463//463 529//529
f 435//435 463//463 499//499
f 437//437 406//406 448//448
f 367//367 369//369 401//401
f 559//559 529//529 553//553
f 601//601 550//550 547//547
f 832//832 815//815 752//752
f 751//751 732//732 752//752
f 518//518 594//594 570//570
f 570//570 594//594 627//627
f 518//518 515//515 594//594
f 478//478 490//490 475//475
f 416//416 475//475 465//465
f 475//475 416//416 478//478
f 405//405 431//431 396//396
f 329//329 405//405 316//316
f 413//413 329//329 290//290
f 290//290 431//431 413//413
f 416//416 358//358 337//337
f 326//326 269//269 316//316
f 405//405 326//326 316//316
f 515//515 478//478 498//498
f 271//271 374//374 337//337
f 174//174 285//285 374//374
f 271//271 174//174 374//374
f 415//415 416//416 465//465
f 483//483 445//445 535//535
f 535//535 492//492 561//561
f 492//492 445//445 440//440
f 440//440 375//375 394//394
f 492//492 440//440 394//394
f 443//443 394//394 351//351
f 365//365 312//312 379//379
f 239//239 312//312 365//365
f 341//341 294//294 321//321
f 321//321 294//294 281//281
f 294//294 239//239 281//281
f 223//223 239//239 226//226
f 204//204 161//161 223//223
f 207//207 87//87 140//140
f 356//356 351//351 375//375
f 356//356 341//341 351//351
f 349//349 330//330 333//333
f 330//330 349//349 323//323
f 351//351 354//354 367//367
f 351//351 321//321 354//354
f 367//367 349//349 369//369
f 367//367 354//354 349//349
f 387//387 363//363 359//359
f 387//387 349//349 363//363
f 359//359 363//363 333//333
f 385//385 359//359 391//391
f 385//385 387//387 359//359
f 369//369 349//349 387//387
f 321//321 323//323 349//349
f 297//297 333//333 209//209
f 341//341 321//321 351//351
f 283//283 330//330 323//323
f 281//281 283//283 321//321
f 244//244 333//333 283//283
f 244//244 207//207 140//140
f 244//244 140//140 209//209
f 78//78 83//83 140//140
f 209//209 140//140 83//83
f 78//78 88//88 83//83
f 69//69 88//88 81//81
f 88//88 76//76 92//92
f 81//81 88//88 77//77
f 83//83 71//71 89//89
f 88//88 69//69 91//91
f 209//209 83//83 89//89
f 78//78 76//76 88//88
f 333//333 244//244 209//209
f 218//218 204//204 201//201
f 211//211 204//204 218//218
f 87//87 161//161 204//204
f 211//211 87//87 204//204
f 220//220 228//228 137//137
f 108//108 113//113 137//137
f 137//137 113//113 214//214
f 214//214 113//113 106//106
f 113//113 108//108 106//106
f 86//86 54//54 108//108
f 106//106 76//76 87//87
f 108//108 92//92 76//76
f 92//92 54//54 65//65
f 55//55 28//28 54//54
f 65//65 77//77 92//92
f 65//65 81//81 77//77
f 87//87 76//76 78//78
f 338//338 391//391 297//297
f 297//297 198//198 338//338
f 198//198 257//257 209//209
f 146//146 176//176 115//115
f 112//112 85//85 176//176
f 338//338 198//198 345//345
f 156//156 271//271 345//345
f 345//345 149//149 156//156
f 97//97 149//149 116//116
f 149//149 118//118 126//126
f 118//118 149//149 97//97
f 97//97 80//80 111//111
f 97//97 111//111 118//118
f 115//115 176//176 143//143
f 198//198 297//297 257//257
f 149//149 241//241 198//198
f 198//198 116//116 149//149
f 91//91 82//82 80//80
f 115//115 112//112 146//146
f 115//115 80//80 112//112
f 80//80 82//82 112//112
f 198//198 89//89 116//116
f 149//149 126//126 156//156
f 126//126 118//118 156//156
f 297//297 209//209 257//257
f 198//198 209//209 89//89
f 73//73 89//89 71//71
f 91//91 89//89 73//73
f 91//91 39//39 66//66
f 161//161 87//87 207//207
f 375//375 379//379 341//341
f 341//341 356//356 375//375
f 303//303 246//246 280//280
f 303//303 305//305 302//302
f 280//280 246//246 254//254
f 246//246 288//288 237//237
f 254//254 200//200 189//189
f 200//200 254//254 246//246
f 61//61 91//91 69//69
f 61//61 51//51 39//39
f 139//139 108//108 228//228
f 101//101 108//108 139//139
f 70//70 86//86 101//101
f 70//70 31//31 33//33
f 86//86 70//70 33//33
f 86//86 28//28 55//55
f 33//33 28//28 86//86
f 36//36 54//54 32//32
f 65//65 54//54 36//36
f 28//28 30//30 54//54
f 33//33 31//31 18//18
f 30//30 28//28 22//22
f 30//30 22//22 54//54
f 22//22 28//28 16//16
f 4//4 13//13 18//18
f 13//13 4//4 19//19
f 32//32 56//56 36//36
f 14//14 51//51 56//56
f 22//22 24//24 32//32
f 32//32 54//54 22//22
f 22//22 19//19 6//6
f 22//22 14//14 24//24
f 22//22 6//6 14//14
f 1//1 13//13 19//19
f 6//6 4//4 14//14
f 2//2 7//7 1//1
f 18//18 13//13 7//7
f 2//2 16//16 18//18
f 246//246 237//237 215//215
f 246//246 169//169 124//124
f 150//150 169//169 182//182
f 246//246 182//182 169//169
f 171//171 138//138 159//159
f 159//159 138//138 169//169
f 68//68 124//124 138//138
f 329//329 274//274 290//290
f 266//266 274//274 269//269
f 290//290 171//171 431//431
f 326//326 180//180 269//269
f 217//217 133//133 278//278
f 278//278 133//133 217//217
f 269//269 261//261 266//266
f 269//269 180//180 183//183
f 217//217 183//183 133//133
f 217//217 252//252 183//183
f 252//252 269//269 183//183
f 183//183 180//180 133//133
f 136//136 133//133 153//153
f 278//278 217//217 274//274
f 120//120 217//217 115//115
f 117//117 120//120 115//115
f 176//176 85//85 117//117
f 122//122 111//111 115//115
f 111//111 156//156 118//118
f 133//133 111//111 122//122
f 133//133 180//180 153//153
f 217//217 122//122 115//115
f 217//217 133//133 122//122
f 252//252 217//217 138//138
f 180//180 136//136 153//153
f 123//123 119//119 124//124
f 94//94 119//119 124//124
f 124//124 68//68 94//94
f 57//57 53//53 68//68
f 85//85 57//57 68//68
f 105//105 100//100 107//107
f 66//66 42//42 43//43
f 43//43 62//62 53//53
f 39//39 42//42 66//66
f 39//39 43//43 42//42
f 85//85 43//43 57//57
f 85//85 82//82 43//43
f 136//136 285//285 174//174
f 156//156 111//111 174//174
f 111//111 133//133 136//136
f 124//124 100//100 200//200
f 124//124 200//200 246//246
f 56//56 51//51 61//61
f 212//212 211//211 219//219
f 101//101 139//139 228//228
f 401//401 369//369 383//383
f 652//652 572//572 632//632
f 65//65 36//36 81//81
f 143//143 117//117 115//115
f 82//82 85//85 112//112
f 439//439 431//431 405//405
f 231//231 179//179 251//251
f 766//766 776//776 652//652
f 31//31 4//4 18//18
f 100//100 189//189 200//200
f 248//248 286//286 220//220
f 374//374 378//378 478//478
f 290//290 252//252 171//171
f 478//478 428//428 497//497
f 374//374 285//285 378//378
f 325//325 434//434 222//222
f 289//289 307//307 265//265
f 307//307 289//289 291//291
f 265//265 308//308 275//275
f 263//263 289//289 196//196
f 194//194 265//265 187//187
f 5//5 25//25 8//8
f 163//163 196//196 289//289
f 102//102 127//127 104//104
f 121//121 127//127 125//125
f 98//98 121//121 102//102
f 121//121 163//163 127//127
f 98//98 163//163 121//121
f 289//289 194//194 127//127
f 194//194 187//187 104//104
f 859//859 837//837 793//793
f 702//702 696//696 692//692
f 842//842 833//833 835//835
f 692//692 702//702 700//700
f 679//679 669//669 704//704
f 655//655 712//712 684//684
f 745//745 712//712 714//714
f 710//710 716//716 714//714
f 718//718 716//716 710//710
f 652//652 632//632 766//766
f 771//771 783//783 785//785
f 797//797 783//783 793//793
f 793//793 783//783 771//771
f 749//749 773//773 785//785
f 642//642 771//771 749//749
f 793//793 797//797 743//743
f 595//595 563//563 537//537
f 759//759 687//687 704//704
f 679//679 555//555 581//581
f 590//590 596//596 535//535
f 555//555 537//537 403//403
f 489//489 310//310 361//361
f 184//184 218//218 201//201
f 228//228 286//286 101//101
f 181//181 214//214 212//212
f 214//214 181//181 179//179
f 248//248 220//220 236//236
f 842//842 838//838 835//835
f 838//838 833//833 835//835
f 838//838 844//844 833//833
f 835//835 630//630 848//848
f 677//677 791//791 808//808
f 853//853 846//846 850//850
f 778//778 791//791 677//677
f 621//621 677//677 644//644
f 754//754 827//827 819//819
f 848//848 853//853 850//850
f 840//840 661//661 846//846
f 830//830 754//754 819//819
f 827//827 754//754 825//825
f 827//827 825//825 754//754
f 830//830 825//825 827//827
f 739//739 733//733 735//735
f 739//739 747//747 733//733
f 747//747 737//737 733//733
f 726//726 735//735 733//733
f 650//650 673//673 671//671
f 733//733 737//737 747//747
f 720//720 722//722 739//739
f 747//747 737//737 728//728
f 733//733 747//747 728//728
f 747//747 739//739 821//821
f 650//650 671//671 646//646
f 650//650 646//646 673//673
f 802//802 821//821 800//800
f 787//787 802//802 800//800
f 810//810 821//821 795//795
f 690//690 767//767 756//756
f 795//795 802//802 810//810
f 810//810 802//802 795//795
f 810//810 795//795 787//787
f 401//401 424//424 429//429
f 833//833 747//747 821//821
f 611//611 577//577 579//579
f 424//424 452//452 429//429
f 764//764 730//730 769//769
f 677//677 761//761 778//778
f 761//761 653//653 724//724
f 789//789 778//778 761//761
f 653//653 761//761 635//635
f 730//730 706//706 769//769
f 823//823 813//813 804//804
f 804//804 813//813 769//769
f 769//769 813//813 804//804
f 769//769 804//804 698//698
f 698//698 619//619 657//657
f 663//663 806//806 648//648
f 663//663 754//754 806//806
f 825//825 706//706 806//806
f 601//601 619//619 550//550
f 604//604 663//663 648//648
f 604//604 648//648 625//625
f 633//633 625//625 667//667
f 527//527 532//532 521//521
f 830//830 829//829 815//815
f 686//686 758//758 829//829
f 816//816 659//659 686//686
f 613//613 573//573 583//583
f 659//659 754//754 640//640
f 579//579 577//577 545//545
f 621//621 545//545 568//568
f 519//519 502//502 521//521
f 448//448 521//521 454//454
f 527//527 448//448 485//485
f 519//519 540//540 547//547
f 540//540 485//485 507//507
f 538//538 502//502 519//519
f 540//540 519//519 532//532
f 435//435 485//485 448//448
f 457//457 435//435 432//432
f 463//463 435//435 461//461
f 461//461 566//566 463//463
f 435//435 457//457 461//461
f 465//465 457//457 432//432
f 448//448 454//454 437//437
f 481//481 466//466 454//454
f 391//391 437//437 454//454
f 450//450 420//420 466//466
f 432//432 410//410 418//418
f 410//410 345//345 389//389
f 410//410 389//389 418//418
f 358//358 389//389 336//336
f 347//347 345//345 344//344
f 336//336 389//389 344//344
f 827//827 825//825 806//806
f 827//827 806//806 819//819
f 405//405 329//329 413//413
f 573//573 524//524 583//583
f 752//752 815//815 751//751
f 478//478 497//497 498//498
f 66//66 43//43 82//82
f 413//413 439//439 405//405
f 518//518 478//478 515//515
f 226//226 239//239 184//184
f 333//333 363//363 349//349
f 383//383 369//369 387//387
f 383//383 387//387 385//385
f 297//297 359//359 333//333
f 88//88 92//92 77//77
f 96//96 103//103 73//73
f 103//103 91//91 73//73
f 71//71 83//83 88//88
f 137//137 228//228 108//108
f 87//87 211//211 106//106
f 146//146 112//112 176//176
f 117//117 143//143 176//176
f 80//80 115//115 111//111
f 91//91 66//66 82//82
f 7//7 2//2 18//18
f 305//305 280//280 273//273
f 19//19 22//22 16//16
f 19//19 16//16 2//2
f 6//6 19//19 4//4
f 274//274 261//261 217//217
f 274//274 266//266 261//261
f 19//19 2//2 3//3
f 19//19 3//3 1//1
f 1//1 3//3 2//2
f 7//7 13//13 1//1
f 215//215 182//182 246//246
f 124//124 169//169 138//138
f 274//274 266//266 290//290
f 329//329 316//316 274//274
f 217//217 278//278 274//274
f 252//252 266//266 261//261
f 261//261 266//266 274//274
f 252//252 261//261 269//269
f 217//217 261//261 274//274
f 252//252 290//290 266//266
f 120//120 117//117 217//217
f 124//124 119//119 100//100
f 94//94 107//107 100//100
f 94//94 62//62 95//95
f 94//94 95//95 107//107
f 43//43 53//53 57//57
f 43//43 51//51 62//62
f 271//271 156//156 174//174
f 439//439 413//413 431//431
f 189//189 100//100 105//105
f 123//123 124//124 119//119
f 326//326 405//405 396//396
f 159//159 169//169 150//150
f 291//291 308//308 307//307
f 196//196 238//238 263//263
f 194//194 289//289 265//265
f 175//175 196//196 163//163
f 131//131 175//175 163//163
f 175//175 238//238 196//196
f 222//222 277//277 325//325
f 131//131 127//127 125//125
f 131//131 125//125 127//127
f 102//102 121//121 127//127
f 99//99 64//64 98//98
f 104//104 98//98 102//102
f 194//194 104//104 127//127
f 127//127 121//121 125//125
f 340//340 332//332 314//314
f 173//173 191//191 222//222
f 44//44 50//50 64//64
f 203//203 168//168 164//164
f 742//742 852//852 861//861
f 58//58 38//38 44//44
f 5//5 10//10 21//21
f 98//98 114//114 163//163
f 314//314 304//304 264//264
f 264//264 259//259 192//192
f 434//434 433//433 414//414
f 373//373 382//382 442//442
f 325//325 343//343 434//434
f 576//576 606//606 742//742
f 160//160 155//155 173//173
f 197//197 213//213 243//243
f 309//309 353//353 373//373
f 25//25 17//17 8//8
f 163//163 148//148 160//160
f 192//192 151//151 144//144
f 64//64 90//90 98//98
f 144//144 135//135 142//142
f 414//414 381//381 314//314
f 871//871 885//885 884//884
f 885//885 882//882 883//883
f 531//531 603//603 600//600
f 203//203 531//531 397//397
f 818//818 742//742 763//763
f 516//516 496//496 494//494
f 393//393 434//434 362//362
f 506//506 516//516 501//501
f 110//110 128//128 157//157
f 34//34 25//25 35//35
f 20//20 25//25 23//23
f 58//58 21//21 29//29
f 132//132 144//144 145//145
f 47//47 44//44 45//45
f 50//50 44//44 47//47
f 129//129 144//144 134//134
f 426//426 434//434 423//423
f 603//603 775//775 666//666
f 775//775 871//871 855//855
f 863//863 871//871 868//868
f 270//270 287//287 268//268
f 249//249 203//203 299//299
f 197//197 164//164 177//177
f 168//168 203//203 190//190
f 253//253 247//247 250//250
f 190//190 203//203 225//225
f 852//852 742//742 818//818
f 576//576 516//516 552//552
f 542//542 516//516 523//523
f 496//496 442//442 460//460
f 456//456 442//442 422//422
f 309//309 142//142 276//276
f 38//38 58//58 49//49
f 74//74 128//128 109//109
f 154//154 163//163 152//152
f 304//304 314//314 306//306
f 277//277 222//222 233//233
f 52//52 64//64 50//50
f 60//60 58//58 48//48
f 128//128 287//287 270//270
f 753//753 775//775 777//777
f 427//427 531//531 468//468
f 882//882 877//877 876//876
f 287//287 247//247 253//253
f 213//213 197//197 206//206
f 340//340 314//314 372//372
f 325//325 277//277 279//279
f 148//148 163//163 154//154
f 193//193 192//192 242//242
f 151//151 192//192 165//165
f 90//90 64//64 67//67
f 135//135 144//144 129//129
f 296//296 264//264 304//304
f 871//871 870//870 869//869
f 775//775 689//689 681//681
f 775//775 780//780 777//777
f 531//531 526//526 468//468
f 882//882 880//880 881//881
f 882//882 879//879 880//880
f 742//742 610//610 637//637
f 742//742 665//665 741//741
f 516//516 491//491 501//501
f 442//442 459//459 460//460
f 442//442 456//456 459//459
f 58//58 60//60 49//49
f 74//74 75//75 63//63
f 25//25 46//46 35//35
f 25//25 26//26 23//23
f 21//21 27//27 29//29
f 192//192 172//172 165//165
f 871//871 869//869 868//868
f 775//775 753//753 689//689
f 603//603 607//607 600//600
f 531//531 534//534 526//526
f 531//531 549//549 534//534
f 203//203 311//311 299//299
f 203//203 335//335 311//311
f 203//203 249//249 225//225
f 164//164 167//167 166//166
f 197//197 195//195 206//206
f 128//128 235//235 178//178
f 861//861 862//862 864//864
f 861//861 856//856 862//862
f 742//742 741//741 763//763
f 576//576 571//571 575//575
f 516//516 542//542 552//552
f 516//516 495//495 491//491
f 414//414 417//417 398//398
f 325//325 320//320 327//327
f 516//516 506//506 523//523
f 373//373 371//371 377//377
f 309//309 301//301 328//328
f 128//128 170//170 157//157
f 128//128 178//178 170//170
f 74//74 93//93 75//75
f 128//128 110//110 109//109
f 25//25 34//34 26//26
f 58//58 37//37 41//41
f 8//8 11//11 9//9
f 21//21 10//10 15//15
f 8//8 12//12 11//11
f 163//163 130//130 152//152
f 222//222 232//232 233//233
f 192//192 188//188 172//172
f 222//222 229//229 232//232
f 264//264 262//262 259//259
f 144//144 147//147 145//145
f 44//44 40//40 45//45
f 64//64 52//52 59//59
f 142//142 135//135 158//158
f 144//144 132//132 134//134
f 576//576 585//585 606//606
f 287//287 260//260 268//268
f 442//442 412//412 422//422
f 434//434 393//393 423//423
f 314//314 317//317 306//306
f 58//58 41//41 48//48
f 325//325 315//315 320//320
f 192//192 193//193 188//188
f 222//222 221//221 229//229
f 277//277 267//267 272//272
f 144//144 151//151 147//147
