# convertido de flygym/NeuroMechFly (c_abdomen5)
v -0.31159 -0.16550 -0.12668
v -0.31159 0.16550 -0.12668
v -0.30884 0.00000 -0.06225
v -0.30834 0.00000 -0.06100
v -0.30762 0.00000 -0.07728
v -0.30734 -0.17193 -0.05060
v -0.30734 0.17193 -0.05060
v -0.30688 0.00000 -0.12475
v -0.30574 0.00000 -0.11604
v -0.30549 0.00000 -0.03293
v -0.30517 -0.19563 -0.14191
v -0.30517 0.19563 -0.14191
v -0.30408 0.00000 -0.13567
v -0.30402 0.00000 -0.13442
v -0.30374 0.00000 -0.13534
v -0.30208 0.00000 -0.14305
v -0.30180 -0.22217 -0.07347
v -0.30180 0.22217 -0.07347
v -0.30087 -0.16963 -0.18268
v -0.30087 0.16963 -0.18268
v -0.29561 0.00000 0.02917
v -0.29506 0.00000 -0.16738
v -0.29406 0.00000 0.04249
v -0.29380 0.00000 0.04218
v -0.29379 0.00000 0.04392
v -0.29307 0.00000 0.05090
v -0.29172 0.00000 0.04053
v -0.28728 -0.22963 0.07032
v -0.28728 0.22963 0.07032
v -0.28643 0.00000 0.10713
v -0.28491 -0.10239 -0.21499
v -0.28491 0.10239 -0.21499
v -0.28421 -0.15265 -0.22004
v -0.28421 0.15265 -0.22004
v -0.28367 -0.12688 0.11472
v -0.28367 0.12688 0.11472
v -0.28020 -0.32482 -0.07662
v -0.28020 0.32482 -0.07662
v -0.27745 -0.32409 0.06480
v -0.27745 0.32409 0.06480
v -0.27737 -0.34653 0.05036
v -0.27737 0.34653 0.05036
v -0.27633 -0.37185 -0.00834
v -0.27633 0.37185 -0.00834
v -0.27625 0.00000 -0.23663
v -0.27532 0.00000 0.15431
v -0.27504 -0.33475 0.08142
v -0.27504 0.33475 0.08142
v -0.27480 -0.33422 0.08119
v -0.27480 0.33422 0.08119
v -0.27442 -0.32973 0.08934
v -0.27442 0.32973 0.08934
v -0.27398 0.00000 0.15948
v -0.27366 0.00000 0.16140
v -0.27351 0.00000 0.16169
v -0.27345 -0.36826 0.00494
v -0.27345 0.36826 0.00494
v -0.27330 0.00000 -0.24300
v -0.27279 -0.27621 0.15453
v -0.27279 0.27621 0.15453
v -0.27250 0.00000 0.16504
v -0.27187 -0.32416 0.10099
v -0.27187 0.32416 0.10099
v -0.27183 -0.37365 -0.05736
v -0.27183 0.37365 -0.05736
v -0.27164 -0.37759 -0.02711
v -0.27164 0.37759 -0.02711
v -0.27154 -0.37164 -0.08553
v -0.27154 0.37164 -0.08553
v -0.26978 -0.35032 0.07335
v -0.26978 0.35032 0.07335
v -0.26612 -0.26062 0.17481
v -0.26612 0.26062 0.17481
v -0.26330 -0.27834 0.16279
v -0.26330 0.27834 0.16279
v -0.26081 -0.37497 -0.11968
v -0.26081 0.37497 -0.11968
v -0.25963 -0.20786 -0.25399
v -0.25963 0.20786 -0.25399
v -0.25888 -0.19698 0.21558
v -0.25888 0.19698 0.21558
v -0.25789 -0.20227 0.21229
v -0.25789 0.20227 0.21229
v -0.25715 -0.21681 0.20223
v -0.25715 0.21681 0.20223
v -0.25674 -0.22794 0.19920
v -0.25674 0.22794 0.19920
v -0.25669 -0.19856 0.20969
v -0.25669 0.19856 0.20969
v -0.25582 -0.21612 0.20409
v -0.25582 0.21612 0.20409
v -0.25495 0.00000 -0.29110
v -0.25483 -0.36524 -0.15010
v -0.25483 0.36524 -0.15010
v -0.25444 -0.38065 -0.13976
v -0.25444 0.38065 -0.13976
v -0.25305 -0.20788 0.21097
v -0.25305 0.20788 0.21097
v -0.25247 -0.35197 0.06498
v -0.25247 0.35197 0.06498
v -0.25138 -0.15348 0.23684
v -0.25138 0.15348 0.23684
v -0.25094 -0.11954 -0.30039
v -0.25094 0.11954 -0.30039
v -0.24961 -0.13603 0.24537
v -0.24961 0.13603 0.24537
v -0.24929 -0.11213 -0.29236
v -0.24929 0.11213 -0.29236
v -0.24918 0.00000 -0.30857
v -0.24865 -0.28299 -0.24315
v -0.24865 0.28299 -0.24315
v -0.24850 -0.13534 0.23598
v -0.24850 0.13534 0.23598
v -0.24835 -0.12348 -0.30860
v -0.24835 0.12348 -0.30860
v -0.24692 -0.11356 -0.30018
v -0.24692 0.11356 -0.30018
v -0.24685 -0.28241 -0.25377
v -0.24685 0.28241 -0.25377
v -0.24641 -0.11278 -0.30178
v -0.24641 0.11278 -0.30178
v -0.24641 -0.12119 -0.30044
v -0.24641 0.12119 -0.30044
v -0.24635 -0.12598 -0.30373
v -0.24635 0.12598 -0.30373
v -0.24609 -0.12196 -0.30241
v -0.24609 0.12196 -0.30241
v -0.24607 -0.10806 -0.30548
v -0.24607 0.10806 -0.30548
v -0.24427 -0.10587 -0.30991
v -0.24427 0.10587 -0.30991
v -0.24411 -0.10614 0.25852
v -0.24411 0.10614 0.25852
v -0.24406 -0.11682 -0.30452
v -0.24406 0.11682 -0.30452
v -0.24394 -0.33359 -0.18629
v -0.24394 0.33359 -0.18629
v -0.24388 -0.11320 -0.31014
v -0.24388 -0.10778 -0.30682
v -0.24388 0.10778 -0.30682
v -0.24388 0.11320 -0.31014
v -0.24383 -0.31565 -0.20240
v -0.24383 0.31565 -0.20240
v -0.24365 -0.11884 -0.31222
v -0.24365 0.11884 -0.31222
v -0.24362 -0.10955 -0.30460
v -0.24362 0.10955 -0.30460
v -0.24346 -0.12987 0.24933
v -0.24346 0.12987 0.24933
v -0.24320 -0.36071 -0.16711
v -0.24320 0.36071 -0.16711
v -0.24311 -0.12442 -0.30742
v -0.24311 0.12442 -0.30742
v -0.24306 0.00000 0.27317
v -0.24231 -0.12447 -0.31464
v -0.24231 0.12447 -0.31464
v -0.24225 -0.11569 -0.31323
v -0.24225 0.11569 -0.31323
v -0.24211 -0.29630 0.14930
v -0.24211 0.29630 0.14930
v -0.24200 0.00000 0.27621
v -0.24200 -0.10009 -0.31497
v -0.24200 0.10009 -0.31497
v -0.24194 -0.12185 -0.30489
v -0.24194 0.12185 -0.30489
v -0.24161 0.00000 0.27577
v -0.24110 -0.10578 -0.31247
v -0.24110 0.10578 -0.31247
v -0.24106 0.00000 0.27543
v -0.24088 -0.12468 -0.31353
v -0.24088 0.12468 -0.31353
v -0.24082 0.00000 0.27903
v -0.24068 -0.26192 -0.28959
v -0.24068 0.26192 -0.28959
v -0.24042 0.00000 0.27880
v -0.24025 -0.37276 0.03866
v -0.24025 0.37276 0.03866
v -0.24024 0.00000 -0.32624
v -0.24018 0.00000 -0.33451
v -0.24011 -0.17775 -0.31569
v -0.24011 0.17775 -0.31569
v -0.24004 -0.13350 -0.33148
v -0.24004 0.13350 -0.33148
v -0.23987 -0.21595 -0.30872
v -0.23987 0.21595 -0.30872
v -0.23955 -0.24109 -0.30152
v -0.23955 0.24109 -0.30152
v -0.23938 -0.12307 -0.31631
v -0.23938 0.12307 -0.31631
v -0.23930 0.00000 0.28833
v -0.23917 0.00000 -0.32096
v -0.23833 0.00000 0.28788
v -0.23774 0.00000 0.29061
v -0.23773 0.00000 -0.34124
v -0.23748 0.00000 0.29046
v -0.23745 0.00000 0.28972
v -0.23713 0.00000 0.29073
v -0.23688 0.00000 -0.34018
v -0.23681 0.00000 -0.33938
v -0.23661 -0.33569 0.10570
v -0.23661 0.33569 0.10570
v -0.23646 0.00000 -0.34224
v -0.23636 0.00000 -0.33851
v -0.23613 0.00000 -0.32045
v -0.23555 -0.11407 -0.30622
v -0.23555 0.11407 -0.30622
v -0.23555 -0.12414 -0.32644
v -0.23555 0.12414 -0.32644
v -0.23494 -0.13623 -0.34043
v -0.23494 0.13623 -0.34043
v -0.23250 0.00000 -0.35357
v -0.23195 -0.36770 -0.18698
v -0.23195 0.36770 -0.18698
v -0.23128 -0.39581 -0.07639
v -0.23128 0.39581 -0.07639
v -0.22954 0.00000 -0.35169
v -0.22891 -0.15379 -0.35011
v -0.22891 0.15379 -0.35011
v -0.22877 -0.19292 -0.30967
v -0.22877 0.19292 -0.30967
v -0.22874 -0.18267 -0.33221
v -0.22874 0.18267 -0.33221
v -0.22624 -0.18858 -0.31723
v -0.22624 0.18858 -0.31723
v -0.22570 0.00000 -0.35208
v -0.22497 -0.39134 -0.13538
v -0.22497 0.39134 -0.13538
v -0.22401 0.00000 -0.35752
v -0.22304 0.00000 -0.35937
v -0.22295 -0.29234 -0.26476
v -0.22295 0.29234 -0.26476
v -0.22247 -0.31399 -0.24786
v -0.22247 0.31399 -0.24786
v -0.22103 0.00000 -0.36061
v -0.22088 0.00000 0.28103
v -0.22073 -0.32888 -0.22846
v -0.22073 0.32888 -0.22846
v -0.21773 0.00000 -0.33965
v -0.21625 -0.20107 -0.30583
v -0.21625 0.20107 -0.30583
v -0.21530 -0.18947 0.21646
v -0.21530 0.18947 0.21646
v -0.21499 -0.40153 -0.05627
v -0.21499 0.40153 -0.05627
v -0.21484 -0.37783 0.04426
v -0.21484 0.37783 0.04426
v -0.21471 -0.38999 0.01515
v -0.21471 0.38999 0.01515
v -0.21469 0.00000 0.28789
v -0.21400 -0.27942 -0.29411
v -0.21400 0.27942 -0.29411
v -0.21317 -0.30584 0.15563
v -0.21317 0.30584 0.15563
v -0.21098 -0.16474 -0.35279
v -0.21098 0.16474 -0.35279
v -0.21076 -0.24351 -0.31173
v -0.21076 0.24351 -0.31173
v -0.20865 -0.40309 -0.04080
v -0.20865 0.40309 -0.04080
v -0.20761 -0.39753 -0.01294
v -0.20761 0.39753 -0.01294
v -0.20644 -0.31332 -0.25784
v -0.20644 0.31332 -0.25784
v -0.20207 -0.28237 -0.29734
v -0.20207 0.28237 -0.29734
v -0.20139 -0.25775 -0.31089
v -0.20139 0.25775 -0.31089
v -0.20136 -0.36941 0.07300
v -0.20136 0.36941 0.07300
v -0.20053 -0.35198 -0.21077
v -0.20053 0.35198 -0.21077
v -0.20026 -0.11448 0.25360
v -0.20026 0.11448 0.25360
v -0.19489 -0.19370 -0.31159
v -0.19489 0.19370 -0.31159
v -0.19467 0.00000 -0.36606
v -0.19407 -0.37424 -0.21396
v -0.19407 0.37424 -0.21396
v -0.19307 0.00000 -0.36732
v -0.19088 -0.22698 -0.31143
v -0.19088 0.22698 -0.31143
v -0.19066 0.00000 0.28423
v -0.19055 -0.38809 -0.19463
v -0.19055 0.38809 -0.19463
v -0.19026 0.00000 -0.36837
v -0.18945 0.00000 0.28303
v -0.18809 -0.37790 -0.21597
v -0.18809 0.37790 -0.21597
v -0.18780 0.00000 -0.36897
v -0.18727 -0.40821 -0.06617
v -0.18727 0.40821 -0.06617
v -0.18714 -0.29786 -0.28205
v -0.18714 0.29786 -0.28205
v -0.18683 -0.10994 -0.30673
v -0.18683 0.10994 -0.30673
v -0.18640 0.00000 -0.33138
v -0.18638 0.00000 0.28482
v -0.18597 0.00000 -0.36242
v -0.18530 0.00000 0.28449
v -0.18338 -0.33712 -0.23868
v -0.18338 0.33712 -0.23868
v -0.18326 0.00000 -0.37194
v -0.18300 -0.22992 0.21441
v -0.18300 0.22992 0.21441
v -0.17777 0.00000 0.28586
v -0.17721 0.00000 -0.37110
v -0.17647 -0.34861 -0.22000
v -0.17647 0.34861 -0.22000
v -0.17607 -0.19483 0.22790
v -0.17607 0.19483 0.22790
v -0.17409 0.00000 -0.37277
v -0.17346 -0.32692 -0.25273
v -0.17346 0.32692 -0.25273
v -0.17141 -0.16065 -0.36024
v -0.17141 0.16065 -0.36024
v -0.17047 -0.40651 -0.13848
v -0.17047 0.40651 -0.13848
v -0.16976 -0.20173 -0.30602
v -0.16976 0.20173 -0.30602
v -0.16917 -0.28592 -0.30821
v -0.16917 0.28592 -0.30821
v -0.16536 -0.31472 -0.27262
v -0.16536 0.31472 -0.27262
v -0.16479 -0.21164 -0.31204
v -0.16479 0.21164 -0.31204
v -0.16478 0.00000 -0.35040
v -0.16415 -0.10438 -0.30997
v -0.16415 0.10438 -0.30997
v -0.16141 -0.24185 0.21447
v -0.16141 0.24185 0.21447
v -0.15707 -0.11252 -0.32482
v -0.15707 0.11252 -0.32482
v -0.15612 -0.10731 0.26802
v -0.15612 0.10731 0.26802
v -0.15349 -0.20570 -0.30713
v -0.15349 0.20570 -0.30713
v -0.15278 -0.15047 0.25463
v -0.15278 0.15047 0.25463
v -0.15220 0.00000 0.28884
v -0.15175 -0.35271 0.11913
v -0.15175 0.35271 0.11913
v -0.14957 -0.41672 -0.07630
v -0.14957 0.41672 -0.07630
v -0.14690 -0.13050 -0.36362
v -0.14690 0.13050 -0.36362
v -0.14545 0.00000 -0.33531
v -0.14537 0.00000 0.28995
v -0.14524 -0.24258 -0.32804
v -0.14524 0.24258 -0.32804
v -0.14445 0.00000 0.29012
v -0.14100 -0.15456 -0.36922
v -0.14100 0.15456 -0.36922
v -0.13866 -0.10708 -0.31467
v -0.13866 0.10708 -0.31467
v -0.13810 0.00000 0.29047
v -0.13713 0.00000 0.29008
v -0.13640 0.00000 -0.37703
v -0.13552 -0.35561 -0.25324
v -0.13552 0.35561 -0.25324
v -0.13541 -0.31616 -0.29119
v -0.13541 0.31616 -0.29119
v -0.13204 -0.22901 -0.33165
v -0.13204 0.22901 -0.33165
v -0.13190 -0.37659 -0.24125
v -0.13190 0.37659 -0.24125
v -0.13181 -0.11724 -0.34785
v -0.13181 0.11724 -0.34785
v -0.13172 -0.42011 -0.09807
v -0.13172 0.42011 -0.09807
v -0.13166 -0.10016 -0.32317
v -0.13166 0.10016 -0.32317
v -0.13153 -0.41199 0.01419
v -0.13153 0.41199 0.01419
v -0.13055 -0.42026 -0.05128
v -0.13055 0.42026 -0.05128
v -0.12998 -0.41854 -0.13389
v -0.12998 0.41854 -0.13389
v -0.12905 0.00000 -0.37778
v -0.12783 -0.31196 0.17489
v -0.12783 0.31196 0.17489
v -0.12756 -0.19677 -0.31500
v -0.12756 0.19677 -0.31500
v -0.12702 0.00000 -0.38014
v -0.12685 -0.10770 -0.31603
v -0.12685 0.10770 -0.31603
v -0.12664 -0.40728 -0.18121
v -0.12664 0.40728 -0.18121
v -0.12662 -0.37281 0.10174
v -0.12662 0.37281 0.10174
v -0.12621 -0.41459 -0.16079
v -0.12621 0.41459 -0.16079
v -0.12376 -0.39090 0.06549
v -0.12376 0.39090 0.06549
v -0.12284 0.00000 -0.37935
v -0.12137 0.00000 0.27959
v -0.12108 0.00000 -0.34638
v -0.12082 -0.28692 -0.32099
v -0.12082 0.28692 -0.32099
v -0.12048 -0.17788 -0.33430
v -0.12048 0.17788 -0.33430
v -0.12000 -0.10173 -0.31564
v -0.12000 0.10173 -0.31564
v -0.11915 0.00000 -0.36930
v -0.11678 -0.17234 -0.35741
v -0.11678 0.17234 -0.35741
v -0.11616 0.00000 -0.38223
v -0.11210 -0.21488 -0.32065
v -0.11210 0.21488 -0.32065
v -0.11084 0.00000 -0.34238
v -0.10841 -0.22811 0.22941
v -0.10841 0.22811 0.22941
v -0.10704 -0.15185 -0.38055
v -0.10704 0.15185 -0.38055
v -0.10671 -0.19620 -0.31763
v -0.10671 0.19620 -0.31763
v -0.10581 -0.42169 -0.01311
v -0.10581 0.42169 -0.01311
v -0.10534 0.00000 -0.32343
v -0.10517 -0.31145 -0.31631
v -0.10517 0.31145 -0.31631
v -0.10390 0.00000 0.28632
v -0.10354 0.00000 -0.38544
v -0.10257 -0.14371 0.26148
v -0.10257 0.14371 0.26148
v -0.10223 -0.17844 -0.34358
v -0.10223 0.17844 -0.34358
v -0.09990 -0.35950 -0.25987
v -0.09990 0.35950 -0.25987
v -0.09932 -0.22979 -0.33748
v -0.09932 0.22979 -0.33748
v -0.09863 -0.35046 -0.27784
v -0.09863 0.35046 -0.27784
v -0.09792 0.00000 -0.38296
v -0.09441 -0.13904 -0.38286
v -0.09441 0.13904 -0.38286
v -0.09321 -0.18332 0.25029
v -0.09321 0.18332 0.25029
v -0.09067 -0.11499 -0.36090
v -0.09067 0.11499 -0.36090
v -0.08837 0.00000 0.28702
v -0.08798 -0.37580 -0.25421
v -0.08798 0.37580 -0.25421
v -0.08535 -0.43059 -0.11398
v -0.08535 0.43059 -0.11398
v -0.08526 0.00000 -0.38953
v -0.08343 0.00000 -0.39216
v -0.08320 -0.33503 -0.29694
v -0.08320 0.33503 -0.29694
v -0.08281 -0.18759 -0.33650
v -0.08281 0.18759 -0.33650
v -0.08203 -0.38257 0.09822
v -0.08203 0.38257 0.09822
v -0.08201 -0.35613 0.14028
v -0.08201 0.35613 0.14028
v -0.08028 -0.42945 -0.01480
v -0.08028 0.42945 -0.01480
v -0.08017 -0.24042 -0.34378
v -0.08017 0.24042 -0.34378
v -0.08013 0.00000 0.28565
v -0.07970 0.00000 0.28611
v -0.07911 -0.11545 -0.35711
v -0.07911 0.11545 -0.35711
v -0.07888 0.00000 -0.33244
v -0.07619 -0.17610 -0.37495
v -0.07619 0.17610 -0.37495
v -0.07453 0.00000 -0.34013
v -0.07440 0.00000 0.28573
v -0.07410 -0.36131 -0.26346
v -0.07410 0.36131 -0.26346
v -0.07340 -0.13645 -0.37805
v -0.07340 0.13645 -0.37805
v -0.07261 -0.39551 -0.22997
v -0.07261 0.39551 -0.22997
v -0.07105 -0.27702 -0.34436
v -0.07105 0.27702 -0.34436
v -0.07022 0.00000 0.28417
v -0.06894 -0.42481 -0.17536
v -0.06894 0.42481 -0.17536
v -0.06833 0.00000 0.28416
v -0.06495 -0.31919 0.18348
v -0.06495 0.31919 0.18348
v -0.06419 -0.43750 -0.06918
v -0.06419 0.43750 -0.06918
v -0.06162 -0.29108 0.20037
v -0.06162 0.29108 0.20037
v -0.06054 0.00000 0.28351
v -0.05994 -0.41211 0.05128
v -0.05994 0.41211 0.05128
v -0.05969 0.00000 -0.39573
v -0.05891 0.00000 0.28300
v -0.05238 -0.30403 -0.33832
v -0.05238 0.30403 -0.33832
v -0.05058 -0.24250 -0.35000
v -0.05058 0.24250 -0.35000
v -0.04904 -0.20564 -0.33439
v -0.04904 0.20564 -0.33439
v -0.04896 -0.28665 -0.34770
v -0.04896 0.28665 -0.34770
v -0.04372 -0.17351 -0.39661
v -0.04372 0.17351 -0.39661
v -0.04327 -0.34634 -0.29796
v -0.04327 0.34634 -0.29796
v -0.04325 -0.26848 0.21343
v -0.04325 0.26848 0.21343
v -0.04149 -0.36138 -0.27027
v -0.04149 0.36138 -0.27027
v -0.04119 0.00000 -0.37232
v -0.03849 -0.19445 -0.38234
v -0.03849 0.19445 -0.38234
v -0.03821 -0.19891 -0.36258
v -0.03821 0.19891 -0.36258
v -0.03796 0.00000 0.27694
v -0.03604 -0.20285 -0.34966
v -0.03604 0.20285 -0.34966
v -0.03403 -0.33546 -0.30573
v -0.03403 0.33546 -0.30573
v -0.03202 -0.15222 0.25832
v -0.03202 0.15222 0.25832
v -0.02978 -0.13391 -0.35624
v -0.02978 0.13391 -0.35624
v -0.02945 -0.44046 -0.01863
v -0.02945 0.44046 -0.01863
v -0.02196 0.00000 -0.40355
v -0.01709 -0.24383 -0.34917
v -0.01709 0.24383 -0.34917
v -0.01646 -0.15722 -0.38398
v -0.01646 0.15722 -0.38398
v -0.01407 0.00000 0.27571
v -0.01400 0.00000 -0.40459
v -0.01321 0.00000 0.27067
v -0.01320 0.00000 -0.40494
v -0.01303 -0.25774 0.21906
v -0.01303 0.25774 0.21906
v -0.01298 0.00000 -0.41852
v -0.01264 -0.20332 -0.39072
v -0.01264 0.20332 -0.39072
v -0.01236 -0.41114 0.07491
v -0.01236 0.41114 0.07491
v -0.01215 0.00000 -0.40339
v -0.01199 -0.44652 -0.11011
v -0.01199 0.44652 -0.11011
v -0.01187 0.00000 -0.40931
v -0.01181 0.00000 -0.40334
v -0.01172 0.00000 -0.40289
v -0.01169 0.00000 -0.41062
v -0.01158 0.00000 -0.40317
v -0.01119 0.00000 -0.42032
v -0.01107 -0.42451 -0.19780
v -0.01107 0.42451 -0.19780
v -0.01042 0.00000 -0.42144
v -0.01003 0.00000 -0.41972
v -0.00851 -0.38183 -0.26313
v -0.00851 0.38183 -0.26313
v -0.00831 0.00000 -0.38480
v -0.00812 0.00000 0.27495
v -0.00781 -0.27711 0.20941
v -0.00781 0.27711 0.20941
v -0.00752 0.00000 -0.40551
v -0.00743 -0.30630 -0.34016
v -0.00743 0.30630 -0.34016
v -0.00722 -0.18653 -0.40104
v -0.00722 0.18653 -0.40104
v -0.00709 0.00000 0.27402
v -0.00705 0.00000 -0.42361
v -0.00695 0.00000 -0.33265
v -0.00572 -0.19752 -0.39683
v -0.00572 0.19752 -0.39683
v -0.00568 0.00000 -0.33297
v -0.00558 -0.17746 -0.39842
v -0.00558 0.17746 -0.39842
v -0.00479 -0.35121 -0.29755
v -0.00479 0.35121 -0.29755
v -0.00478 -0.37473 -0.26675
v -0.00478 0.37473 -0.26675
v -0.00477 -0.40351 0.09259
v -0.00477 0.40351 0.09259
v -0.00473 0.00000 -0.37238
v -0.00391 0.00000 -0.36066
v -0.00385 -0.18467 -0.39893
v -0.00385 0.18467 -0.39893
v -0.00255 -0.33838 -0.30723
v -0.00255 0.33838 -0.30723
v -0.00162 0.00000 -0.42526
v -0.00123 0.00000 -0.37994
v -0.00097 -0.17504 -0.39600
v -0.00097 0.17504 -0.39600
v -0.00095 -0.17087 -0.39367
v -0.00095 0.17087 -0.39367
v -0.00062 -0.21430 -0.37991
v -0.00062 0.21430 -0.37991
v -0.00050 -0.32145 -0.32917
v -0.00050 0.32145 -0.32917
v 0.00014 -0.36064 0.15181
v 0.00014 0.36064 0.15181
v 0.00102 0.00000 -0.34337
v 0.00248 -0.32964 -0.31323
v 0.00248 0.32964 -0.31323
v 0.00286 -0.37153 -0.28171
v 0.00286 0.37153 -0.28171
v 0.00326 -0.34296 0.17310
v 0.00326 0.34296 0.17310
v 0.00376 -0.16031 -0.38301
v 0.00376 0.16031 -0.38301
v 0.00392 0.00000 -0.42838
v 0.00429 -0.27947 -0.35061
v 0.00429 0.27947 -0.35061
v 0.00462 -0.37741 0.13312
v 0.00462 0.37741 0.13312
v 0.00469 -0.36782 -0.28570
v 0.00469 0.36782 -0.28570
v 0.00497 -0.37549 -0.27580
v 0.00497 0.37549 -0.27580
v 0.00511 0.00000 -0.37009
v 0.00640 -0.33714 -0.28510
v 0.00640 0.33714 -0.28510
v 0.00696 -0.21987 -0.34825
v 0.00696 0.21987 -0.34825
v 0.00700 0.00000 -0.40466
v 0.00703 0.00000 -0.42906
v 0.00706 -0.21732 -0.35727
v 0.00706 0.21732 -0.35727
v 0.00707 -0.25394 -0.35336
v 0.00707 0.25394 -0.35336
v 0.00714 0.00000 -0.42786
v 0.00731 -0.10630 -0.35190
v 0.00731 0.10630 -0.35190
v 0.00753 -0.15475 -0.37732
v 0.00753 0.15475 -0.37732
v 0.00762 -0.38062 -0.26688
v 0.00762 0.38062 -0.26688
v 0.00810 -0.15817 -0.38116
v 0.00810 0.15817 -0.38116
v 0.00830 -0.12872 -0.38232
v 0.00830 0.12872 -0.38232
v 0.00960 -0.14084 -0.38103
v 0.00960 0.14084 -0.38103
v 0.00996 0.00000 -0.42746
v 0.00999 -0.22848 -0.34579
v 0.00999 0.22848 -0.34579
v 0.01102 -0.23268 -0.34619
v 0.01102 0.23268 -0.34619
v 0.01121 -0.23533 -0.34976
v 0.01121 0.23533 -0.34976
v 0.01128 -0.24356 -0.35139
v 0.01128 0.24356 -0.35139
v 0.01157 0.00000 -0.38972
v 0.01172 -0.12803 -0.38432
v 0.01172 0.12803 -0.38432
v 0.01185 -0.22121 -0.35068
v 0.01185 0.22121 -0.35068
v 0.01191 -0.14839 -0.37094
v 0.01191 0.14839 -0.37094
v 0.01228 -0.15046 -0.37133
v 0.01228 0.15046 -0.37133
v 0.01279 -0.14700 -0.37199
v 0.01279 0.14700 -0.37199
v 0.01295 0.00000 -0.40201
v 0.01342 0.00000 -0.39391
v 0.01349 -0.21754 -0.35679
v 0.01349 0.21754 -0.35679
v 0.01362 -0.22161 -0.34676
v 0.01362 0.22161 -0.34676
v 0.01375 -0.14901 -0.36892
v 0.01375 0.14901 -0.36892
v 0.01396 -0.44851 -0.08099
v 0.01396 0.44851 -0.08099
v 0.01418 0.00000 -0.39275
v 0.01421 -0.14413 -0.36734
v 0.01421 0.14413 -0.36734
v 0.01471 -0.23344 -0.33740
v 0.01471 0.23344 -0.33740
v 0.01509 0.00000 -0.41772
v 0.01593 -0.43754 -0.18383
v 0.01593 0.43754 -0.18383
v 0.01603 -0.11415 -0.36717
v 0.01603 0.11415 -0.36717
v 0.01632 -0.44901 -0.07133
v 0.01632 0.44901 -0.07133
v 0.01636 -0.44303 -0.15389
v 0.01636 0.44303 -0.15389
v 0.01642 0.00000 0.27083
v 0.01663 -0.44723 -0.12906
v 0.01663 0.44723 -0.12906
v 0.01675 -0.14225 -0.36542
v 0.01675 0.14225 -0.36542
v 0.01700 -0.12364 -0.36678
v 0.01700 0.12364 -0.36678
v 0.01748 -0.44802 -0.12781
v 0.01748 0.44802 -0.12781
v 0.01748 -0.44533 -0.15292
v 0.01748 0.44533 -0.15292
v 0.01751 -0.10422 -0.36279
v 0.01751 0.10422 -0.36279
v 0.01765 -0.44040 -0.16534
v 0.01765 0.44040 -0.16534
v 0.01821 0.00000 0.27182
v 0.01857 -0.44819 -0.13287
v 0.01857 0.44819 -0.13287
v 0.01859 -0.11628 -0.36761
v 0.01859 0.11628 -0.36761
v 0.01876 -0.44698 -0.13443
v 0.01876 0.44698 -0.13443
v 0.01922 -0.15137 -0.35757
v 0.01922 0.15137 -0.35757
v 0.01942 -0.11298 0.25821
v 0.01942 0.11298 0.25821
v 0.01985 -0.42796 -0.15595
v 0.01985 0.42796 -0.15595
v 0.02004 -0.44827 -0.12566
v 0.02004 0.44827 -0.12566
v 0.02132 -0.20157 0.23508
v 0.02132 0.20157 0.23508
v 0.02236 0.00000 0.26690
v 0.02265 -0.11985 -0.36160
v 0.02265 0.11985 -0.36160
v 0.02292 -0.34343 0.15996
v 0.02292 0.34343 0.15996
v 0.02306 0.00000 -0.38652
v 0.02401 -0.41733 -0.13769
v 0.02401 0.41733 -0.13769
v 0.02515 -0.38638 -0.21125
v 0.02515 0.38638 -0.21125
v 0.02525 -0.37756 0.13497
v 0.02525 0.37756 0.13497
v 0.02529 -0.34583 0.17429
v 0.02529 0.34583 0.17429
v 0.02539 0.00000 0.26937
v 0.02540 -0.37593 0.13760
v 0.02540 0.37593 0.13760
v 0.02573 -0.34716 0.15741
v 0.02573 0.34716 0.15741
v 0.02645 -0.34015 0.16615
v 0.02645 0.34015 0.16615
v 0.02654 -0.43797 0.00544
v 0.02654 0.43797 0.00544
v 0.02664 -0.40304 -0.22319
v 0.02664 0.40304 -0.22319
v 0.02706 -0.37598 0.13775
v 0.02706 0.37598 0.13775
v 0.02763 -0.34862 0.15545
v 0.02763 0.34862 0.15545
v 0.02808 -0.34929 0.15629
v 0.02808 0.34929 0.15629
v 0.02865 -0.34515 0.15785
v 0.02865 0.34515 0.15785
v 0.02960 -0.44521 -0.02179
v 0.02960 0.44521 -0.02179
v 0.03023 -0.33552 0.16938
v 0.03023 0.33552 0.16938
v 0.03043 -0.34409 0.16577
v 0.03043 0.34409 0.16577
v 0.03060 -0.37574 0.13893
v 0.03060 0.37574 0.13893
v 0.03080 0.00000 -0.38239
v 0.03115 0.00000 -0.38146
v 0.03128 -0.35746 0.16338
v 0.03128 0.35746 0.16338
v 0.03202 0.00000 -0.37909
v 0.03218 -0.43167 0.02553
v 0.03218 0.43167 0.02553
v 0.03236 0.00000 -0.37822
v 0.03298 -0.35446 0.15275
v 0.03298 0.35446 0.15275
v 0.03298 0.00000 -0.38022
v 0.03364 -0.40087 0.09826
v 0.03364 0.40087 0.09826
v 0.03424 0.00000 -0.37309
v 0.03478 -0.33665 0.17705
v 0.03478 0.33665 0.17705
v 0.03509 -0.35479 0.15190
v 0.03509 0.35479 0.15190
v 0.03512 -0.42608 0.04544
v 0.03512 0.42608 0.04544
v 0.03550 -0.35787 0.15811
v 0.03550 0.35787 0.15811
v 0.03567 -0.35184 0.16135
v 0.03567 0.35184 0.16135
v 0.03583 -0.34280 0.17697
v 0.03583 0.34280 0.17697
v 0.03693 -0.37267 0.13334
v 0.03693 0.37267 0.13334
v 0.03716 -0.35444 0.16421
v 0.03716 0.35444 0.16421
v 0.03837 -0.35594 0.16203
v 0.03837 0.35594 0.16203
v 0.03936 -0.31624 0.18395
v 0.03936 0.31624 0.18395
v 0.03983 -0.32541 -0.19764
v 0.03983 0.32541 -0.19764
v 0.03985 -0.31574 0.19388
v 0.03985 0.31574 0.19388
v 0.04009 -0.40629 0.07490
v 0.04009 0.40629 0.07490
v 0.04175 -0.34704 0.17219
v 0.04175 0.34704 0.17219
v 0.04222 -0.34469 0.15523
v 0.04222 0.34469 0.15523
v 0.04250 -0.36933 0.14776
v 0.04250 0.36933 0.14776
v 0.04264 0.00000 0.26342
v 0.04410 -0.32534 0.17246
v 0.04410 0.32534 0.17246
v 0.04498 -0.14509 0.24372
v 0.04498 0.14509 0.24372
v 0.04587 -0.33265 0.16654
v 0.04587 0.33265 0.16654
v 0.04685 -0.33696 0.15033
v 0.04685 0.33696 0.15033
v 0.04953 -0.33009 0.16738
v 0.04953 0.33009 0.16738
v 0.05092 -0.32835 0.16756
v 0.05092 0.32835 0.16756
v 0.05113 -0.32445 0.18474
v 0.05113 0.32445 0.18474
v 0.05217 0.00000 -0.31663
v 0.05258 0.00000 -0.30779
v 0.05322 0.00000 -0.30822
v 0.05550 0.00000 -0.30123
v 0.05584 0.00000 0.25752
v 0.05816 0.00000 0.25680
v 0.05963 -0.30757 0.18704
v 0.05963 0.30757 0.18704
v 0.05975 -0.26820 0.20821
v 0.05975 0.26820 0.20821
v 0.06000 0.00000 0.25661
v 0.06288 0.00000 0.25667
v 0.06344 -0.28553 -0.13759
v 0.06344 0.28553 -0.13759
v 0.06439 -0.20052 0.23038
v 0.06439 0.20052 0.23038
v 0.06512 0.00000 0.25799
v 0.06530 -0.26594 0.20637
v 0.06530 0.26594 0.20637
v 0.06531 0.00000 0.25526
v 0.06568 -0.24669 0.21207
v 0.06568 0.24669 0.21207
v 0.06569 -0.26202 0.20739
v 0.06569 0.26202 0.20739
v 0.06581 -0.26250 0.20621
v 0.06581 0.26250 0.20621
v 0.06614 -0.23294 0.19103
v 0.06614 0.23294 0.19103
v 0.06630 -0.16690 0.23531
v 0.06630 0.16690 0.23531
v 0.06874 0.00000 0.25208
v 0.06991 -0.10533 0.24547
v 0.06991 0.10533 0.24547
v 0.07055 -0.26773 0.02793
v 0.07055 0.26773 0.02793
v 0.07126 0.00000 -0.25520
v 0.07128 0.00000 -0.25485
v 0.07204 0.00000 -0.25489
v 0.07269 0.00000 -0.24850
v 0.07320 -0.12921 0.23408
v 0.07320 0.12921 0.23408
v 0.07507 0.00000 -0.23833
v 0.07736 0.00000 0.24804
v 0.07773 0.00000 0.24762
v 0.07803 0.00000 0.24741
v 0.07896 0.00000 0.24678
v 0.07933 -0.20358 -0.10490
v 0.07933 0.20358 -0.10490
v 0.08098 0.00000 0.22458
v 0.08819 0.00000 -0.17813
v 0.09006 0.00000 -0.15442
v 0.09326 0.00000 -0.13031
v 0.09343 0.00000 -0.12293
v 0.09354 0.00000 -0.13348
v 0.09439 -0.12247 0.07881
v 0.09439 0.12247 0.07881
v 0.09525 0.00000 -0.05892
v 0.09974 0.00000 0.07669
v 0.10028 0.00000 0.10334
v 0.10043 0.00000 0.09837
v 0.10058 0.00000 0.10005
v 0.10058 0.00000 0.09260
v 0.10061 0.00000 0.10201
v 0.10308 0.00000 0.04953
vn -0.9990 -0.0191 -0.0416
vn -0.9990 0.0191 -0.0416
vn 0.0000 0.0000 0.0000
vn 0.0000 0.0000 0.0000
vn 0.0000 0.0000 0.0000
vn -0.9941 -0.0000 0.1080
vn -0.9941 0.0000 0.1080
vn -0.9978 0.0000 -0.0660
vn 0.0000 0.0000 0.0000
vn 0.0000 -0.0000 0.0000
vn -0.9581 -0.2417 -0.1540
vn -0.9581 0.2417 -0.1540
vn 0.0000 0.0000 0.0000
vn 0.0000 0.0000 0.0000
vn 0.0000 0.0000 0.0000
vn 0.0000 0.0000 0.0000
vn -0.9892 -0.1329 0.0621
vn -0.9892 0.1329 0.0621
vn -0.9444 -0.1278 -0.3031
vn -0.9444 0.1278 -0.3031
vn 0.0000 0.0000 0.0000
vn 0.0000 0.0000 0.0000
vn 0.0000 0.0000 0.0000
vn 0.0000 0.0000 0.0000
vn 0.0000 0.0000 0.0000
vn 0.0000 0.0000 0.0000
vn -0.9942 0.0000 0.1080
vn -0.9919 -0.0609 0.1116
vn -0.9919 0.0609 0.1116
vn -0.9889 0.0000 0.1486
vn -0.9396 0.0302 -0.3409
vn -0.9396 -0.0302 -0.3409
vn -0.8936 -0.0492 -0.4461
vn -0.8936 0.0492 -0.4461
vn -0.9795 -0.0209 0.2005
vn -0.9795 0.0209 0.2005
vn -0.9675 -0.2234 -0.1187
vn -0.9675 0.2234 -0.1187
vn -0.9894 -0.1262 0.0720
vn -0.9894 0.1262 0.0720
vn -0.6801 -0.6861 0.2582
vn -0.6801 0.6861 0.2582
vn -0.3733 -0.8962 0.2398
vn -0.3733 0.8962 0.2398
vn -0.9408 0.0000 -0.3389
vn 0.0000 0.0000 0.0000
vn -0.9531 -0.2437 0.1797
vn -0.9531 0.2437 0.1797
vn -0.9896 -0.1049 0.0980
vn -0.9896 0.1049 0.0980
vn -0.9080 -0.3261 0.2631
vn -0.9080 0.3261 0.2631
vn 0.0000 0.0000 0.0000
vn 0.0000 0.0000 0.0000
vn -0.9658 0.0000 0.2593
vn -0.9423 -0.3219 0.0922
vn -0.9423 0.3219 0.0922
vn 0.0000 0.0000 0.0000
vn -0.9746 -0.0597 0.2158
vn -0.9746 0.0597 0.2158
vn 0.0000 0.0000 0.0000
vn -0.3630 -0.7368 0.5704
vn -0.3630 0.7368 0.5704
vn -0.9239 -0.3806 -0.0404
vn -0.9239 0.3806 -0.0404
vn -0.7761 -0.6302 0.0227
vn -0.7761 0.6302 0.0227
vn -0.9530 -0.2551 -0.1632
vn -0.9530 0.2551 -0.1632
vn -0.3602 -0.8465 0.3921
vn -0.3602 0.8465 0.3921
vn -0.6533 -0.3857 0.6515
vn -0.6533 0.3857 0.6515
vn -0.2536 -0.5471 0.7977
vn -0.2536 0.5471 0.7977
vn -0.9543 -0.1448 -0.2613
vn -0.9543 0.1448 -0.2613
vn -0.9125 -0.1208 -0.3908
vn -0.9125 0.1208 -0.3908
vn -0.0537 -0.4275 0.9024
vn -0.0537 0.4275 0.9024
vn 0.0000 0.0000 0.0000
vn 0.0000 0.0000 0.0000
vn -0.5734 -0.2746 0.7719
vn -0.5734 0.2746 0.7719
vn -0.8633 -0.1534 0.4809
vn -0.8633 0.1534 0.4809
vn -0.9716 -0.0068 0.2367
vn -0.9716 0.0068 0.2367
vn -0.7875 -0.2060 0.5808
vn -0.7875 0.2060 0.5808
vn -0.9383 0.0000 -0.3458
vn -0.9205 -0.2819 -0.2706
vn -0.9205 0.2819 -0.2706
vn -0.5082 -0.8309 -0.2266
vn -0.5082 0.8309 -0.2266
vn -0.0283 -0.4721 0.8811
vn -0.0283 0.4721 0.8811
vn -0.2936 -0.8438 0.4493
vn -0.2936 0.8438 0.4493
vn -0.2371 -0.4152 0.8783
vn -0.2371 0.4152 0.8783
vn -0.9587 0.1199 -0.2580
vn -0.9587 -0.1199 -0.2580
vn -0.9431 0.1635 0.2894
vn -0.9431 -0.1635 0.2894
vn -0.9125 -0.0364 -0.4075
vn -0.9125 0.0364 -0.4075
vn 0.0000 0.0000 0.0000
vn -0.8935 -0.2798 -0.3511
vn -0.8935 0.2798 -0.3511
vn -0.9665 0.0392 0.2536
vn -0.9665 -0.0392 0.2536
vn -0.9207 -0.0448 -0.3877
vn -0.9207 0.0448 -0.3877
vn -0.9911 0.0506 -0.1234
vn -0.9911 -0.0506 -0.1234
vn -0.5204 -0.6916 -0.5008
vn -0.5204 0.6916 -0.5008
vn 0.3429 -0.6275 0.6990
vn 0.3429 0.6275 0.6990
vn -0.3890 0.0713 -0.9185
vn -0.3890 -0.0713 -0.9185
vn -0.9462 -0.0648 -0.3169
vn -0.9462 0.0648 -0.3169
vn 0.3647 -0.1534 0.9184
vn 0.3647 0.1534 0.9184
vn -0.9521 0.0221 -0.3050
vn -0.9521 -0.0221 -0.3050
vn 0.2510 0.5055 -0.8255
vn 0.2510 -0.5055 -0.8255
vn -0.8371 -0.0980 0.5381
vn -0.8371 0.0980 0.5381
vn 0.3230 0.4282 -0.8440
vn 0.3230 -0.4282 -0.8440
vn -0.5059 -0.4782 -0.7179
vn -0.5059 0.4782 -0.7179
vn -0.7168 0.0862 -0.6919
vn -0.2530 -0.7468 -0.6150
vn -0.2530 0.7468 -0.6150
vn -0.7168 -0.0862 -0.6919
vn -0.6561 -0.6309 -0.4142
vn -0.6561 0.6309 -0.4142
vn 0.9640 0.1662 -0.2075
vn 0.9640 -0.1662 -0.2075
vn -0.1141 -0.2428 -0.9633
vn -0.1141 0.2428 -0.9633
vn -0.4692 -0.3565 0.8080
vn -0.4692 0.3565 0.8080
vn -0.8194 -0.3001 -0.4884
vn -0.8194 0.3001 -0.4884
vn 0.6943 -0.5105 -0.5073
vn 0.6943 0.5105 -0.5073
vn 0.9480 0.0000 -0.3183
vn -0.7171 0.5009 -0.4847
vn -0.7171 -0.5009 -0.4847
vn -0.4280 0.1826 -0.8852
vn -0.4280 -0.1826 -0.8852
vn -0.3208 -0.7390 0.5924
vn -0.3208 0.7390 0.5924
vn -0.0692 0.0000 0.9976
vn -0.6266 -0.0430 -0.7782
vn -0.6266 0.0430 -0.7782
vn -0.1736 0.8992 -0.4017
vn -0.1736 -0.8992 -0.4017
vn 0.0000 0.0000 0.0000
vn 0.7366 -0.1394 -0.6618
vn 0.7366 0.1394 -0.6618
vn 0.0000 0.0000 0.0000
vn -0.1929 0.8912 0.4105
vn -0.1929 -0.8912 0.4105
vn 0.0000 0.0000 0.0000
vn -0.5674 -0.5962 -0.5680
vn -0.5674 0.5962 -0.5680
vn 0.0000 0.0000 0.0000
vn -0.3688 -0.8453 0.3867
vn -0.3688 0.8453 0.3867
vn 0.0000 0.0000 0.0000
vn -0.8841 0.0000 -0.4673
vn -0.8073 -0.1354 -0.5744
vn -0.8073 0.1354 -0.5744
vn -0.8688 0.3075 -0.3882
vn -0.8688 -0.3075 -0.3882
vn -0.8375 -0.1019 -0.5368
vn -0.8375 0.1019 -0.5368
vn -0.7363 -0.2462 -0.6302
vn -0.7363 0.2462 -0.6302
vn -0.3012 0.9418 -0.1491
vn -0.3012 -0.9418 -0.1491
vn 0.0000 0.0000 0.0000
vn -0.5218 -0.0000 -0.8531
vn 0.0000 0.0000 0.0000
vn 0.0000 0.0000 0.0000
vn 0.0000 0.0000 0.0000
vn 0.0000 0.0000 0.0000
vn 0.0000 0.0000 0.0000
vn -0.9639 0.0000 0.2663
vn 0.0000 0.0000 0.0000
vn 0.0000 0.0000 0.0000
vn -0.3061 -0.7864 0.5365
vn -0.3061 0.7864 0.5365
vn 0.0000 0.0000 0.0000
vn 0.0000 -0.0000 0.0000
vn -0.3873 0.0000 -0.9219
vn -0.0544 -0.2296 -0.9718
vn -0.0544 0.2296 -0.9718
vn -0.1763 0.8983 -0.4025
vn -0.1763 -0.8983 -0.4025
vn -0.4870 0.5967 -0.6378
vn -0.4870 -0.5967 -0.6378
vn 0.0000 -0.0000 0.0000
vn -0.6612 -0.3613 -0.6575
vn -0.6612 0.3613 -0.6575
vn -0.3846 -0.9218 -0.0488
vn -0.3846 0.9218 -0.0488
vn 0.0000 0.0000 0.0000
vn -0.3441 0.0731 -0.9361
vn -0.3441 -0.0731 -0.9361
vn 0.2231 -0.5542 -0.8019
vn 0.2231 0.5542 -0.8019
vn -0.3194 -0.7493 -0.5802
vn -0.3194 0.7493 -0.5802
vn -0.1353 -0.7683 -0.6256
vn -0.1353 0.7683 -0.6256
vn 0.0000 0.0000 0.0000
vn -0.2809 -0.9486 -0.1456
vn -0.2809 0.9486 -0.1456
vn 0.0000 0.0000 0.0000
vn 0.0000 0.0000 0.0000
vn -0.4716 -0.5228 -0.7101
vn -0.4716 0.5228 -0.7101
vn -0.5952 -0.6234 -0.5070
vn -0.5952 0.6234 -0.5070
vn 0.0000 0.0000 0.0000
vn -0.1288 0.0000 0.9917
vn -0.5229 -0.7305 -0.4392
vn -0.5229 0.7305 -0.4392
vn -0.2146 0.0000 -0.9767
vn 0.0149 -0.0035 -0.9999
vn 0.0149 0.0035 -0.9999
vn -0.1097 -0.4374 0.8925
vn -0.1097 0.4374 0.8925
vn -0.2970 -0.9548 -0.0131
vn -0.2970 0.9548 -0.0131
vn -0.3094 -0.8467 0.4329
vn -0.3094 0.8467 0.4329
vn -0.2866 -0.9151 0.2835
vn -0.2866 0.9151 0.2835
vn 0.0000 0.0000 0.0000
vn -0.4565 -0.6206 -0.6375
vn -0.4565 0.6206 -0.6375
vn -0.2251 -0.7586 0.6114
vn -0.2251 0.7586 0.6114
vn -0.2081 -0.5160 -0.8309
vn -0.2081 0.5160 -0.8309
vn -0.1692 -0.1049 -0.9800
vn -0.1692 0.1049 -0.9800
vn -0.1911 -0.9739 0.1225
vn -0.1911 0.9739 0.1225
vn -0.2631 -0.9535 0.1471
vn -0.2631 0.9535 0.1471
vn -0.3761 -0.6816 -0.6277
vn -0.3761 0.6816 -0.6277
vn -0.3349 -0.6701 -0.6624
vn -0.3349 0.6701 -0.6624
vn -0.2949 -0.2705 -0.9165
vn -0.2949 0.2705 -0.9165
vn -0.2361 -0.8318 0.5023
vn -0.2361 0.8318 0.5023
vn -0.5342 -0.4896 -0.6891
vn -0.5342 0.4896 -0.6891
vn -0.1319 -0.2751 0.9523
vn -0.1319 0.2751 0.9523
vn -0.0181 -0.8012 -0.5982
vn -0.0181 0.8012 -0.5982
vn 0.0000 0.0000 0.0000
vn -0.5689 -0.4108 -0.7125
vn -0.5689 0.4108 -0.7125
vn 0.0000 0.0000 0.0000
vn -0.1340 0.1795 -0.9746
vn -0.1340 -0.1795 -0.9746
vn 0.0000 0.0000 0.0000
vn -0.2955 -0.9099 -0.2911
vn -0.2955 0.9099 -0.2911
vn 0.0000 0.0000 0.0000
vn -0.1130 0.0000 0.9936
vn -0.2400 -0.8033 -0.5450
vn -0.2400 0.8033 -0.5450
vn 0.0000 0.0000 0.0000
vn -0.2256 -0.9738 0.0269
vn -0.2256 0.9738 0.0269
vn -0.4072 -0.7375 -0.5388
vn -0.4072 0.7375 -0.5388
vn -0.0547 -0.0239 -0.9982
vn -0.0547 0.0239 -0.9982
vn -0.0503 0.0000 -0.9987
vn 0.0000 0.0000 0.0000
vn 0.0000 0.0000 0.0000
vn 0.0000 0.0000 0.0000
vn -0.3263 -0.7579 -0.5649
vn -0.3263 0.7579 -0.5649
vn 0.0000 0.0000 0.0000
vn -0.3205 -0.3512 0.8797
vn -0.3205 0.3512 0.8797
vn 0.0000 0.0000 0.0000
vn 0.0000 0.0000 0.0000
vn -0.5238 -0.3625 -0.7708
vn -0.5238 0.3625 -0.7708
vn -0.2656 -0.3546 0.8965
vn -0.2656 0.3546 0.8965
vn 0.0000 0.0000 0.0000
vn -0.3626 -0.6777 -0.6398
vn -0.3626 0.6777 -0.6398
vn -0.1219 -0.5233 -0.8434
vn -0.1219 0.5233 -0.8434
vn -0.2722 -0.9521 -0.1393
vn -0.2722 0.9521 -0.1393
vn -0.0694 -0.3678 -0.9273
vn -0.0694 0.3678 -0.9273
vn -0.2809 -0.4660 -0.8390
vn -0.2809 0.4660 -0.8390
vn -0.3766 -0.6933 -0.6143
vn -0.3766 0.6933 -0.6143
vn -0.2004 0.4762 -0.8562
vn -0.2004 -0.4762 -0.8562
vn 0.0000 0.0000 0.0000
vn -0.1464 -0.2159 -0.9654
vn -0.1464 0.2159 -0.9654
vn -0.1834 -0.4856 0.8547
vn -0.1834 0.4856 0.8547
vn -0.1622 0.8944 -0.4168
vn -0.1622 -0.8944 -0.4168
vn 0.0005 -0.2217 0.9751
vn 0.0005 0.2217 0.9751
vn -0.1805 0.2632 -0.9477
vn -0.1805 -0.2632 -0.9477
vn -0.1423 -0.2945 0.9450
vn -0.1423 0.2945 0.9450
vn -0.0869 0.0000 0.9962
vn -0.2636 -0.7437 0.6144
vn -0.2636 0.7437 0.6144
vn -0.2267 -0.9734 0.0335
vn -0.2267 0.9734 0.0335
vn -0.2342 0.6076 -0.7589
vn -0.2342 -0.6076 -0.7589
vn -0.2239 0.0000 -0.9746
vn 0.0000 0.0000 0.0000
vn -0.2789 -0.1233 -0.9524
vn -0.2789 0.1233 -0.9524
vn 0.0000 0.0000 0.0000
vn -0.1885 -0.3598 -0.9138
vn -0.1885 0.3598 -0.9138
vn -0.3070 0.0848 -0.9479
vn -0.3070 -0.0848 -0.9479
vn 0.0000 0.0000 0.0000
vn 0.0000 0.0000 0.0000
vn 0.0000 0.0000 0.0000
vn -0.4165 -0.5646 -0.7126
vn -0.4165 0.5646 -0.7126
vn -0.3523 -0.7098 -0.6100
vn -0.3523 0.7098 -0.6100
vn -0.2123 0.4053 -0.8892
vn -0.2123 -0.4053 -0.8892
vn -0.2124 -0.7987 -0.5630
vn -0.2124 0.7987 -0.5630
vn -0.2004 0.8974 -0.3930
vn -0.2004 -0.8974 -0.3930
vn -0.2391 -0.9697 -0.0506
vn -0.2391 0.9697 -0.0506
vn -0.1665 -0.2188 -0.9615
vn -0.1665 0.2188 -0.9615
vn -0.2194 -0.9411 0.2572
vn -0.2194 0.9411 0.2572
vn -0.2267 -0.9723 0.0573
vn -0.2267 0.9723 0.0573
vn -0.2365 -0.9658 -0.1065
vn -0.2365 0.9658 -0.1065
vn 0.0000 0.0000 0.0000
vn -0.2058 -0.6526 0.7292
vn -0.2058 0.6526 0.7292
vn -0.1485 -0.4226 -0.8941
vn -0.1485 0.4226 -0.8941
vn 0.0000 0.0000 0.0000
vn -0.2762 0.9016 -0.3329
vn -0.2762 -0.9016 -0.3329
vn -0.1789 -0.8930 -0.4130
vn -0.1789 0.8930 -0.4130
vn -0.1961 -0.8462 0.4955
vn -0.1961 0.8462 0.4955
vn -0.2404 -0.9230 -0.3005
vn -0.2404 0.9230 -0.3005
vn -0.2056 -0.8889 0.4093
vn -0.2056 0.8889 0.4093
vn 0.0000 0.0000 0.0000
vn 0.0067 0.0000 1.0000
vn 0.0032 -0.0000 -1.0000
vn -0.3004 -0.3274 -0.8959
vn -0.3004 0.3274 -0.8959
vn -0.0444 -0.8752 -0.4817
vn -0.0444 0.8752 -0.4817
vn -0.2911 0.1412 -0.9462
vn -0.2911 -0.1412 -0.9462
vn 0.0000 -0.0000 0.0000
vn -0.1248 -0.8197 -0.5591
vn -0.1248 0.8197 -0.5591
vn 0.0000 0.0000 0.0000
vn -0.1782 0.4758 -0.8613
vn -0.1782 -0.4758 -0.8613
vn 0.8246 0.0000 -0.5657
vn -0.0913 -0.4405 0.8931
vn -0.0913 0.4405 0.8931
vn -0.3333 -0.3429 -0.8783
vn -0.3333 0.3429 -0.8783
vn -0.2550 -0.4382 -0.8620
vn -0.2550 0.4382 -0.8620
vn -0.2602 -0.9584 0.1172
vn -0.2602 0.9584 0.1172
vn -0.4903 0.0000 -0.8715
vn -0.2999 -0.5857 -0.7530
vn -0.2999 0.5857 -0.7530
vn 0.0289 -0.0000 0.9996
vn 0.0000 0.0000 0.0000
vn -0.1041 -0.1725 0.9795
vn -0.1041 0.1725 0.9795
vn -0.3177 -0.8642 -0.3902
vn -0.3177 0.8642 -0.3902
vn -0.1992 -0.6480 -0.7351
vn -0.1992 0.6480 -0.7351
vn -0.0365 0.6453 -0.7631
vn -0.0365 -0.6453 -0.7631
vn -0.1719 -0.7847 -0.5955
vn -0.1719 0.7847 -0.5955
vn 0.0000 0.0000 0.0000
vn -0.0492 0.4908 -0.8699
vn -0.0492 -0.4908 -0.8699
vn -0.0428 -0.3151 0.9481
vn -0.0428 0.3151 0.9481
vn -0.4573 0.4125 -0.7879
vn -0.4573 -0.4125 -0.7879
vn 0.0000 0.0000 0.0000
vn -0.1539 -0.6849 -0.7122
vn -0.1539 0.6849 -0.7122
vn -0.1917 -0.9795 -0.0625
vn -0.1917 0.9795 -0.0625
vn 0.0000 0.0000 0.0000
vn 0.0000 0.0000 0.0000
vn -0.2187 -0.7302 -0.6473
vn -0.2187 0.7302 -0.6473
vn -0.3379 -0.8180 -0.4655
vn -0.3379 0.8180 -0.4655
vn -0.1777 -0.8522 0.4920
vn -0.1777 0.8522 0.4920
vn -0.1690 -0.7718 0.6130
vn -0.1690 0.7718 0.6130
vn -0.2124 -0.9649 0.1541
vn -0.2124 0.9649 0.1541
vn -0.1620 0.2431 -0.9564
vn -0.1620 -0.2431 -0.9564
vn 0.0000 0.0000 0.0000
vn 0.0000 0.0000 0.0000
vn 0.1809 0.4305 -0.8843
vn 0.1809 -0.4305 -0.8843
vn -0.0030 0.0000 -1.0000
vn -0.3717 -0.7851 -0.4954
vn -0.3717 0.7851 -0.4954
vn 0.0000 -0.0000 0.0000
vn 0.0000 0.0000 0.0000
vn -0.1170 -0.6662 -0.7365
vn -0.1170 0.6662 -0.7365
vn 0.1491 0.6835 -0.7146
vn 0.1491 -0.6835 -0.7146
vn -0.1675 -0.8570 -0.4874
vn -0.1675 0.8570 -0.4874
vn -0.2869 -0.2400 -0.9274
vn -0.2869 0.2400 -0.9274
vn 0.0000 0.0000 0.0000
vn -0.1981 -0.9346 -0.2954
vn -0.1981 0.9346 -0.2954
vn 0.0000 0.0000 0.0000
vn -0.1428 -0.6471 0.7490
vn -0.1428 0.6471 0.7490
vn -0.2087 -0.9769 -0.0464
vn -0.2087 0.9769 -0.0464
vn -0.0968 -0.5019 0.8595
vn -0.0968 0.5019 0.8595
vn 0.0000 0.0000 0.0000
vn -0.1648 -0.9162 0.3652
vn -0.1648 0.9162 0.3652
vn 0.0000 0.0000 0.0000
vn 0.0000 0.0000 0.0000
vn -0.1410 -0.5698 -0.8096
vn -0.1410 0.5698 -0.8096
vn -0.1112 0.0324 -0.9933
vn -0.1112 -0.0324 -0.9933
vn -0.2887 -0.0543 -0.9559
vn -0.2887 0.0543 -0.9559
vn -0.0585 -0.1846 -0.9811
vn -0.0585 0.1846 -0.9811
vn -0.2096 -0.0527 -0.9764
vn -0.2096 0.0527 -0.9764
vn -0.1655 -0.7793 -0.6045
vn -0.1655 0.7793 -0.6045
vn -0.0349 -0.4312 0.9016
vn -0.0349 0.4312 0.9016
vn -0.2037 -0.7795 -0.5924
vn -0.2037 0.7795 -0.5924
vn 0.0000 0.0000 0.0000
vn -0.4188 -0.8205 -0.3891
vn -0.4188 0.8205 -0.3891
vn -0.3807 -0.8799 -0.2843
vn -0.3807 0.8799 -0.2843
vn 0.1701 0.0000 0.9854
vn -0.3301 -0.8308 -0.4481
vn -0.3301 0.8308 -0.4481
vn -0.1217 -0.7075 -0.6962
vn -0.1217 0.7075 -0.6962
vn 0.0890 -0.2122 0.9732
vn 0.0890 0.2122 0.9732
vn 0.0204 0.2793 -0.9600
vn 0.0204 -0.2793 -0.9600
vn -0.1254 -0.9731 0.1935
vn -0.1254 0.9731 0.1935
vn 0.0000 0.0000 0.0000
vn -0.0244 0.4176 -0.9083
vn -0.0244 -0.4176 -0.9083
vn 0.1449 0.6748 -0.7236
vn 0.1449 -0.6748 -0.7236
vn 0.0000 0.0000 0.0000
vn 0.0000 0.0000 0.0000
vn 0.1255 0.0000 0.9921
vn 0.0000 0.0000 0.0000
vn 0.0541 -0.3527 0.9342
vn 0.0541 0.3527 0.9342
vn 0.0000 0.0000 0.0000
vn -0.4071 -0.7438 -0.5302
vn -0.4071 0.7438 -0.5302
vn -0.1153 -0.9304 0.3478
vn -0.1153 0.9304 0.3478
vn 0.0000 -0.0000 0.0000
vn -0.1664 -0.9856 -0.0293
vn -0.1664 0.9856 -0.0293
vn 0.0000 0.0000 0.0000
vn 0.0000 -0.0000 0.0000
vn 0.0000 0.0000 0.0000
vn 0.0000 -0.0000 0.0000
vn 0.0000 0.0000 0.0000
vn 0.0000 -0.0000 0.0000
vn -0.0793 -0.8437 -0.5310
vn -0.0793 0.8437 -0.5310
vn 0.0000 0.0000 0.0000
vn 0.0000 -0.0000 0.0000
vn -0.0682 -0.7807 -0.6211
vn -0.0682 0.7807 -0.6211
vn 0.0000 -0.0000 0.0000
vn 0.0000 0.0000 0.0000
vn -0.0567 -0.4847 0.8728
vn -0.0567 0.4847 0.8728
vn 0.0000 0.0000 0.0000
vn 0.4492 -0.4465 -0.7739
vn 0.4492 0.4465 -0.7739
vn -0.1710 -0.2367 -0.9564
vn -0.1710 0.2367 -0.9564
vn 0.0000 0.0000 0.0000
vn 0.0000 0.0000 0.0000
vn -0.0833 0.0000 -0.9965
vn 0.8226 -0.2054 -0.5302
vn 0.8226 0.2054 -0.5302
vn 0.0000 -0.0000 0.0000
vn 0.0461 0.4072 -0.9122
vn 0.0461 -0.4072 -0.9122
vn 0.0116 -0.6945 -0.7194
vn 0.0116 0.6945 -0.7194
vn -0.2638 -0.7682 -0.5833
vn -0.2638 0.7682 -0.5833
vn -0.1159 -0.8488 0.5158
vn -0.1159 0.8488 0.5158
vn 0.0000 0.0000 0.0000
vn 0.0000 0.0000 0.0000
vn 0.6929 -0.0616 -0.7184
vn 0.6929 0.0616 -0.7184
vn 0.2382 -0.7345 -0.6354
vn 0.2382 0.7345 -0.6354
vn 0.0000 0.0000 0.0000
vn 0.0000 -0.0000 0.0000
vn 0.8374 0.0023 -0.5466
vn 0.8374 -0.0023 -0.5466
vn 0.0609 0.6037 -0.7949
vn 0.0609 -0.6037 -0.7949
vn 0.1566 -0.8621 -0.4819
vn 0.1566 0.8621 -0.4819
vn 0.0749 -0.7019 -0.7083
vn 0.0749 0.7019 -0.7083
vn -0.1455 -0.7774 0.6119
vn -0.1455 0.7774 0.6119
vn -0.9518 -0.0000 -0.3068
vn 0.8168 -0.4912 -0.3026
vn 0.8168 0.4912 -0.3026
vn -0.3163 -0.7542 -0.5754
vn -0.3163 0.7542 -0.5754
vn -0.0968 -0.6005 0.7937
vn -0.0968 0.6005 0.7937
vn -0.0963 0.6246 -0.7750
vn -0.0963 -0.6246 -0.7750
vn 0.0000 0.0000 0.0000
vn 0.7362 -0.3015 -0.6059
vn 0.7362 0.3015 -0.6059
vn -0.1293 -0.7973 0.5896
vn -0.1293 0.7973 0.5896
vn 0.8368 -0.1382 -0.5298
vn 0.8368 0.1382 -0.5298
vn 0.8283 -0.4197 -0.3711
vn 0.8283 0.4197 -0.3711
vn -0.9392 0.0000 -0.3434
vn 0.9339 -0.1790 -0.3095
vn 0.9339 0.1790 -0.3095
vn -0.2900 -0.7217 -0.6285
vn -0.2900 0.7217 -0.6285
vn 0.0000 0.0000 0.0000
vn 0.0000 0.0000 0.0000
vn -0.4068 -0.8949 -0.1834
vn -0.4068 0.8949 -0.1834
vn 0.0751 -0.0833 -0.9937
vn 0.0751 0.0833 -0.9937
vn 0.0000 -0.0000 0.0000
vn -0.5873 0.1103 -0.8018
vn -0.5873 -0.1103 -0.8018
vn 0.2822 0.8411 -0.4614
vn 0.2822 -0.8411 -0.4614
vn 0.6576 -0.4944 -0.5685
vn 0.6576 0.4944 -0.5685
vn 0.8671 -0.0576 -0.4948
vn 0.8671 0.0576 -0.4948
vn -0.9768 0.0294 0.2123
vn -0.9768 -0.0294 0.2123
vn 0.8288 0.0165 0.5593
vn 0.8288 -0.0165 0.5593
vn 0.0000 -0.0000 0.0000
vn -0.1347 0.0779 -0.9878
vn -0.1347 -0.0779 -0.9878
vn 0.3637 0.2216 -0.9048
vn 0.3637 -0.2216 -0.9048
vn -0.8271 -0.1520 -0.5411
vn -0.8271 0.1520 -0.5411
vn 0.0085 -0.8579 -0.5137
vn 0.0085 0.8579 -0.5137
vn -0.9567 -0.0000 -0.2912
vn 0.7100 -0.0973 -0.6975
vn 0.7100 0.0973 -0.6975
vn -0.0718 -0.8928 0.4447
vn -0.0718 0.8928 0.4447
vn -0.8426 0.5253 -0.1187
vn -0.8426 -0.5253 -0.1187
vn 0.8344 -0.2050 -0.5116
vn 0.8344 0.2050 -0.5116
vn 0.8638 -0.2244 -0.4512
vn 0.8638 0.2244 -0.4512
vn 0.0000 -0.0000 0.0000
vn 0.0000 0.0000 0.0000
vn 0.8966 -0.1507 -0.4164
vn 0.8966 0.1507 -0.4164
vn 0.9752 -0.1388 -0.1723
vn 0.9752 0.1388 -0.1723
vn 0.9167 -0.1155 -0.3825
vn 0.9167 0.1155 -0.3825
vn 0.6450 -0.7634 0.0338
vn 0.6450 0.7634 0.0338
vn 0.0000 0.0000 0.0000
vn 0.0074 0.7634 -0.6459
vn 0.0074 -0.7634 -0.6459
vn 0.9470 -0.1723 -0.2711
vn 0.9470 0.1723 -0.2711
vn 0.0000 0.0000 0.0000
vn -0.0240 -0.9751 -0.2205
vn -0.0240 0.9751 -0.2205
vn -0.9192 0.0325 0.3925
vn -0.9192 -0.0325 0.3925
vn 0.5756 -0.8107 -0.1070
vn 0.5756 0.8107 -0.1070
vn 0.9856 -0.1484 -0.0813
vn 0.9856 0.1484 -0.0813
vn 0.0000 0.0000 0.0000
vn -0.1067 -0.9887 -0.1053
vn -0.1067 0.9887 -0.1053
vn 0.1740 -0.0048 -0.9847
vn 0.1740 0.0048 -0.9847
vn 0.5026 0.0953 -0.8592
vn 0.5026 -0.0953 -0.8592
vn -0.1337 -0.9771 -0.1652
vn -0.1337 0.9771 -0.1652
vn -0.0381 -0.9859 -0.1630
vn -0.0381 0.9859 -0.1630
vn -0.9194 -0.0981 -0.3808
vn -0.9194 0.0981 -0.3808
vn 0.9849 -0.1493 -0.0870
vn 0.9849 0.1493 -0.0870
vn 0.0000 0.0000 0.0000
vn -0.1813 -0.9764 -0.1172
vn -0.1813 0.9764 -0.1172
vn 0.7196 -0.1437 -0.6793
vn 0.7196 0.1437 -0.6793
vn 0.9413 -0.2899 -0.1729
vn 0.9413 0.2899 -0.1729
vn 0.9572 -0.1240 -0.2616
vn 0.9572 0.1240 -0.2616
vn 0.1937 -0.1223 0.9734
vn 0.1937 0.1223 0.9734
vn 0.9769 -0.1880 -0.1017
vn 0.9769 0.1880 -0.1017
vn 0.7747 -0.6320 0.0185
vn 0.7747 0.6320 0.0185
vn 0.1143 -0.3163 0.9417
vn 0.1143 0.3163 0.9417
vn 0.1926 -0.0000 0.9813
vn 0.9439 -0.1408 -0.2987
vn 0.9439 0.1408 -0.2987
vn 0.7629 -0.5327 0.3664
vn 0.7629 0.5327 0.3664
vn 0.8831 0.0000 -0.4693
vn 0.9688 -0.2422 -0.0522
vn 0.9688 0.2422 -0.0522
vn 0.9784 -0.1083 -0.1758
vn 0.9784 0.1083 -0.1758
vn 0.0422 -0.8369 0.5458
vn 0.0422 0.8369 0.5458
vn -0.0695 -0.6490 0.7576
vn -0.0695 0.6490 0.7576
vn 0.0000 0.0000 0.0000
vn -0.0756 -0.7890 0.6098
vn -0.0756 0.7890 0.6098
vn 0.3296 0.7292 0.5997
vn 0.3296 -0.7292 0.5997
vn -0.1944 0.7455 -0.6376
vn -0.1944 -0.7455 -0.6376
vn 0.8962 -0.4417 0.0407
vn 0.8962 0.4417 0.0407
vn 0.7588 -0.5088 -0.4066
vn 0.7588 0.5088 -0.4066
vn 0.1303 -0.9352 0.3292
vn 0.1303 0.9352 0.3292
vn -0.1131 0.3650 -0.9241
vn -0.1131 -0.3650 -0.9241
vn 0.6918 -0.0968 0.7155
vn 0.6918 0.0968 0.7155
vn 0.1688 -0.6000 0.7820
vn 0.1688 0.6000 0.7820
vn 0.2922 -0.9549 0.0536
vn 0.2922 0.9549 0.0536
vn 0.7640 -0.6239 0.1644
vn 0.7640 0.6239 0.1644
vn 0.7595 0.3167 -0.5682
vn 0.7595 -0.3167 -0.5682
vn 0.3494 -0.9334 0.0813
vn 0.3494 0.9334 0.0813
vn 0.0000 0.0000 0.0000
vn 0.0000 0.0000 0.0000
vn -0.0488 -0.7666 0.6403
vn -0.0488 0.7666 0.6403
vn 0.0000 0.0000 0.0000
vn 0.1234 -0.9582 0.2583
vn 0.1234 0.9582 0.2583
vn 0.0000 0.0000 0.0000
vn 0.8775 0.2526 0.4076
vn 0.8775 -0.2526 0.4076
vn 0.0000 -0.0000 0.0000
vn 0.4557 -0.7761 0.4359
vn 0.4557 0.7761 0.4359
vn 0.0000 0.0000 0.0000
vn 0.9755 -0.1433 0.1667
vn 0.9755 0.1433 0.1667
vn 0.4661 -0.2521 0.8481
vn 0.4661 0.2521 0.8481
vn -0.0557 -0.9355 0.3490
vn -0.0557 0.9355 0.3490
vn 0.9806 0.1810 0.0752
vn 0.9806 -0.1810 0.0752
vn 0.7324 0.4865 -0.4764
vn 0.7324 -0.4865 -0.4764
vn 0.0906 -0.3713 0.9241
vn 0.0906 0.3713 0.9241
vn 0.8397 -0.5152 0.1720
vn 0.8397 0.5152 0.1720
vn 0.0000 0.0000 0.0000
vn 0.0000 0.0000 0.0000
vn 0.7194 -0.3445 0.6031
vn 0.7194 0.3445 0.6031
vn 0.4757 -0.8405 0.2595
vn 0.4757 0.8405 0.2595
vn 0.9559 -0.1473 -0.2542
vn 0.9559 0.1473 -0.2542
vn 0.0711 -0.4419 0.8942
vn 0.0711 0.4419 0.8942
vn 0.9627 -0.2704 0.0076
vn 0.9627 0.2704 0.0076
vn 0.8751 -0.3571 0.3266
vn 0.8751 0.3571 0.3266
vn 0.5066 -0.6167 0.6025
vn 0.5066 0.6167 0.6025
vn 0.4539 -0.6852 0.5696
vn 0.4539 0.6852 0.5696
vn 0.0000 0.0000 0.0000
vn 0.3382 -0.7757 0.5328
vn 0.3382 0.7757 0.5328
vn 0.2633 -0.1201 0.9572
vn 0.2633 0.1201 0.9572
vn 0.3839 -0.6825 0.6219
vn 0.3839 0.6825 0.6219
vn 0.9779 -0.1986 0.0659
vn 0.9779 0.1986 0.0659
vn 0.6017 -0.7622 0.2388
vn 0.6017 0.7622 0.2388
vn 0.6051 -0.6522 0.4567
vn 0.6051 0.6522 0.4567
vn 0.2961 -0.8484 0.4389
vn 0.2961 0.8484 0.4389
vn 0.9372 -0.0000 -0.3488
vn 0.0000 0.0000 0.0000
vn 0.0000 0.0000 0.0000
vn 0.0000 0.0000 0.0000
vn 0.0000 0.0000 0.0000
vn 0.0000 0.0000 0.0000
vn 0.9731 -0.2278 0.0346
vn 0.9731 0.2278 0.0346
vn 0.1179 -0.3264 0.9378
vn 0.1179 0.3264 0.9378
vn 0.0000 0.0000 0.0000
vn 0.0000 0.0000 0.0000
vn 0.9666 -0.2342 -0.1040
vn 0.9666 0.2342 -0.1040
vn 0.4181 -0.2419 0.8756
vn 0.4181 0.2419 0.8756
vn 0.0000 0.0000 0.0000
vn 0.8711 -0.2984 0.3900
vn 0.8711 0.2984 0.3900
vn 0.2942 0.0000 0.9557
vn 0.9723 -0.0627 0.2252
vn 0.9723 0.0627 0.2252
vn 0.5342 -0.2895 0.7942
vn 0.5342 0.2895 0.7942
vn 0.9988 -0.0312 0.0373
vn 0.9988 0.0312 0.0373
vn 0.9877 -0.1441 0.0602
vn 0.9877 0.1441 0.0602
vn 0.4013 -0.1660 0.9008
vn 0.4013 0.1660 0.9008
vn 0.0000 0.0000 0.0000
vn 0.4197 -0.1077 0.9013
vn 0.4197 0.1077 0.9013
vn 0.9779 -0.2089 -0.0071
vn 0.9779 0.2089 -0.0071
vn 0.0000 0.0000 0.0000
vn 0.0000 0.0000 0.0000
vn 0.9678 0.0000 -0.2517
vn 0.0000 0.0000 0.0000
vn 0.9854 -0.0854 0.1472
vn 0.9854 0.0854 0.1472
vn 0.0000 0.0000 0.0000
vn 0.0000 0.0000 0.0000
vn 0.9920 -0.0000 0.1266
vn 0.0000 0.0000 0.0000
vn 0.7275 0.0000 0.6861
vn 0.9877 -0.1332 -0.0816
vn 0.9877 0.1332 -0.0816
vn 0.0000 0.0000 0.0000
vn 0.9810 0.0000 -0.1941
vn 0.0000 0.0000 0.0000
vn 0.0000 0.0000 0.0000
vn 0.0000 0.0000 0.0000
vn 0.0000 -0.0000 0.0000
vn 0.9913 -0.1161 0.0624
vn 0.9913 0.1161 0.0624
vn 0.0000 0.0000 0.0000
vn 0.0000 0.0000 0.0000
vn 0.0000 0.0000 0.0000
vn 0.0000 0.0000 0.0000
vn 0.0000 0.0000 0.0000
vn 0.0000 0.0000 0.0000
vn 0.0000 0.0000 0.0000
vn 0.9999 0.0000 -0.0112
f 842//842 836//836 830//830
f 842//842 830//830 855//855
f 858//858 870//870 855//855
f 766//766 793//793 576//576
f 757//757 795//795 777//777
f 757//757 799//799 608//608
f 793//793 766//766 808//808
f 773//773 793//793 760//760
f 522//522 747//747 541//541
f 456//456 522//522 483//483
f 760//760 735//735 522//522
f 849//849 808//808 870//870
f 720//720 849//849 862//862
f 862//862 870//870 878//878
f 849//849 870//870 862//862
f 830//830 824//824 712//712
f 830//830 712//712 518//518
f 860//860 834//834 831//831
f 831//831 834//834 825//825
f 825//825 834//834 713//713
f 706//706 830//830 518//518
f 530//530 518//518 512//512
f 485//485 557//557 601//601
f 481//481 601//601 454//454
f 488//488 373//373 393//393
f 201//201 269//269 246//246
f 52//52 63//63 201//201
f 75//75 160//160 201//201
f 201//201 253//253 269//269
f 63//63 52//52 75//75
f 310//310 437//437 330//330
f 338//338 424//424 437//437
f 242//242 273//273 338//338
f 75//75 310//310 304//304
f 273//273 334//334 338//338
f 29//29 60//60 52//52
f 55//55 36//36 30//30
f 27//27 30//30 36//36
f 81//81 242//242 98//98
f 81//81 102//102 242//242
f 235//235 273//273 161//161
f 154//154 161//161 133//133
f 133//133 149//149 36//36
f 197//197 154//154 133//133
f 85//85 87//87 89//89
f 89//89 91//91 85//85
f 60//60 36//36 87//87
f 36//36 89//89 87//87
f 533//533 557//557 504//504
f 685//685 704//704 715//715
f 624//624 718//718 815//815
f 656//656 664//664 687//687
f 687//687 669//669 652//652
f 702//702 691//691 683//683
f 702//702 710//710 708//708
f 691//691 695//695 674//674
f 737//737 674//674 720//720
f 737//737 720//720 722//722
f 828//828 862//862 789//789
f 674//674 478//478 444//444
f 377//377 444//444 478//478
f 630//630 737//737 615//615
f 560//560 615//615 606//606
f 615//615 671//671 606//606
f 623//623 492//492 606//606
f 365//365 473//473 442//442
f 323//323 359//359 361//361
f 288//288 365//365 359//359
f 359//359 365//365 428//428
f 442//442 473//473 553//553
f 862//862 864//864 789//789
f 660//660 662//662 704//704
f 789//789 864//864 704//704
f 715//715 864//864 852//852
f 500//500 562//562 570//570
f 634//634 603//603 632//632
f 646//646 634//634 648//648
f 646//646 667//667 658//658
f 492//492 498//498 475//475
f 265//265 361//361 321//321
f 293//293 251//251 174//174
f 119//119 263//263 231//231
f 111//111 263//263 119//119
f 500//500 588//588 527//527
f 496//496 514//514 511//511
f 500//500 527//527 435//435
f 435//435 527//527 471//471
f 570//570 588//588 500//500
f 408//408 458//458 496//496
f 458//458 349//349 475//475
f 430//430 458//458 408//408
f 458//458 430//430 363//363
f 400//400 415//415 426//426
f 408//408 415//415 382//382
f 527//527 462//462 471//471
f 554//554 584//584 618//618
f 507//507 554//554 446//446
f 396//396 371//371 402//402
f 439//439 435//435 462//462
f 463//463 418//418 439//439
f 403//403 466//466 507//507
f 396//396 409//409 466//466
f 396//396 402//402 409//409
f 325//325 363//363 408//408
f 382//382 336//336 408//408
f 336//336 325//325 408//408
f 281//281 267//267 349//349
f 319//319 382//382 400//400
f 222//222 400//400 405//405
f 174//174 267//267 187//187
f 187//187 257//257 185//185
f 220//220 185//185 240//240
f 181//181 224//224 222//222
f 222//222 255//255 218//218
f 210//210 125//125 222//222
f 185//185 224//224 181//181
f 257//257 267//267 281//281
f 224//224 275//275 222//222
f 332//332 354//354 295//295
f 328//328 295//295 354//354
f 168//168 204//204 163//163
f 158//158 129//129 115//115
f 218//218 345//345 210//210
f 218//218 352//352 345//345
f 210//210 183//183 125//125
f 296//296 346//346 326//326
f 346//346 371//371 396//396
f 636//636 628//628 634//634
f 648//648 718//718 646//646
f 645//645 643//643 650//650
f 494//494 475//475 498//498
f 373//373 375//375 343//343
f 373//373 291//291 261//261
f 259//259 291//291 244//244
f 67//67 261//261 244//244
f 67//67 244//244 215//215
f 177//177 201//201 246//246
f 40//40 42//42 57//57
f 42//42 177//177 57//57
f 67//67 57//57 44//44
f 18//18 67//67 38//38
f 317//317 284//284 227//227
f 227//227 284//284 96//96
f 94//94 38//38 77//77
f 69//69 77//77 38//38
f 143//143 271//271 237//237
f 137//137 271//271 143//143
f 213//213 96//96 278//278
f 94//94 137//137 111//111
f 38//38 65//65 69//69
f 291//291 317//317 244//244
f 57//57 248//248 44//44
f 8//8 16//16 9//9
f 9//9 10//10 8//8
f 27//27 8//8 10//10
f 2//2 18//18 12//12
f 20//20 12//12 94//94
f 34//34 20//20 79//79
f 8//8 20//20 32//32
f 9//9 16//16 45//45
f 45//45 8//8 32//32
f 108//108 45//45 32//32
f 45//45 16//16 8//8
f 111//111 119//119 174//174
f 824//824 833//833 791//791
f 836//836 824//824 830//830
f 278//278 308//308 271//271
f 550//550 551//551 534//534
f 211//211 276//276 234//234
f 92//92 179//179 211//211
f 422//422 446//446 529//529
f 211//211 234//234 92//92
f 422//422 311//311 394//394
f 486//486 339//339 355//355
f 812//812 802//802 822//822
f 802//802 787//787 814//814
f 814//814 822//822 802//802
f 842//842 840//840 836//836
f 840//840 842//842 833//833
f 840//840 833//833 838//838
f 833//833 824//824 840//840
f 833//833 822//822 791//791
f 812//812 822//822 808//808
f 822//822 833//833 842//842
f 791//791 822//822 814//814
f 870//870 842//842 855//855
f 860//860 858//858 855//855
f 766//766 724//724 781//781
f 799//799 781//781 753//753
f 781//781 724//724 739//739
f 724//724 729//729 739//739
f 793//793 773//773 576//576
f 576//576 773//773 538//538
f 576//576 538//538 488//488
f 766//766 576//576 724//724
f 608//608 724//724 576//576
f 745//745 777//777 751//751
f 741//741 731//731 743//743
f 741//741 743//743 745//745
f 777//777 745//745 743//743
f 777//777 743//743 763//763
f 795//795 769//769 751//751
f 757//757 775//775 799//799
f 799//799 775//775 763//763
f 777//777 775//775 785//785
f 757//757 777//777 785//785
f 799//799 771//771 808//808
f 802//802 810//810 812//812
f 812//812 810//810 802//802
f 806//806 745//745 802//802
f 781//781 808//808 766//766
f 799//799 808//808 781//781
f 779//779 769//769 795//795
f 802//802 751//751 769//769
f 808//808 849//849 793//793
f 720//720 862//862 828//828
f 522//522 735//735 747//747
f 793//793 735//735 760//760
f 747//747 735//735 720//720
f 735//735 793//793 720//720
f 760//760 522//522 773//773
f 488//488 773//773 522//522
f 678//678 541//541 747//747
f 747//747 720//720 678//678
f 488//488 522//522 456//456
f 849//849 720//720 793//793
f 808//808 842//842 870//870
f 870//870 858//858 878//878
f 864//864 862//862 878//878
f 864//864 878//878 871//871
f 822//822 842//842 808//808
f 791//791 533//533 824//824
f 791//791 557//557 533//533
f 855//855 844//844 847//847
f 847//847 844//844 804//804
f 712//712 824//824 518//518
f 824//824 533//533 518//518
f 844//844 830//830 804//804
f 855//855 847//847 860//860
f 847//847 834//834 860//860
f 706//706 713//713 834//834
f 860//860 831//831 825//825
f 825//825 713//713 696//696
f 696//696 713//713 486//486
f 530//530 706//706 518//518
f 713//713 512//512 486//486
f 530//530 512//512 713//713
f 421//421 518//518 437//437
f 533//533 437//437 518//518
f 424//424 421//421 437//437
f 424//424 395//395 421//421
f 424//424 338//338 395//395
f 421//421 339//339 486//486
f 421//421 395//395 339//339
f 518//518 421//421 512//512
f 830//830 706//706 804//804
f 804//804 706//706 834//834
f 847//847 804//804 834//834
f 594//594 608//608 576//576
f 594//594 576//576 454//454
f 454//454 576//576 452//452
f 787//787 749//749 769//769
f 791//791 726//726 601//601
f 594//594 757//757 608//608
f 726//726 594//594 601//601
f 791//791 601//601 557//557
f 601//601 481//481 485//485
f 557//557 485//485 504//504
f 504//504 485//485 411//411
f 437//437 504//504 411//411
f 485//485 481//481 380//380
f 594//594 454//454 601//601
f 481//481 454//454 380//380
f 411//411 485//485 330//330
f 330//330 380//380 75//75
f 380//380 253//253 75//75
f 330//330 485//485 380//380
f 576//576 488//488 452//452
f 456//456 373//373 488//488
f 373//373 456//456 417//417
f 373//373 261//261 248//248
f 269//269 373//373 248//248
f 393//393 373//373 269//269
f 393//393 269//269 389//389
f 452//452 488//488 389//389
f 341//341 454//454 389//389
f 389//389 269//269 341//341
f 269//269 248//248 246//246
f 380//380 269//269 253//253
f 160//160 75//75 253//253
f 160//160 253//253 201//201
f 201//201 63//63 75//75
f 52//52 48//48 50//50
f 50//50 48//48 52//52
f 52//52 71//71 48//48
f 52//52 48//48 50//50
f 52//52 201//201 100//100
f 100//100 71//71 52//52
f 52//52 50//50 29//29
f 454//454 452//452 389//389
f 454//454 341//341 380//380
f 504//504 437//437 533//533
f 437//437 411//411 330//330
f 338//338 437//437 310//310
f 330//330 75//75 304//304
f 310//310 75//75 242//242
f 310//310 242//242 338//338
f 242//242 102//102 149//149
f 273//273 242//242 149//149
f 310//310 330//330 304//304
f 395//395 334//334 339//339
f 395//395 338//338 334//334
f 339//339 334//334 273//273
f 339//339 286//286 197//197
f 286//286 339//339 273//273
f 75//75 87//87 242//242
f 36//36 60//60 29//29
f 55//55 30//30 27//27
f 75//75 60//60 73//73
f 83//83 81//81 89//89
f 98//98 83//83 89//89
f 102//102 113//113 106//106
f 36//36 113//113 89//89
f 235//235 161//161 175//175
f 161//161 273//273 133//133
f 161//161 166//166 175//175
f 169//169 166//166 161//161
f 169//169 166//166 154//154
f 286//286 235//235 197//197
f 235//235 196//196 197//197
f 175//175 154//154 196//196
f 197//197 196//196 154//154
f 235//235 175//175 196//196
f 149//149 113//113 36//36
f 133//133 36//36 197//197
f 55//55 197//197 36//36
f 87//87 73//73 60//60
f 242//242 87//87 98//98
f 98//98 87//87 91//91
f 98//98 91//91 89//89
f 726//726 791//791 769//769
f 787//787 769//769 791//791
f 286//286 273//273 235//235
f 645//645 660//660 621//621
f 621//621 660//660 590//590
f 660//660 704//704 632//632
f 669//669 664//664 685//685
f 656//656 634//634 652//652
f 628//628 636//636 632//632
f 704//704 664//664 654//654
f 656//656 654//654 664//664
f 628//628 632//632 704//704
f 527//527 632//632 628//628
f 685//685 715//715 687//687
f 700//700 687//687 715//715
f 687//687 648//648 656//656
f 687//687 652//652 634//634
f 687//687 634//634 676//676
f 687//687 718//718 648//648
f 693//693 676//676 646//646
f 634//634 646//646 676//676
f 718//718 715//715 815//815
f 695//695 680//680 691//691
f 691//691 698//698 702//702
f 710//710 702//702 698//698
f 541//541 689//689 683//683
f 691//691 674//674 541//541
f 710//710 683//683 689//689
f 710//710 720//720 708//708
f 674//674 695//695 708//708
f 478//478 674//674 549//549
f 549//549 674//674 737//737
f 549//549 737//737 553//553
f 702//702 708//708 680//680
f 828//828 789//789 720//720
f 737//737 722//722 615//615
f 615//615 722//722 789//789
f 722//722 720//720 789//789
f 444//444 456//456 483//483
f 444//444 483//483 674//674
f 444//444 377//377 369//369
f 478//478 391//391 377//377
f 522//522 541//541 483//483
f 549//549 553//553 473//473
f 610//610 615//615 572//572
f 599//599 572//572 506//506
f 612//612 615//615 610//610
f 506//506 553//553 574//574
f 599//599 506//506 574//574
f 612//612 574//574 630//630
f 612//612 610//610 599//599
f 615//615 597//597 582//582
f 582//582 597//597 592//592
f 582//582 592//592 516//516
f 516//516 572//572 582//582
f 516//516 592//592 492//492
f 502//502 572//572 516//516
f 560//560 592//592 615//615
f 592//592 597//597 615//615
f 592//592 560//560 492//492
f 492//492 560//560 606//606
f 623//623 498//498 492//492
f 506//506 502//502 448//448
f 469//469 448//448 432//432
f 442//442 469//469 428//428
f 502//502 516//516 448//448
f 492//492 420//420 448//448
f 478//478 473//473 391//391
f 391//391 473//473 387//387
f 387//387 473//473 365//365
f 284//284 387//387 288//288
f 317//317 391//391 284//284
f 387//387 284//284 391//391
f 288//288 278//278 284//284
f 428//428 432//432 359//359
f 359//359 432//432 448//448
f 359//359 448//448 361//361
f 359//359 308//308 278//278
f 288//288 359//359 278//278
f 271//271 308//308 301//301
f 359//359 301//301 308//308
f 313//313 301//301 359//359
f 301//301 313//313 263//263
f 271//271 301//301 237//237
f 615//615 789//789 671//671
f 666//666 710//710 541//541
f 541//541 674//674 483//483
f 630//630 574//574 553//553
f 852//852 864//864 865//865
f 852//852 865//865 815//815
f 671//671 789//789 704//704
f 864//864 715//715 704//704
f 606//606 671//671 623//623
f 623//623 671//671 641//641
f 662//662 639//639 671//671
f 617//617 514//514 639//639
f 639//639 458//458 525//525
f 617//617 621//621 514//514
f 498//498 623//623 494//494
f 639//639 496//496 458//458
f 514//514 496//496 639//639
f 660//660 650//650 662//662
f 494//494 623//623 525//525
f 650//650 643//643 641//641
f 652//652 669//669 527//527
f 852//852 815//815 715//715
f 565//565 626//626 595//595
f 568//568 565//565 595//595
f 520//520 685//685 687//687
f 669//669 685//685 520//520
f 626//626 693//693 613//613
f 613//613 584//584 595//595
f 565//565 463//463 520//520
f 520//520 626//626 565//565
f 687//687 693//693 626//626
f 595//595 584//584 578//578
f 578//578 584//584 577//577
f 578//578 577//577 554//554
f 45//45 108//108 92//92
f 590//590 660//660 567//567
f 660//660 632//632 567//567
f 586//586 570//570 580//580
f 567//567 562//562 536//536
f 567//567 632//632 586//586
f 567//567 586//586 580//580
f 586//586 603//603 588//588
f 634//634 632//632 648//648
f 536//536 590//590 567//567
f 646//646 658//658 618//618
f 657//657 624//624 618//618
f 558//558 539//539 554//554
f 551//551 543//543 529//529
f 529//529 539//539 551//551
f 624//624 551//551 618//618
f 545//545 539//539 551//551
f 657//657 718//718 624//624
f 558//558 554//554 618//618
f 618//618 545//545 558//558
f 398//398 475//475 349//349
f 475//475 420//420 492//492
f 398//398 420//420 475//475
f 448//448 420//420 361//361
f 361//361 420//420 321//321
f 321//321 398//398 349//349
f 323//323 361//361 293//293
f 293//293 361//361 265//265
f 265//265 321//321 267//267
f 313//313 323//323 263//263
f 323//323 293//293 263//263
f 263//263 293//293 231//231
f 233//233 263//263 111//111
f 119//119 293//293 174//174
f 251//251 265//265 267//267
f 251//251 267//267 174//174
f 420//420 398//398 321//321
f 511//511 621//621 509//509
f 621//621 590//590 536//536
f 458//458 475//475 494//494
f 536//536 500//500 509//509
f 509//509 500//500 465//465
f 465//465 500//500 413//413
f 500//500 435//435 413//413
f 430//430 408//408 363//363
f 511//511 426//426 450//450
f 450//450 426//426 415//415
f 405//405 465//465 413//413
f 426//426 465//465 400//400
f 405//405 413//413 352//352
f 400//400 465//465 405//405
f 345//345 352//352 413//413
f 426//426 511//511 465//465
f 621//621 536//536 509//509
f 462//462 520//520 463//463
f 527//527 520//520 462//462
f 554//554 539//539 529//529
f 466//466 554//554 507//507
f 529//529 446//446 554//554
f 463//463 439//439 462//462
f 418//418 463//463 568//568
f 568//568 466//466 418//418
f 466//466 409//409 418//418
f 402//402 385//385 367//367
f 439//439 418//418 402//402
f 439//439 402//402 367//367
f 367//367 345//345 439//439
f 396//396 466//466 403//403
f 433//433 507//507 446//446
f 446//446 394//394 433//433
f 433//433 394//394 403//403
f 396//396 403//403 326//326
f 345//345 435//435 439//439
f 403//403 394//394 298//298
f 298//298 394//394 311//311
f 781//781 739//739 753//753
f 281//281 349//349 325//325
f 325//325 319//319 281//281
f 382//382 319//319 336//336
f 400//400 222//222 275//275
f 319//319 400//400 275//275
f 79//79 111//111 185//185
f 319//319 240//240 281//281
f 185//185 281//281 240//240
f 111//111 174//174 187//187
f 257//257 187//187 267//267
f 281//281 185//185 257//257
f 108//108 79//79 125//125
f 240//240 319//319 275//275
f 240//240 275//275 220//220
f 125//125 185//185 181//181
f 79//79 185//185 125//125
f 218//218 315//315 352//352
f 315//315 222//222 352//352
f 125//125 181//181 222//222
f 367//367 385//385 354//354
f 385//385 402//402 354//354
f 402//402 371//371 354//354
f 371//371 296//296 354//354
f 367//367 354//354 332//332
f 332//332 165//165 208//208
f 206//206 295//295 296//296
f 328//328 296//296 295//295
f 326//326 346//346 396//396
f 171//171 189//189 165//165
f 204//204 168//168 206//206
f 191//191 163//163 204//204
f 204//204 206//206 238//238
f 125//125 127//127 123//123
f 165//165 123//123 127//127
f 121//121 206//206 135//135
f 121//121 117//117 206//206
f 125//125 123//123 104//104
f 117//117 108//108 135//135
f 141//141 129//129 158//158
f 115//115 104//104 125//125
f 191//191 108//108 129//129
f 191//191 129//129 163//163
f 140//140 131//131 163//163
f 189//189 158//158 156//156
f 141//141 168//168 158//158
f 145//145 135//135 158//158
f 171//171 156//156 125//125
f 131//131 140//140 168//168
f 163//163 158//158 168//168
f 165//165 332//332 295//295
f 108//108 117//117 129//129
f 141//141 131//131 129//129
f 168//168 141//141 131//131
f 191//191 179//179 108//108
f 92//92 108//108 179//179
f 345//345 332//332 210//210
f 238//238 296//296 298//298
f 296//296 326//326 298//298
f 211//211 225//225 276//276
f 183//183 210//210 208//208
f 191//191 203//203 178//178
f 203//203 238//238 225//225
f 238//238 203//203 191//191
f 225//225 211//211 179//179
f 179//179 178//178 225//225
f 210//210 332//332 208//208
f 206//206 296//296 238//238
f 165//165 189//189 208//208
f 191//191 178//178 179//179
f 204//204 238//238 191//191
f 400//400 382//382 415//415
f 413//413 435//435 345//345
f 603//603 634//634 628//628
f 636//636 648//648 632//632
f 667//667 658//658 718//718
f 718//718 657//657 667//667
f 646//646 718//718 658//658
f 301//301 233//233 237//237
f 527//527 669//669 520//520
f 676//676 693//693 687//687
f 646//646 584//584 613//613
f 500//500 536//536 562//562
f 534//534 551//551 550//550
f 543//543 422//422 529//529
f 417//417 375//375 373//373
f 456//456 375//375 417//417
f 444//444 343//343 375//375
f 373//373 343//343 291//291
f 261//261 291//291 259//259
f 369//369 343//343 444//444
f 377//377 343//343 369//369
f 343//343 377//377 291//291
f 377//377 317//317 291//291
f 244//244 261//261 259//259
f 248//248 177//177 246//246
f 215//215 96//96 67//67
f 261//261 67//67 248//248
f 248//248 67//67 44//44
f 201//201 177//177 100//100
f 100//100 177//177 42//42
f 40//40 57//57 18//18
f 177//177 248//248 57//57
f 100//100 42//42 71//71
f 42//42 40//40 48//48
f 18//18 29//29 40//40
f 29//29 50//50 40//40
f 38//38 67//67 65//65
f 18//18 57//57 67//67
f 317//317 227//227 244//244
f 215//215 227//227 96//96
f 96//96 94//94 77//77
f 278//278 271//271 213//213
f 213//213 271//271 137//137
f 151//151 213//213 137//137
f 151//151 137//137 94//94
f 111//111 137//137 143//143
f 143//143 237//237 233//233
f 143//143 233//233 111//111
f 96//96 151//151 94//94
f 8//8 7//7 2//2
f 36//36 29//29 18//18
f 27//27 36//36 7//7
f 36//36 18//18 7//7
f 27//27 7//7 8//8
f 18//18 38//38 12//12
f 12//12 38//38 94//94
f 7//7 18//18 2//2
f 2//2 12//12 20//20
f 94//94 111//111 20//20
f 20//20 111//111 79//79
f 79//79 108//108 34//34
f 8//8 2//2 20//20
f 32//32 20//20 34//34
f 32//32 34//34 108//108
f 92//92 9//9 45//45
f 50//50 48//48 40//40
f 726//726 779//779 795//795
f 777//777 745//745 733//733
f 787//787 802//802 749//749
f 830//830 844//844 855//855
f 444//444 375//375 456//456
f 543//543 551//551 550//550
f 234//234 276//276 311//311
f 550//550 551//551 619//619
f 355//355 339//339 197//197
f 10//10 55//55 27//27
f 394//394 446//446 422//422
f 871//871 878//878 875//875
f 878//878 858//858 875//875
f 624//624 815//815 619//619
f 787//787 791//791 814//814
f 836//836 840//840 838//838
f 824//824 836//836 838//838
f 824//824 838//838 840//840
f 833//833 840//840 838//838
f 799//799 753//753 739//739
f 799//799 739//739 729//729
f 608//608 799//799 729//729
f 724//724 608//608 729//729
f 757//757 777//777 783//783
f 741//741 745//745 731//731
f 775//775 757//757 785//785
f 795//795 751//751 777//777
f 763//763 797//797 771//771
f 743//743 731//731 745//745
f 777//777 731//731 745//745
f 797//797 763//763 743//743
f 797//797 743//743 745//745
f 810//810 812//812 808//808
f 810//810 808//808 806//806
f 785//785 783//783 777//777
f 757//757 783//783 777//777
f 797//797 808//808 771//771
f 771//771 799//799 763//763
f 777//777 763//763 775//775
f 785//785 777//777 783//783
f 812//812 810//810 806//806
f 812//812 806//806 802//802
f 797//797 745//745 806//806
f 808//808 797//797 806//806
f 169//169 161//161 166//166
f 720//720 710//710 666//666
f 773//773 488//488 538//538
f 541//541 678//678 666//666
f 720//720 666//666 678//678
f 530//530 713//713 706//706
f 860//860 825//825 858//858
f 421//421 486//486 512//512
f 717//717 733//733 749//749
f 594//594 726//726 757//757
f 393//393 389//389 488//488
f 341//341 269//269 380//380
f 75//75 52//52 60//60
f 89//89 102//102 81//81
f 89//89 81//81 98//98
f 83//83 89//89 81//81
f 102//102 106//106 149//149
f 149//149 106//106 113//113
f 102//102 89//89 113//113
f 169//169 175//175 166//166
f 154//154 175//175 169//169
f 664//664 704//704 685//685
f 161//161 154//154 166//166
f 133//133 273//273 149//149
f 87//87 85//85 91//91
f 98//98 89//89 83//83
f 75//75 73//73 87//87
f 628//628 654//654 652//652
f 628//628 704//704 654//654
f 654//654 656//656 652//652
f 676//676 687//687 700//700
f 664//664 652//652 669//669
f 669//669 652//652 664//664
f 700//700 687//687 676//676
f 710//710 698//698 683//683
f 710//710 683//683 689//689
f 700//700 718//718 687//687
f 700//700 715//715 718//718
f 648//648 634//634 656//656
f 634//634 648//648 636//636
f 646//646 613//613 693//693
f 669//669 687//687 664//664
f 702//702 680//680 691//691
f 641//641 639//639 662//662
f 683//683 710//710 689//689
f 702//702 683//683 698//698
f 691//691 702//702 698//698
f 691//691 541//541 683//683
f 541//541 710//710 689//689
f 695//695 691//691 680//680
f 720//720 674//674 708//708
f 680//680 708//708 691//691
f 708//708 695//695 691//691
f 630//630 553//553 737//737
f 612//612 599//599 574//574
f 572//572 599//599 610//610
f 615//615 612//612 630//630
f 506//506 572//572 502//502
f 615//615 582//582 572//572
f 506//506 469//469 553//553
f 432//432 428//428 469//469
f 469//469 442//442 553//553
f 448//448 516//516 492//492
f 448//448 469//469 506//506
f 473//473 478//478 549//549
f 387//387 365//365 288//288
f 377//377 391//391 317//317
f 442//442 428//428 365//365
f 323//323 313//313 359//359
f 864//864 871//871 865//865
f 617//617 639//639 650//650
f 671//671 639//639 641//641
f 704//704 662//662 671//671
f 650//650 641//641 662//662
f 621//621 617//617 650//650
f 621//621 511//511 514//514
f 458//458 494//494 525//525
f 639//639 641//641 643//643
f 639//639 643//643 650//650
f 650//650 643//643 645//645
f 650//650 645//645 621//621
f 525//525 623//623 641//641
f 525//525 641//641 639//639
f 466//466 568//568 595//595
f 466//466 595//595 578//578
f 496//496 450//450 415//415
f 687//687 626//626 520//520
f 613//613 595//595 626//626
f 224//224 185//185 220//220
f 554//554 466//466 578//578
f 568//568 463//463 565//565
f 588//588 570//570 586//586
f 570//570 562//562 580//580
f 562//562 567//567 580//580
f 603//603 586//586 632//632
f 667//667 657//657 658//658
f 667//667 646//646 658//658
f 657//657 618//618 658//658
f 539//539 558//558 545//545
f 551//551 545//545 618//618
f 545//545 551//551 539//539
f 545//545 551//551 539//539
f 263//263 233//233 301//301
f 231//231 293//293 119//119
f 265//265 251//251 293//293
f 527//527 588//588 603//603
f 509//509 465//465 511//511
f 496//496 415//415 408//408
f 458//458 363//363 349//349
f 511//511 450//450 496//496
f 584//584 554//554 577//577
f 409//409 402//402 418//418
f 462//462 435//435 471//471
f 433//433 403//403 507//507
f 336//336 319//319 325//325
f 321//321 349//349 267//267
f 325//325 349//349 363//363
f 187//187 185//185 111//111
f 135//135 165//165 206//206
f 135//135 206//206 117//117
f 224//224 220//220 275//275
f 315//315 218//218 255//255
f 255//255 222//222 315//315
f 222//222 218//218 210//210
f 352//352 222//222 405//405
f 354//354 296//296 328//328
f 367//367 332//332 345//345
f 346//346 296//296 371//371
f 125//125 156//156 171//171
f 206//206 165//165 295//295
f 135//135 117//117 121//121
f 123//123 127//127 104//104
f 104//104 127//127 125//125
f 129//129 121//121 117//117
f 129//129 117//117 104//104
f 104//104 117//117 135//135
f 123//123 135//135 127//127
f 165//165 135//135 123//123
f 153//153 165//165 135//135
f 104//104 108//108 125//125
f 108//108 104//104 135//135
f 153//153 115//115 125//125
f 145//145 156//156 158//158
f 115//115 129//129 135//135
f 145//145 115//115 156//156
f 156//156 153//153 135//135
f 156//156 135//135 145//145
f 115//115 153//153 156//156
f 129//129 104//104 135//135
f 135//135 104//104 115//115
f 115//115 145//145 158//158
f 135//135 165//165 127//127
f 125//125 156//156 153//153
f 129//129 147//147 140//140
f 140//140 129//129 131//131
f 140//140 163//163 129//129
f 140//140 147//147 129//129
f 171//171 156//156 145//145
f 171//171 145//145 189//189
f 158//158 189//189 145//145
f 141//141 158//158 135//135
f 156//156 171//171 165//165
f 156//156 165//165 153//153
f 206//206 168//168 140//140
f 206//206 140//140 147//147
f 135//135 140//140 131//131
f 135//135 131//131 141//141
f 121//121 129//129 117//117
f 163//163 131//131 141//141
f 163//163 141//141 158//158
f 135//135 206//206 147//147
f 135//135 147//147 140//140
f 225//225 238//238 298//298
f 225//225 298//298 276//276
f 311//311 276//276 298//298
f 660//660 645//645 650//650
f 183//183 156//156 125//125
f 183//183 208//208 156//156
f 178//178 203//203 225//225
f 189//189 156//156 208//208
f 326//326 403//403 298//298
f 527//527 603//603 632//632
f 632//632 603//603 628//628
f 749//749 802//802 717//717
f 628//628 652//652 527//527
f 646//646 618//618 584//584
f 624//624 619//619 551//551
f 42//42 48//48 71//71
f 96//96 65//65 67//67
f 244//244 227//227 215//215
f 69//69 96//96 77//77
f 96//96 284//284 278//278
f 213//213 151//151 96//96
f 96//96 69//69 65//65
f 757//757 726//726 795//795
f 777//777 733//733 717//717
f 733//733 745//745 751//751
f 717//717 745//745 731//731
f 777//777 717//717 731//731
f 749//749 733//733 769//769
f 717//717 802//802 745//745
f 733//733 802//802 769//769
f 726//726 769//769 779//779
f 802//802 733//733 751//751
f 202//202 229//229 216//216
f 857//857 800//800 845//845
f 800//800 555//555 563//563
f 850//850 866//866 868//868
f 14//14 202//202 58//58
f 467//467 350//350 356//356
f 546//546 583//583 547//547
f 297//297 193//193 195//195
f 23//23 3//3 4//4
f 383//383 546//546 445//445
f 467//467 528//528 555//555
f 297//297 347//347 350//350
f 23//23 46//46 54//54
f 109//109 58//58 202//202
f 531//531 523//523 546//546
f 383//383 306//306 302//302
f 216//216 194//194 202//202
f 857//857 873//873 877//877
f 845//845 859//859 857//857
f 727//727 819//819 800//800
f 563//563 681//681 800//800
f 54//54 172//172 193//193
f 868//868 856//856 850//850
f 850//850 818//818 817//817
f 817//817 767//767 764//764
f 302//302 228//228 229//229
f 764//764 637//637 583//583
f 58//58 22//22 14//14
f 604//604 564//564 583//583
f 356//356 440//440 467//467
f 547//547 542//542 546//546
f 195//195 249//249 297//297
f 4//4 21//21 23//23
f 14//14 5//5 3//3
f 445//445 406//406 383//383
f 857//857 859//859 863//863
f 866//866 867//867 868//868
f 877//877 876//876 872//872
f 800//800 819//819 820//820
f 467//467 479//479 490//490
f 467//467 460//460 476//476
f 297//297 299//299 305//305
f 297//297 282//282 299//299
f 54//54 53//53 61//61
f 23//23 25//25 26//26
f 764//764 761//761 758//758
f 764//764 754//754 672//672
f 850//850 853//853 851//851
f 850//850 856//856 853//853
f 383//383 406//406 378//378
f 202//202 199//199 109//109
f 202//202 198//198 199//199
f 202//202 194//194 198//198
f 546//546 489//489 445//445
f 23//23 21//21 24//24
f 23//23 24//24 25//25
f 14//14 13//13 15//15
f 546//546 544//544 531//531
f 877//877 874//874 876//876
f 800//800 820//820 826//826
f 800//800 826//826 845//845
f 800//800 681//681 727//727
f 467//467 476//476 479//479
f 467//467 459//459 460//460
f 467//467 440//440 459//459
f 54//54 46//46 53//53
f 193//193 192//192 190//190
f 764//764 758//758 755//755
f 764//764 755//755 754//754
f 817//817 818//818 816//816
f 764//764 767//767 761//761
f 302//302 306//306 289//289
f 302//302 285//285 279//279
f 302//302 289//289 285//285
f 546//546 523//523 489//489
f 14//14 22//22 13//13
f 583//583 637//637 604//604
f 546//546 542//542 544//544
f 383//383 378//378 357//357
f 297//297 249//249 282//282
f 583//583 564//564 547//547
f 841//841 829//829 835//835
f 841//841 854//854 829//829
f 858//858 854//854 869//869
f 765//765 575//575 792//792
f 756//756 776//776 794//794
f 756//756 607//607 798//798
f 792//792 807//807 765//765
f 772//772 759//759 792//792
f 521//521 540//540 746//746
f 455//455 482//482 521//521
f 759//759 521//521 734//734
f 848//848 869//869 807//807
f 719//719 861//861 848//848
f 861//861 878//878 869//869
f 848//848 861//861 869//869
f 829//829 711//711 823//823
f 829//829 517//517 711//711
f 860//860 831//831 834//834
f 831//831 825//825 834//834
f 825//825 713//713 834//834
f 705//705 517//517 829//829
f 530//530 512//512 517//517
f 484//484 600//600 556//556
f 480//480 453//453 600//600
f 487//487 392//392 372//372
f 200//200 245//245 268//268
f 51//51 200//200 62//62
f 74//74 200//200 159//159
f 200//200 268//268 252//252
f 62//62 74//74 51//51
f 309//309 329//329 436//436
f 337//337 436//436 423//423
f 241//241 337//337 272//272
f 74//74 303//303 309//309
f 272//272 337//337 333//333
f 28//28 51//51 59//59
f 55//55 30//30 35//35
f 27//27 35//35 30//30
f 80//80 97//97 241//241
f 80//80 241//241 101//101
f 235//235 161//161 272//272
f 154//154 132//132 161//161
f 132//132 35//35 148//148
f 197//197 132//132 154//154
f 84//84 88//88 86//86
f 88//88 84//84 90//90
f 59//59 86//86 35//35
f 35//35 86//86 88//88
f 532//532 503//503 556//556
f 684//684 714//714 703//703
f 624//624 815//815 718//718
f 655//655 686//686 663//663
f 686//686 651//651 668//668
f 701//701 682//682 690//690
f 701//701 707//707 709//709
f 690//690 673//673 694//694
f 736//736 719//719 673//673
f 736//736 721//721 719//719
f 827//827 788//788 861//861
f 673//673 443//443 477//477
f 376//376 477//477 443//443
f 629//629 614//614 736//736
f 559//559 605//605 614//614
f 614//614 605//605 670//670
f 622//622 605//605 491//491
f 364//364 441//441 472//472
f 322//322 360//360 358//358
f 287//287 358//358 364//364
f 358//358 427//427 364//364
f 441//441 552//552 472//472
f 861//861 788//788 864//864
f 659//659 703//703 661//661
f 788//788 703//703 864//864
f 714//714 852//852 864//864
f 499//499 569//569 561//561
f 633//633 631//631 602//602
f 646//646 647//647 633//633
f 646//646 658//658 667//667
f 491//491 474//474 497//497
f 264//264 320//320 360//360
f 292//292 173//173 250//250
f 118//118 230//230 262//262
f 110//110 118//118 262//262
f 499//499 526//526 587//587
f 495//495 510//510 513//513
f 499//499 434//434 526//526
f 434//434 470//470 526//526
f 569//569 499//499 587//587
f 407//407 495//495 457//457
f 457//457 474//474 348//348
f 429//429 407//407 457//457
f 457//457 362//362 429//429
f 399//399 425//425 414//414
f 407//407 381//381 414//414
f 526//526 470//470 461//461
f 554//554 618//618 584//584
f 507//507 446//446 554//554
f 396//396 401//401 370//370
f 438//438 461//461 434//434
f 463//463 438//438 418//418
f 403//403 507//507 466//466
f 396//396 466//466 409//409
f 396//396 409//409 401//401
f 324//324 407//407 362//362
f 381//381 407//407 335//335
f 335//335 407//407 324//324
f 280//280 348//348 266//266
f 318//318 399//399 381//381
f 221//221 404//404 399//399
f 173//173 186//186 266//266
f 186//186 184//184 256//256
f 219//219 239//239 184//184
f 180//180 221//221 223//223
f 221//221 217//217 254//254
f 209//209 221//221 124//124
f 184//184 180//180 223//223
f 256//256 280//280 266//266
f 223//223 221//221 274//274
f 331//331 294//294 353//353
f 327//327 353//353 294//294
f 167//167 162//162 204//204
f 157//157 114//114 128//128
f 217//217 209//209 344//344
f 217//217 344//344 351//351
f 209//209 124//124 182//182
f 296//296 326//326 346//346
f 346//346 396//396 370//370
f 635//635 633//633 627//627
f 647//647 646//646 718//718
f 644//644 649//649 642//642
f 493//493 497//497 474//474
f 372//372 342//342 374//374
f 372//372 260//260 290//290
f 258//258 243//243 290//290
f 66//66 243//243 260//260
f 66//66 214//214 243//243
f 176//176 245//245 200//200
f 39//39 56//56 41//41
f 41//41 56//56 176//176
f 66//66 43//43 56//56
f 17//17 37//37 66//66
f 316//316 226//226 283//283
f 226//226 95//95 283//283
f 93//93 76//76 37//37
f 68//68 37//37 76//76
f 142//142 236//236 270//270
f 136//136 142//142 270//270
f 212//212 277//277 95//95
f 93//93 110//110 136//136
f 37//37 68//68 64//64
f 290//290 243//243 316//316
f 56//56 43//43 247//247
f 8//8 9//9 16//16
f 9//9 8//8 10//10
f 27//27 10//10 8//8
f 1//1 11//11 17//17
f 19//19 93//93 11//11
f 33//33 78//78 19//19
f 8//8 31//31 19//19
f 9//9 45//45 16//16
f 45//45 31//31 8//8
f 107//107 31//31 45//45
f 45//45 8//8 16//16
f 110//110 173//173 118//118
f 823//823 790//790 832//832
f 835//835 829//829 823//823
f 277//277 270//270 307//307
f 550//550 534//534 551//551
f 211//211 234//234 276//276
f 92//92 211//211 179//179
f 422//422 529//529 446//446
f 211//211 92//92 234//234
f 422//422 394//394 311//311
f 486//486 355//355 339//339
f 811//811 821//821 801//801
f 801//801 813//813 786//786
f 813//813 801//801 821//821
f 841//841 835//835 839//839
f 839//839 832//832 841//841
f 839//839 837//837 832//832
f 832//832 839//839 823//823
f 832//832 790//790 821//821
f 811//811 807//807 821//821
f 821//821 841//841 832//832
f 790//790 813//813 821//821
f 869//869 854//854 841//841
f 860//860 854//854 858//858
f 765//765 780//780 723//723
f 798//798 752//752 780//780
f 780//780 738//738 723//723
f 723//723 738//738 728//728
f 792//792 575//575 772//772
f 575//575 537//537 772//772
f 575//575 487//487 537//537
f 765//765 723//723 575//575
f 607//607 575//575 723//723
f 744//744 750//750 776//776
f 740//740 742//742 730//730
f 740//740 744//744 742//742
f 776//776 742//742 744//744
f 776//776 762//762 742//742
f 794//794 750//750 768//768
f 756//756 798//798 774//774
f 798//798 762//762 774//774
f 776//776 784//784 774//774
f 756//756 784//784 776//776
f 798//798 807//807 770//770
f 801//801 811//811 809//809
f 811//811 801//801 809//809
f 805//805 801//801 744//744
f 780//780 765//765 807//807
f 798//798 780//780 807//807
f 778//778 794//794 768//768
f 801//801 768//768 750//750
f 807//807 792//792 848//848
f 719//719 827//827 861//861
f 521//521 746//746 734//734
f 792//792 759//759 734//734
f 746//746 719//719 734//734
f 734//734 719//719 792//792
f 759//759 772//772 521//521
f 487//487 521//521 772//772
f 677//677 746//746 540//540
f 746//746 677//677 719//719
f 487//487 455//455 521//521
f 848//848 792//792 719//719
f 807//807 869//869 841//841
f 869//869 878//878 858//858
f 864//864 878//878 861//861
f 864//864 871//871 878//878
f 821//821 807//807 841//841
f 790//790 823//823 532//532
f 790//790 532//532 556//556
f 854//854 846//846 843//843
f 846//846 803//803 843//843
f 711//711 517//517 823//823
f 823//823 517//517 532//532
f 843//843 803//803 829//829
f 854//854 860//860 846//846
f 846//846 860//860 834//834
f 705//705 834//834 713//713
f 860//860 825//825 831//831
f 825//825 696//696 713//713
f 696//696 486//486 713//713
f 530//530 517//517 705//705
f 713//713 486//486 512//512
f 530//530 713//713 512//512
f 421//421 436//436 517//517
f 532//532 517//517 436//436
f 423//423 436//436 421//421
f 423//423 421//421 395//395
f 423//423 395//395 337//337
f 421//421 486//486 339//339
f 421//421 339//339 395//395
f 517//517 512//512 421//421
f 829//829 803//803 705//705
f 803//803 834//834 705//705
f 846//846 834//834 803//803
f 593//593 575//575 607//607
f 593//593 453//453 575//575
f 453//453 451//451 575//575
f 786//786 768//768 748//748
f 790//790 600//600 725//725
f 593//593 607//607 756//756
f 725//725 600//600 593//593
f 790//790 556//556 600//600
f 600//600 484//484 480//480
f 556//556 503//503 484//484
f 503//503 410//410 484//484
f 436//436 410//410 503//503
f 484//484 379//379 480//480
f 593//593 600//600 453//453
f 480//480 379//379 453//453
f 410//410 329//329 484//484
f 329//329 74//74 379//379
f 379//379 74//74 252//252
f 329//329 379//379 484//484
f 575//575 451//451 487//487
f 455//455 487//487 372//372
f 372//372 416//416 455//455
f 372//372 247//247 260//260
f 268//268 247//247 372//372
f 392//392 268//268 372//372
f 392//392 388//388 268//268
f 451//451 388//388 487//487
f 340//340 388//388 453//453
f 388//388 340//340 268//268
f 268//268 245//245 247//247
f 379//379 252//252 268//268
f 159//159 252//252 74//74
f 159//159 200//200 252//252
f 200//200 74//74 62//62
f 51//51 49//49 47//47
f 49//49 51//51 47//47
f 51//51 47//47 70//70
f 51//51 49//49 47//47
f 51//51 99//99 200//200
f 99//99 51//51 70//70
f 51//51 28//28 49//49
f 453//453 388//388 451//451
f 453//453 379//379 340//340
f 503//503 532//532 436//436
f 436//436 329//329 410//410
f 337//337 309//309 436//436
f 329//329 303//303 74//74
f 309//309 241//241 74//74
f 309//309 337//337 241//241
f 241//241 148//148 101//101
f 272//272 148//148 241//241
f 309//309 303//303 329//329
f 395//395 339//339 333//333
f 395//395 333//333 337//337
f 339//339 272//272 333//333
f 339//339 197//197 286//286
f 286//286 272//272 339//339
f 74//74 241//241 86//86
f 35//35 28//28 59//59
f 55//55 27//27 30//30
f 74//74 72//72 59//59
f 82//82 88//88 80//80
f 97//97 88//88 82//82
f 101//101 105//105 112//112
f 35//35 88//88 112//112
f 235//235 175//175 161//161
f 161//161 132//132 272//272
f 161//161 175//175 166//166
f 169//169 161//161 166//166
f 169//169 154//154 166//166
f 286//286 197//197 235//235
f 235//235 197//197 196//196
f 175//175 196//196 154//154
f 197//197 154//154 196//196
f 235//235 196//196 175//175
f 148//148 35//35 112//112
f 132//132 197//197 35//35
f 55//55 35//35 197//197
f 86//86 59//59 72//72
f 241//241 97//97 86//86
f 97//97 90//90 86//86
f 97//97 88//88 90//90
f 725//725 768//768 790//790
f 786//786 790//790 768//768
f 286//286 235//235 272//272
f 644//644 620//620 659//659
f 620//620 589//589 659//659
f 659//659 631//631 703//703
f 668//668 684//684 663//663
f 655//655 651//651 633//633
f 627//627 631//631 635//635
f 703//703 653//653 663//663
f 655//655 663//663 653//653
f 627//627 703//703 631//631
f 526//526 627//627 631//631
f 684//684 686//686 714//714
f 699//699 714//714 686//686
f 686//686 655//655 647//647
f 686//686 633//633 651//651
f 686//686 675//675 633//633
f 686//686 647//647 718//718
f 692//692 646//646 675//675
f 633//633 675//675 646//646
f 718//718 815//815 714//714
f 694//694 690//690 679//679
f 690//690 701//701 697//697
f 709//709 697//697 701//701
f 540//540 682//682 688//688
f 690//690 540//540 673//673
f 709//709 688//688 682//682
f 709//709 707//707 719//719
f 673//673 707//707 694//694
f 477//477 548//548 673//673
f 548//548 736//736 673//673
f 548//548 552//552 736//736
f 701//701 679//679 707//707
f 827//827 719//719 788//788
f 736//736 614//614 721//721
f 614//614 788//788 721//721
f 721//721 788//788 719//719
f 443//443 482//482 455//455
f 443//443 673//673 482//482
f 443//443 368//368 376//376
f 477//477 376//376 390//390
f 521//521 482//482 540//540
f 548//548 472//472 552//552
f 609//609 571//571 614//614
f 598//598 505//505 571//571
f 611//611 609//609 614//614
f 505//505 573//573 552//552
f 598//598 573//573 505//505
f 611//611 629//629 573//573
f 611//611 598//598 609//609
f 614//614 581//581 596//596
f 581//581 591//591 596//596
f 581//581 515//515 591//591
f 515//515 581//581 571//571
f 515//515 491//491 591//591
f 501//501 515//515 571//571
f 559//559 614//614 591//591
f 591//591 614//614 596//596
f 591//591 491//491 559//559
f 491//491 605//605 559//559
f 622//622 491//491 497//497
f 505//505 447//447 501//501
f 468//468 431//431 447//447
f 441//441 427//427 468//468
f 501//501 447//447 515//515
f 491//491 447//447 419//419
f 477//477 390//390 472//472
f 390//390 386//386 472//472
f 386//386 364//364 472//472
f 283//283 287//287 386//386
f 316//316 283//283 390//390
f 386//386 390//390 283//283
f 287//287 283//283 277//277
f 427//427 358//358 431//431
f 358//358 447//447 431//431
f 358//358 360//360 447//447
f 358//358 277//277 307//307
f 287//287 277//277 358//358
f 270//270 300//300 307//307
f 358//358 307//307 300//300
f 312//312 358//358 300//300
f 300//300 262//262 312//312
f 270//270 236//236 300//300
f 614//614 670//670 788//788
f 665//665 540//540 709//709
f 540//540 482//482 673//673
f 629//629 552//552 573//573
f 852//852 865//865 864//864
f 852//852 815//815 865//865
f 670//670 703//703 788//788
f 864//864 703//703 714//714
f 605//605 622//622 670//670
f 622//622 640//640 670//670
f 661//661 670//670 638//638
f 616//616 638//638 513//513
f 638//638 524//524 457//457
f 616//616 513//513 620//620
f 497//497 493//493 622//622
f 638//638 457//457 495//495
f 513//513 638//638 495//495
f 659//659 661//661 649//649
f 493//493 524//524 622//622
f 649//649 640//640 642//642
f 651//651 526//526 668//668
f 852//852 714//714 815//815
f 565//565 595//595 625//625
f 568//568 595//595 565//565
f 519//519 686//686 684//684
f 668//668 519//519 684//684
f 625//625 613//613 692//692
f 613//613 595//595 584//584
f 565//565 519//519 463//463
f 519//519 565//565 625//625
f 686//686 625//625 692//692
f 595//595 578//578 584//584
f 578//578 577//577 584//584
f 578//578 554//554 577//577
f 45//45 92//92 107//107
f 589//589 566//566 659//659
f 659//659 566//566 631//631
f 585//585 579//579 569//569
f 566//566 535//535 561//561
f 566//566 585//585 631//631
f 566//566 579//579 585//585
f 585//585 587//587 602//602
f 633//633 647//647 631//631
f 535//535 566//566 589//589
f 646//646 618//618 658//658
f 657//657 618//618 624//624
f 558//558 554//554 539//539
f 551//551 529//529 543//543
f 529//529 551//551 539//539
f 624//624 618//618 551//551
f 545//545 551//551 539//539
f 657//657 624//624 718//718
f 558//558 618//618 554//554
f 618//618 558//558 545//545
f 397//397 348//348 474//474
f 474//474 491//491 419//419
f 397//397 474//474 419//419
f 447//447 360//360 419//419
f 360//360 320//320 419//419
f 320//320 348//348 397//397
f 322//322 292//292 360//360
f 292//292 264//264 360//360
f 264//264 266//266 320//320
f 312//312 262//262 322//322
f 322//322 262//262 292//292
f 262//262 230//230 292//292
f 232//232 110//110 262//262
f 118//118 173//173 292//292
f 250//250 266//266 264//264
f 250//250 173//173 266//266
f 419//419 320//320 397//397
f 510//510 508//508 620//620
f 620//620 535//535 589//589
f 457//457 493//493 474//474
f 535//535 508//508 499//499
f 508//508 464//464 499//499
f 464//464 412//412 499//499
f 499//499 412//412 434//434
f 429//429 362//362 407//407
f 510//510 449//449 425//425
f 449//449 414//414 425//425
f 404//404 412//412 464//464
f 425//425 399//399 464//464
f 404//404 351//351 412//412
f 399//399 404//404 464//464
f 344//344 412//412 351//351
f 425//425 464//464 510//510
f 620//620 508//508 535//535
f 461//461 463//463 519//519
f 526//526 461//461 519//519
f 554//554 529//529 539//539
f 466//466 507//507 554//554
f 529//529 554//554 446//446
f 463//463 461//461 438//438
f 418//418 568//568 463//463
f 568//568 418//418 466//466
f 466//466 418//418 409//409
f 401//401 366//366 384//384
f 438//438 401//401 418//418
f 438//438 366//366 401//401
f 366//366 438//438 344//344
f 396//396 403//403 466//466
f 433//433 446//446 507//507
f 446//446 433//433 394//394
f 433//433 403//403 394//394
f 396//396 326//326 403//403
f 344//344 438//438 434//434
f 403//403 298//298 394//394
f 298//298 311//311 394//394
f 780//780 752//752 738//738
f 280//280 324//324 348//348
f 324//324 280//280 318//318
f 381//381 335//335 318//318
f 399//399 274//274 221//221
f 318//318 274//274 399//399
f 78//78 184//184 110//110
f 318//318 280//280 239//239
f 184//184 239//239 280//280
f 110//110 186//186 173//173
f 256//256 266//266 186//186
f 280//280 256//256 184//184
f 107//107 124//124 78//78
f 239//239 274//274 318//318
f 239//239 219//219 274//274
f 124//124 180//180 184//184
f 78//78 124//124 184//184
f 217//217 351//351 314//314
f 314//314 351//351 221//221
f 124//124 221//221 180//180
f 366//366 353//353 384//384
f 384//384 353//353 401//401
f 401//401 353//353 370//370
f 370//370 353//353 296//296
f 366//366 331//331 353//353
f 331//331 207//207 164//164
f 205//205 296//296 294//294
f 327//327 294//294 296//296
f 326//326 396//396 346//346
f 170//170 164//164 188//188
f 204//204 205//205 167//167
f 191//191 204//204 162//162
f 204//204 238//238 205//205
f 124//124 122//122 126//126
f 164//164 126//126 122//122
f 120//120 134//134 205//205
f 120//120 205//205 116//116
f 124//124 103//103 122//122
f 116//116 134//134 107//107
f 138//138 157//157 128//128
f 114//114 124//124 103//103
f 191//191 128//128 107//107
f 191//191 162//162 128//128
f 139//139 162//162 130//130
f 188//188 155//155 157//157
f 138//138 157//157 167//167
f 144//144 157//157 134//134
f 170//170 124//124 155//155
f 130//130 167//167 139//139
f 162//162 167//167 157//157
f 164//164 294//294 331//331
f 107//107 128//128 116//116
f 138//138 128//128 130//130
f 167//167 130//130 138//138
f 191//191 107//107 179//179
f 92//92 179//179 107//107
f 344//344 209//209 331//331
f 238//238 298//298 296//296
f 296//296 298//298 326//326
f 211//211 276//276 225//225
f 182//182 207//207 209//209
f 191//191 178//178 203//203
f 203//203 225//225 238//238
f 238//238 191//191 203//203
f 225//225 179//179 211//211
f 179//179 225//225 178//178
f 209//209 207//207 331//331
f 205//205 238//238 296//296
f 164//164 207//207 188//188
f 191//191 179//179 178//178
f 204//204 191//191 238//238
f 399//399 414//414 381//381
f 412//412 344//344 434//434
f 602//602 627//627 633//633
f 635//635 631//631 647//647
f 667//667 718//718 658//658
f 718//718 667//667 657//657
f 646//646 658//658 718//718
f 300//300 236//236 232//232
f 526//526 519//519 668//668
f 675//675 686//686 692//692
f 646//646 613//613 584//584
f 499//499 561//561 535//535
f 534//534 550//550 551//551
f 543//543 529//529 422//422
f 416//416 372//372 374//374
f 455//455 416//416 374//374
f 443//443 374//374 342//342
f 372//372 290//290 342//342
f 260//260 258//258 290//290
f 368//368 443//443 342//342
f 376//376 368//368 342//342
f 342//342 290//290 376//376
f 376//376 290//290 316//316
f 243//243 258//258 260//260
f 247//247 245//245 176//176
f 214//214 66//66 95//95
f 260//260 247//247 66//66
f 247//247 43//43 66//66
f 200//200 99//99 176//176
f 99//99 41//41 176//176
f 39//39 17//17 56//56
f 176//176 56//56 247//247
f 99//99 70//70 41//41
f 41//41 47//47 39//39
f 17//17 39//39 28//28
f 28//28 39//39 49//49
f 37//37 64//64 66//66
f 17//17 66//66 56//56
f 316//316 243//243 226//226
f 214//214 95//95 226//226
f 95//95 76//76 93//93
f 277//277 212//212 270//270
f 212//212 136//136 270//270
f 150//150 136//136 212//212
f 150//150 93//93 136//136
f 110//110 142//142 136//136
f 142//142 232//232 236//236
f 142//142 110//110 232//232
f 95//95 93//93 150//150
f 8//8 1//1 6//6
f 35//35 17//17 28//28
f 27//27 6//6 35//35
f 35//35 6//6 17//17
f 27//27 8//8 6//6
f 17//17 11//11 37//37
f 11//11 93//93 37//37
f 6//6 1//1 17//17
f 1//1 19//19 11//11
f 93//93 19//19 110//110
f 19//19 78//78 110//110
f 78//78 33//33 107//107
f 8//8 19//19 1//1
f 31//31 33//33 19//19
f 31//31 107//107 33//33
f 92//92 45//45 9//9
f 49//49 39//39 47//47
f 725//725 794//794 778//778
f 776//776 732//732 744//744
f 786//786 748//748 801//801
f 829//829 854//854 843//843
f 443//443 455//455 374//374
f 543//543 550//550 551//551
f 234//234 311//311 276//276
f 550//550 619//619 551//551
f 355//355 197//197 339//339
f 10//10 27//27 55//55
f 394//394 422//422 446//446
f 871//871 875//875 878//878
f 878//878 875//875 858//858
f 624//624 619//619 815//815
f 786//786 813//813 790//790
f 835//835 837//837 839//839
f 823//823 837//837 835//835
f 823//823 839//839 837//837
f 832//832 837//837 839//839
f 798//798 738//738 752//752
f 798//798 728//728 738//738
f 607//607 728//728 798//798
f 723//723 728//728 607//607
f 756//756 782//782 776//776
f 740//740 730//730 744//744
f 774//774 784//784 756//756
f 794//794 776//776 750//750
f 762//762 770//770 796//796
f 742//742 744//744 730//730
f 776//776 744//744 730//730
f 796//796 742//742 762//762
f 796//796 744//744 742//742
f 809//809 807//807 811//811
f 809//809 805//805 807//807
f 784//784 776//776 782//782
f 756//756 776//776 782//782
f 796//796 770//770 807//807
f 770//770 762//762 798//798
f 776//776 774//774 762//762
f 784//784 782//782 776//776
f 811//811 805//805 809//809
f 811//811 801//801 805//805
f 796//796 805//805 744//744
f 807//807 805//805 796//796
f 169//169 166//166 161//161
f 719//719 665//665 709//709
f 772//772 537//537 487//487
f 540//540 665//665 677//677
f 719//719 677//677 665//665
f 530//530 705//705 713//713
f 860//860 858//858 825//825
f 421//421 512//512 486//486
f 716//716 748//748 732//732
f 593//593 756//756 725//725
f 392//392 487//487 388//388
f 340//340 379//379 268//268
f 74//74 59//59 51//51
f 88//88 80//80 101//101
f 88//88 97//97 80//80
f 82//82 80//80 88//88
f 101//101 148//148 105//105
f 148//148 112//112 105//105
f 101//101 112//112 88//88
f 169//169 166//166 175//175
f 154//154 169//169 175//175
f 663//663 684//684 703//703
f 161//161 166//166 154//154
f 132//132 148//148 272//272
f 86//86 90//90 84//84
f 97//97 82//82 88//88
f 74//74 86//86 72//72
f 627//627 651//651 653//653
f 627//627 653//653 703//703
f 653//653 651//651 655//655
f 675//675 699//699 686//686
f 663//663 668//668 651//651
f 668//668 663//663 651//651
f 699//699 675//675 686//686
f 709//709 682//682 697//697
f 709//709 688//688 682//682
f 699//699 686//686 718//718
f 699//699 718//718 714//714
f 647//647 655//655 633//633
f 633//633 635//635 647//647
f 646//646 692//692 613//613
f 668//668 663//663 686//686
f 701//701 690//690 679//679
f 640//640 661//661 638//638
f 682//682 688//688 709//709
f 701//701 697//697 682//682
f 690//690 697//697 701//701
f 690//690 682//682 540//540
f 540//540 688//688 709//709
f 694//694 679//679 690//690
f 719//719 707//707 673//673
f 679//679 690//690 707//707
f 707//707 690//690 694//694
f 629//629 736//736 552//552
f 611//611 573//573 598//598
f 571//571 609//609 598//598
f 614//614 629//629 611//611
f 505//505 501//501 571//571
f 614//614 571//571 581//581
f 505//505 552//552 468//468
f 431//431 468//468 427//427
f 468//468 552//552 441//441
f 447//447 491//491 515//515
f 447//447 505//505 468//468
f 472//472 548//548 477//477
f 386//386 287//287 364//364
f 376//376 316//316 390//390
f 441//441 364//364 427//427
f 322//322 358//358 312//312
f 864//864 865//865 871//871
f 616//616 649//649 638//638
f 670//670 640//640 638//638
f 703//703 670//670 661//661
f 649//649 661//661 640//640
f 620//620 649//649 616//616
f 620//620 513//513 510//510
f 457//457 524//524 493//493
f 638//638 642//642 640//640
f 638//638 649//649 642//642
f 649//649 644//644 642//642
f 649//649 620//620 644//644
f 524//524 640//640 622//622
f 524//524 638//638 640//640
f 466//466 595//595 568//568
f 466//466 578//578 595//595
f 495//495 414//414 449//449
f 686//686 519//519 625//625
f 613//613 625//625 595//595
f 223//223 219//219 184//184
f 554//554 578//578 466//466
f 568//568 565//565 463//463
f 587//587 585//585 569//569
f 569//569 579//579 561//561
f 561//561 579//579 566//566
f 602//602 631//631 585//585
f 667//667 658//658 657//657
f 667//667 658//658 646//646
f 657//657 658//658 618//618
f 539//539 545//545 558//558
f 551//551 618//618 545//545
f 545//545 539//539 551//551
f 545//545 539//539 551//551
f 262//262 300//300 232//232
f 230//230 118//118 292//292
f 264//264 292//292 250//250
f 526//526 602//602 587//587
f 508//508 510//510 464//464
f 495//495 407//407 414//414
f 457//457 348//348 362//362
f 510//510 495//495 449//449
f 584//584 577//577 554//554
f 409//409 418//418 401//401
f 461//461 470//470 434//434
f 433//433 507//507 403//403
f 335//335 324//324 318//318
f 320//320 266//266 348//348
f 324//324 362//362 348//348
f 186//186 110//110 184//184
f 134//134 205//205 164//164
f 134//134 116//116 205//205
f 223//223 274//274 219//219
f 314//314 254//254 217//217
f 254//254 314//314 221//221
f 221//221 209//209 217//217
f 351//351 404//404 221//221
f 353//353 327//327 296//296
f 366//366 344//344 331//331
f 346//346 370//370 296//296
f 124//124 170//170 155//155
f 205//205 294//294 164//164
f 134//134 120//120 116//116
f 122//122 103//103 126//126
f 103//103 124//124 126//126
f 128//128 116//116 120//120
f 128//128 103//103 116//116
f 103//103 134//134 116//116
f 122//122 126//126 134//134
f 164//164 122//122 134//134
f 152//152 134//134 164//164
f 103//103 124//124 107//107
f 107//107 134//134 103//103
f 152//152 124//124 114//114
f 144//144 157//157 155//155
f 114//114 134//134 128//128
f 144//144 155//155 114//114
f 155//155 134//134 152//152
f 155//155 144//144 134//134
f 114//114 155//155 152//152
f 128//128 134//134 103//103
f 134//134 114//114 103//103
f 114//114 157//157 144//144
f 134//134 126//126 164//164
f 124//124 152//152 155//155
f 128//128 139//139 146//146
f 139//139 130//130 128//128
f 139//139 128//128 162//162
f 139//139 128//128 146//146
f 170//170 144//144 155//155
f 170//170 188//188 144//144
f 157//157 144//144 188//188
f 138//138 134//134 157//157
f 155//155 164//164 170//170
f 155//155 152//152 164//164
f 205//205 139//139 167//167
f 205//205 146//146 139//139
f 134//134 130//130 139//139
f 134//134 138//138 130//130
f 120//120 116//116 128//128
f 162//162 138//138 130//130
f 162//162 157//157 138//138
f 134//134 146//146 205//205
f 134//134 139//139 146//146
f 225//225 298//298 238//238
f 225//225 276//276 298//298
f 311//311 298//298 276//276
f 659//659 649//649 644//644
f 182//182 124//124 155//155
f 182//182 155//155 207//207
f 178//178 225//225 203//203
f 188//188 207//207 155//155
f 326//326 298//298 403//403
f 526//526 631//631 602//602
f 631//631 627//627 602//602
f 748//748 716//716 801//801
f 627//627 526//526 651//651
f 646//646 584//584 618//618
f 624//624 551//551 619//619
f 41//41 70//70 47//47
f 95//95 66//66 64//64
f 243//243 214//214 226//226
f 68//68 76//76 95//95
f 95//95 277//277 283//283
f 212//212 95//95 150//150
f 95//95 64//64 68//68
f 756//756 794//794 725//725
f 776//776 716//716 732//732
f 732//732 750//750 744//744
f 716//716 730//730 744//744
f 776//776 730//730 716//716
f 748//748 768//768 732//732
f 716//716 744//744 801//801
f 732//732 768//768 801//801
f 725//725 778//778 768//768
f 801//801 750//750 732//732
f 202//202 216//216 229//229
f 857//857 845//845 800//800
f 800//800 563//563 555//555
f 850//850 868//868 866//866
f 14//14 58//58 202//202
f 467//467 356//356 350//350
f 546//546 547//547 583//583
f 297//297 195//195 193//193
f 23//23 4//4 3//3
f 383//383 445//445 546//546
f 467//467 555//555 528//528
f 297//297 350//350 347//347
f 23//23 54//54 46//46
f 109//109 202//202 58//58
f 531//531 546//546 523//523
f 383//383 302//302 306//306
f 216//216 202//202 194//194
f 857//857 877//877 873//873
f 845//845 857//857 859//859
f 727//727 800//800 819//819
f 563//563 800//800 681//681
f 54//54 193//193 172//172
f 868//868 850//850 856//856
f 850//850 817//817 818//818
f 817//817 764//764 767//767
f 302//302 229//229 228//228
f 764//764 583//583 637//637
f 58//58 14//14 22//22
f 604//604 583//583 564//564
f 356//356 467//467 440//440
f 547//547 546//546 542//542
f 195//195 297//297 249//249
f 4//4 23//23 21//21
f 14//14 3//3 5//5
f 445//445 383//383 406//406
f 857//857 863//863 859//859
f 866//866 868//868 867//867
f 877//877 872//872 876//876
f 800//800 820//820 819//819
f 467//467 490//490 479//479
f 467//467 476//476 460//460
f 297//297 305//305 299//299
f 297//297 299//299 282//282
f 54//54 61//61 53//53
f 23//23 26//26 25//25
f 764//764 758//758 761//761
f 764//764 672//672 754//754
f 850//850 851//851 853//853
f 850//850 853//853 856//856
f 383//383 378//378 406//406
f 202//202 109//109 199//199
f 202//202 199//199 198//198
f 202//202 198//198 194//194
f 546//546 445//445 489//489
f 23//23 24//24 21//21
f 23//23 25//25 24//24
f 14//14 15//15 13//13
f 546//546 531//531 544//544
f 877//877 876//876 874//874
f 800//800 826//826 820//820
f 800//800 845//845 826//826
f 800//800 727//727 681//681
f 467//467 479//479 476//476
f 467//467 460//460 459//459
f 467//467 459//459 440//440
f 54//54 53//53 46//46
f 193//193 190//190 192//192
f 764//764 755//755 758//758
f 764//764 754//754 755//755
f 817//817 816//816 818//818
f 764//764 761//761 767//767
f 302//302 289//289 306//306
f 302//302 279//279 285//285
f 302//302 285//285 289//289
f 546//546 489//489 523//523
f 14//14 13//13 22//22
f 583//583 604//604 637//637
f 546//546 544//544 542//542
f 383//383 357//357 378//378
f 297//297 282//282 249//249
f 583//583 547//547 564//564
