# convertido de flygym/NeuroMechFly (c_head)
v -0.01531 0.00000 -0.06580
v -0.01399 0.00000 -0.03475
v -0.01394 0.00000 -0.06706
v -0.01373 0.00000 -0.05367
v -0.01212 0.00000 -0.05602
v -0.00971 0.00000 0.02571
v -0.00424 0.00000 0.12994
v -0.00350 -0.16681 0.11736
v -0.00350 0.16681 0.11736
v -0.00262 -0.16893 -0.03491
v -0.00262 0.16893 -0.03491
v -0.00237 -0.11734 -0.03475
v -0.00237 0.11734 -0.03475
v -0.00230 -0.12620 0.15171
v -0.00230 0.12620 0.15171
v -0.00118 0.00000 -0.08484
v -0.00095 -0.21828 0.00366
v -0.00095 0.21828 0.00366
v -0.00039 0.00000 0.17778
v 0.00052 -0.23928 0.01758
v 0.00052 0.23928 0.01758
v 0.00058 0.00000 0.17778
v 0.00096 -0.18118 -0.03958
v 0.00096 0.18118 -0.03958
v 0.00159 -0.18830 0.12564
v 0.00159 0.18830 0.12564
v 0.00163 0.00000 0.15839
v 0.00309 -0.25059 0.06748
v 0.00309 0.25059 0.06748
v 0.00371 -0.25672 0.05865
v 0.00371 0.25672 0.05865
v 0.00585 -0.19924 -0.03561
v 0.00585 0.19924 -0.03561
v 0.00644 -0.19708 -0.04958
v 0.00644 0.19708 -0.04958
v 0.00692 0.00000 -0.08718
v 0.00744 0.00000 0.19484
v 0.00776 0.00000 0.19270
v 0.00802 -0.21736 -0.03345
v 0.00802 0.21736 -0.03345
v 0.00864 -0.25015 0.10260
v 0.00864 0.25015 0.10260
v 0.01190 0.00000 0.20556
v 0.01213 0.00000 0.20323
v 0.01259 0.00000 0.21382
v 0.01333 -0.14233 0.18678
v 0.01333 0.14233 0.18678
v 0.01343 -0.25761 -0.03584
v 0.01343 0.25761 -0.03584
v 0.01370 0.00000 0.21073
v 0.01448 0.00000 0.21416
v 0.01538 0.00000 0.21498
v 0.01553 -0.35116 0.09723
v 0.01553 0.35116 0.09723
v 0.01579 0.00000 -0.08762
v 0.01605 -0.17855 -0.07958
v 0.01605 0.17855 -0.07958
v 0.01624 -0.37054 0.09952
v 0.01624 0.37054 0.09952
v 0.01674 0.00000 0.21665
v 0.01706 0.00000 0.22495
v 0.01778 -0.11122 0.19671
v 0.01778 0.11122 0.19671
v 0.01796 -0.36291 0.14746
v 0.01796 0.36291 0.14746
v 0.01838 0.00000 0.21765
v 0.01843 -0.21759 0.16370
v 0.01843 0.21759 0.16370
v 0.01860 -0.18275 0.18627
v 0.01860 0.18275 0.18627
v 0.01908 0.00000 0.20669
v 0.01924 0.00000 -0.09341
v 0.01944 -0.17951 -0.11257
v 0.01944 0.17951 -0.11257
v 0.01996 -0.31039 -0.02092
v 0.01996 0.31039 -0.02092
v 0.02052 -0.31327 0.03239
v 0.02052 0.31327 0.03239
v 0.02068 -0.15000 0.20515
v 0.02068 0.15000 0.20515
v 0.02105 -0.12481 -0.09426
v 0.02105 0.12481 -0.09426
v 0.02108 -0.15239 -0.08978
v 0.02108 0.15239 -0.08978
v 0.02127 -0.31925 -0.00427
v 0.02127 0.31925 -0.00427
v 0.02146 -0.37244 0.05288
v 0.02146 0.37244 0.05288
v 0.02150 -0.36986 0.12095
v 0.02150 0.36986 0.12095
v 0.02181 -0.37635 0.08191
v 0.02181 0.37635 0.08191
v 0.02190 -0.34751 0.02668
v 0.02190 0.34751 0.02668
v 0.02248 -0.36873 0.13923
v 0.02248 0.36873 0.13923
v 0.02250 -0.21785 -0.07057
v 0.02250 0.21785 -0.07057
v 0.02280 0.00000 0.22198
v 0.02310 -0.33145 0.16074
v 0.02310 0.33145 0.16074
v 0.02362 -0.25421 -0.07580
v 0.02362 0.25421 -0.07580
v 0.02416 -0.30924 0.07727
v 0.02416 0.30924 0.07727
v 0.02463 -0.36858 0.04752
v 0.02463 0.36858 0.04752
v 0.02541 -0.31128 0.12098
v 0.02541 0.31128 0.12098
v 0.02572 -0.28918 0.11950
v 0.02572 0.28918 0.11950
v 0.02581 -0.17933 -0.12727
v 0.02581 0.17933 -0.12727
v 0.02607 0.00000 -0.09815
v 0.02634 -0.19963 -0.11783
v 0.02634 0.19963 -0.11783
v 0.02696 -0.21149 -0.08257
v 0.02696 0.21149 -0.08257
v 0.02907 -0.33119 0.19751
v 0.02907 0.33119 0.19751
v 0.02941 0.00000 0.22991
v 0.02949 -0.21728 -0.10214
v 0.02949 0.21728 -0.10214
v 0.02988 -0.19399 -0.13763
v 0.02988 0.19399 -0.13763
v 0.03187 0.00000 -0.10036
v 0.03222 0.00000 -0.10112
v 0.03225 0.00000 0.23478
v 0.03265 -0.16150 0.22174
v 0.03265 0.16150 0.22174
v 0.03295 0.00000 0.23195
v 0.03342 -0.21474 0.20261
v 0.03342 0.21474 0.20261
v 0.03501 -0.34939 -0.01383
v 0.03501 0.34939 -0.01383
v 0.03522 -0.35953 0.19086
v 0.03522 0.35953 0.19086
v 0.03553 -0.28398 0.16784
v 0.03553 0.28398 0.16784
v 0.03571 -0.14538 0.22884
v 0.03571 0.14538 0.22884
v 0.03582 0.00000 0.24973
v 0.03587 0.00000 0.24190
v 0.03619 0.00000 0.24860
v 0.03714 -0.22343 -0.13927
v 0.03714 0.22343 -0.13927
v 0.03750 -0.19881 -0.15864
v 0.03750 0.19881 -0.15864
v 0.03829 -0.25780 0.18755
v 0.03829 0.25780 0.18755
v 0.03848 -0.21720 -0.15917
v 0.03848 0.21720 -0.15917
v 0.03867 0.00000 0.24725
v 0.03878 -0.17080 -0.14497
v 0.03878 0.17080 -0.14497
v 0.04009 0.00000 0.25310
v 0.04064 0.00000 0.25072
v 0.04130 -0.23143 -0.10297
v 0.04130 0.23143 -0.10297
v 0.04200 -0.13957 -0.12675
v 0.04200 0.13957 -0.12675
v 0.04204 0.00000 -0.11991
v 0.04235 -0.33307 0.21784
v 0.04235 0.33307 0.21784
v 0.04301 0.00000 -0.10801
v 0.04326 0.00000 0.25340
v 0.04374 0.00000 0.24941
v 0.04390 -0.35746 0.06464
v 0.04390 0.35746 0.06464
v 0.04422 -0.32177 0.23382
v 0.04422 0.32177 0.23382
v 0.04441 -0.23764 -0.14450
v 0.04441 0.23764 -0.14450
v 0.04529 -0.27490 -0.12143
v 0.04529 0.27490 -0.12143
v 0.04553 -0.23406 -0.17024
v 0.04553 0.23406 -0.17024
v 0.04614 -0.23637 0.22306
v 0.04614 0.23637 0.22306
v 0.04653 0.00000 0.26361
v 0.04654 0.00000 -0.11806
v 0.04688 -0.29657 -0.10091
v 0.04688 0.29657 -0.10091
v 0.04716 -0.10329 -0.13551
v 0.04716 0.10329 -0.13551
v 0.04766 0.00000 0.25349
v 0.04773 -0.21573 0.23890
v 0.04773 0.21573 0.23890
v 0.04821 -0.19919 -0.19975
v 0.04821 0.19919 -0.19975
v 0.04892 -0.34647 0.04620
v 0.04892 0.34647 0.04620
v 0.04903 -0.17724 -0.19586
v 0.04903 0.17724 -0.19586
v 0.04931 -0.34672 -0.03940
v 0.04931 0.34672 -0.03940
v 0.05281 -0.20214 0.25715
v 0.05281 0.20214 0.25715
v 0.05334 0.00000 -0.11410
v 0.05335 0.00000 0.26428
v 0.05473 -0.25156 -0.18104
v 0.05473 0.25156 -0.18104
v 0.05487 -0.14269 -0.15820
v 0.05487 0.14269 -0.15820
v 0.05591 -0.13723 -0.16065
v 0.05591 0.13723 -0.16065
v 0.05794 0.00000 0.26820
v 0.05826 0.00000 -0.12037
v 0.05880 0.00000 0.26165
v 0.06096 -0.16872 0.27410
v 0.06096 0.16872 0.27410
v 0.06200 0.00000 0.27585
v 0.06238 -0.27205 -0.15281
v 0.06238 0.27205 -0.15281
v 0.06285 -0.33962 -0.06092
v 0.06285 0.33962 -0.06092
v 0.06361 -0.34185 0.15253
v 0.06361 0.34185 0.15253
v 0.06370 -0.24443 -0.19447
v 0.06370 0.24443 -0.19447
v 0.06387 -0.16200 -0.19409
v 0.06387 0.16200 -0.19409
v 0.06408 -0.10735 -0.15030
v 0.06408 0.10735 -0.15030
v 0.06427 -0.31451 0.25704
v 0.06427 0.31451 0.25704
v 0.06520 -0.29515 0.27257
v 0.06520 0.29515 0.27257
v 0.06549 -0.31730 0.23678
v 0.06549 0.31730 0.23678
v 0.07039 0.00000 -0.13227
v 0.07265 -0.32829 -0.09053
v 0.07265 0.32829 -0.09053
v 0.07292 0.00000 0.27896
v 0.07404 -0.13781 -0.18094
v 0.07404 0.13781 -0.18094
v 0.07575 -0.19490 -0.22699
v 0.07575 0.19490 -0.22699
v 0.07763 0.00000 0.28567
v 0.07786 0.00000 0.28794
v 0.07854 -0.21560 -0.23214
v 0.07854 0.21560 -0.23214
v 0.07892 -0.17266 0.29622
v 0.07892 0.17266 0.29622
v 0.08016 -0.22867 0.30053
v 0.08016 0.22867 0.30053
v 0.08056 -0.12600 -0.17377
v 0.08056 0.12600 -0.17377
v 0.08136 -0.25897 -0.19811
v 0.08136 0.25897 -0.19811
v 0.08346 0.00000 -0.14537
v 0.08405 -0.32658 0.01873
v 0.08405 0.32658 0.01873
v 0.08422 -0.29874 0.26177
v 0.08422 0.29874 0.26177
v 0.08566 0.00000 -0.14463
v 0.08742 0.00000 -0.15208
v 0.08835 -0.20038 -0.23637
v 0.08835 0.20038 -0.23637
v 0.08938 0.00000 0.30015
v 0.08980 -0.17822 -0.23316
v 0.08980 0.17822 -0.23316
v 0.09027 -0.25181 -0.20989
v 0.09027 0.25181 -0.20989
v 0.09199 -0.18013 -0.21715
v 0.09199 0.18013 -0.21715
v 0.09215 -0.32008 -0.12154
v 0.09215 0.32008 -0.12154
v 0.09220 -0.19152 -0.23904
v 0.09220 0.19152 -0.23904
v 0.09471 0.00000 0.30495
v 0.09497 -0.16779 -0.23380
v 0.09497 0.16779 -0.23380
v 0.09505 -0.29857 0.28509
v 0.09505 0.29857 0.28509
v 0.09577 -0.16936 -0.24479
v 0.09577 0.16936 -0.24479
v 0.09580 -0.32551 -0.10813
v 0.09580 0.32551 -0.10813
v 0.09758 0.00000 0.30654
v 0.09872 -0.26853 0.30991
v 0.09872 0.26853 0.30991
v 0.09942 0.00000 -0.15550
v 0.09960 -0.22345 0.32605
v 0.09960 0.22345 0.32605
v 0.10161 0.00000 -0.16717
v 0.10268 -0.11294 0.31326
v 0.10268 0.11294 0.31326
v 0.10524 -0.14488 -0.22445
v 0.10524 0.14488 -0.22445
v 0.10597 -0.14253 0.32128
v 0.10597 0.14253 0.32128
v 0.10675 -0.29389 -0.16683
v 0.10675 0.29389 -0.16683
v 0.10759 0.00000 0.31515
v 0.10782 -0.25054 0.33287
v 0.10782 0.25054 0.33287
v 0.10811 -0.20024 -0.24856
v 0.10811 0.20024 -0.24856
v 0.10947 -0.32075 -0.12121
v 0.10947 0.32075 -0.12121
v 0.10999 -0.18166 -0.25505
v 0.10999 0.18166 -0.25505
v 0.11077 -0.24435 0.34431
v 0.11077 0.24435 0.34431
v 0.11156 -0.14451 -0.23093
v 0.11156 0.14451 -0.23093
v 0.11251 0.00000 -0.22346
v 0.11296 0.00000 -0.23049
v 0.11313 -0.31403 0.02873
v 0.11313 0.31403 0.02873
v 0.11318 0.00000 -0.16224
v 0.11376 -0.16805 0.33201
v 0.11376 0.16805 0.33201
v 0.11422 0.00000 -0.22460
v 0.11611 0.00000 -0.16519
v 0.11643 -0.20384 -0.24900
v 0.11643 0.20384 -0.24900
v 0.11716 -0.26676 -0.20523
v 0.11716 0.26676 -0.20523
v 0.11838 -0.21196 0.34073
v 0.11838 0.21196 0.34073
v 0.12114 0.00000 -0.17147
v 0.12206 0.00000 0.32950
v 0.12266 -0.14428 -0.18318
v 0.12266 0.14428 -0.18318
v 0.12268 0.00000 -0.20540
v 0.12322 -0.22851 -0.23239
v 0.12322 0.22851 -0.23239
v 0.12336 0.00000 -0.22593
v 0.12397 0.00000 0.33319
v 0.12401 -0.27865 -0.19356
v 0.12401 0.27865 -0.19356
v 0.12523 0.00000 -0.19383
v 0.12538 -0.24691 0.34113
v 0.12538 0.24691 0.34113
v 0.12575 0.00000 -0.18715
v 0.12621 0.00000 -0.23428
v 0.12693 0.00000 -0.22853
v 0.12771 -0.16955 -0.19680
v 0.12771 0.16955 -0.19680
v 0.12906 0.00000 0.34109
v 0.13037 0.00000 -0.23184
v 0.13067 0.00000 -0.22879
v 0.13171 0.00000 0.35111
v 0.13326 0.00000 -0.22282
v 0.13378 -0.21278 0.34787
v 0.13378 0.21278 0.34787
v 0.13456 -0.18536 -0.26280
v 0.13456 0.18536 -0.26280
v 0.13683 0.00000 0.34923
v 0.13751 0.00000 -0.18049
v 0.13759 -0.27628 0.30687
v 0.13759 0.27628 0.30687
v 0.13800 -0.28443 -0.18751
v 0.13800 0.28443 -0.18751
v 0.13800 -0.27820 -0.20514
v 0.13800 0.27820 -0.20514
v 0.14058 0.00000 -0.21292
v 0.14082 -0.14448 -0.21691
v 0.14082 0.14448 -0.21691
v 0.14127 -0.13748 0.35642
v 0.14127 0.13748 0.35642
v 0.14310 0.00000 0.34630
v 0.14462 -0.10156 -0.20323
v 0.14462 0.10156 -0.20323
v 0.14536 0.00000 0.36136
v 0.14551 -0.13078 -0.23682
v 0.14551 0.13078 -0.23682
v 0.14588 -0.20380 -0.23621
v 0.14588 0.20380 -0.23621
v 0.14844 -0.25866 -0.21762
v 0.14844 0.25866 -0.21762
v 0.14900 0.00000 -0.22712
v 0.14945 0.00000 0.36488
v 0.14994 0.00000 -0.24066
v 0.15042 -0.22978 -0.22358
v 0.15042 0.22978 -0.22358
v 0.15103 0.00000 0.36677
v 0.15328 0.00000 0.36668
v 0.15633 0.00000 0.37112
v 0.15714 -0.25948 0.32082
v 0.15714 0.25948 0.32082
v 0.15812 -0.28705 0.09568
v 0.15812 0.28705 0.09568
v 0.15867 0.00000 -0.23411
v 0.16025 0.00000 0.37361
v 0.16042 -0.20574 -0.22479
v 0.16042 0.20574 -0.22479
v 0.16543 -0.29716 -0.02448
v 0.16543 0.29716 -0.02448
v 0.16762 0.00000 -0.24657
v 0.16802 -0.14045 0.36403
v 0.16802 0.14045 0.36403
v 0.17077 -0.18610 -0.25804
v 0.17077 0.18610 -0.25804
v 0.17173 -0.20402 0.35988
v 0.17173 0.20402 0.35988
v 0.17223 -0.15004 -0.26711
v 0.17223 0.15004 -0.26711
v 0.17320 -0.19451 -0.23438
v 0.17320 0.19451 -0.23438
v 0.17347 -0.25928 -0.22499
v 0.17347 0.25928 -0.22499
v 0.17378 -0.23792 0.33442
v 0.17378 0.23792 0.33442
v 0.17524 -0.23036 -0.22669
v 0.17524 0.23036 -0.22669
v 0.17733 -0.15313 -0.26921
v 0.17733 0.15313 -0.26921
v 0.18132 0.00000 -0.24609
v 0.18137 0.00000 -0.24939
v 0.18152 -0.27078 -0.20756
v 0.18152 0.27078 -0.20756
v 0.18252 -0.13060 -0.25795
v 0.18252 0.13060 -0.25795
v 0.18376 0.00000 0.38229
v 0.18430 -0.16357 -0.26759
v 0.18430 0.16357 -0.26759
v 0.18487 -0.19588 0.36095
v 0.18487 0.19588 0.36095
v 0.18528 0.00000 0.38691
v 0.18573 0.00000 0.38361
v 0.18717 -0.26754 0.22142
v 0.18717 0.26754 0.22142
v 0.18741 -0.20695 0.36530
v 0.18741 0.20695 0.36530
v 0.18893 0.00000 -0.25429
v 0.19025 -0.27724 -0.18793
v 0.19025 0.27724 -0.18793
v 0.19057 -0.25323 -0.22045
v 0.19057 0.25323 -0.22045
v 0.19461 -0.12859 0.35776
v 0.19461 0.12859 0.35776
v 0.19479 -0.20238 0.35000
v 0.19479 0.20238 0.35000
v 0.19515 0.00000 -0.24795
v 0.19555 -0.25607 -0.23925
v 0.19555 0.25607 -0.23925
v 0.19650 -0.22801 0.32954
v 0.19650 0.22801 0.32954
v 0.19809 -0.15726 -0.27114
v 0.19809 0.15726 -0.27114
v 0.19897 -0.18516 -0.23831
v 0.19897 0.18516 -0.23831
v 0.19948 0.00000 0.39230
v 0.20061 -0.10304 -0.25954
v 0.20061 0.10304 -0.25954
v 0.20267 0.00000 0.38342
v 0.20727 0.00000 -0.26107
v 0.21337 -0.17424 -0.24169
v 0.21337 0.17424 -0.24169
v 0.21503 0.00000 0.35334
v 0.21568 -0.25067 0.26163
v 0.21568 0.25067 0.26163
v 0.21658 -0.23261 -0.23334
v 0.21658 0.23261 -0.23334
v 0.21683 -0.17033 -0.24588
v 0.21683 0.17033 -0.24588
v 0.21964 -0.20731 0.33486
v 0.21964 0.20731 0.33486
v 0.21971 0.00000 -0.26260
v 0.22255 -0.25666 -0.21894
v 0.22255 0.25666 -0.21894
v 0.22392 -0.14343 -0.27641
v 0.22392 0.14343 -0.27641
v 0.22405 -0.15226 -0.27346
v 0.22405 0.15226 -0.27346
v 0.22427 -0.11017 -0.26595
v 0.22427 0.11017 -0.26595
v 0.22653 -0.22416 0.31529
v 0.22653 0.22416 0.31529
v 0.22953 -0.20481 -0.24407
v 0.22953 0.20481 -0.24407
v 0.23252 0.00000 0.38081
v 0.23266 0.00000 0.37681
v 0.23727 -0.11203 0.34653
v 0.23727 0.11203 0.34653
v 0.23797 0.00000 0.37840
v 0.23861 0.00000 0.34955
v 0.24073 0.00000 -0.25747
v 0.24144 -0.24011 -0.22684
v 0.24144 0.24011 -0.22684
v 0.24168 -0.22243 -0.23927
v 0.24168 0.22243 -0.23927
v 0.24290 -0.16044 -0.24378
v 0.24290 0.16044 -0.24378
v 0.24345 -0.16628 0.33381
v 0.24345 0.16628 0.33381
v 0.24856 -0.15207 -0.25456
v 0.24856 0.15207 -0.25456
v 0.24908 -0.14389 -0.27089
v 0.24908 0.14389 -0.27089
v 0.25446 -0.12530 0.33697
v 0.25446 0.12530 0.33697
v 0.25556 -0.21545 -0.23769
v 0.25556 0.21545 -0.23769
v 0.25573 0.00000 0.35127
v 0.25635 0.00000 0.34210
v 0.25689 -0.24976 0.19413
v 0.25689 0.24976 0.19413
v 0.25920 -0.13256 -0.27644
v 0.25920 0.13256 -0.27644
v 0.25952 -0.22370 0.30403
v 0.25952 0.22370 0.30403
v 0.26044 -0.23389 0.40149
v 0.26044 0.23389 0.40149
v 0.26102 -0.20376 -0.24163
v 0.26102 0.20376 -0.24163
v 0.26427 -0.17498 -0.24724
v 0.26427 0.17498 -0.24724
v 0.26939 0.00000 0.36643
v 0.26963 0.00000 -0.26420
v 0.27148 0.00000 0.35993
v 0.27177 -0.19679 0.31249
v 0.27177 0.19679 0.31249
v 0.27224 -0.21643 0.37773
v 0.27224 0.21643 0.37773
v 0.27276 -0.22622 0.37494
v 0.27276 0.22622 0.37494
v 0.27342 -0.13276 -0.27314
v 0.27342 0.13276 -0.27314
v 0.27553 -0.25860 0.02157
v 0.27553 0.25860 0.02157
v 0.27663 -0.22561 0.38583
v 0.27663 0.22561 0.38583
v 0.27667 -0.24656 -0.20203
v 0.27667 0.24656 -0.20203
v 0.27858 -0.15108 -0.24330
v 0.27858 0.15108 -0.24330
v 0.28165 0.00000 0.32436
v 0.28181 0.00000 0.36312
v 0.28256 -0.10531 -0.26432
v 0.28256 0.10531 -0.26432
v 0.28301 -0.13777 -0.26652
v 0.28301 0.13777 -0.26652
v 0.28474 -0.14561 -0.25860
v 0.28474 0.14561 -0.25860
v 0.28675 -0.18869 0.31158
v 0.28675 0.18869 0.31158
v 0.28886 0.00000 0.33725
v 0.29068 0.00000 0.34324
v 0.29155 -0.14980 -0.23943
v 0.29155 0.14980 -0.23943
v 0.29168 -0.15199 0.30908
v 0.29168 0.15199 0.30908
v 0.29177 -0.12800 -0.25746
v 0.29177 0.12800 -0.25746
v 0.29428 0.00000 0.32893
v 0.29460 -0.16920 0.30238
v 0.29460 0.16920 0.30238
v 0.29723 0.00000 -0.25681
v 0.29756 -0.19999 0.30217
v 0.29756 0.19999 0.30217
v 0.29794 -0.20088 0.35045
v 0.29794 0.20088 0.35045
v 0.29925 -0.14266 0.30428
v 0.29925 0.14266 0.30428
v 0.30005 -0.21168 0.34023
v 0.30005 0.21168 0.34023
v 0.30018 -0.13175 -0.26500
v 0.30018 0.13175 -0.26500
v 0.30153 -0.14174 -0.25610
v 0.30153 0.14174 -0.25610
v 0.30165 -0.22260 0.28273
v 0.30165 0.22260 0.28273
v 0.30176 -0.17064 -0.23843
v 0.30176 0.17064 -0.23843
v 0.30482 -0.16557 -0.23837
v 0.30482 0.16557 -0.23837
v 0.30563 -0.23638 -0.20762
v 0.30563 0.23638 -0.20762
v 0.30603 -0.12639 -0.26070
v 0.30603 0.12639 -0.26070
v 0.30765 0.00000 -0.25694
v 0.30905 -0.17980 0.30096
v 0.30905 0.17980 0.30096
v 0.30987 -0.19298 0.29699
v 0.30987 0.19298 0.29699
v 0.31139 -0.19074 -0.23321
v 0.31139 0.19074 -0.23321
v 0.31200 -0.13722 -0.23704
v 0.31200 0.13722 -0.23704
v 0.31359 -0.12993 -0.25552
v 0.31359 0.12993 -0.25552
v 0.31476 0.00000 0.31546
v 0.31570 -0.21689 0.27340
v 0.31570 0.21689 0.27340
v 0.31709 0.00000 -0.25345
v 0.31746 -0.18839 0.28361
v 0.31746 0.18839 0.28361
v 0.31751 -0.14485 0.29142
v 0.31751 0.14485 0.29142
v 0.32020 -0.12130 -0.24421
v 0.32020 0.12130 -0.24421
v 0.32156 0.00000 0.31088
v 0.32333 0.00000 -0.25338
v 0.32377 -0.11231 -0.25416
v 0.32377 0.11231 -0.25416
v 0.32406 -0.15846 0.27830
v 0.32406 0.15846 0.27830
v 0.32452 -0.21682 -0.21037
v 0.32452 0.21682 -0.21037
v 0.32557 0.00000 0.30341
v 0.32946 0.00000 0.30496
v 0.33129 0.00000 -0.24888
v 0.33174 -0.11637 -0.24652
v 0.33174 0.11637 -0.24652
v 0.33478 -0.20468 0.30105
v 0.33478 0.20468 0.30105
v 0.33544 -0.18477 0.27641
v 0.33544 0.18477 0.27641
v 0.33551 -0.22265 -0.16675
v 0.33551 0.22265 -0.16675
v 0.33736 -0.15776 -0.22958
v 0.33736 0.15776 -0.22958
v 0.33816 -0.20356 0.26832
v 0.33816 0.20356 0.26832
v 0.33874 0.00000 0.29285
v 0.33946 0.00000 -0.24635
v 0.34031 0.00000 0.29538
v 0.34174 -0.11877 -0.24521
v 0.34174 0.11877 -0.24521
v 0.34194 -0.22582 0.24327
v 0.34194 0.22582 0.24327
v 0.34447 -0.15746 0.27662
v 0.34447 0.15746 0.27662
v 0.34525 -0.20550 -0.20669
v 0.34525 0.20550 -0.20669
v 0.34694 -0.21833 -0.18850
v 0.34694 0.21833 -0.18850
v 0.34752 0.00000 0.28955
v 0.34827 -0.20358 -0.20409
v 0.34827 0.20358 -0.20409
v 0.35071 0.00000 0.28171
v 0.35400 0.00000 -0.24399
v 0.35533 0.00000 -0.24265
v 0.35665 -0.20674 -0.17728
v 0.35665 0.20674 -0.17728
v 0.35718 -0.19307 -0.20267
v 0.35718 0.19307 -0.20267
v 0.35825 -0.18769 0.25745
v 0.35825 0.18769 0.25745
v 0.35923 -0.17331 0.27369
v 0.35923 0.17331 0.27369
v 0.35951 0.00000 0.27707
v 0.35960 -0.14133 0.26434
v 0.35960 0.14133 0.26434
v 0.36120 0.00000 0.27583
v 0.36155 -0.20700 -0.15799
v 0.36155 0.20700 -0.15799
v 0.36602 0.00000 -0.23251
v 0.36673 -0.16300 0.25951
v 0.36673 0.16300 0.25951
v 0.36721 -0.22221 0.21220
v 0.36721 0.22221 0.21220
v 0.37310 -0.18275 -0.20345
v 0.37310 0.18275 -0.20345
v 0.37387 -0.15949 -0.20813
v 0.37387 0.15949 -0.20813
v 0.37609 0.00000 0.25984
v 0.37670 -0.22091 0.19597
v 0.37670 0.22091 0.19597
v 0.37741 -0.20645 -0.08270
v 0.37741 0.20645 -0.08270
v 0.37749 -0.19930 -0.12940
v 0.37749 0.19930 -0.12940
v 0.37773 -0.16083 0.26606
v 0.37773 0.16083 0.26606
v 0.37788 0.00000 0.26064
v 0.37855 -0.20312 -0.11542
v 0.37855 0.20312 -0.11542
v 0.37905 -0.22248 0.04194
v 0.37905 0.22248 0.04194
v 0.37921 -0.13171 -0.03582
v 0.37921 0.13171 -0.03582
v 0.37987 -0.14507 -0.01253
v 0.37987 0.14507 -0.01253
v 0.38043 -0.19475 0.22503
v 0.38043 0.19475 0.22503
v 0.38078 -0.20305 -0.06433
v 0.38078 0.20305 -0.06433
v 0.38085 -0.17850 -0.06336
v 0.38085 0.17850 -0.06336
v 0.38143 -0.14959 -0.20822
v 0.38143 0.14959 -0.20822
v 0.38148 -0.17371 -0.20689
v 0.38148 0.17371 -0.20689
v 0.38150 -0.16232 0.23772
v 0.38150 0.16232 0.23772
v 0.38172 -0.19861 -0.08813
v 0.38172 0.19861 -0.08813
v 0.38181 -0.11612 0.02820
v 0.38181 0.11612 0.02820
v 0.38213 -0.14502 0.02240
v 0.38213 0.14502 0.02240
v 0.38271 -0.15783 -0.09816
v 0.38271 0.15783 -0.09816
v 0.38319 -0.12286 0.06076
v 0.38319 0.12286 0.06076
v 0.38400 -0.19376 -0.17910
v 0.38400 0.19376 -0.17910
v 0.38474 0.00000 0.24544
v 0.38499 0.00000 0.25517
v 0.38545 0.00000 0.25633
v 0.38551 -0.20434 -0.04551
v 0.38551 0.20434 -0.04551
v 0.38557 -0.14974 0.04636
v 0.38557 0.14974 0.04636
v 0.38583 0.00000 0.25533
v 0.38699 -0.14930 0.09102
v 0.38699 0.14930 0.09102
v 0.38732 -0.18440 0.22612
v 0.38732 0.18440 0.22612
v 0.38746 -0.14451 0.09191
v 0.38746 0.14451 0.09191
v 0.38750 0.00000 0.24747
v 0.38810 -0.15556 0.05508
v 0.38810 0.15556 0.05508
v 0.39045 -0.19530 -0.15304
v 0.39045 0.19530 -0.15304
v 0.39048 0.00000 0.03894
v 0.39159 -0.20941 -0.02195
v 0.39159 0.20941 -0.02195
v 0.39270 -0.18583 -0.14579
v 0.39270 0.18583 -0.14579
v 0.39273 -0.21873 0.17793
v 0.39273 0.21873 0.17793
v 0.39294 -0.17496 0.01845
v 0.39294 0.17496 0.01845
v 0.39382 -0.15141 -0.19324
v 0.39382 0.15141 -0.19324
v 0.39425 -0.18237 -0.16963
v 0.39425 0.18237 -0.16963
v 0.39505 -0.13969 0.06020
v 0.39505 0.13969 0.06020
v 0.39562 0.00000 -0.00471
v 0.39615 -0.13222 0.13074
v 0.39615 0.13222 0.13074
v 0.39827 -0.14273 -0.20021
v 0.39827 0.14273 -0.20021
v 0.39899 -0.15271 -0.20321
v 0.39899 0.15271 -0.20321
v 0.39919 -0.19889 0.21049
v 0.39919 0.19889 0.21049
v 0.40101 -0.11110 0.05863
v 0.40101 0.11110 0.05863
v 0.40247 -0.14839 -0.11728
v 0.40247 0.14839 -0.11728
v 0.40423 -0.12188 0.07615
v 0.40423 0.12188 0.07615
v 0.40445 0.00000 -0.21329
v 0.40465 -0.21746 0.01492
v 0.40465 0.21746 0.01492
v 0.40510 0.00000 0.21710
v 0.40579 0.00000 -0.05738
v 0.40657 0.00000 -0.21793
v 0.40684 0.00000 0.21236
v 0.40693 0.00000 0.21654
v 0.40766 0.00000 0.22699
v 0.40776 -0.20725 0.04303
v 0.40776 0.20725 0.04303
v 0.41005 0.00000 0.04359
v 0.41027 0.00000 0.19149
v 0.41029 -0.12195 -0.10598
v 0.41029 0.12195 -0.10598
v 0.41112 -0.21646 0.03878
v 0.41112 0.21646 0.03878
v 0.41112 0.00000 0.19565
v 0.41162 0.00000 0.04192
v 0.41238 0.00000 -0.21262
v 0.41280 0.00000 0.18890
v 0.41413 -0.17690 -0.15348
v 0.41413 0.17690 -0.15348
v 0.41546 -0.21179 0.12339
v 0.41546 0.21179 0.12339
v 0.41670 -0.17631 0.27881
v 0.41670 0.17631 0.27881
v 0.41678 -0.14824 -0.17187
v 0.41678 0.14824 -0.17187
v 0.41702 -0.14865 0.18236
v 0.41702 0.14865 0.18236
v 0.41772 -0.16427 -0.14875
v 0.41772 0.16427 -0.14875
v 0.41795 -0.21518 0.06758
v 0.41795 0.21518 0.06758
v 0.41798 0.00000 0.18737
v 0.41801 -0.19755 0.07910
v 0.41801 0.19755 0.07910
v 0.42101 0.00000 0.18486
v 0.42133 -0.16510 -0.16575
v 0.42133 0.16510 -0.16575
v 0.42187 -0.18734 0.27093
v 0.42187 0.18734 0.27093
v 0.42274 0.00000 0.15318
v 0.42307 -0.12564 0.15735
v 0.42307 0.12564 0.15735
v 0.42315 -0.21347 0.08679
v 0.42315 0.21347 0.08679
v 0.42377 0.00000 0.17142
v 0.42596 -0.10628 -0.11267
v 0.42596 0.10628 -0.11267
v 0.42609 -0.13384 -0.14419
v 0.42609 0.13384 -0.14419
v 0.42652 0.00000 0.16871
v 0.42661 -0.16701 0.15668
v 0.42661 0.16701 0.15668
v 0.42826 0.00000 0.16690
v 0.42848 -0.20216 0.11818
v 0.42848 0.20216 0.11818
v 0.42991 -0.10174 -0.18941
v 0.42991 0.10174 -0.18941
v 0.43044 -0.15055 -0.15382
v 0.43044 0.15055 -0.15382
v 0.43224 -0.18636 0.14824
v 0.43224 0.18636 0.14824
v 0.43321 0.00000 0.03537
v 0.43541 0.00000 0.15235
v 0.43651 0.00000 0.05588
v 0.43747 0.00000 0.17531
v 0.43804 -0.18984 0.27356
v 0.43804 0.18984 0.27356
v 0.43817 0.00000 -0.18098
v 0.43960 0.00000 0.05968
v 0.44249 0.00000 -0.17894
v 0.44291 0.00000 -0.15714
v 0.44325 -0.14672 -0.16078
v 0.44325 0.14672 -0.16078
v 0.44360 -0.19485 0.26857
v 0.44360 0.19485 0.26857
v 0.44499 0.00000 -0.17104
v 0.44656 0.00000 0.13174
v 0.44852 0.00000 0.15874
v 0.44941 0.00000 -0.06159
v 0.44967 0.00000 -0.11897
v 0.45029 0.00000 -0.08147
v 0.45088 0.00000 -0.14018
v 0.45118 0.00000 -0.05325
v 0.45195 0.00000 0.07004
v 0.45319 0.00000 -0.14003
v 0.45417 -0.19390 0.27059
v 0.45417 0.19390 0.27059
v 0.45626 0.00000 -0.09302
v 0.45697 0.00000 0.09055
v 0.45810 0.00000 0.11773
v 0.46048 0.00000 0.11419
v 0.46204 0.00000 0.13554
v 0.46318 -0.14548 -0.16351
v 0.46318 0.14548 -0.16351
v 0.46461 0.00000 -0.08078
v 0.46504 0.00000 0.07095
v 0.46562 0.00000 0.10114
v 0.46842 0.00000 0.04731
v 0.46924 0.00000 0.14181
v 0.46936 0.00000 0.09503
v 0.47470 0.00000 0.08333
v 0.47583 0.00000 0.08082
v 0.47730 -0.13300 -0.15354
v 0.47730 0.13300 -0.15354
v 0.47769 0.00000 -0.06654
v 0.47953 0.00000 0.06993
v 0.48306 0.00000 -0.00300
v 0.48422 0.00000 0.05118
v 0.48486 0.00000 0.04641
v 0.49054 0.00000 -0.04237
v 0.49079 0.00000 -0.04522
v 0.49186 0.00000 -0.03397
v 0.49279 0.00000 0.00385
v 0.49537 0.00000 -0.01198
vn 0.0000 0.0000 0.0000
vn -0.9996 0.0000 -0.0284
vn 0.0000 0.0000 0.0000
vn 0.0000 0.0000 0.0000
vn 0.0000 0.0000 0.0000
vn 0.0000 0.0000 0.0000
vn 0.0000 -0.0000 0.0000
vn -0.9987 -0.0369 0.0342
vn -0.9987 0.0369 0.0342
vn -0.9943 -0.0199 -0.1050
vn -0.9943 0.0199 -0.1050
vn -0.9778 -0.0583 -0.2011
vn -0.9778 0.0583 -0.2011
vn -0.9609 -0.0355 0.2747
vn -0.9609 0.0355 0.2747
vn 0.0000 0.0000 0.0000
vn -0.9916 -0.1030 -0.0780
vn -0.9916 0.1030 -0.0780
vn 0.0000 0.0000 0.0000
vn -0.9767 -0.2056 -0.0609
vn -0.9767 0.2056 -0.0609
vn 0.0000 0.0000 0.0000
vn -0.9373 -0.1968 -0.2876
vn -0.9373 0.1968 -0.2876
vn -0.9432 -0.1807 0.2786
vn -0.9432 0.1807 0.2786
vn -0.9922 0.0000 0.1250
vn -0.9914 -0.1176 0.0582
vn -0.9914 0.1176 0.0582
vn -0.9644 -0.2628 0.0313
vn -0.9644 0.2628 0.0313
vn -0.9573 -0.1972 -0.2115
vn -0.9573 0.1972 -0.2115
vn -0.9255 -0.1599 -0.3434
vn -0.9255 0.1599 -0.3434
vn 0.0000 0.0000 0.0000
vn 0.0000 -0.0000 0.0000
vn -0.9737 0.0000 0.2280
vn -0.9587 -0.1920 -0.2096
vn -0.9587 0.1920 -0.2096
vn -0.9458 -0.2589 0.1958
vn -0.9458 0.2589 0.1958
vn 0.0000 0.0000 0.0000
vn -0.7772 0.0000 0.6293
vn 0.0000 0.0000 0.0000
vn -0.9276 -0.1416 0.3458
vn -0.9276 0.1416 0.3458
vn -0.9613 -0.1581 -0.2257
vn -0.9613 0.1581 -0.2257
vn 0.0000 0.0000 0.0000
vn 0.0000 0.0000 0.0000
vn 0.0000 0.0000 0.0000
vn -0.9977 0.0624 0.0258
vn -0.9977 -0.0624 0.0258
vn -0.8749 0.0000 -0.4842
vn -0.9530 -0.1338 -0.2717
vn -0.9530 0.1338 -0.2717
vn -0.9994 -0.0196 -0.0292
vn -0.9994 0.0196 -0.0292
vn 0.0000 0.0000 0.0000
vn 0.0000 0.0000 0.0000
vn -0.9092 -0.0280 0.4153
vn -0.9092 0.0280 0.4153
vn -0.9917 0.0500 0.1183
vn -0.9917 -0.0500 0.1183
vn 0.0000 0.0000 0.0000
vn -0.9291 -0.2173 0.2992
vn -0.9291 0.2173 0.2992
vn -0.9288 -0.1879 0.3195
vn -0.9288 0.1879 0.3195
vn -0.8197 0.0000 0.5727
vn 0.0000 -0.0000 0.0000
vn -0.9796 0.0099 -0.2005
vn -0.9796 -0.0099 -0.2005
vn -0.9146 -0.3270 -0.2379
vn -0.9146 0.3270 -0.2379
vn -0.9882 -0.1516 0.0237
vn -0.9882 0.1516 0.0237
vn -0.8588 -0.0400 0.5107
vn -0.8588 0.0400 0.5107
vn -0.8666 -0.0230 -0.4985
vn -0.8666 0.0230 -0.4985
vn -0.9279 0.0332 -0.3714
vn -0.9279 -0.0332 -0.3714
vn -0.9667 -0.2193 -0.1317
vn -0.9667 0.2193 -0.1317
vn -0.4839 -0.8462 -0.2231
vn -0.4839 0.8462 -0.2231
vn 0.3898 -0.9197 0.0477
vn 0.3898 0.9197 0.0477
vn -0.0242 -0.9990 0.0379
vn -0.0242 0.9990 0.0379
vn -0.7453 -0.6296 -0.2194
vn -0.7453 0.6296 -0.2194
vn 0.5631 -0.8170 0.1237
vn 0.5631 0.8170 0.1237
vn -0.8521 -0.0161 -0.5232
vn -0.8521 0.0161 -0.5232
vn 0.0000 0.0000 0.0000
vn -0.9825 0.1141 0.1474
vn -0.9825 -0.1141 0.1474
vn -0.9261 -0.1520 -0.3452
vn -0.9261 0.1520 -0.3452
vn -0.9968 -0.0176 0.0774
vn -0.9968 0.0176 0.0774
vn -0.4507 -0.6431 -0.6192
vn -0.4507 0.6431 -0.6192
vn -0.9873 0.1457 0.0627
vn -0.9873 -0.1457 0.0627
vn -0.9519 -0.2162 0.2172
vn -0.9519 0.2162 0.2172
vn -0.8831 0.2522 -0.3956
vn -0.8831 -0.2522 -0.3956
vn 0.0000 0.0000 0.0000
vn -0.9398 -0.3051 -0.1539
vn -0.9398 0.3051 -0.1539
vn -0.9223 -0.2174 -0.3194
vn -0.9223 0.2174 -0.3194
vn -0.9580 0.0758 0.2765
vn -0.9580 -0.0758 0.2765
vn 0.0000 0.0000 0.0000
vn -0.8675 -0.4759 -0.1447
vn -0.8675 0.4759 -0.1447
vn -0.9260 0.0472 -0.3744
vn -0.9260 -0.0472 -0.3744
vn 0.0000 0.0000 0.0000
vn 0.0000 0.0000 0.0000
vn 0.0000 0.0000 0.0000
vn -0.9096 -0.0977 0.4040
vn -0.9096 0.0977 0.4040
vn 0.0000 0.0000 0.0000
vn -0.9154 -0.1844 0.3579
vn -0.9154 0.1844 0.3579
vn -0.1120 -0.9748 -0.1927
vn -0.1120 0.9748 -0.1927
vn -0.4845 -0.7439 0.4603
vn -0.4845 0.7439 0.4603
vn -0.9778 0.0392 0.2056
vn -0.9778 -0.0392 0.2056
vn -0.8578 -0.0095 0.5139
vn -0.8578 0.0095 0.5139
vn 0.0000 0.0000 0.0000
vn 0.0000 0.0000 0.0000
vn 0.0000 0.0000 0.0000
vn -0.9364 -0.3363 -0.1002
vn -0.9364 0.3363 -0.1002
vn -0.9426 0.1605 -0.2929
vn -0.9426 -0.1605 -0.2929
vn -0.9095 -0.2121 0.3575
vn -0.9095 0.2121 0.3575
vn -0.9659 -0.1512 -0.2100
vn -0.9659 0.1512 -0.2100
vn 0.0000 0.0000 0.0000
vn -0.8570 0.2786 -0.4336
vn -0.8570 -0.2786 -0.4336
vn 0.0000 -0.0000 0.0000
vn 0.0000 0.0000 0.0000
vn -0.9509 -0.1638 -0.2625
vn -0.9509 0.1638 -0.2625
vn -0.8679 0.0831 -0.4898
vn -0.8679 -0.0831 -0.4898
vn -0.6634 0.0000 -0.7483
vn -0.4536 -0.6202 0.6400
vn -0.4536 0.6202 0.6400
vn 0.0000 0.0000 0.0000
vn 0.0000 0.0000 0.0000
vn 0.0000 0.0000 0.0000
vn 0.6173 -0.7865 -0.0197
vn 0.6173 0.7865 -0.0197
vn -0.9333 0.0219 0.3584
vn -0.9333 -0.0219 0.3584
vn -0.9738 -0.1948 -0.1173
vn -0.9738 0.1948 -0.1173
vn -0.8591 -0.3539 -0.3696
vn -0.8591 0.3539 -0.3696
vn -0.9085 -0.2381 -0.3434
vn -0.9085 0.2381 -0.3434
vn -0.9491 -0.0576 0.3098
vn -0.9491 0.0576 0.3098
vn 0.0000 0.0000 0.0000
vn 0.0000 0.0000 0.0000
vn -0.7710 -0.4942 -0.4017
vn -0.7710 0.4942 -0.4017
vn -0.7816 0.0621 -0.6206
vn -0.7816 -0.0621 -0.6206
vn 0.0000 0.0000 0.0000
vn -0.9231 -0.1207 0.3650
vn -0.9231 0.1207 0.3650
vn -0.8588 -0.1468 -0.4909
vn -0.8588 0.1468 -0.4909
vn 0.4985 -0.8611 -0.0997
vn 0.4985 0.8611 -0.0997
vn -0.8352 0.4264 -0.3474
vn -0.8352 -0.4264 -0.3474
vn 0.0000 -0.0000 -0.0000
vn 0.0000 0.0000 -0.0000
vn -0.9072 -0.0569 0.4167
vn -0.9072 0.0569 0.4167
vn 0.0000 0.0000 0.0000
vn 0.0000 0.0000 0.0000
vn -0.8058 -0.4807 -0.3458
vn -0.8058 0.4807 -0.3458
vn -0.8280 0.2220 -0.5149
vn -0.8280 -0.2220 -0.5149
vn -0.7564 0.3241 -0.5682
vn -0.7564 -0.3241 -0.5682
vn 0.0000 0.0000 0.0000
vn 0.0000 0.0000 0.0000
vn -0.7961 0.0000 0.6051
vn -0.8092 0.0208 0.5871
vn -0.8092 -0.0208 0.5871
vn 0.0000 0.0000 0.0000
vn -0.5417 -0.7078 -0.4534
vn -0.5417 0.7078 -0.4534
vn 0.3707 -0.9286 -0.0149
vn 0.3707 0.9286 -0.0149
vn 0.5311 -0.8440 0.0744
vn 0.5311 0.8440 0.0744
vn -0.7117 -0.3959 -0.5803
vn -0.7117 0.3959 -0.5803
vn -0.1626 0.6321 -0.7576
vn -0.1626 -0.6321 -0.7576
vn -0.6553 0.1656 -0.7370
vn -0.6553 -0.1656 -0.7370
vn -0.7633 -0.2565 0.5929
vn -0.7633 0.2565 0.5929
vn -0.8436 -0.1756 0.5074
vn -0.8436 0.1756 0.5074
vn 0.4556 -0.8771 0.1522
vn 0.4556 0.8771 0.1522
vn 0.0000 0.0000 0.0000
vn -0.2157 -0.9320 -0.2912
vn -0.2157 0.9320 -0.2912
vn 0.0000 -0.0000 0.0000
vn -0.4420 0.3285 -0.8347
vn -0.4420 -0.3285 -0.8347
vn -0.6197 0.3865 -0.6831
vn -0.6197 -0.3865 -0.6831
vn -0.7697 0.0000 0.6384
vn 0.0000 0.0000 0.0000
vn -0.4539 -0.4338 -0.7783
vn -0.4539 0.4338 -0.7783
vn -0.7400 0.0680 0.6691
vn -0.7400 -0.0680 0.6691
vn -0.7823 -0.0362 0.6219
vn -0.7823 0.0362 0.6219
vn -0.8436 0.2178 -0.4908
vn -0.8436 -0.2178 -0.4908
vn -0.4355 -0.7294 -0.5276
vn -0.4355 0.7294 -0.5276
vn 0.0000 0.0000 0.0000
vn 0.4428 -0.8959 -0.0355
vn 0.4428 0.8959 -0.0355
vn 0.2268 -0.9257 0.3027
vn 0.2268 0.9257 0.3027
vn 0.0000 0.0000 0.0000
vn -0.6215 0.0000 -0.7834
vn -0.5451 0.0701 -0.8354
vn -0.5451 -0.0701 -0.8354
vn 0.0000 0.0000 0.0000
vn -0.8240 0.5494 -0.1384
vn -0.8240 -0.5494 -0.1384
vn -0.3876 -0.5846 -0.7128
vn -0.3876 0.5846 -0.7128
vn -0.1677 0.8112 -0.5602
vn -0.1677 -0.8112 -0.5602
vn -0.3475 -0.7817 -0.5178
vn -0.3475 0.7817 -0.5178
vn -0.5624 -0.0886 -0.8221
vn -0.5624 0.0886 -0.8221
vn -0.6795 0.0000 0.7337
vn -0.7660 0.4557 0.4534
vn -0.7660 -0.4557 0.4534
vn -0.0360 -0.8416 0.5389
vn -0.0360 0.8416 0.5389
vn -0.4599 0.4205 -0.7821
vn -0.4599 -0.4205 -0.7821
vn -0.0319 -0.9611 -0.2745
vn -0.0319 0.9611 -0.2745
vn 0.0000 0.0000 0.0000
vn -0.4844 -0.4571 0.7460
vn -0.4844 0.4571 0.7460
vn 0.0000 0.0000 0.0000
vn -0.7358 0.0600 0.6746
vn -0.7358 -0.0600 0.6746
vn -0.6051 0.0000 -0.7962
vn -0.7181 0.0388 0.6949
vn -0.7181 -0.0388 0.6949
vn -0.5752 0.5779 0.5790
vn -0.5752 -0.5779 0.5790
vn -0.7177 0.0906 0.6904
vn -0.7177 -0.0906 0.6904
vn -0.3672 -0.7637 -0.5310
vn -0.3672 0.7637 -0.5310
vn 0.0000 0.0000 0.0000
vn -0.5337 -0.3701 0.7604
vn -0.5337 0.3701 0.7604
vn -0.3745 -0.3416 -0.8620
vn -0.3745 0.3416 -0.8620
vn 0.4041 -0.9115 -0.0768
vn 0.4041 0.9115 -0.0768
vn -0.4432 -0.0680 -0.8938
vn -0.4432 0.0680 -0.8938
vn 0.0000 0.0000 0.0000
vn 0.0000 0.0000 0.0000
vn -0.3774 0.9048 -0.1974
vn -0.3774 -0.9048 -0.1974
vn 0.0000 0.0000 0.0000
vn 0.0000 0.0000 0.0000
vn 0.4227 -0.9055 0.0375
vn 0.4227 0.9055 0.0375
vn 0.0000 0.0000 0.0000
vn -0.6939 0.0607 0.7175
vn -0.6939 -0.0607 0.7175
vn 0.0000 0.0000 0.0000
vn 0.0000 0.0000 0.0000
vn -0.1378 -0.5462 -0.8263
vn -0.1378 0.5462 -0.8263
vn -0.2239 -0.6225 -0.7499
vn -0.2239 0.6225 -0.7499
vn -0.5481 0.0482 0.8350
vn -0.5481 -0.0482 0.8350
vn 0.0000 -0.0000 0.0000
vn 0.0000 -0.0000 0.0000
vn -0.4627 0.1521 -0.8734
vn -0.4627 -0.1521 -0.8734
vn 0.0000 0.0000 0.0000
vn 0.0469 -0.5615 -0.8261
vn 0.0469 0.5615 -0.8261
vn 0.0000 0.0000 0.0000
vn 0.0000 0.0000 0.0000
vn -0.3829 -0.7023 -0.6001
vn -0.3829 0.7023 -0.6001
vn 0.0000 -0.0000 0.0000
vn 0.0671 -0.5298 0.8455
vn 0.0671 0.5298 0.8455
vn 0.0000 -0.0000 0.0000
vn 0.0000 0.0000 0.0000
vn 0.0000 0.0000 0.0000
vn -0.6496 0.7294 0.2146
vn -0.6496 -0.7294 0.2146
vn 0.0000 0.0000 0.0000
vn 0.0000 -0.0000 0.0000
vn 0.0000 0.0000 0.0000
vn 0.0000 -0.0000 0.0000
vn 0.0000 -0.0000 0.0000
vn -0.2926 -0.1479 0.9447
vn -0.2926 0.1479 0.9447
vn -0.1156 -0.2262 -0.9672
vn -0.1156 0.2262 -0.9672
vn 0.0000 0.0000 0.0000
vn 0.0000 -0.0000 0.0000
vn 0.1110 -0.8370 0.5358
vn 0.1110 0.8370 0.5358
vn 0.0478 -0.8639 -0.5014
vn 0.0478 0.8639 -0.5014
vn -0.0726 -0.7705 -0.6334
vn -0.0726 0.7705 -0.6334
vn -0.7363 0.0000 -0.6766
vn -0.8476 0.5303 -0.0203
vn -0.8476 -0.5303 -0.0203
vn -0.5403 0.0198 0.8412
vn -0.5403 -0.0198 0.8412
vn -0.5604 0.0000 0.8282
vn -0.8810 0.0273 -0.4724
vn -0.8810 -0.0273 -0.4724
vn 0.0000 0.0000 0.0000
vn -0.6609 0.2926 -0.6910
vn -0.6609 -0.2926 -0.6910
vn 0.5420 -0.7865 -0.2960
vn 0.5420 0.7865 -0.2960
vn -0.1202 -0.4379 -0.8910
vn -0.1202 0.4379 -0.8910
vn -0.7606 0.0000 -0.6492
vn -0.8945 0.0000 0.4470
vn 0.0000 0.0000 0.0000
vn 0.3100 -0.1962 -0.9303
vn 0.3100 0.1962 -0.9303
vn 0.0000 0.0000 0.0000
vn 0.1733 -0.0000 0.9849
vn 0.0000 0.0000 0.0000
vn 0.4013 -0.8803 0.2533
vn 0.4013 0.8803 0.2533
vn 0.3387 -0.9381 0.0723
vn 0.3387 0.9381 0.0723
vn -0.6636 0.0000 -0.7481
vn 0.0000 0.0000 0.0000
vn 0.1089 -0.4371 -0.8928
vn 0.1089 0.4371 -0.8928
vn 0.3575 -0.9337 -0.0196
vn 0.3575 0.9337 -0.0196
vn 0.0000 0.0000 0.0000
vn 0.1497 -0.0035 0.9887
vn 0.1497 0.0035 0.9887
vn 0.3415 -0.7116 -0.6140
vn 0.3415 0.7116 -0.6140
vn -0.2244 -0.4772 0.8497
vn -0.2244 0.4772 0.8497
vn -0.3066 0.4158 -0.8562
vn -0.3066 -0.4158 -0.8562
vn 0.1989 -0.6062 -0.7701
vn 0.1989 0.6062 -0.7701
vn -0.1712 -0.8625 -0.4763
vn -0.1712 0.8625 -0.4763
vn 0.2863 -0.7140 0.6389
vn 0.2863 0.7140 0.6389
vn -0.1889 -0.1450 -0.9712
vn -0.1889 0.1450 -0.9712
vn -0.1890 -0.1339 -0.9728
vn -0.1890 0.1339 -0.9728
vn 0.0000 0.0000 0.0000
vn 0.0000 0.0000 0.0000
vn 0.2934 -0.9220 -0.2527
vn 0.2934 0.9220 -0.2527
vn -0.2911 0.3175 -0.9025
vn -0.2911 -0.3175 -0.9025
vn 0.0000 0.0000 0.0000
vn 0.2237 -0.5772 -0.7854
vn 0.2237 0.5772 -0.7854
vn -0.1102 -0.0252 0.9936
vn -0.1102 0.0252 0.9936
vn 0.0000 0.0000 0.0000
vn 0.0000 0.0000 0.0000
vn 0.3526 -0.9284 0.1178
vn 0.3526 0.9284 0.1178
vn 0.3745 -0.5609 0.7383
vn 0.3745 0.5609 0.7383
vn -0.3546 0.0000 -0.9350
vn 0.2516 -0.9596 -0.1260
vn 0.2516 0.9596 -0.1260
vn 0.5740 -0.2757 -0.7711
vn 0.5740 0.2757 -0.7711
vn 0.1203 -0.0583 0.9910
vn 0.1203 0.0583 0.9910
vn 0.6492 -0.0889 0.7554
vn 0.6492 0.0889 0.7554
vn -0.0232 0.0000 -0.9997
vn 0.0570 -0.2198 -0.9739
vn 0.0570 0.2198 -0.9739
vn 0.4914 -0.6019 0.6295
vn 0.4914 0.6019 0.6295
vn -0.0453 -0.2797 -0.9590
vn -0.0453 0.2797 -0.9590
vn -0.0701 -0.2129 -0.9746
vn -0.0701 0.2129 -0.9746
vn 0.0000 0.0000 0.0000
vn -0.2022 0.0945 -0.9748
vn -0.2022 -0.0945 -0.9748
vn 0.0000 -0.0000 0.0000
vn 0.0000 0.0000 0.0000
vn 0.0056 -0.4566 -0.8896
vn 0.0056 0.4566 -0.8896
vn 0.2654 0.0000 0.9641
vn 0.3092 -0.9141 0.2622
vn 0.3092 0.9141 0.2622
vn -0.0885 -0.4247 -0.9010
vn -0.0885 0.4247 -0.9010
vn 0.3517 -0.8210 -0.4498
vn 0.3517 0.8210 -0.4498
vn 0.3954 -0.2892 0.8718
vn 0.3954 0.2892 0.8718
vn 0.0000 -0.0000 0.0000
vn 0.1462 -0.7185 -0.6800
vn 0.1462 0.7185 -0.6800
vn -0.1597 0.2128 -0.9639
vn -0.1597 -0.2128 -0.9639
vn 0.2522 -0.7874 -0.5625
vn 0.2522 0.7874 -0.5625
vn -0.1318 0.2824 -0.9502
vn -0.1318 -0.2824 -0.9502
vn 0.2985 -0.8346 0.4630
vn 0.2985 0.8346 0.4630
vn -0.0833 -0.1838 -0.9794
vn -0.0833 0.1838 -0.9794
vn 0.0000 0.0000 0.0000
vn 0.0000 0.0000 0.0000
vn 0.3290 -0.0198 0.9441
vn 0.3290 0.0198 0.9441
vn 0.0000 -0.0000 0.0000
vn 0.0000 0.0000 0.0000
vn 0.0000 0.0000 0.0000
vn 0.2495 -0.6068 -0.7547
vn 0.2495 0.6068 -0.7547
vn 0.0475 -0.4251 -0.9039
vn 0.0475 0.4251 -0.9039
vn 0.0847 -0.3095 -0.9471
vn 0.0847 0.3095 -0.9471
vn 0.3839 -0.1653 0.9085
vn 0.3839 0.1653 0.9085
vn 0.3086 -0.8091 -0.5001
vn 0.3086 0.8091 -0.5001
vn 0.3310 -0.6883 -0.6455
vn 0.3310 0.6883 -0.6455
vn 0.4633 -0.0786 0.8827
vn 0.4633 0.0786 0.8827
vn 0.2857 -0.4627 -0.8392
vn 0.2857 0.4627 -0.8392
vn 0.0000 -0.0000 0.0000
vn 0.3988 0.0000 0.9170
vn 0.2420 -0.9603 0.1391
vn 0.2420 0.9603 0.1391
vn 0.0203 -0.0349 -0.9992
vn 0.0203 0.0349 -0.9992
vn 0.2811 -0.7465 0.6031
vn 0.2811 0.7465 0.6031
vn 0.0000 0.0000 0.0000
vn 0.0000 0.0000 0.0000
vn 0.2061 -0.2153 -0.9546
vn 0.2061 0.2153 -0.9546
vn 0.1743 -0.2282 -0.9579
vn 0.1743 0.2282 -0.9579
vn 0.0000 0.0000 0.0000
vn 0.0000 0.0000 0.0000
vn 0.0000 0.0000 0.0000
vn 0.3905 -0.3354 0.8574
vn 0.3905 0.3354 0.8574
vn -0.4866 0.8069 0.3349
vn -0.4866 -0.8069 0.3349
vn -0.4682 -0.7641 -0.4438
vn -0.4682 0.7641 -0.4438
vn 0.0000 0.0000 0.0000
vn 0.0000 0.0000 0.0000
vn 0.3319 -0.9433 -0.0071
vn 0.3319 0.9433 -0.0071
vn 0.7926 -0.2499 0.5562
vn 0.7926 0.2499 0.5562
vn 0.3524 -0.9281 -0.1206
vn 0.3524 0.9281 -0.1206
vn 0.1714 -0.4206 -0.8909
vn 0.1714 0.4206 -0.8909
vn 0.5541 0.0000 0.8324
vn 0.0000 0.0000 0.0000
vn 0.0288 0.1470 -0.9887
vn 0.0288 -0.1470 -0.9887
vn 0.2322 -0.6089 -0.7585
vn 0.2322 0.6089 -0.7585
vn 0.0731 -0.8834 -0.4629
vn 0.0731 0.8834 -0.4629
vn -0.2143 -0.1457 0.9658
vn -0.2143 0.1457 0.9658
vn 0.0000 0.0000 0.0000
vn 0.0000 0.0000 0.0000
vn 0.3369 -0.4119 -0.8467
vn 0.3369 0.4119 -0.8467
vn 0.5725 -0.0624 0.8175
vn 0.5725 0.0624 0.8175
vn 0.0000 0.0000 0.0000
vn 0.0000 0.0000 0.0000
vn 0.0000 0.0000 0.0000
vn 0.4909 0.0547 0.8695
vn 0.4909 -0.0547 0.8695
vn 0.0486 0.0000 -0.9988
vn 0.3893 -0.6920 0.6079
vn 0.3893 0.6920 0.6079
vn 0.4682 0.7641 0.4438
vn 0.4682 -0.7641 0.4438
vn 0.5749 -0.0620 0.8159
vn 0.5749 0.0620 0.8159
vn 0.7622 -0.6093 0.2186
vn 0.7622 0.6093 0.2186
vn 0.3304 -0.0111 -0.9438
vn 0.3304 0.0111 -0.9438
vn 0.5476 -0.7384 -0.3935
vn 0.5476 0.7384 -0.3935
vn 0.2558 -0.9224 0.2893
vn 0.2558 0.9224 0.2893
vn 0.0856 -0.1787 -0.9802
vn 0.0856 0.1787 -0.9802
vn 0.2541 -0.0094 -0.9671
vn 0.2541 0.0094 -0.9671
vn 0.3998 -0.8899 -0.2197
vn 0.3998 0.8899 -0.2197
vn 0.2783 0.0305 -0.9600
vn 0.2783 -0.0305 -0.9600
vn 0.0000 0.0000 0.0000
vn 0.3229 0.6523 0.6857
vn 0.3229 -0.6523 0.6857
vn 0.2569 -0.9190 -0.2991
vn 0.2569 0.9190 -0.2991
vn 0.3036 -0.3230 -0.8964
vn 0.3036 0.3230 -0.8964
vn 0.2800 -0.4778 -0.8326
vn 0.2800 0.4778 -0.8326
vn 0.7223 -0.5153 -0.4612
vn 0.7223 0.5153 -0.4612
vn 0.0000 -0.0000 0.0000
vn 0.5811 -0.4260 0.6935
vn 0.5811 0.4260 0.6935
vn 0.0000 0.0000 0.0000
vn 0.7463 -0.2995 0.5945
vn 0.7463 0.2995 0.5945
vn 0.5194 -0.0795 0.8508
vn 0.5194 0.0795 0.8508
vn 0.6784 -0.6398 -0.3611
vn 0.6784 0.6398 -0.3611
vn 0.0000 0.0000 0.0000
vn 0.0000 -0.0000 0.0000
vn 0.3311 -0.0052 -0.9436
vn 0.3311 0.0052 -0.9436
vn 0.6253 -0.0917 0.7750
vn 0.6253 0.0917 0.7750
vn 0.3174 -0.5195 -0.7933
vn 0.3174 0.5195 -0.7933
vn 0.0000 0.0000 0.0000
vn 0.0000 0.0000 0.0000
vn 0.0000 0.0000 0.0000
vn 0.3337 -0.2705 -0.9031
vn 0.3337 0.2705 -0.9031
vn 0.6020 -0.2404 0.7615
vn 0.6020 0.2404 0.7615
vn 0.3610 0.1068 0.9264
vn 0.3610 -0.1068 0.9264
vn 0.3840 -0.9214 -0.0603
vn 0.3840 0.9214 -0.0603
vn 0.3767 -0.2606 -0.8889
vn 0.3767 0.2606 -0.8889
vn 0.4440 -0.6438 0.6232
vn 0.4440 0.6438 0.6232
vn 0.0000 0.0000 0.0000
vn 0.0000 0.0000 0.0000
vn 0.0000 0.0000 0.0000
vn 0.5702 -0.0885 -0.8167
vn 0.5702 0.0885 -0.8167
vn 0.4035 -0.8456 0.3494
vn 0.4035 0.8456 0.3494
vn 0.4788 0.0264 0.8775
vn 0.4788 -0.0264 0.8775
vn 0.4921 -0.3897 -0.7784
vn 0.4921 0.3897 -0.7784
vn 0.5967 -0.7609 -0.2549
vn 0.5967 0.7609 -0.2549
vn 0.0000 0.0000 0.0000
vn 0.7131 -0.5400 -0.4471
vn 0.7131 0.5400 -0.4471
vn 0.6192 0.0000 0.7853
vn 0.0000 0.0000 0.0000
vn 0.4599 0.0000 -0.8880
vn 0.5440 -0.8254 -0.1509
vn 0.5440 0.8254 -0.1509
vn 0.5028 -0.6268 -0.5953
vn 0.5028 0.6268 -0.5953
vn 0.8052 -0.2861 0.5194
vn 0.8052 0.2861 0.5194
vn -0.2303 -0.9668 0.1103
vn -0.2303 0.9668 0.1103
vn 0.0000 0.0000 0.0000
vn 0.7226 -0.0231 0.6909
vn 0.7226 0.0231 0.6909
vn 0.0000 0.0000 0.0000
vn 0.5597 -0.8205 -0.1161
vn 0.5597 0.8205 -0.1161
vn 0.0000 0.0000 0.0000
vn 0.7149 -0.2840 0.6390
vn 0.7149 0.2840 0.6390
vn 0.3407 -0.9214 0.1868
vn 0.3407 0.9214 0.1868
vn 0.4618 -0.6989 -0.5461
vn 0.4618 0.6989 -0.5461
vn 0.4000 -0.3017 -0.8655
vn 0.4000 0.3017 -0.8655
vn 0.0000 0.0000 0.0000
vn 0.2500 -0.9642 0.0880
vn 0.2500 0.9642 0.0880
vn 0.6837 -0.7172 -0.1349
vn 0.6837 0.7172 -0.1349
vn 0.7828 -0.6221 0.0139
vn 0.7828 0.6221 0.0139
vn 0.2697 0.5778 -0.7703
vn 0.2697 -0.5778 -0.7703
vn 0.0000 0.0000 0.0000
vn 0.5643 -0.8162 -0.1240
vn 0.5643 0.8162 -0.1240
vn 0.3094 -0.9508 -0.0146
vn 0.3094 0.9508 -0.0146
vn 0.9930 -0.0955 0.0694
vn 0.9930 0.0955 0.0694
vn 0.9414 0.3361 0.0295
vn 0.9414 -0.3361 0.0295
vn 0.6404 -0.4426 0.6277
vn 0.6404 0.4426 0.6277
vn 0.9867 -0.1106 -0.1191
vn 0.9867 0.1106 -0.1191
vn 0.9810 0.1676 -0.0983
vn 0.9810 -0.1676 -0.0983
vn 0.5112 -0.1322 -0.8492
vn 0.5112 0.1322 -0.8492
vn 0.5667 -0.4369 -0.6985
vn 0.5667 0.4369 -0.6985
vn 0.8159 -0.0383 0.5769
vn 0.8159 0.0383 0.5769
vn 0.9904 -0.1262 -0.0573
vn 0.9904 0.1262 -0.0573
vn 0.9979 -0.0533 -0.0362
vn 0.9979 0.0533 -0.0362
vn 0.9887 0.1372 -0.0606
vn 0.9887 -0.1372 -0.0606
vn 0.9540 -0.1928 0.2298
vn 0.9540 0.1928 0.2298
vn 0.8804 -0.0716 -0.4688
vn 0.8804 0.0716 -0.4688
vn 0.5042 -0.8145 -0.2872
vn 0.5042 0.8145 -0.2872
vn 0.8142 -0.0000 0.5805
vn 0.0000 0.0000 0.0000
vn 0.0000 0.0000 0.0000
vn 0.9301 -0.2447 -0.2740
vn 0.9301 0.2447 -0.2740
vn 0.9622 0.2558 -0.0930
vn 0.9622 -0.2558 -0.0930
vn 0.0000 0.0000 0.0000
vn 0.8119 0.5279 -0.2493
vn 0.8119 -0.5279 -0.2493
vn 0.5342 -0.3233 0.7811
vn 0.5342 0.3233 0.7811
vn 0.8602 -0.5058 0.0645
vn 0.8602 0.5058 0.0645
vn 0.0000 0.0000 0.0000
vn 0.9444 0.3075 -0.1162
vn 0.9444 -0.3075 -0.1162
vn 0.6970 -0.7170 -0.0114
vn 0.6970 0.7170 -0.0114
vn 0.9611 -0.0000 -0.2761
vn 0.6032 -0.7824 -0.1550
vn 0.6032 0.7824 -0.1550
vn 0.7057 -0.5609 0.4329
vn 0.7057 0.5609 0.4329
vn 0.3463 -0.9355 0.0694
vn 0.3463 0.9355 0.0694
vn 0.9442 0.2938 -0.1493
vn 0.9442 -0.2938 -0.1493
vn 0.8207 -0.3989 -0.4091
vn 0.8207 0.3989 -0.4091
vn 0.7515 -0.5220 -0.4034
vn 0.7515 0.5220 -0.4034
vn 0.5688 0.2229 -0.7917
vn 0.5688 -0.2229 -0.7917
vn 0.0000 0.0000 0.0000
vn 0.9439 0.0720 -0.3224
vn 0.9439 -0.0720 -0.3224
vn 0.5343 -0.1946 -0.8226
vn 0.5343 0.1946 -0.8226
vn 0.8388 -0.2673 -0.4744
vn 0.8388 0.2673 -0.4744
vn 0.8190 -0.3045 0.4864
vn 0.8190 0.3045 0.4864
vn 0.6204 -0.1642 -0.7669
vn 0.6204 0.1642 -0.7669
vn 0.6723 -0.4032 0.6208
vn 0.6723 0.4032 0.6208
vn 0.8909 -0.4001 0.2151
vn 0.8909 0.4001 0.2151
vn 0.0000 -0.0000 0.0000
vn 0.9533 -0.1633 -0.2541
vn 0.9533 0.1633 -0.2541
vn 0.0000 0.0000 0.0000
vn 0.9018 -0.0000 0.4322
vn 0.0000 0.0000 0.0000
vn 0.0000 0.0000 0.0000
vn 0.0000 0.0000 0.0000
vn 0.0000 0.0000 0.0000
vn 0.9219 0.2653 -0.2822
vn 0.9219 -0.2653 -0.2822
vn 0.0000 0.0000 0.0000
vn 0.0000 0.0000 0.0000
vn 0.4526 -0.3425 0.8233
vn 0.4526 0.3425 0.8233
vn 0.9022 -0.3786 -0.2068
vn 0.9022 0.3786 -0.2068
vn 0.0000 0.0000 0.0000
vn 0.0000 0.0000 0.0000
vn 0.6001 0.0000 -0.8000
vn 0.0000 0.0000 0.0000
vn 0.6468 -0.7596 -0.0684
vn 0.6468 0.7596 -0.0684
vn 0.3075 -0.9513 0.0201
vn 0.3075 0.9513 0.0201
vn 0.1843 0.2990 0.9363
vn 0.1843 -0.2990 0.9363
vn 0.7665 -0.3062 -0.5645
vn 0.7665 0.3062 -0.5645
vn 0.9150 -0.0109 0.4033
vn 0.9150 0.0109 0.4033
vn 0.7154 -0.5193 0.4675
vn 0.7154 0.5193 0.4675
vn 0.3685 -0.9296 -0.0110
vn 0.3685 0.9296 -0.0110
vn 0.8950 0.0000 0.4461
vn 0.8660 0.4425 -0.2329
vn 0.8660 -0.4425 -0.2329
vn 0.0000 0.0000 0.0000
vn 0.6138 -0.6762 -0.4075
vn 0.6138 0.6762 -0.4075
vn 0.0437 -0.5673 -0.8223
vn 0.0437 0.5673 -0.8223
vn 0.9870 0.0000 0.1604
vn 0.9186 0.1263 -0.3744
vn 0.9186 -0.1263 -0.3744
vn 0.9059 -0.4156 -0.0816
vn 0.9059 0.4156 -0.0816
vn 0.0000 0.0000 0.0000
vn 0.8873 -0.2930 0.3563
vn 0.8873 0.2930 0.3563
vn 0.9772 -0.1856 0.1028
vn 0.9772 0.1856 0.1028
vn 0.0000 0.0000 0.0000
vn 0.9440 0.0952 0.3160
vn 0.9440 -0.0952 0.3160
vn 0.0000 0.0000 0.0000
vn 0.9008 0.2590 -0.3486
vn 0.9008 -0.2590 -0.3486
vn 0.8833 -0.1216 -0.4527
vn 0.8833 0.1216 -0.4527
vn 0.9286 0.0233 0.3703
vn 0.9286 -0.0233 0.3703
vn 0.8787 -0.3886 0.2774
vn 0.8787 0.3886 0.2774
vn 0.0000 0.0000 0.0000
vn 0.0000 0.0000 0.0000
vn 0.0000 0.0000 0.0000
vn 0.0000 0.0000 0.0000
vn 0.0000 0.0000 0.0000
vn 0.0000 0.0000 0.0000
vn 0.0000 0.0000 0.0000
vn 0.0000 -0.0000 0.0000
vn 0.0000 0.0000 0.0000
vn 0.9860 0.0000 -0.1670
vn 0.7971 -0.0042 -0.6039
vn 0.7971 0.0042 -0.6039
vn 0.0000 0.0000 0.0000
vn 0.0000 0.0000 0.0000
vn 0.0000 0.0000 0.0000
vn 0.0000 -0.0000 0.0000
vn 0.0000 -0.0000 0.0000
vn 0.0000 0.0000 0.0000
vn 0.9953 0.0000 -0.0971
vn 0.8145 0.0000 0.5802
vn 0.0000 0.0000 0.0000
vn 0.0000 -0.0000 0.0000
vn 0.0000 0.0000 0.0000
vn 0.0000 -0.0000 0.0000
vn 0.0000 0.0000 0.0000
vn 0.0000 0.0000 0.0000
vn 0.0000 0.0000 0.0000
vn 0.0000 0.0000 0.0000
vn 0.0000 0.0000 0.0000
vn 0.0000 0.0000 0.0000
vn 0.0000 0.0000 0.0000
vn 0.0000 0.0000 0.0000
vn 0.0000 0.0000 0.0000
vn 0.0000 0.0000 0.0000
vn 0.0000 0.0000 0.0000
vn 0.9662 0.0000 -0.2577
vn 0.0000 0.0000 0.0000
vn 0.0000 0.0000 0.0000
vn 0.0000 0.0000 0.0000
vn 0.0000 0.0000 0.0000
vn 0.0000 0.0000 0.0000
vn 0.0000 0.0000 0.0000
vn 0.0000 0.0000 0.0000
vn 0.0000 0.0000 0.0000
vn 0.0000 0.0000 0.0000
vn 0.0000 -0.0000 0.0000
vn 0.0000 -0.0000 0.0000
vn 0.0000 0.0000 0.0000
vn 0.0000 0.0000 0.0000
vn 0.0000 0.0000 0.0000
vn 0.0000 0.0000 0.0000
vn 0.0000 0.0000 0.0000
vn 0.0000 0.0000 0.0000
f 604//604 635//635 531//531
f 369//369 448//448 386//386
f 479//479 475//475 446//446
f 475//475 453//453 446//446
f 453//453 499//499 495//495
f 453//453 480//480 499//499
f 514//514 541//541 498//498
f 514//514 479//479 512//512
f 514//514 498//498 479//479
f 480//480 498//498 499//499
f 531//531 499//499 498//498
f 453//453 498//498 480//480
f 479//479 446//446 512//512
f 479//479 498//498 475//475
f 453//453 475//475 498//498
f 453//453 434//434 380//380
f 345//345 380//380 331//331
f 364//364 331//331 380//380
f 364//364 288//288 271//271
f 331//331 271//271 345//345
f 271//271 331//331 364//364
f 380//380 375//375 364//364
f 380//380 345//345 422//422
f 422//422 446//446 380//380
f 380//380 446//446 453//453
f 649//649 635//635 604//604
f 632//632 704//704 649//649
f 710//710 703//703 649//649
f 759//759 703//703 704//704
f 704//704 760//760 759//759
f 710//710 704//704 703//703
f 755//755 769//769 759//759
f 772//772 759//759 769//769
f 772//772 769//769 805//805
f 772//772 800//800 820//820
f 795//795 772//772 820//820
f 760//760 755//755 759//759
f 760//760 704//704 705//705
f 760//760 705//705 755//755
f 704//704 670//670 705//705
f 704//704 710//710 649//649
f 541//541 586//586 498//498
f 531//531 586//586 604//604
f 498//498 586//586 531//531
f 604//604 704//704 619//619
f 605//605 670//670 586//586
f 670//670 704//704 586//586
f 604//604 586//586 704//704
f 704//704 632//632 619//619
f 649//649 604//604 619//619
f 649//649 619//619 632//632
f 518//518 556//556 526//526
f 560//560 526//526 556//556
f 507//507 526//526 520//520
f 398//398 421//421 427//427
f 421//421 348//348 363//363
f 421//421 398//398 348//348
f 292//292 363//363 314//314
f 314//314 363//363 348//348
f 314//314 348//348 322//322
f 363//363 394//394 421//421
f 406//406 398//398 427//427
f 336//336 406//406 383//383
f 336//336 297//297 348//348
f 348//348 398//398 406//406
f 336//336 383//383 354//354
f 336//336 348//348 406//406
f 285//285 322//322 297//297
f 244//244 314//314 246//246
f 285//285 246//246 314//314
f 282//282 246//246 297//297
f 297//297 246//246 285//285
f 297//297 336//336 354//354
f 297//297 354//354 282//282
f 275//275 282//282 354//354
f 282//282 275//275 228//228
f 297//297 336//336 305//305
f 336//336 297//297 305//305
f 520//520 526//526 507//507
f 526//526 520//520 518//518
f 540//540 518//518 520//520
f 518//518 540//540 556//556
f 434//434 489//489 394//394
f 394//394 436//436 421//421
f 461//461 394//394 489//489
f 436//436 394//394 461//461
f 495//495 531//531 546//546
f 546//546 531//531 558//558
f 540//540 489//489 551//551
f 489//489 495//495 551//551
f 560//560 554//554 540//540
f 516//516 461//461 489//489
f 489//489 540//540 516//516
f 495//495 434//434 478//478
f 495//495 489//489 434//434
f 540//540 520//520 560//560
f 546//546 551//551 495//495
f 441//441 427//427 436//436
f 441//441 406//406 427//427
f 406//406 441//441 472//472
f 472//472 441//441 461//461
f 516//516 505//505 461//461
f 505//505 472//472 461//461
f 472//472 455//455 406//406
f 461//461 441//441 436//436
f 505//505 566//566 455//455
f 540//540 554//554 505//505
f 554//554 566//566 505//505
f 472//472 505//505 455//455
f 394//394 363//363 364//364
f 292//292 288//288 363//363
f 314//314 244//244 292//292
f 354//354 383//383 230//230
f 455//455 383//383 406//406
f 425//425 383//383 455//455
f 425//425 230//230 383//383
f 427//427 421//421 436//436
f 322//322 348//348 297//297
f 322//322 285//285 314//314
f 516//516 540//540 505//505
f 255//255 228//228 275//275
f 230//230 255//255 354//354
f 612//612 601//601 654//654
f 612//612 643//643 610//610
f 612//612 591//591 601//601
f 822//822 778//778 794//794
f 778//778 822//822 794//794
f 645//645 778//778 794//794
f 703//703 690//690 635//635
f 627//627 669//669 778//778
f 654//654 669//669 627//627
f 794//794 669//669 645//645
f 627//627 648//648 654//654
f 654//654 648//648 690//690
f 654//654 643//643 612//612
f 654//654 645//645 669//669
f 648//648 635//635 690//690
f 778//778 645//645 627//627
f 645//645 601//601 627//627
f 601//601 645//645 654//654
f 669//669 794//794 778//778
f 618//618 610//610 643//643
f 654//654 690//690 680//680
f 656//656 625//625 680//680
f 625//625 654//654 680//680
f 759//759 787//787 703//703
f 690//690 703//703 787//787
f 787//787 782//782 690//690
f 782//782 745//745 690//690
f 759//759 772//772 787//787
f 787//787 772//772 790//790
f 782//782 787//787 795//795
f 790//790 795//795 787//787
f 782//782 797//797 807//807
f 797//797 739//739 810//810
f 797//797 810//810 816//816
f 795//795 797//797 782//782
f 663//663 656//656 728//728
f 745//745 782//782 816//816
f 745//745 816//816 656//656
f 816//816 728//728 656//656
f 782//782 807//807 816//816
f 810//810 739//739 789//789
f 810//810 776//776 816//816
f 816//816 776//776 728//728
f 745//745 714//714 690//690
f 680//680 714//714 745//745
f 656//656 680//680 745//745
f 842//842 830//830 822//822
f 842//842 822//822 830//830
f 591//591 612//612 618//618
f 612//612 610//610 618//618
f 625//625 618//618 643//643
f 625//625 643//643 654//654
f 714//714 680//680 690//690
f 797//797 816//816 807//807
f 627//627 635//635 648//648
f 635//635 593//593 531//531
f 558//558 531//531 593//593
f 635//635 627//627 593//593
f 588//588 554//554 591//591
f 554//554 579//579 591//591
f 551//551 593//593 601//601
f 593//593 551//551 558//558
f 593//593 627//627 601//601
f 591//591 618//618 588//588
f 625//625 566//566 588//588
f 566//566 625//625 501//501
f 566//566 501//501 455//455
f 501//501 425//425 455//455
f 656//656 501//501 625//625
f 385//385 501//501 656//656
f 385//385 656//656 663//663
f 385//385 663//663 728//728
f 776//776 385//385 728//728
f 385//385 425//425 501//501
f 385//385 230//230 425//425
f 524//524 391//391 385//385
f 674//674 524//524 385//385
f 577//577 551//551 601//601
f 591//591 579//579 560//560
f 560//560 601//601 591//591
f 551//551 546//546 558//558
f 554//554 588//588 566//566
f 560//560 556//556 540//540
f 560//560 577//577 601//601
f 551//551 577//577 560//560
f 560//560 540//540 551//551
f 579//579 554//554 560//560
f 526//526 560//560 520//520
f 625//625 588//588 618//618
f 255//255 275//275 354//354
f 271//271 260//260 345//345
f 260//260 271//271 207//207
f 207//207 271//271 234//234
f 186//186 156//156 207//207
f 212//212 207//207 144//144
f 142//142 207//207 167//167
f 157//157 207//207 142//142
f 144//144 157//157 142//142
f 144//144 207//207 157//157
f 167//167 207//207 156//156
f 156//156 180//180 207//207
f 156//156 207//207 180//180
f 212//212 260//260 207//207
f 61//61 142//142 51//51
f 22//22 51//51 38//38
f 144//144 142//142 66//66
f 66//66 142//142 61//61
f 51//51 66//66 61//61
f 52//52 60//60 51//51
f 142//142 167//167 51//51
f 288//288 239//239 271//271
f 234//234 271//271 239//239
f 288//288 209//209 239//239
f 211//211 288//288 244//244
f 141//141 209//209 211//211
f 239//239 209//209 234//234
f 156//156 186//186 131//131
f 209//209 71//71 131//131
f 131//131 186//186 209//209
f 141//141 71//71 209//209
f 186//186 207//207 234//234
f 234//234 209//209 186//186
f 141//141 130//130 63//63
f 244//244 246//246 211//211
f 211//211 209//209 288//288
f 228//228 211//211 246//246
f 228//228 198//198 211//211
f 188//188 198//198 228//228
f 179//179 188//188 228//228
f 198//198 188//188 141//141
f 133//133 47//47 188//188
f 68//68 133//133 179//179
f 179//179 150//150 68//68
f 188//188 179//179 133//133
f 156//156 71//71 45//45
f 71//71 156//156 131//131
f 45//45 51//51 156//156
f 50//50 45//45 38//38
f 63//63 38//38 44//44
f 38//38 63//63 27//27
f 45//45 50//50 51//51
f 44//44 45//45 71//71
f 71//71 63//63 44//44
f 45//45 44//44 38//38
f 63//63 71//71 141//141
f 70//70 26//26 47//47
f 47//47 26//26 15//15
f 133//133 68//68 26//26
f 133//133 26//26 70//70
f 188//188 47//47 80//80
f 70//70 47//47 133//133
f 198//198 141//141 211//211
f 141//141 188//188 130//130
f 188//188 80//80 63//63
f 63//63 130//130 188//188
f 47//47 63//63 80//80
f 255//255 226//226 228//228
f 171//171 164//164 120//120
f 171//171 226//226 230//230
f 164//164 171//171 230//230
f 137//137 164//164 230//230
f 171//171 120//120 139//139
f 179//179 139//139 150//150
f 120//120 137//137 101//101
f 137//137 65//65 101//101
f 385//385 218//218 230//230
f 218//218 96//96 230//230
f 139//139 109//109 111//111
f 139//139 111//111 68//68
f 101//101 109//109 139//139
f 230//230 96//96 137//137
f 120//120 101//101 139//139
f 164//164 137//137 120//120
f 96//96 90//90 65//65
f 90//90 96//96 218//218
f 111//111 42//42 68//68
f 65//65 109//109 101//101
f 90//90 54//54 65//65
f 54//54 90//90 59//59
f 137//137 96//96 65//65
f 63//63 47//47 15//15
f 27//27 22//22 38//38
f 2//2 22//22 27//27
f 15//15 9//9 27//27
f 9//9 2//2 27//27
f 63//63 15//15 27//27
f 42//42 26//26 68//68
f 9//9 15//15 26//26
f 26//26 42//42 9//9
f 311//311 385//385 391//391
f 311//311 218//218 385//385
f 311//311 253//253 218//218
f 218//218 169//169 90//90
f 218//218 192//192 169//169
f 253//253 192//192 218//218
f 29//29 9//9 42//42
f 111//111 105//105 42//42
f 109//109 105//105 111//111
f 42//42 31//31 29//29
f 18//18 9//9 29//29
f 31//31 21//21 18//18
f 31//31 76//76 21//21
f 29//29 31//31 18//18
f 78//78 42//42 105//105
f 42//42 78//78 31//31
f 78//78 76//76 31//31
f 105//105 54//54 59//59
f 90//90 92//92 59//59
f 59//59 92//92 88//88
f 92//92 90//90 88//88
f 88//88 192//192 107//107
f 59//59 88//88 78//78
f 88//88 107//107 78//78
f 90//90 169//169 88//88
f 94//94 135//135 86//86
f 94//94 192//192 135//135
f 94//94 86//86 78//78
f 192//192 94//94 107//107
f 94//94 78//78 107//107
f 391//391 216//216 311//311
f 76//76 49//49 18//18
f 18//18 103//103 40//40
f 103//103 118//118 98//98
f 118//118 103//103 159//159
f 49//49 103//103 18//18
f 76//76 103//103 49//49
f 253//253 311//311 135//135
f 311//311 216//216 135//135
f 135//135 216//216 233//233
f 86//86 135//135 76//76
f 183//183 76//76 233//233
f 135//135 233//233 76//76
f 103//103 76//76 183//183
f 183//183 233//233 268//268
f 183//183 175//175 103//103
f 216//216 135//135 196//196
f 196//196 135//135 216//216
f 21//21 76//76 18//18
f 86//86 76//76 78//78
f 253//253 135//135 192//192
f 88//88 169//169 192//192
f 105//105 59//59 78//78
f 9//9 13//13 2//2
f 13//13 9//9 11//11
f 18//18 11//11 9//9
f 18//18 24//24 11//11
f 55//55 2//2 13//13
f 84//84 11//11 57//57
f 57//57 11//11 24//24
f 84//84 13//13 11//11
f 84//84 55//55 13//13
f 33//33 18//18 35//35
f 24//24 18//18 33//33
f 40//40 103//103 35//35
f 98//98 35//35 103//103
f 35//35 118//118 57//57
f 24//24 35//35 57//57
f 35//35 98//98 118//118
f 35//35 24//24 33//33
f 65//65 105//105 109//109
f 54//54 105//105 65//65
f 40//40 35//35 18//18
f 179//179 228//228 226//226
f 226//226 171//171 179//179
f 171//171 139//139 179//179
f 150//150 139//139 68//68
f 833//833 818//818 832//832
f 832//832 854//854 833//833
f 833//833 820//820 800//800
f 833//833 800//800 818//818
f 854//854 847//847 833//833
f 847//847 854//854 832//832
f 845//845 846//846 818//818
f 818//818 846//846 832//832
f 852//852 832//832 851//851
f 852//852 847//847 832//832
f 832//832 844//844 851//851
f 846//846 844//844 832//832
f 847//847 852//852 833//833
f 863//863 869//869 844//844
f 861//861 844//844 857//857
f 795//795 833//833 852//852
f 839//839 851//851 844//844
f 751//751 795//795 852//852
f 789//789 799//799 810//810
f 799//799 786//786 776//776
f 739//739 751//751 716//716
f 824//824 839//839 853//853
f 824//824 851//851 839//839
f 852//852 819//819 770//770
f 770//770 819//819 817//817
f 851//851 824//824 819//819
f 751//751 852//852 747//747
f 747//747 852//852 722//722
f 747//747 700//700 751//751
f 852//852 763//763 722//722
f 770//770 722//722 763//763
f 694//694 700//700 722//722
f 747//747 722//722 700//700
f 852//852 770//770 763//763
f 712//712 789//789 739//739
f 716//716 712//712 739//739
f 719//719 751//751 736//736
f 736//736 751//751 700//700
f 712//712 719//719 789//789
f 716//716 719//719 712//712
f 776//776 674//674 385//385
f 730//730 762//762 789//789
f 786//786 768//768 674//674
f 789//789 786//786 799//799
f 719//719 700//700 709//709
f 736//736 700//700 719//719
f 709//709 730//730 719//719
f 762//762 768//768 789//789
f 768//768 730//730 754//754
f 730//730 684//684 754//754
f 730//730 768//768 762//762
f 684//684 724//724 754//754
f 786//786 789//789 768//768
f 754//754 674//674 768//768
f 700//700 696//696 709//709
f 696//696 730//730 709//709
f 754//754 724//724 674//674
f 789//789 719//719 730//730
f 853//853 817//817 824//824
f 824//824 817//817 819//819
f 838//838 770//770 817//817
f 770//770 756//756 737//737
f 838//838 756//756 770//770
f 862//862 838//838 817//817
f 869//869 838//838 862//862
f 817//817 853//853 862//862
f 836//836 756//756 834//834
f 834//834 756//756 838//838
f 756//756 676//676 722//722
f 836//836 802//802 756//756
f 756//756 802//802 766//766
f 676//676 756//756 698//698
f 684//684 676//676 698//698
f 678//678 676//676 730//730
f 698//698 749//749 726//726
f 737//737 722//722 770//770
f 696//696 694//694 676//676
f 696//696 678//678 730//730
f 696//696 676//676 678//678
f 730//730 676//676 684//684
f 756//756 749//749 698//698
f 716//716 751//751 719//719
f 694//694 696//696 700//700
f 722//722 676//676 694//694
f 737//737 756//756 722//722
f 614//614 524//524 674//674
f 674//674 724//724 614//614
f 614//614 391//391 524//524
f 698//698 707//707 724//724
f 682//682 707//707 698//698
f 682//682 665//665 724//724
f 665//665 682//682 692//692
f 724//724 707//707 682//682
f 667//667 692//692 698//698
f 667//667 698//698 726//726
f 665//665 667//667 672//672
f 614//614 672//672 667//667
f 631//631 572//572 614//614
f 665//665 672//672 614//614
f 724//724 665//665 614//614
f 665//665 692//692 667//667
f 865//865 866//866 869//869
f 865//865 869//869 867//867
f 869//869 866//866 843//843
f 836//836 843//843 835//835
f 840//840 835//835 843//843
f 802//802 835//835 826//826
f 766//766 802//802 749//749
f 802//802 804//804 749//749
f 749//749 804//804 784//784
f 792//792 784//784 814//814
f 804//804 802//802 826//826
f 814//814 784//784 804//804
f 804//804 826//826 812//812
f 826//826 840//840 831//831
f 859//859 849//849 828//828
f 859//859 828//828 849//849
f 780//780 828//828 814//814
f 828//828 792//792 814//814
f 823//823 771//771 840//840
f 831//831 840//840 771//771
f 771//771 812//812 826//826
f 804//804 812//812 780//780
f 828//828 780//780 792//792
f 771//771 741//741 812//812
f 741//741 780//780 812//812
f 771//771 637//637 686//686
f 771//771 686//686 741//741
f 752//752 757//757 823//823
f 823//823 757//757 771//771
f 825//825 840//840 837//837
f 826//826 831//831 771//771
f 780//780 814//814 804//804
f 835//835 840//840 826//826
f 721//721 667//667 726//726
f 721//721 726//726 734//734
f 721//721 702//702 667//667
f 667//667 702//702 639//639
f 743//743 688//688 734//734
f 702//702 734//734 688//688
f 726//726 774//774 734//734
f 734//734 702//702 721//721
f 639//639 641//641 631//631
f 629//629 603//603 631//631
f 629//629 631//631 634//634
f 780//780 732//732 734//734
f 686//686 660//660 688//688
f 688//688 743//743 686//686
f 688//688 658//658 702//702
f 660//660 641//641 688//688
f 688//688 641//641 658//658
f 616//616 660//660 686//686
f 629//629 641//641 660//660
f 629//629 660//660 616//616
f 734//734 732//732 743//743
f 702//702 658//658 641//641
f 702//702 641//641 639//639
f 614//614 639//639 631//631
f 634//634 631//631 641//641
f 634//634 641//641 629//629
f 774//774 784//784 734//734
f 869//869 843//843 836//836
f 869//869 836//836 838//838
f 836//836 834//834 838//838
f 766//766 749//749 756//756
f 802//802 836//836 835//835
f 749//749 784//784 726//726
f 667//667 639//639 651//651
f 614//614 667//667 651//651
f 614//614 651//651 639//639
f 631//631 603//603 572//572
f 844//844 853//853 839//839
f 851//851 819//819 852//852
f 795//795 751//751 739//739
f 786//786 674//674 776//776
f 724//724 684//684 698//698
f 692//692 682//682 698//698
f 792//792 734//734 784//784
f 784//784 774//774 726//726
f 734//734 792//792 780//780
f 741//741 732//732 780//780
f 743//743 732//732 741//741
f 743//743 741//741 686//686
f 352//352 316//316 359//359
f 312//312 352//352 323//323
f 257//257 286//286 316//316
f 326//326 286//286 236//236
f 316//316 286//286 359//359
f 352//352 359//359 346//346
f 366//366 359//359 326//326
f 326//326 359//359 286//286
f 374//374 359//359 366//366
f 366//366 386//386 374//374
f 366//366 369//369 386//386
f 216//216 391//391 233//233
f 391//391 301//301 233//233
f 175//175 183//183 268//268
f 214//214 175//175 268//268
f 301//301 414//414 268//268
f 356//356 268//268 414//414
f 294//294 268//268 356//356
f 294//294 214//214 268//268
f 320//320 250//250 294//294
f 214//214 294//294 250//250
f 301//301 268//268 279//279
f 279//279 233//233 301//301
f 233//233 279//279 268//268
f 528//528 391//391 614//614
f 464//464 430//430 528//528
f 414//414 430//430 464//464
f 341//341 326//326 266//266
f 389//389 373//373 408//408
f 408//408 445//445 402//402
f 402//402 389//389 408//408
f 366//366 361//361 369//369
f 361//361 290//290 307//307
f 307//307 369//369 361//361
f 307//307 277//277 369//369
f 389//389 371//371 329//329
f 318//318 299//299 329//329
f 329//329 350//350 318//318
f 389//389 396//396 371//371
f 396//396 350//350 329//329
f 396//396 329//329 371//371
f 350//350 299//299 318//318
f 326//326 361//361 366//366
f 341//341 290//290 361//361
f 361//361 326//326 341//341
f 378//378 389//389 329//329
f 294//294 358//358 333//333
f 356//356 414//414 373//373
f 358//358 356//356 373//373
f 358//358 373//373 320//320
f 264//264 220//220 250//250
f 329//329 320//320 373//373
f 320//320 242//242 264//264
f 320//320 329//329 242//242
f 373//373 414//414 404//404
f 404//404 414//414 439//439
f 373//373 439//439 408//408
f 378//378 373//373 389//389
f 464//464 408//408 432//432
f 432//432 408//408 439//439
f 414//414 432//432 439//439
f 373//373 404//404 439//439
f 294//294 333//333 320//320
f 378//378 329//329 373//373
f 333//333 358//358 320//320
f 391//391 528//528 430//430
f 391//391 430//430 414//414
f 356//356 358//358 294//294
f 320//320 264//264 250//250
f 391//391 414//414 301//301
f 432//432 414//414 464//464
f 483//483 464//464 528//528
f 408//408 464//464 457//457
f 329//329 299//299 242//242
f 72//72 16//16 1//1
f 1//1 5//5 72//72
f 72//72 199//199 126//126
f 1//1 16//16 3//3
f 2//2 55//55 5//5
f 72//72 55//55 162//162
f 55//55 84//84 82//82
f 82//82 161//161 55//55
f 82//82 84//84 161//161
f 162//162 181//181 72//72
f 257//257 162//162 224//224
f 181//181 162//162 257//257
f 161//161 185//185 55//55
f 206//206 224//224 204//204
f 204//204 185//185 161//161
f 206//206 236//236 224//224
f 224//224 162//162 185//185
f 185//185 204//204 224//224
f 55//55 185//185 162//162
f 155//155 204//204 161//161
f 257//257 256//256 199//199
f 283//283 352//352 312//312
f 352//352 251//251 256//256
f 256//256 316//316 352//352
f 256//256 257//257 316//316
f 224//224 236//236 248//248
f 224//224 286//286 257//257
f 224//224 248//248 286//286
f 55//55 72//72 5//5
f 72//72 181//181 257//257
f 72//72 257//257 199//199
f 74//74 84//84 57//57
f 84//84 113//113 161//161
f 116//116 148//148 125//125
f 113//113 116//116 125//125
f 113//113 84//84 74//74
f 57//57 116//116 74//74
f 113//113 74//74 116//116
f 159//159 146//146 116//116
f 146//146 159//159 173//173
f 116//116 146//146 148//148
f 175//175 173//173 159//159
f 155//155 113//113 125//125
f 155//155 125//125 148//148
f 148//148 204//204 155//155
f 148//148 236//236 204//204
f 236//236 148//148 194//194
f 146//146 152//152 148//148
f 148//148 152//152 177//177
f 146//146 173//173 202//202
f 177//177 152//152 146//146
f 177//177 146//146 202//202
f 220//220 190//190 177//177
f 177//177 190//190 148//148
f 155//155 161//161 113//113
f 123//123 159//159 116//116
f 175//175 202//202 173//173
f 118//118 123//123 116//116
f 250//250 220//220 202//202
f 220//220 177//177 202//202
f 236//236 222//222 326//326
f 326//326 222//222 266//266
f 194//194 238//238 222//222
f 222//222 238//238 266//266
f 242//242 190//190 220//220
f 242//242 238//238 190//190
f 270//270 277//277 238//238
f 299//299 259//259 242//242
f 242//242 259//259 238//238
f 341//341 273//273 290//290
f 238//238 262//262 273//273
f 290//290 277//277 307//307
f 270//270 299//299 277//277
f 303//303 299//299 350//350
f 303//303 350//350 277//277
f 303//303 277//277 299//299
f 273//273 266//266 238//238
f 266//266 273//273 341//341
f 262//262 238//238 277//277
f 270//270 238//238 259//259
f 270//270 259//259 299//299
f 194//194 190//190 238//238
f 273//273 262//262 277//277
f 273//273 277//277 290//290
f 236//236 194//194 222//222
f 148//148 190//190 194//194
f 175//175 214//214 202//202
f 637//637 608//608 623//623
f 608//608 637//637 599//599
f 574//574 585//585 599//599
f 599//599 552//552 574//574
f 608//608 595//595 583//583
f 595//595 608//608 599//599
f 595//595 599//599 585//585
f 552//552 637//637 597//597
f 534//534 574//574 552//552
f 637//637 552//552 599//599
f 437//437 428//428 448//448
f 344//344 346//346 359//359
f 343//343 330//330 344//344
f 344//344 374//374 437//437
f 344//344 437//437 343//343
f 448//448 428//428 386//386
f 374//374 411//411 437//437
f 411//411 428//428 437//437
f 374//374 412//412 411//411
f 412//412 428//428 411//411
f 428//428 412//412 374//374
f 428//428 374//374 386//386
f 462//462 437//437 481//481
f 481//481 552//552 462//462
f 437//437 552//552 481//481
f 448//448 470//470 534//534
f 503//503 534//534 470//470
f 462//462 450//450 343//343
f 462//462 343//343 437//437
f 448//448 552//552 437//437
f 757//757 597//597 771//771
f 637//637 636//636 597//597
f 771//771 597//597 636//636
f 448//448 534//534 552//552
f 450//450 392//392 343//343
f 462//462 552//552 597//597
f 603//603 528//528 572//572
f 483//483 528//528 603//603
f 603//603 497//497 483//483
f 497//497 603//603 509//509
f 581//581 511//511 603//603
f 487//487 491//491 468//468
f 530//530 487//487 511//511
f 487//487 530//530 491//491
f 483//483 497//497 485//485
f 474//474 408//408 457//457
f 474//474 457//457 464//464
f 483//483 485//485 474//474
f 511//511 581//581 530//530
f 487//487 509//509 511//511
f 487//487 474//474 509//509
f 497//497 474//474 485//485
f 474//474 464//464 483//483
f 474//474 497//497 509//509
f 616//616 686//686 608//608
f 583//583 616//616 608//608
f 544//544 570//570 616//616
f 616//616 583//583 544//544
f 544//544 583//583 564//564
f 568//568 570//570 530//530
f 568//568 530//530 581//581
f 568//568 581//581 570//570
f 564//564 574//574 562//562
f 574//574 564//564 585//585
f 581//581 616//616 570//570
f 570//570 544//544 530//530
f 530//530 538//538 503//503
f 503//503 491//491 530//530
f 491//491 503//503 493//493
f 534//534 562//562 574//574
f 562//562 536//536 564//564
f 562//562 503//503 522//522
f 503//503 538//538 536//536
f 503//503 536//536 562//562
f 503//503 562//562 522//522
f 538//538 564//564 536//536
f 562//562 534//534 503//503
f 562//562 574//574 548//548
f 530//530 544//544 538//538
f 544//544 564//564 538//538
f 548//548 574//574 562//562
f 474//474 487//487 452//452
f 511//511 509//509 603//603
f 452//452 459//459 468//468
f 470//470 448//448 416//416
f 443//443 468//468 466//466
f 459//459 487//487 468//468
f 443//443 419//419 452//452
f 452//452 468//468 443//443
f 416//416 443//443 466//466
f 445//445 408//408 452//452
f 408//408 474//474 452//452
f 402//402 419//419 396//396
f 402//402 452//452 419//419
f 369//369 400//400 416//416
f 277//277 400//400 369//369
f 410//410 400//400 419//419
f 400//400 410//410 443//443
f 419//419 350//350 396//396
f 400//400 350//350 419//419
f 416//416 503//503 470//470
f 503//503 466//466 493//493
f 466//466 503//503 416//416
f 493//493 466//466 468//468
f 416//416 400//400 443//443
f 443//443 410//410 419//419
f 452//452 402//402 445//445
f 277//277 350//350 400//400
f 487//487 459//459 452//452
f 491//491 493//493 468//468
f 315//315 343//343 309//309
f 315//315 330//330 343//343
f 352//352 344//344 339//339
f 352//352 346//346 344//344
f 359//359 374//374 344//344
f 396//396 389//389 402//402
f 339//339 344//344 330//330
f 327//327 334//334 352//352
f 352//352 330//330 315//315
f 330//330 352//352 339//339
f 248//248 236//236 286//286
f 123//123 118//118 159//159
f 202//202 214//214 250//250
f 242//242 220//220 264//264
f 204//204 236//236 206//206
f 583//583 595//595 564//564
f 564//564 595//595 585//585
f 448//448 369//369 416//416
f 820//820 833//833 795//795
f 800//800 772//772 805//805
f 818//818 800//800 805//805
f 739//739 797//797 795//795
f 776//776 810//810 799//799
f 175//175 159//159 103//103
f 118//118 116//116 57//57
f 288//288 292//292 244//244
f 282//282 228//228 246//246
f 255//255 230//230 226//226
f 623//623 608//608 686//686
f 637//637 623//623 686//686
f 637//637 771//771 636//636
f 572//572 528//528 614//614
f 629//629 581//581 603//603
f 616//616 581//581 629//629
f 478//478 453//453 495//495
f 531//531 495//495 499//499
f 453//453 478//478 434//434
f 364//364 375//375 434//434
f 375//375 380//380 434//434
f 364//364 434//434 394//394
f 288//288 364//364 363//363
f 635//635 649//649 703//703
f 790//790 772//772 795//795
f 51//51 167//167 156//156
f 51//51 50//50 38//38
f 862//862 853//853 844//844
f 862//862 844//844 869//869
f 251//251 283//283 231//231
f 843//843 860//860 850//850
f 2//2 5//5 6//6
f 541//541 549//549 586//586
f 769//769 764//764 808//808
f 423//423 449//449 422//422
f 199//199 256//256 231//231
f 840//840 825//825 823//823
f 2//2 6//6 7//7
f 260//260 324//324 345//345
f 869//869 863//863 864//864
f 869//869 864//864 868//868
f 805//805 808//808 818//818
f 1//1 4//4 6//6
f 1//1 6//6 5//5
f 144//144 121//121 128//128
f 670//670 646//646 661//661
f 605//605 596//596 621//621
f 345//345 379//379 381//381
f 512//512 446//446 476//476
f 863//863 844//844 861//861
f 199//199 165//165 127//127
f 757//757 752//752 652//652
f 843//843 865//865 860//860
f 22//22 2//2 7//7
f 705//705 661//661 717//717
f 670//670 661//661 705//705
f 345//345 381//381 387//387
f 16//16 36//36 3//3
f 843//843 850//850 840//840
f 144//144 143//143 153//153
f 705//705 717//717 758//758
f 514//514 532//532 541//541
f 597//597 757//757 620//620
f 199//199 208//208 165//165
f 212//212 144//144 153//153
f 260//260 295//295 324//324
f 605//605 621//621 670//670
f 605//605 586//586 596//596
f 586//586 549//549 596//596
f 342//342 345//345 324//324
f 345//345 387//387 422//422
f 446//446 422//422 449//449
f 446//446 449//449 476//476
f 51//51 43//43 52//52
f 869//869 868//868 867//867
f 757//757 652//652 620//620
f 315//315 327//327 352//352
f 66//66 51//51 60//60
f 66//66 60//60 99//99
f 144//144 66//66 99//99
f 144//144 99//99 121//121
f 260//260 280//280 295//295
f 541//541 542//542 549//549
f 541//541 532//532 542//542
f 512//512 532//532 514//514
f 72//72 114//114 36//36
f 72//72 126//126 127//127
f 72//72 127//127 114//114
f 212//212 200//200 240//240
f 705//705 758//758 755//755
f 422//422 387//387 417//417
f 343//343 338//338 309//309
f 597//597 575//575 513//513
f 597//597 620//620 606//606
f 462//462 513//513 450//450
f 343//343 392//392 376//376
f 315//315 308//308 327//327
f 256//256 251//251 231//231
f 199//199 231//231 208//208
f 352//352 334//334 337//337
f 352//352 337//337 323//323
f 823//823 825//825 752//752
f 863//863 861//861 864//864
f 818//818 808//808 845//845
f 22//22 19//19 37//37
f 212//212 240//240 260//260
f 423//423 422//422 417//417
f 423//423 417//417 449//449
f 315//315 309//309 308//308
f 597//597 589//589 575//575
f 866//866 865//865 843//843
f 844//844 856//856 857//857
f 846//846 845//845 855//855
f 846//846 855//855 844//844
f 844//844 855//855 856//856
f 22//22 7//7 19//19
f 144//144 128//128 143//143
f 212//212 153//153 166//166
f 212//212 166//166 200//200
f 260//260 240//240 280//280
f 343//343 376//376 338//338
f 462//462 597//597 513//513
f 597//597 606//606 589//589
f 352//352 283//283 251//251
f 199//199 127//127 126//126
f 16//16 72//72 36//36
f 1//1 3//3 4//4
f 840//840 850//850 837//837
f 769//769 808//808 805//805
f 51//51 37//37 43//43
f 22//22 37//37 51//51
f 670//670 621//621 646//646
f 769//769 758//758 764//764
f 755//755 758//758 769//769
f 345//345 367//367 379//379
f 342//342 324//324 351//351
f 345//345 342//342 351//351
f 345//345 351//351 367//367
f 512//512 476//476 532//532
f 604//604 531//531 635//635
f 368//368 386//386 447//447
f 479//479 446//446 475//475
f 475//475 446//446 453//453
f 453//453 494//494 499//499
f 453//453 499//499 480//480
f 514//514 498//498 541//541
f 514//514 512//512 479//479
f 514//514 479//479 498//498
f 480//480 499//499 498//498
f 531//531 498//498 499//499
f 453//453 480//480 498//498
f 479//479 512//512 446//446
f 479//479 475//475 498//498
f 453//453 498//498 475//475
f 453//453 380//380 433//433
f 345//345 331//331 380//380
f 364//364 380//380 331//331
f 364//364 271//271 287//287
f 331//331 345//345 271//271
f 271//271 364//364 331//331
f 380//380 364//364 375//375
f 380//380 422//422 345//345
f 422//422 380//380 446//446
f 380//380 453//453 446//446
f 649//649 604//604 635//635
f 632//632 649//649 704//704
f 710//710 649//649 703//703
f 759//759 704//704 703//703
f 704//704 759//759 760//760
f 710//710 703//703 704//704
f 755//755 759//759 769//769
f 772//772 769//769 759//759
f 772//772 805//805 769//769
f 772//772 820//820 800//800
f 795//795 820//820 772//772
f 760//760 759//759 755//755
f 760//760 705//705 704//704
f 760//760 755//755 705//705
f 704//704 705//705 670//670
f 704//704 649//649 710//710
f 541//541 498//498 586//586
f 531//531 604//604 586//586
f 498//498 531//531 586//586
f 604//604 619//619 704//704
f 605//605 586//586 670//670
f 670//670 586//586 704//704
f 604//604 704//704 586//586
f 704//704 619//619 632//632
f 649//649 619//619 604//604
f 649//649 632//632 619//619
f 517//517 525//525 555//555
f 559//559 555//555 525//525
f 506//506 519//519 525//525
f 397//397 426//426 420//420
f 420//420 362//362 347//347
f 420//420 347//347 397//397
f 291//291 313//313 362//362
f 313//313 347//347 362//362
f 313//313 321//321 347//347
f 362//362 420//420 393//393
f 405//405 426//426 397//397
f 335//335 382//382 405//405
f 335//335 347//347 296//296
f 347//347 405//405 397//397
f 335//335 353//353 382//382
f 335//335 405//405 347//347
f 284//284 296//296 321//321
f 243//243 245//245 313//313
f 284//284 313//313 245//245
f 281//281 296//296 245//245
f 296//296 284//284 245//245
f 296//296 353//353 335//335
f 296//296 281//281 353//353
f 274//274 353//353 281//281
f 281//281 227//227 274//274
f 296//296 304//304 335//335
f 335//335 304//304 296//296
f 519//519 506//506 525//525
f 525//525 517//517 519//519
f 539//539 519//519 517//517
f 517//517 555//555 539//539
f 433//433 393//393 488//488
f 393//393 420//420 435//435
f 460//460 488//488 393//393
f 435//435 460//460 393//393
f 494//494 545//545 531//531
f 545//545 557//557 531//531
f 539//539 550//550 488//488
f 488//488 550//550 494//494
f 559//559 539//539 553//553
f 515//515 488//488 460//460
f 488//488 515//515 539//539
f 494//494 477//477 433//433
f 494//494 433//433 488//488
f 539//539 559//559 519//519
f 545//545 494//494 550//550
f 440//440 435//435 426//426
f 440//440 426//426 405//405
f 405//405 471//471 440//440
f 471//471 460//460 440//440
f 515//515 460//460 504//504
f 504//504 460//460 471//471
f 471//471 405//405 454//454
f 460//460 435//435 440//440
f 504//504 454//454 565//565
f 539//539 504//504 553//553
f 553//553 504//504 565//565
f 471//471 454//454 504//504
f 393//393 364//364 362//362
f 291//291 362//362 287//287
f 313//313 291//291 243//243
f 353//353 229//229 382//382
f 454//454 405//405 382//382
f 424//424 454//454 382//382
f 424//424 382//382 229//229
f 426//426 435//435 420//420
f 321//321 296//296 347//347
f 321//321 313//313 284//284
f 515//515 504//504 539//539
f 254//254 274//274 227//227
f 229//229 353//353 254//254
f 611//611 653//653 600//600
f 611//611 609//609 642//642
f 611//611 600//600 590//590
f 821//821 793//793 777//777
f 777//777 793//793 821//821
f 644//644 793//793 777//777
f 703//703 635//635 689//689
f 626//626 777//777 668//668
f 653//653 626//626 668//668
f 793//793 644//644 668//668
f 626//626 653//653 647//647
f 653//653 689//689 647//647
f 653//653 611//611 642//642
f 653//653 668//668 644//644
f 647//647 689//689 635//635
f 777//777 626//626 644//644
f 644//644 626//626 600//600
f 600//600 653//653 644//644
f 668//668 777//777 793//793
f 617//617 642//642 609//609
f 653//653 679//679 689//689
f 655//655 679//679 624//624
f 624//624 679//679 653//653
f 759//759 703//703 787//787
f 689//689 787//787 703//703
f 787//787 689//689 781//781
f 781//781 689//689 744//744
f 759//759 787//787 772//772
f 787//787 790//790 772//772
f 781//781 795//795 787//787
f 790//790 787//787 795//795
f 781//781 806//806 796//796
f 796//796 809//809 738//738
f 796//796 815//815 809//809
f 795//795 781//781 796//796
f 662//662 727//727 655//655
f 744//744 815//815 781//781
f 744//744 655//655 815//815
f 815//815 655//655 727//727
f 781//781 815//815 806//806
f 809//809 788//788 738//738
f 809//809 815//815 775//775
f 815//815 727//727 775//775
f 744//744 689//689 713//713
f 679//679 744//744 713//713
f 655//655 744//744 679//679
f 841//841 821//821 829//829
f 841//841 829//829 821//821
f 590//590 617//617 611//611
f 611//611 617//617 609//609
f 624//624 642//642 617//617
f 624//624 653//653 642//642
f 713//713 689//689 679//679
f 796//796 806//806 815//815
f 626//626 647//647 635//635
f 635//635 531//531 592//592
f 557//557 592//592 531//531
f 635//635 592//592 626//626
f 587//587 590//590 553//553
f 553//553 590//590 578//578
f 550//550 600//600 592//592
f 592//592 557//557 550//550
f 592//592 600//600 626//626
f 590//590 587//587 617//617
f 624//624 587//587 565//565
f 565//565 500//500 624//624
f 565//565 454//454 500//500
f 500//500 454//454 424//424
f 655//655 624//624 500//500
f 384//384 655//655 500//500
f 384//384 662//662 655//655
f 384//384 727//727 662//662
f 775//775 727//727 384//384
f 384//384 500//500 424//424
f 384//384 424//424 229//229
f 523//523 384//384 390//390
f 673//673 384//384 523//523
f 576//576 600//600 550//550
f 590//590 559//559 578//578
f 559//559 590//590 600//600
f 550//550 557//557 545//545
f 553//553 565//565 587//587
f 559//559 539//539 555//555
f 559//559 600//600 576//576
f 550//550 559//559 576//576
f 559//559 550//550 539//539
f 578//578 559//559 553//553
f 525//525 519//519 559//559
f 624//624 617//617 587//587
f 254//254 353//353 274//274
f 271//271 345//345 260//260
f 260//260 207//207 271//271
f 207//207 234//234 271//271
f 186//186 207//207 156//156
f 212//212 144//144 207//207
f 142//142 167//167 207//207
f 157//157 142//142 207//207
f 144//144 142//142 157//157
f 144//144 157//157 207//207
f 167//167 156//156 207//207
f 156//156 207//207 180//180
f 156//156 180//180 207//207
f 212//212 207//207 260//260
f 61//61 51//51 142//142
f 22//22 38//38 51//51
f 144//144 66//66 142//142
f 66//66 61//61 142//142
f 51//51 61//61 66//66
f 52//52 51//51 60//60
f 142//142 51//51 167//167
f 287//287 271//271 239//239
f 234//234 239//239 271//271
f 287//287 239//239 209//209
f 210//210 243//243 287//287
f 140//140 210//210 209//209
f 239//239 234//234 209//209
f 156//156 131//131 186//186
f 209//209 131//131 71//71
f 131//131 209//209 186//186
f 140//140 209//209 71//71
f 186//186 234//234 207//207
f 234//234 186//186 209//209
f 140//140 62//62 129//129
f 243//243 210//210 245//245
f 210//210 287//287 209//209
f 227//227 245//245 210//210
f 227//227 210//210 197//197
f 187//187 227//227 197//197
f 178//178 227//227 187//187
f 197//197 140//140 187//187
f 132//132 187//187 46//46
f 67//67 178//178 132//132
f 178//178 67//67 149//149
f 187//187 132//132 178//178
f 156//156 45//45 71//71
f 71//71 131//131 156//156
f 45//45 156//156 51//51
f 50//50 38//38 45//45
f 62//62 44//44 38//38
f 38//38 27//27 62//62
f 45//45 51//51 50//50
f 44//44 71//71 45//45
f 71//71 44//44 62//62
f 45//45 38//38 44//44
f 62//62 140//140 71//71
f 69//69 46//46 25//25
f 46//46 14//14 25//25
f 132//132 25//25 67//67
f 132//132 69//69 25//25
f 187//187 79//79 46//46
f 69//69 132//132 46//46
f 197//197 210//210 140//140
f 140//140 129//129 187//187
f 187//187 62//62 79//79
f 62//62 187//187 129//129
f 46//46 79//79 62//62
f 254//254 227//227 225//225
f 170//170 119//119 163//163
f 170//170 229//229 225//225
f 163//163 229//229 170//170
f 136//136 229//229 163//163
f 170//170 138//138 119//119
f 178//178 149//149 138//138
f 119//119 100//100 136//136
f 136//136 100//100 64//64
f 384//384 229//229 217//217
f 217//217 229//229 95//95
f 138//138 110//110 108//108
f 138//138 67//67 110//110
f 100//100 138//138 108//108
f 229//229 136//136 95//95
f 119//119 138//138 100//100
f 163//163 119//119 136//136
f 95//95 64//64 89//89
f 89//89 217//217 95//95
f 110//110 67//67 41//41
f 64//64 100//100 108//108
f 89//89 64//64 53//53
f 53//53 58//58 89//89
f 136//136 64//64 95//95
f 62//62 14//14 46//46
f 27//27 38//38 22//22
f 2//2 27//27 22//22
f 14//14 27//27 8//8
f 8//8 27//27 2//2
f 62//62 27//27 14//14
f 41//41 67//67 25//25
f 8//8 25//25 14//14
f 25//25 8//8 41//41
f 310//310 390//390 384//384
f 310//310 384//384 217//217
f 310//310 217//217 252//252
f 217//217 89//89 168//168
f 217//217 168//168 191//191
f 252//252 217//217 191//191
f 28//28 41//41 8//8
f 110//110 41//41 104//104
f 108//108 110//110 104//104
f 41//41 28//28 30//30
f 17//17 28//28 8//8
f 30//30 17//17 20//20
f 30//30 20//20 75//75
f 28//28 17//17 30//30
f 77//77 104//104 41//41
f 41//41 30//30 77//77
f 77//77 30//30 75//75
f 104//104 58//58 53//53
f 89//89 58//58 91//91
f 58//58 87//87 91//91
f 91//91 87//87 89//89
f 87//87 106//106 191//191
f 58//58 77//77 87//87
f 87//87 77//77 106//106
f 89//89 87//87 168//168
f 93//93 85//85 134//134
f 93//93 134//134 191//191
f 93//93 77//77 85//85
f 191//191 106//106 93//93
f 93//93 106//106 77//77
f 390//390 310//310 215//215
f 75//75 17//17 48//48
f 17//17 39//39 102//102
f 102//102 97//97 117//117
f 117//117 158//158 102//102
f 48//48 17//17 102//102
f 75//75 48//48 102//102
f 252//252 134//134 310//310
f 310//310 134//134 215//215
f 134//134 232//232 215//215
f 85//85 75//75 134//134
f 182//182 232//232 75//75
f 134//134 75//75 232//232
f 102//102 182//182 75//75
f 182//182 267//267 232//232
f 182//182 102//102 174//174
f 215//215 195//195 134//134
f 195//195 215//215 134//134
f 20//20 17//17 75//75
f 85//85 77//77 75//75
f 252//252 191//191 134//134
f 87//87 191//191 168//168
f 104//104 77//77 58//58
f 8//8 2//2 12//12
f 12//12 10//10 8//8
f 17//17 8//8 10//10
f 17//17 10//10 23//23
f 55//55 12//12 2//2
f 83//83 56//56 10//10
f 56//56 23//23 10//10
f 83//83 10//10 12//12
f 83//83 12//12 55//55
f 32//32 34//34 17//17
f 23//23 32//32 17//17
f 39//39 34//34 102//102
f 97//97 102//102 34//34
f 34//34 56//56 117//117
f 23//23 56//56 34//34
f 34//34 117//117 97//97
f 34//34 32//32 23//23
f 64//64 108//108 104//104
f 53//53 64//64 104//104
f 39//39 17//17 34//34
f 178//178 225//225 227//227
f 225//225 178//178 170//170
f 170//170 178//178 138//138
f 149//149 67//67 138//138
f 833//833 832//832 818//818
f 832//832 833//833 854//854
f 833//833 800//800 820//820
f 833//833 818//818 800//800
f 854//854 833//833 847//847
f 847//847 832//832 854//854
f 845//845 818//818 846//846
f 818//818 832//832 846//846
f 852//852 851//851 832//832
f 852//852 832//832 847//847
f 832//832 851//851 844//844
f 846//846 832//832 844//844
f 847//847 833//833 852//852
f 863//863 844//844 869//869
f 861//861 857//857 844//844
f 795//795 852//852 833//833
f 839//839 844//844 851//851
f 750//750 852//852 795//795
f 788//788 809//809 798//798
f 798//798 775//775 785//785
f 738//738 715//715 750//750
f 824//824 853//853 839//839
f 824//824 839//839 851//851
f 852//852 770//770 819//819
f 770//770 817//817 819//819
f 851//851 819//819 824//824
f 750//750 746//746 852//852
f 746//746 722//722 852//852
f 746//746 750//750 699//699
f 852//852 722//722 763//763
f 770//770 763//763 722//722
f 693//693 722//722 699//699
f 746//746 699//699 722//722
f 852//852 763//763 770//770
f 711//711 738//738 788//788
f 715//715 738//738 711//711
f 718//718 735//735 750//750
f 735//735 699//699 750//750
f 711//711 788//788 718//718
f 715//715 711//711 718//718
f 775//775 384//384 673//673
f 729//729 788//788 761//761
f 785//785 673//673 767//767
f 788//788 798//798 785//785
f 718//718 708//708 699//699
f 735//735 718//718 699//699
f 708//708 718//718 729//729
f 761//761 788//788 767//767
f 767//767 753//753 729//729
f 729//729 753//753 683//683
f 729//729 761//761 767//767
f 683//683 753//753 723//723
f 785//785 767//767 788//788
f 753//753 767//767 673//673
f 699//699 708//708 695//695
f 695//695 708//708 729//729
f 753//753 673//673 723//723
f 788//788 729//729 718//718
f 853//853 824//824 817//817
f 824//824 819//819 817//817
f 838//838 817//817 770//770
f 770//770 737//737 756//756
f 838//838 770//770 756//756
f 862//862 817//817 838//838
f 869//869 862//862 838//838
f 817//817 862//862 853//853
f 836//836 834//834 756//756
f 834//834 838//838 756//756
f 756//756 722//722 675//675
f 836//836 756//756 801//801
f 756//756 765//765 801//801
f 675//675 697//697 756//756
f 683//683 697//697 675//675
f 677//677 729//729 675//675
f 697//697 725//725 748//748
f 737//737 770//770 722//722
f 695//695 675//675 693//693
f 695//695 729//729 677//677
f 695//695 677//677 675//675
f 729//729 683//683 675//675
f 756//756 697//697 748//748
f 715//715 718//718 750//750
f 693//693 699//699 695//695
f 722//722 693//693 675//675
f 737//737 722//722 756//756
f 613//613 673//673 523//523
f 673//673 613//613 723//723
f 613//613 523//523 390//390
f 697//697 723//723 706//706
f 681//681 697//697 706//706
f 681//681 723//723 664//664
f 664//664 691//691 681//681
f 723//723 681//681 706//706
f 666//666 697//697 691//691
f 666//666 725//725 697//697
f 664//664 671//671 666//666
f 613//613 666//666 671//671
f 630//630 613//613 571//571
f 664//664 613//613 671//671
f 723//723 613//613 664//664
f 664//664 666//666 691//691
f 865//865 869//869 866//866
f 865//865 867//867 869//869
f 869//869 843//843 866//866
f 836//836 835//835 843//843
f 840//840 843//843 835//835
f 801//801 826//826 835//835
f 765//765 748//748 801//801
f 801//801 748//748 803//803
f 748//748 783//783 803//803
f 791//791 813//813 783//783
f 803//803 826//826 801//801
f 813//813 803//803 783//783
f 803//803 811//811 826//826
f 826//826 831//831 840//840
f 858//858 827//827 848//848
f 858//858 848//848 827//827
f 779//779 813//813 827//827
f 827//827 813//813 791//791
f 823//823 840//840 771//771
f 831//831 771//771 840//840
f 771//771 826//826 811//811
f 803//803 779//779 811//811
f 827//827 791//791 779//779
f 771//771 811//811 740//740
f 740//740 811//811 779//779
f 771//771 685//685 637//637
f 771//771 740//740 685//685
f 752//752 823//823 757//757
f 823//823 771//771 757//757
f 825//825 837//837 840//840
f 826//826 771//771 831//831
f 779//779 803//803 813//813
f 835//835 826//826 840//840
f 720//720 725//725 666//666
f 720//720 733//733 725//725
f 720//720 666//666 701//701
f 666//666 638//638 701//701
f 742//742 733//733 687//687
f 701//701 687//687 733//733
f 725//725 733//733 773//773
f 733//733 720//720 701//701
f 638//638 630//630 640//640
f 628//628 630//630 602//602
f 628//628 633//633 630//630
f 779//779 733//733 731//731
f 685//685 687//687 659//659
f 687//687 685//685 742//742
f 687//687 701//701 657//657
f 659//659 687//687 640//640
f 687//687 657//657 640//640
f 615//615 685//685 659//659
f 628//628 659//659 640//640
f 628//628 615//615 659//659
f 733//733 742//742 731//731
f 701//701 640//640 657//657
f 701//701 638//638 640//640
f 613//613 630//630 638//638
f 633//633 640//640 630//630
f 633//633 628//628 640//640
f 773//773 733//733 783//783
f 869//869 836//836 843//843
f 869//869 838//838 836//836
f 836//836 838//838 834//834
f 765//765 756//756 748//748
f 801//801 835//835 836//836
f 748//748 725//725 783//783
f 666//666 650//650 638//638
f 613//613 650//650 666//666
f 613//613 638//638 650//650
f 630//630 571//571 602//602
f 844//844 839//839 853//853
f 851//851 852//852 819//819
f 795//795 738//738 750//750
f 785//785 775//775 673//673
f 723//723 697//697 683//683
f 691//691 697//697 681//681
f 791//791 783//783 733//733
f 783//783 725//725 773//773
f 733//733 779//779 791//791
f 740//740 779//779 731//731
f 742//742 740//740 731//731
f 742//742 685//685 740//740
f 352//352 359//359 316//316
f 312//312 323//323 352//352
f 257//257 316//316 286//286
f 325//325 235//235 286//286
f 316//316 359//359 286//286
f 352//352 346//346 359//359
f 365//365 325//325 359//359
f 325//325 286//286 359//359
f 374//374 365//365 359//359
f 365//365 374//374 386//386
f 365//365 386//386 368//368
f 215//215 232//232 390//390
f 390//390 232//232 300//300
f 174//174 267//267 182//182
f 213//213 267//267 174//174
f 300//300 267//267 413//413
f 355//355 413//413 267//267
f 293//293 355//355 267//267
f 293//293 267//267 213//213
f 319//319 293//293 249//249
f 213//213 249//249 293//293
f 300//300 278//278 267//267
f 278//278 300//300 232//232
f 232//232 267//267 278//278
f 527//527 613//613 390//390
f 463//463 527//527 429//429
f 413//413 463//463 429//429
f 340//340 265//265 325//325
f 388//388 407//407 372//372
f 407//407 401//401 444//444
f 401//401 407//407 388//388
f 365//365 368//368 360//360
f 360//360 306//306 289//289
f 306//306 360//360 368//368
f 306//306 368//368 276//276
f 388//388 328//328 370//370
f 317//317 328//328 298//298
f 328//328 317//317 349//349
f 388//388 370//370 395//395
f 395//395 328//328 349//349
f 395//395 370//370 328//328
f 349//349 317//317 298//298
f 325//325 365//365 360//360
f 340//340 360//360 289//289
f 360//360 340//340 325//325
f 377//377 328//328 388//388
f 293//293 332//332 357//357
f 355//355 372//372 413//413
f 357//357 372//372 355//355
f 357//357 319//319 372//372
f 263//263 249//249 219//219
f 328//328 372//372 319//319
f 319//319 263//263 241//241
f 319//319 241//241 328//328
f 372//372 403//403 413//413
f 403//403 438//438 413//413
f 372//372 407//407 438//438
f 377//377 388//388 372//372
f 463//463 431//431 407//407
f 431//431 438//438 407//407
f 413//413 438//438 431//431
f 372//372 438//438 403//403
f 293//293 319//319 332//332
f 377//377 372//372 328//328
f 332//332 319//319 357//357
f 390//390 429//429 527//527
f 390//390 413//413 429//429
f 355//355 293//293 357//357
f 319//319 249//249 263//263
f 390//390 300//300 413//413
f 431//431 463//463 413//413
f 482//482 527//527 463//463
f 407//407 456//456 463//463
f 328//328 241//241 298//298
f 72//72 1//1 16//16
f 1//1 72//72 5//5
f 72//72 126//126 199//199
f 1//1 3//3 16//16
f 2//2 5//5 55//55
f 72//72 162//162 55//55
f 55//55 81//81 83//83
f 81//81 55//55 160//160
f 81//81 160//160 83//83
f 162//162 72//72 181//181
f 257//257 223//223 162//162
f 181//181 257//257 162//162
f 160//160 55//55 184//184
f 205//205 203//203 223//223
f 203//203 160//160 184//184
f 205//205 223//223 235//235
f 223//223 184//184 162//162
f 184//184 223//223 203//203
f 55//55 162//162 184//184
f 154//154 160//160 203//203
f 257//257 199//199 256//256
f 283//283 312//312 352//352
f 352//352 256//256 251//251
f 256//256 352//352 316//316
f 256//256 316//316 257//257
f 223//223 247//247 235//235
f 223//223 257//257 286//286
f 223//223 286//286 247//247
f 55//55 5//5 72//72
f 72//72 257//257 181//181
f 72//72 199//199 257//257
f 73//73 56//56 83//83
f 83//83 160//160 112//112
f 115//115 124//124 147//147
f 112//112 124//124 115//115
f 112//112 73//73 83//83
f 56//56 73//73 115//115
f 112//112 115//115 73//73
f 158//158 115//115 145//145
f 145//145 172//172 158//158
f 115//115 147//147 145//145
f 174//174 158//158 172//172
f 154//154 124//124 112//112
f 154//154 147//147 124//124
f 147//147 154//154 203//203
f 147//147 203//203 235//235
f 235//235 193//193 147//147
f 145//145 147//147 151//151
f 147//147 176//176 151//151
f 145//145 201//201 172//172
f 176//176 145//145 151//151
f 176//176 201//201 145//145
f 219//219 176//176 189//189
f 176//176 147//147 189//189
f 154//154 112//112 160//160
f 122//122 115//115 158//158
f 174//174 172//172 201//201
f 117//117 115//115 122//122
f 249//249 201//201 219//219
f 219//219 201//201 176//176
f 235//235 325//325 221//221
f 325//325 265//265 221//221
f 193//193 221//221 237//237
f 221//221 265//265 237//237
f 241//241 219//219 189//189
f 241//241 189//189 237//237
f 269//269 237//237 276//276
f 298//298 241//241 258//258
f 241//241 237//237 258//258
f 340//340 289//289 272//272
f 237//237 272//272 261//261
f 289//289 306//306 276//276
f 269//269 276//276 298//298
f 302//302 349//349 298//298
f 302//302 276//276 349//349
f 302//302 298//298 276//276
f 272//272 237//237 265//265
f 265//265 340//340 272//272
f 261//261 276//276 237//237
f 269//269 258//258 237//237
f 269//269 298//298 258//258
f 193//193 237//237 189//189
f 272//272 276//276 261//261
f 272//272 289//289 276//276
f 235//235 221//221 193//193
f 147//147 193//193 189//189
f 174//174 201//201 213//213
f 637//637 622//622 607//607
f 607//607 598//598 637//637
f 573//573 598//598 584//584
f 598//598 573//573 552//552
f 607//607 582//582 594//594
f 594//594 598//598 607//607
f 594//594 584//584 598//598
f 552//552 597//597 637//637
f 533//533 552//552 573//573
f 637//637 598//598 552//552
f 437//437 447//447 428//428
f 344//344 359//359 346//346
f 343//343 344//344 330//330
f 344//344 437//437 374//374
f 344//344 343//343 437//437
f 447//447 386//386 428//428
f 374//374 437//437 411//411
f 411//411 437//437 428//428
f 374//374 411//411 412//412
f 412//412 411//411 428//428
f 428//428 374//374 412//412
f 428//428 386//386 374//374
f 462//462 481//481 437//437
f 481//481 462//462 552//552
f 437//437 481//481 552//552
f 447//447 533//533 469//469
f 502//502 469//469 533//533
f 462//462 343//343 450//450
f 462//462 437//437 343//343
f 447//447 437//437 552//552
f 757//757 771//771 597//597
f 637//637 597//597 636//636
f 771//771 636//636 597//597
f 447//447 552//552 533//533
f 450//450 343//343 392//392
f 462//462 597//597 552//552
f 602//602 571//571 527//527
f 482//482 602//602 527//527
f 602//602 482//482 496//496
f 496//496 508//508 602//602
f 580//580 602//602 510//510
f 486//486 467//467 490//490
f 529//529 510//510 486//486
f 486//486 490//490 529//529
f 482//482 484//484 496//496
f 473//473 456//456 407//407
f 473//473 463//463 456//456
f 482//482 473//473 484//484
f 510//510 529//529 580//580
f 486//486 510//510 508//508
f 486//486 508//508 473//473
f 496//496 484//484 473//473
f 473//473 482//482 463//463
f 473//473 508//508 496//496
f 615//615 607//607 685//685
f 582//582 607//607 615//615
f 543//543 615//615 569//569
f 615//615 543//543 582//582
f 543//543 563//563 582//582
f 567//567 529//529 569//569
f 567//567 580//580 529//529
f 567//567 569//569 580//580
f 563//563 561//561 573//573
f 573//573 584//584 563//563
f 580//580 569//569 615//615
f 569//569 529//529 543//543
f 529//529 502//502 537//537
f 502//502 529//529 490//490
f 490//490 492//492 502//502
f 533//533 573//573 561//561
f 561//561 563//563 535//535
f 561//561 521//521 502//502
f 502//502 535//535 537//537
f 502//502 561//561 535//535
f 502//502 521//521 561//561
f 537//537 535//535 563//563
f 561//561 502//502 533//533
f 561//561 547//547 573//573
f 529//529 537//537 543//543
f 543//543 537//537 563//563
f 547//547 561//561 573//573
f 473//473 451//451 486//486
f 510//510 602//602 508//508
f 451//451 467//467 458//458
f 469//469 415//415 447//447
f 442//442 465//465 467//467
f 458//458 467//467 486//486
f 442//442 451//451 418//418
f 451//451 442//442 467//467
f 415//415 465//465 442//442
f 444//444 451//451 407//407
f 407//407 451//451 473//473
f 401//401 395//395 418//418
f 401//401 418//418 451//451
f 368//368 415//415 399//399
f 276//276 368//368 399//399
f 409//409 418//418 399//399
f 399//399 442//442 409//409
f 418//418 395//395 349//349
f 399//399 418//418 349//349
f 415//415 469//469 502//502
f 502//502 492//492 465//465
f 465//465 415//415 502//502
f 492//492 467//467 465//465
f 415//415 442//442 399//399
f 442//442 418//418 409//409
f 451//451 444//444 401//401
f 276//276 399//399 349//349
f 486//486 451//451 458//458
f 490//490 467//467 492//492
f 315//315 309//309 343//343
f 315//315 343//343 330//330
f 352//352 339//339 344//344
f 352//352 344//344 346//346
f 359//359 344//344 374//374
f 395//395 401//401 388//388
f 339//339 330//330 344//344
f 327//327 352//352 334//334
f 352//352 315//315 330//330
f 330//330 339//339 352//352
f 247//247 286//286 235//235
f 122//122 158//158 117//117
f 201//201 249//249 213//213
f 241//241 263//263 219//219
f 203//203 205//205 235//235
f 582//582 563//563 594//594
f 563//563 584//584 594//594
f 447//447 415//415 368//368
f 820//820 795//795 833//833
f 800//800 805//805 772//772
f 818//818 805//805 800//800
f 738//738 795//795 796//796
f 775//775 798//798 809//809
f 174//174 102//102 158//158
f 117//117 56//56 115//115
f 287//287 243//243 291//291
f 281//281 245//245 227//227
f 254//254 225//225 229//229
f 622//622 685//685 607//607
f 637//637 685//685 622//622
f 637//637 636//636 771//771
f 571//571 613//613 527//527
f 628//628 602//602 580//580
f 615//615 628//628 580//580
f 477//477 494//494 453//453
f 531//531 499//499 494//494
f 453//453 433//433 477//477
f 364//364 433//433 375//375
f 375//375 433//433 380//380
f 364//364 393//393 433//433
f 287//287 362//362 364//364
f 635//635 703//703 649//649
f 790//790 795//795 772//772
f 51//51 156//156 167//167
f 51//51 38//38 50//50
f 862//862 844//844 853//853
f 862//862 869//869 844//844
f 251//251 231//231 283//283
f 843//843 850//850 860//860
f 2//2 6//6 5//5
f 541//541 586//586 549//549
f 769//769 808//808 764//764
f 423//423 422//422 449//449
f 199//199 231//231 256//256
f 840//840 823//823 825//825
f 2//2 7//7 6//6
f 260//260 345//345 324//324
f 869//869 864//864 863//863
f 869//869 868//868 864//864
f 805//805 818//818 808//808
f 1//1 6//6 4//4
f 1//1 5//5 6//6
f 144//144 128//128 121//121
f 670//670 661//661 646//646
f 605//605 621//621 596//596
f 345//345 381//381 379//379
f 512//512 476//476 446//446
f 863//863 861//861 844//844
f 199//199 127//127 165//165
f 757//757 652//652 752//752
f 843//843 860//860 865//865
f 22//22 7//7 2//2
f 705//705 717//717 661//661
f 670//670 705//705 661//661
f 345//345 387//387 381//381
f 16//16 3//3 36//36
f 843//843 840//840 850//850
f 144//144 153//153 143//143
f 705//705 758//758 717//717
f 514//514 541//541 532//532
f 597//597 620//620 757//757
f 199//199 165//165 208//208
f 212//212 153//153 144//144
f 260//260 324//324 295//295
f 605//605 670//670 621//621
f 605//605 596//596 586//586
f 586//586 596//596 549//549
f 342//342 324//324 345//345
f 345//345 422//422 387//387
f 446//446 449//449 422//422
f 446//446 476//476 449//449
f 51//51 52//52 43//43
f 869//869 867//867 868//868
f 757//757 620//620 652//652
f 315//315 352//352 327//327
f 66//66 60//60 51//51
f 66//66 99//99 60//60
f 144//144 99//99 66//66
f 144//144 121//121 99//99
f 260//260 295//295 280//280
f 541//541 549//549 542//542
f 541//541 542//542 532//532
f 512//512 514//514 532//532
f 72//72 36//36 114//114
f 72//72 127//127 126//126
f 72//72 114//114 127//127
f 212//212 240//240 200//200
f 705//705 755//755 758//758
f 422//422 417//417 387//387
f 343//343 309//309 338//338
f 597//597 513//513 575//575
f 597//597 606//606 620//620
f 462//462 450//450 513//513
f 343//343 376//376 392//392
f 315//315 327//327 308//308
f 256//256 231//231 251//251
f 199//199 208//208 231//231
f 352//352 337//337 334//334
f 352//352 323//323 337//337
f 823//823 752//752 825//825
f 863//863 864//864 861//861
f 818//818 845//845 808//808
f 22//22 37//37 19//19
f 212//212 260//260 240//240
f 423//423 417//417 422//422
f 423//423 449//449 417//417
f 315//315 308//308 309//309
f 597//597 575//575 589//589
f 866//866 843//843 865//865
f 844//844 857//857 856//856
f 846//846 855//855 845//845
f 846//846 844//844 855//855
f 844//844 856//856 855//855
f 22//22 19//19 7//7
f 144//144 143//143 128//128
f 212//212 166//166 153//153
f 212//212 200//200 166//166
f 260//260 280//280 240//240
f 343//343 338//338 376//376
f 462//462 513//513 597//597
f 597//597 589//589 606//606
f 352//352 251//251 283//283
f 199//199 126//126 127//127
f 16//16 36//36 72//72
f 1//1 4//4 3//3
f 840//840 837//837 850//850
f 769//769 805//805 808//808
f 51//51 43//43 37//37
f 22//22 51//51 37//37
f 670//670 646//646 621//621
f 769//769 764//764 758//758
f 755//755 769//769 758//758
f 345//345 379//379 367//367
f 342//342 351//351 324//324
f 345//345 351//351 342//342
f 345//345 367//367 351//351
f 512//512 532//532 476//476
