# convertido de flygym/NeuroMechFly (c_thorax)
v -1.02334 0.00000 0.31207
v -1.02138 0.00000 0.32627
v -1.01987 0.00000 0.30445
v -1.01837 0.00000 0.34343
v -1.01298 0.00000 0.33775
v -1.00709 0.00000 0.35585
v -0.99923 0.00000 0.36247
v -0.98926 0.00000 0.28052
v -0.98084 0.00000 0.13275
v -0.98016 0.00000 0.13067
v -0.97895 0.00000 0.27159
v -0.97559 0.00000 0.13655
v -0.97511 0.00000 0.26861
v -0.97177 0.00000 0.20584
v -0.97018 0.00000 0.11697
v -0.97012 0.00000 0.20588
v -0.96962 0.00000 0.20458
v -0.96871 -0.13981 0.09061
v -0.96871 0.13981 0.09061
v -0.96697 0.00000 0.20208
v -0.96692 0.00000 0.21013
v -0.96405 0.00000 0.14574
v -0.96280 0.00000 0.14905
v -0.95787 0.00000 0.24630
v -0.95740 0.00000 0.24665
v -0.95718 0.00000 0.24796
v -0.95676 0.00000 0.32418
v -0.95607 0.00000 0.24734
v -0.95566 0.00000 0.24634
v -0.95119 -0.10674 0.27077
v -0.95119 0.10674 0.27077
v -0.94915 0.00000 0.27947
v -0.94676 0.00000 0.25228
v -0.94600 0.00000 0.27878
v -0.94537 0.00000 0.27964
v -0.94491 0.00000 0.16010
v -0.94451 0.00000 0.15774
v -0.94129 0.00000 0.17456
v -0.94075 0.00000 0.28008
v -0.94070 0.00000 0.27385
v -0.93922 0.00000 0.34879
v -0.92982 0.00000 0.01462
v -0.92925 0.00000 0.01257
v -0.92834 0.00000 0.35194
v -0.92659 0.00000 0.00602
v -0.92528 0.00000 0.00313
v -0.92525 0.00000 0.00615
v -0.92496 0.00000 -0.00524
v -0.92167 0.00000 0.37532
v -0.92046 0.00000 0.35230
v -0.91803 0.00000 0.24955
v -0.91178 -0.10162 0.24041
v -0.91178 0.10162 0.24041
v -0.91109 -0.23054 -0.12819
v -0.91109 0.23054 -0.12819
v -0.91096 0.00000 0.23951
v -0.91046 -0.10554 0.37217
v -0.91046 0.10554 0.37217
v -0.90997 0.00000 0.23092
v -0.90723 -0.24702 -0.13261
v -0.90723 0.24702 -0.13261
v -0.90649 0.00000 0.37812
v -0.90460 -0.23730 -0.14304
v -0.90460 0.23730 -0.14304
v -0.90406 0.00000 0.37840
v -0.90342 0.00000 0.23794
v -0.90333 -0.15628 0.00339
v -0.90333 0.15628 0.00339
v -0.90247 -0.25545 -0.13708
v -0.90247 0.25545 -0.13708
v -0.90121 -0.20613 0.01243
v -0.90121 0.20613 0.01243
v -0.90078 -0.24824 -0.17857
v -0.90078 0.24824 -0.17857
v -0.89827 0.00000 0.23351
v -0.89343 0.00000 -0.53182
v -0.89166 -0.23893 -0.23658
v -0.89166 0.23893 -0.23658
v -0.88982 -0.24147 -0.23104
v -0.88982 0.24147 -0.23104
v -0.88833 0.00000 -0.51984
v -0.88730 0.00000 -0.52135
v -0.88724 0.00000 -0.52377
v -0.88690 -0.12861 -0.49259
v -0.88690 0.12861 -0.49259
v -0.88681 -0.22856 -0.07599
v -0.88681 0.22856 -0.07599
v -0.88398 -0.23633 0.04214
v -0.88398 0.23633 0.04214
v -0.88193 -0.13906 0.22050
v -0.88193 0.13906 0.22050
v -0.88011 -0.18684 0.29331
v -0.88011 0.18684 0.29331
v -0.87961 0.00000 -0.50500
v -0.87579 0.00000 -0.58550
v -0.87526 -0.23443 -0.22603
v -0.87526 0.23443 -0.22603
v -0.87440 -0.14958 0.18052
v -0.87440 0.14958 0.18052
v -0.87269 -0.13315 0.20891
v -0.87269 0.13315 0.20891
v -0.87228 0.00000 -0.57248
v -0.87060 0.00000 -0.55928
v -0.86974 -0.25461 -0.11726
v -0.86974 0.25461 -0.11726
v -0.86797 -0.24004 -0.03901
v -0.86797 0.24004 -0.03901
v -0.86583 0.00000 -0.59986
v -0.86453 0.00000 -0.55191
v -0.86396 -0.22848 -0.08118
v -0.86396 0.22848 -0.08118
v -0.86358 0.00000 -0.60538
v -0.86239 0.00000 -0.60545
v -0.86096 -0.16555 -0.39253
v -0.86096 0.16555 -0.39253
v -0.86094 -0.23641 -0.06079
v -0.86094 0.23641 -0.06079
v -0.86036 -0.13313 0.21876
v -0.86036 0.13313 0.21876
v -0.86022 -0.19296 -0.33886
v -0.86022 0.19296 -0.33886
v -0.85930 -0.23508 -0.07763
v -0.85930 0.23508 -0.07763
v -0.85810 -0.13538 -0.38209
v -0.85810 0.13538 -0.38209
v -0.85717 0.00000 0.35216
v -0.85677 0.00000 -0.53287
v -0.85663 -0.12554 -0.39974
v -0.85663 0.12554 -0.39974
v -0.85488 -0.13289 -0.39251
v -0.85488 0.13289 -0.39251
v -0.85476 -0.15396 0.20603
v -0.85476 0.15396 0.20603
v -0.85344 0.00000 -0.38539
v -0.85141 0.00000 -0.61362
v -0.85100 0.00000 -0.52619
v -0.85015 0.00000 -0.40192
v -0.85011 0.00000 -0.40311
v -0.84846 -0.23922 -0.26006
v -0.84846 0.23922 -0.26006
v -0.84702 0.00000 -0.40732
v -0.84490 0.00000 -0.41474
v -0.84481 0.00000 -0.47846
v -0.84416 0.00000 -0.51235
v -0.84290 0.00000 -0.61990
v -0.84147 -0.21965 -0.29230
v -0.84147 0.21965 -0.29230
v -0.84137 0.00000 -0.40957
v -0.84120 0.00000 -0.50606
v -0.84066 0.00000 -0.50896
v -0.84024 0.00000 -0.50152
v -0.83973 0.00000 -0.41241
v -0.83843 -0.25425 -0.21447
v -0.83843 0.25425 -0.21447
v -0.83471 -0.26933 0.03055
v -0.83471 0.26933 0.03055
v -0.83308 -0.17661 0.19403
v -0.83308 0.17661 0.19403
v -0.83287 -0.25523 -0.26904
v -0.83287 0.25523 -0.26904
v -0.83124 0.00000 -0.42880
v -0.83064 0.00000 -0.42252
v -0.82810 -0.16074 -0.48410
v -0.82810 0.16074 -0.48410
v -0.82720 -0.27987 -0.15406
v -0.82720 0.27987 -0.15406
v -0.82685 0.00000 -0.62613
v -0.82420 -0.17763 -0.45437
v -0.82420 0.17763 -0.45437
v -0.81888 0.00000 0.37678
v -0.81505 0.00000 0.37630
v -0.81427 -0.21576 0.20551
v -0.81427 0.21576 0.20551
v -0.81292 -0.23494 -0.08525
v -0.81292 0.23494 -0.08525
v -0.81110 0.00000 0.37573
v -0.80237 -0.17558 0.35682
v -0.80237 0.17558 0.35682
v -0.80042 -0.25303 0.21466
v -0.80042 0.25303 0.21466
v -0.79870 -0.25908 -0.08096
v -0.79870 0.25908 -0.08096
v -0.79753 -0.26370 -0.15515
v -0.79753 0.26370 -0.15515
v -0.79496 -0.23042 0.26519
v -0.79496 0.23042 0.26519
v -0.78860 0.00000 -0.63524
v -0.78665 -0.14612 -0.52429
v -0.78665 0.14612 -0.52429
v -0.78640 -0.28143 -0.20523
v -0.78640 0.28143 -0.20523
v -0.77830 -0.29014 -0.16378
v -0.77830 0.29014 -0.16378
v -0.77793 -0.26753 0.17978
v -0.77793 0.26753 0.17978
v -0.77369 -0.26575 0.09706
v -0.77369 0.26575 0.09706
v -0.77234 0.00000 -0.63524
v -0.77189 0.00000 -0.62658
v -0.77107 0.00000 -0.63001
v -0.76866 -0.20347 0.31410
v -0.76866 0.20347 0.31410
v -0.76697 0.00000 -0.62612
v -0.76483 0.00000 -0.62660
v -0.76346 0.00000 -0.62428
v -0.76193 0.00000 -0.61997
v -0.76147 -0.27630 0.11856
v -0.76147 0.27630 0.11856
v -0.75729 -0.27919 0.04292
v -0.75729 0.27919 0.04292
v -0.75234 -0.18397 -0.43325
v -0.75234 0.18397 -0.43325
v -0.75128 -0.31713 -0.00385
v -0.75128 0.31713 -0.00385
v -0.75011 -0.18602 -0.47336
v -0.75011 0.18602 -0.47336
v -0.74724 0.00000 -0.62755
v -0.74579 -0.27972 -0.07662
v -0.74579 0.27972 -0.07662
v -0.74321 -0.26275 -0.25228
v -0.74321 0.26275 -0.25228
v -0.74255 0.00000 -0.61501
v -0.74069 -0.24036 0.19672
v -0.74069 0.24036 0.19672
v -0.73679 -0.32809 0.04356
v -0.73679 0.32809 0.04356
v -0.73550 -0.13821 -0.56717
v -0.73550 0.13821 -0.56717
v -0.73533 -0.36998 0.10780
v -0.73533 0.36998 0.10780
v -0.73515 0.00000 -0.60725
v -0.73412 -0.30055 -0.02358
v -0.73412 0.30055 -0.02358
v -0.73226 -0.31055 0.16361
v -0.73226 0.31055 0.16361
v -0.73157 0.00000 -0.59110
v -0.73039 0.00000 -0.55857
v -0.72972 0.00000 -0.55508
v -0.72954 0.00000 -0.56278
v -0.72878 -0.32885 0.01326
v -0.72878 0.32885 0.01326
v -0.72681 -0.28852 -0.23404
v -0.72681 0.28852 -0.23404
v -0.72361 0.00000 -0.54927
v -0.72320 0.00000 -0.57357
v -0.72298 -0.14200 -0.49326
v -0.72298 0.14200 -0.49326
v -0.72198 -0.27962 -0.15294
v -0.72198 0.27962 -0.15294
v -0.72079 -0.20717 0.33450
v -0.72079 0.20717 0.33450
v -0.72033 -0.14476 0.34524
v -0.72033 0.14476 0.34524
v -0.71677 -0.23573 -0.34440
v -0.71677 0.23573 -0.34440
v -0.71585 0.00000 -0.58327
v -0.71583 0.00000 -0.58974
v -0.71417 0.00000 -0.58993
v -0.71406 -0.21033 0.33550
v -0.71406 0.21033 0.33550
v -0.71329 -0.26619 0.13816
v -0.71329 0.26619 0.13816
v -0.71279 -0.15576 -0.49544
v -0.71279 0.15576 -0.49544
v -0.71212 -0.33702 0.13880
v -0.71212 0.33702 0.13880
v -0.70986 -0.11130 0.35330
v -0.70986 0.11130 0.35330
v -0.70906 -0.26887 0.08829
v -0.70906 0.26887 0.08829
v -0.70710 -0.37719 -0.00679
v -0.70710 0.37719 -0.00679
v -0.70662 -0.24470 0.13424
v -0.70662 0.24470 0.13424
v -0.70610 0.00000 -0.52956
v -0.70588 -0.31606 0.04359
v -0.70588 0.31606 0.04359
v -0.70514 -0.38138 0.10332
v -0.70514 0.38138 0.10332
v -0.70214 0.00000 0.34865
v -0.70069 0.00000 0.34856
v -0.70047 -0.30323 -0.24634
v -0.70047 0.30323 -0.24634
v -0.69834 -0.36044 -0.08423
v -0.69834 0.36044 -0.08423
v -0.69711 -0.30833 0.03267
v -0.69711 0.30833 0.03267
v -0.69696 -0.27075 0.24073
v -0.69696 0.27075 0.24073
v -0.69580 -0.29696 0.19987
v -0.69580 0.29696 0.19987
v -0.69455 -0.27589 -0.04188
v -0.69455 0.27589 -0.04188
v -0.69204 -0.35518 -0.02037
v -0.69204 0.35518 -0.02037
v -0.69175 0.00000 -0.52121
v -0.69041 -0.32782 0.02326
v -0.69041 0.32782 0.02326
v -0.68961 -0.35269 -0.00859
v -0.68961 0.35269 -0.00859
v -0.68909 -0.30575 0.02282
v -0.68909 0.30575 0.02282
v -0.68755 -0.17164 -0.44325
v -0.68755 0.17164 -0.44325
v -0.68736 -0.30521 0.18738
v -0.68736 0.30521 0.18738
v -0.68721 0.00000 0.36632
v -0.68674 -0.27827 0.19129
v -0.68674 0.27827 0.19129
v -0.68485 -0.34973 -0.01447
v -0.68485 0.34973 -0.01447
v -0.68435 -0.26630 -0.19926
v -0.68435 0.26630 -0.19926
v -0.68364 -0.41345 0.01866
v -0.68364 0.41345 0.01866
v -0.68309 -0.42985 -0.01686
v -0.68309 0.42985 -0.01686
v -0.68294 -0.28574 -0.02951
v -0.68294 0.28574 -0.02951
v -0.68293 -0.27150 -0.29521
v -0.68293 0.27150 -0.29521
v -0.68121 -0.36786 -0.00141
v -0.68121 0.36786 -0.00141
v -0.68087 -0.24407 -0.32739
v -0.68087 0.24407 -0.32739
v -0.68070 0.00000 -0.50218
v -0.67955 -0.28759 0.05429
v -0.67955 0.28759 0.05429
v -0.67805 -0.34131 0.08113
v -0.67805 0.34131 0.08113
v -0.67659 -0.44498 -0.00333
v -0.67659 0.44498 -0.00333
v -0.67526 -0.28413 0.04231
v -0.67526 0.28413 0.04231
v -0.67458 -0.43708 0.01784
v -0.67458 0.43708 0.01784
v -0.67216 -0.37880 -0.07369
v -0.67216 0.37880 -0.07369
v -0.67124 -0.32987 0.16205
v -0.67124 0.32987 0.16205
v -0.66968 -0.29429 -0.04728
v -0.66968 0.29429 -0.04728
v -0.66863 -0.32526 -0.11502
v -0.66863 0.32526 -0.11502
v -0.66746 0.00000 -0.49417
v -0.66602 -0.30989 -0.23644
v -0.66602 0.30989 -0.23644
v -0.66414 -0.40217 0.02110
v -0.66414 0.40217 0.02110
v -0.66248 -0.38294 0.01997
v -0.66248 0.38294 0.01997
v -0.65994 -0.25470 0.33035
v -0.65994 0.25470 0.33035
v -0.65951 -0.32862 -0.00025
v -0.65951 0.32862 -0.00025
v -0.65839 -0.11142 -0.50694
v -0.65839 0.11142 -0.50694
v -0.65398 -0.29689 0.16189
v -0.65398 0.29689 0.16189
v -0.65368 0.00000 -0.51839
v -0.65192 0.00000 -0.52161
v -0.64834 -0.32825 0.14240
v -0.64834 0.32825 0.14240
v -0.64436 -0.22876 -0.40228
v -0.64436 0.22876 -0.40228
v -0.64319 0.00000 -0.51623
v -0.64216 0.00000 0.38848
v -0.64179 -0.34648 0.13882
v -0.64179 0.34648 0.13882
v -0.63954 -0.30341 0.02727
v -0.63954 0.30341 0.02727
v -0.63828 -0.37319 -0.02219
v -0.63828 0.37319 -0.02219
v -0.63823 -0.36249 0.10252
v -0.63823 0.36249 0.10252
v -0.63815 -0.28991 0.06597
v -0.63815 0.28991 0.06597
v -0.63806 -0.26766 -0.19561
v -0.63806 0.26766 -0.19561
v -0.63684 0.00000 -0.51990
v -0.63654 0.00000 -0.52170
v -0.63563 -0.32948 0.14166
v -0.63563 0.32948 0.14166
v -0.63381 0.00000 -0.52715
v -0.63149 0.00000 -0.53283
v -0.62916 -0.39019 -0.01328
v -0.62916 0.39019 -0.01328
v -0.62867 -0.34433 0.18003
v -0.62867 0.34433 0.18003
v -0.62748 -0.32852 0.04822
v -0.62748 0.32852 0.04822
v -0.62562 -0.37398 0.14811
v -0.62562 0.37398 0.14811
v -0.62504 0.00000 0.39971
v -0.62414 0.00000 -0.53633
v -0.62379 -0.38652 0.09349
v -0.62379 0.38652 0.09349
v -0.62354 -0.32992 0.23082
v -0.62354 0.32992 0.23082
v -0.62329 -0.28294 -0.10358
v -0.62329 0.28294 -0.10358
v -0.62322 -0.32247 0.22705
v -0.62322 0.32247 0.22705
v -0.62292 0.00000 -0.52642
v -0.62064 -0.35659 0.03183
v -0.62064 0.35659 0.03183
v -0.61962 0.00000 -0.53149
v -0.61938 -0.32020 -0.32062
v -0.61938 0.32020 -0.32062
v -0.61906 0.00000 -0.53218
v -0.61896 0.00000 -0.53216
v -0.61872 -0.37049 -0.00431
v -0.61872 0.37049 -0.00431
v -0.61853 0.00000 -0.53243
v -0.61847 0.00000 -0.53389
v -0.61784 -0.31923 0.07618
v -0.61784 0.31923 0.07618
v -0.61704 -0.32387 0.04489
v -0.61704 0.32387 0.04489
v -0.61526 -0.38051 0.15446
v -0.61526 0.38051 0.15446
v -0.61352 -0.21870 -0.46534
v -0.61352 0.21870 -0.46534
v -0.61311 -0.27812 -0.07759
v -0.61311 0.27812 -0.07759
v -0.61210 0.00000 -0.53486
v -0.61165 -0.27655 -0.16573
v -0.61165 0.27655 -0.16573
v -0.61163 -0.29190 -0.02598
v -0.61163 0.29190 -0.02598
v -0.61118 -0.28625 -0.39261
v -0.61118 0.28625 -0.39261
v -0.61011 -0.29539 -0.01123
v -0.61011 0.29539 -0.01123
v -0.60923 0.00000 -0.53850
v -0.60814 -0.33706 -0.00628
v -0.60814 0.33706 -0.00628
v -0.60793 -0.39486 0.08102
v -0.60793 0.39486 0.08102
v -0.60789 -0.31231 0.14545
v -0.60789 0.31231 0.14545
v -0.60528 -0.39625 -0.04975
v -0.60528 0.39625 -0.04975
v -0.60396 -0.39644 0.03531
v -0.60396 0.39644 0.03531
v -0.60222 -0.39881 -0.11429
v -0.60222 0.39881 -0.11429
v -0.60135 -0.39072 0.01361
v -0.60135 0.39072 0.01361
v -0.60105 0.00000 0.40824
v -0.59702 -0.29064 0.03237
v -0.59702 0.29064 0.03237
v -0.59545 0.00000 -0.52431
v -0.59401 -0.35283 0.18043
v -0.59401 0.35283 0.18043
v -0.59149 -0.34015 0.10606
v -0.59149 0.34015 0.10606
v -0.59034 -0.40047 0.06579
v -0.59034 0.40047 0.06579
v -0.59034 -0.28117 -0.05903
v -0.59034 0.28117 -0.05903
v -0.58876 -0.29026 -0.42923
v -0.58876 0.29026 -0.42923
v -0.58842 -0.42976 0.01271
v -0.58842 0.42976 0.01271
v -0.58682 -0.32127 0.26198
v -0.58682 0.32127 0.26198
v -0.58676 0.00000 -0.54135
v -0.58466 -0.31383 0.00094
v -0.58466 0.31383 0.00094
v -0.58361 0.00000 0.41700
v -0.58314 0.00000 -0.56138
v -0.58288 -0.17060 0.40737
v -0.58288 0.17060 0.40737
v -0.57995 0.00000 -0.52459
v -0.57992 -0.32294 0.22003
v -0.57992 0.32294 0.22003
v -0.57990 -0.16129 0.41719
v -0.57990 0.16129 0.41719
v -0.57499 -0.31598 0.11182
v -0.57499 0.31598 0.11182
v -0.57493 -0.39629 -0.01686
v -0.57493 0.39629 -0.01686
v -0.57092 0.00000 -0.51814
v -0.56920 -0.38378 0.11058
v -0.56920 0.38378 0.11058
v -0.56833 -0.40294 0.10063
v -0.56833 0.40294 0.10063
v -0.56807 -0.32874 0.21864
v -0.56807 0.32874 0.21864
v -0.56804 0.00000 0.42127
v -0.56415 -0.40092 0.08304
v -0.56415 0.40092 0.08304
v -0.56276 -0.29331 -0.07779
v -0.56276 0.29331 -0.07779
v -0.56197 -0.41335 0.08393
v -0.56197 0.41335 0.08393
v -0.56187 -0.35147 0.21743
v -0.56187 0.35147 0.21743
v -0.56168 -0.33232 0.16365
v -0.56168 0.33232 0.16365
v -0.56050 -0.32831 0.21025
v -0.56050 0.32831 0.21025
v -0.56036 -0.31775 0.12996
v -0.56036 0.31775 0.12996
v -0.55986 0.00000 -0.51687
v -0.55984 0.00000 -0.57282
v -0.55782 -0.36962 -0.28259
v -0.55782 0.36962 -0.28259
v -0.55615 -0.31657 0.13754
v -0.55615 0.31657 0.13754
v -0.55560 -0.40981 0.14647
v -0.55560 0.40981 0.14647
v -0.55362 -0.43577 0.06123
v -0.55362 0.43577 0.06123
v -0.55179 -0.35960 -0.35140
v -0.55179 0.35960 -0.35140
v -0.55014 0.00000 -0.51526
v -0.54838 -0.31845 0.12845
v -0.54838 0.31845 0.12845
v -0.54754 0.00000 -0.51514
v -0.54668 -0.23025 -0.48484
v -0.54668 0.23025 -0.48484
v -0.54528 0.00000 -0.51443
v -0.54346 0.00000 -0.51765
v -0.53631 -0.29025 -0.03310
v -0.53631 0.29025 -0.03310
v -0.53549 0.00000 -0.51930
v -0.53424 -0.42274 0.07330
v -0.53424 0.42274 0.07330
v -0.53410 -0.28234 -0.45980
v -0.53410 0.28234 -0.45980
v -0.52890 -0.36470 -0.24897
v -0.52890 0.36470 -0.24897
v -0.52794 -0.36015 0.23150
v -0.52794 0.36015 0.23150
v -0.52566 0.00000 -0.51345
v -0.52472 0.00000 -0.58998
v -0.52321 -0.30918 0.04615
v -0.52321 0.30918 0.04615
v -0.52306 -0.39019 0.01782
v -0.52306 0.39019 0.01782
v -0.52093 -0.36461 0.22439
v -0.52093 0.36461 0.22439
v -0.51258 -0.40244 0.06961
v -0.51258 0.40244 0.06961
v -0.51113 -0.32860 0.14161
v -0.51113 0.32860 0.14161
v -0.51078 0.00000 -0.54910
v -0.50899 -0.34515 0.13549
v -0.50899 0.34515 0.13549
v -0.50877 -0.34755 0.16731
v -0.50877 0.34755 0.16731
v -0.50795 0.00000 -0.55754
v -0.50533 -0.34785 0.14799
v -0.50533 0.34785 0.14799
v -0.50370 0.00000 -0.58766
v -0.50342 0.00000 -0.54844
v -0.50237 -0.39676 0.01992
v -0.50237 0.39676 0.01992
v -0.49955 -0.15993 -0.55192
v -0.49955 0.15993 -0.55192
v -0.49761 -0.36015 0.28350
v -0.49761 0.36015 0.28350
v -0.49567 0.00000 -0.54745
v -0.49376 0.00000 0.42461
v -0.49175 -0.40570 -0.20619
v -0.49175 0.40570 -0.20619
v -0.49095 0.00000 -0.55902
v -0.49089 -0.39301 0.18944
v -0.49089 0.39301 0.18944
v -0.49083 0.00000 -0.53008
v -0.48881 -0.41001 0.12497
v -0.48881 0.41001 0.12497
v -0.48873 0.00000 -0.54100
v -0.48467 0.00000 -0.53633
v -0.48347 -0.15331 -0.55027
v -0.48347 0.15331 -0.55027
v -0.48031 0.00000 -0.53069
v -0.48004 -0.41869 -0.16365
v -0.48004 0.41869 -0.16365
v -0.47650 -0.42338 0.13464
v -0.47650 0.42338 0.13464
v -0.47457 -0.40210 0.17524
v -0.47457 0.40210 0.17524
v -0.47399 -0.33442 0.15481
v -0.47399 0.33442 0.15481
v -0.46931 -0.33974 0.14751
v -0.46931 0.33974 0.14751
v -0.46594 0.00000 -0.51850
v -0.46466 0.00000 -0.51302
v -0.46320 -0.41229 -0.21941
v -0.46320 0.41229 -0.21941
v -0.46160 -0.34205 0.14479
v -0.46160 0.34205 0.14479
v -0.46009 -0.37954 0.16854
v -0.46009 0.37954 0.16854
v -0.46002 0.00000 -0.50575
v -0.45912 -0.34426 0.13884
v -0.45912 0.34426 0.13884
v -0.45831 -0.18842 -0.51620
v -0.45831 0.18842 -0.51620
v -0.45791 0.00000 0.43977
v -0.45774 -0.41165 -0.06017
v -0.45774 0.41165 -0.06017
v -0.45722 -0.34642 0.13566
v -0.45722 0.34642 0.13566
v -0.45624 -0.25380 0.40025
v -0.45624 0.25380 0.40025
v -0.45557 -0.36925 -0.28593
v -0.45557 0.36925 -0.28593
v -0.45516 -0.34884 0.13447
v -0.45516 0.34884 0.13447
v -0.45363 0.00000 -0.50025
v -0.45130 -0.15062 -0.54851
v -0.45130 0.15062 -0.54851
v -0.45122 -0.15178 -0.55012
v -0.45122 0.15178 -0.55012
v -0.44796 -0.35875 -0.33624
v -0.44796 0.35875 -0.33624
v -0.44127 0.00000 0.44239
v -0.44117 0.00000 -0.48250
v -0.43782 -0.14101 0.44132
v -0.43782 0.14101 0.44132
v -0.43666 0.00000 0.44240
v -0.43517 0.00000 0.44254
v -0.43409 -0.36560 0.28476
v -0.43409 0.36560 0.28476
v -0.43371 -0.40074 0.07779
v -0.43371 0.40074 0.07779
v -0.43360 -0.13901 -0.51221
v -0.43360 0.13901 -0.51221
v -0.43219 0.00000 -0.50371
v -0.42913 0.00000 -0.50729
v -0.42906 0.00000 -0.46490
v -0.42905 -0.35162 0.13465
v -0.42905 0.35162 0.13465
v -0.42789 0.00000 -0.46325
v -0.42774 0.00000 -0.46496
v -0.42725 0.00000 -0.48222
v -0.42722 -0.13259 -0.53314
v -0.42722 0.13259 -0.53314
v -0.42714 0.00000 0.44287
v -0.42666 -0.13361 -0.50996
v -0.42666 0.13361 -0.50996
v -0.42533 -0.42543 0.06081
v -0.42533 0.42543 0.06081
v -0.42487 0.00000 -0.48674
v -0.42460 0.00000 -0.46651
v -0.42413 0.00000 -0.49619
v -0.42155 0.00000 -0.50012
v -0.42034 -0.40750 0.01434
v -0.42034 0.40750 0.01434
v -0.41749 -0.14659 -0.49777
v -0.41749 0.14659 -0.49777
v -0.41528 -0.13869 -0.48770
v -0.41528 0.13869 -0.48770
v -0.41459 0.00000 -0.44584
v -0.41373 -0.14253 -0.53494
v -0.41373 0.14253 -0.53494
v -0.41273 -0.14417 -0.52301
v -0.41273 0.14417 -0.52301
v -0.41057 0.00000 -0.48694
v -0.41035 -0.37027 0.12120
v -0.41035 0.37027 0.12120
v -0.40863 0.00000 -0.45993
v -0.40815 -0.43053 0.01888
v -0.40815 0.43053 0.01888
v -0.40806 -0.15479 -0.48098
v -0.40806 0.15479 -0.48098
v -0.40749 0.00000 -0.48007
v -0.40741 -0.36039 -0.30113
v -0.40741 0.36039 -0.30113
v -0.40701 -0.43418 0.01074
v -0.40701 0.43418 0.01074
v -0.40553 -0.17555 -0.48246
v -0.40553 0.17555 -0.48246
v -0.40482 -0.16667 -0.47194
v -0.40482 0.16667 -0.47194
v -0.40262 -0.16194 -0.48470
v -0.40262 0.16194 -0.48470
v -0.40250 0.00000 -0.44615
v -0.40240 -0.14852 -0.51346
v -0.40240 0.14852 -0.51346
v -0.40022 -0.41259 -0.18349
v -0.40022 0.41259 -0.18349
v -0.39917 -0.39377 0.07414
v -0.39917 0.39377 0.07414
v -0.39729 -0.42482 0.03533
v -0.39729 0.42482 0.03533
v -0.39382 -0.32198 -0.34758
v -0.39382 0.32198 -0.34758
v -0.39339 -0.16499 -0.48780
v -0.39339 0.16499 -0.48780
v -0.38537 -0.21802 -0.43405
v -0.38537 0.21802 -0.43405
v -0.38380 -0.37403 -0.26824
v -0.38380 0.37403 -0.26824
v -0.37781 0.00000 -0.41241
v -0.37594 0.00000 -0.40860
v -0.37377 0.00000 -0.40551
v -0.37225 0.00000 -0.40779
v -0.36530 -0.41129 0.09217
v -0.36530 0.41129 0.09217
v -0.36015 -0.27190 0.38415
v -0.36015 0.27190 0.38415
v -0.35201 0.00000 -0.39381
v -0.34944 0.00000 -0.38912
v -0.34440 -0.40324 0.06484
v -0.34440 0.40324 0.06484
v -0.34262 -0.36217 0.21203
v -0.34262 0.36217 0.21203
v -0.34215 0.00000 -0.38514
v -0.33939 0.00000 0.44383
v -0.33542 -0.13849 -0.38064
v -0.33542 0.13849 -0.38064
v -0.33431 -0.39603 0.12999
v -0.33431 0.39603 0.12999
v -0.33045 0.00000 -0.37169
v -0.33033 0.00000 -0.37132
v -0.32896 0.00000 -0.37153
v -0.32049 0.00000 0.44050
v -0.31638 -0.40440 -0.16376
v -0.31638 0.40440 -0.16376
v -0.31057 -0.18726 -0.34637
v -0.31057 0.18726 -0.34637
v -0.31017 0.00000 0.43961
v -0.31016 0.00000 0.43958
v -0.30485 0.00000 0.43787
v -0.30021 -0.40268 0.04631
v -0.30021 0.40268 0.04631
v -0.29908 0.00000 -0.35235
v -0.29533 0.00000 -0.38263
v -0.29116 -0.34588 0.24642
v -0.29116 0.34588 0.24642
v -0.28813 0.00000 -0.38459
v -0.28748 0.00000 -0.38274
v -0.28496 -0.10910 -0.32672
v -0.28496 0.10910 -0.32672
v -0.28088 0.00000 -0.37920
v -0.27910 -0.25653 -0.27902
v -0.27910 0.25653 -0.27902
v -0.27740 -0.21281 -0.29529
v -0.27740 0.21281 -0.29529
v -0.27067 0.00000 -0.38177
v -0.26839 -0.31067 0.31824
v -0.26839 0.31067 0.31824
v -0.26272 0.00000 -0.35977
v -0.26261 0.00000 -0.36524
v -0.25770 0.00000 -0.37601
v -0.25164 -0.41537 0.06002
v -0.25164 0.41537 0.06002
v -0.25069 0.00000 -0.38199
v -0.24385 0.00000 -0.38851
v -0.24178 0.00000 -0.34049
v -0.24151 -0.43424 0.12971
v -0.24151 0.43424 0.12971
v -0.23891 -0.40263 0.06981
v -0.23891 0.40263 0.06981
v -0.23440 0.00000 -0.38608
v -0.23332 -0.12745 0.41221
v -0.23332 0.12745 0.41221
v -0.23005 -0.28421 -0.24318
v -0.23005 0.28421 -0.24318
v -0.22950 -0.39032 -0.07606
v -0.22950 0.39032 -0.07606
v -0.22906 -0.38766 -0.00994
v -0.22906 0.38766 -0.00994
v -0.22768 -0.40714 0.10726
v -0.22768 0.40714 0.10726
v -0.22569 0.00000 -0.38081
v -0.21844 0.00000 -0.37237
v -0.21487 -0.41150 0.09856
v -0.21487 0.41150 0.09856
v -0.21375 0.00000 -0.37341
v -0.21281 -0.24791 0.34618
v -0.21281 0.24791 0.34618
v -0.20060 -0.35411 0.22792
v -0.20060 0.35411 0.22792
v -0.19123 0.00000 -0.33849
v -0.18944 0.00000 -0.36142
v -0.18682 0.00000 0.40715
v -0.18511 -0.35420 0.21493
v -0.18511 0.35420 0.21493
v -0.18125 0.00000 0.40525
v -0.17938 -0.40844 0.06339
v -0.17938 0.40844 0.06339
v -0.17843 0.00000 -0.32534
v -0.17485 -0.38090 0.11116
v -0.17485 0.38090 0.11116
v -0.16495 0.00000 -0.30934
v -0.16377 0.00000 -0.37156
v -0.16157 -0.29540 -0.18070
v -0.16157 0.29540 -0.18070
v -0.15967 0.00000 -0.30687
v -0.15701 0.00000 -0.28869
v -0.15315 -0.13678 -0.29476
v -0.15315 0.13678 -0.29476
v -0.15108 -0.35107 -0.04131
v -0.15108 0.35107 -0.04131
v -0.14490 -0.33557 -0.02954
v -0.14490 0.33557 -0.02954
v -0.13969 0.00000 -0.28356
v -0.12973 -0.12283 -0.30050
v -0.12973 0.12283 -0.30050
v -0.12749 -0.12092 -0.31330
v -0.12749 0.12092 -0.31330
v -0.12663 -0.15132 0.36268
v -0.12663 0.15132 0.36268
v -0.12293 0.00000 -0.26239
v -0.12253 0.00000 -0.26672
v -0.12248 0.00000 -0.26214
v -0.12144 0.00000 -0.22775
v -0.11826 -0.31842 -0.07126
v -0.11826 0.31842 -0.07126
v -0.11738 0.00000 -0.26063
v -0.11671 -0.10516 0.37207
v -0.11671 0.10516 0.37207
v -0.11631 0.00000 -0.22798
v -0.11533 -0.13348 -0.29026
v -0.11533 0.13348 -0.29026
v -0.11379 0.00000 -0.14119
v -0.11241 -0.29011 -0.09844
v -0.11241 0.29011 -0.09844
v -0.11179 0.00000 -0.14284
v -0.11155 0.00000 0.37519
v -0.10884 -0.41752 0.03030
v -0.10884 0.41752 0.03030
v -0.10569 0.00000 -0.17845
v -0.10540 0.00000 0.37169
v -0.10495 -0.25296 -0.21955
v -0.10495 0.25296 -0.21955
v -0.10480 -0.14587 -0.28828
v -0.10480 0.14587 -0.28828
v -0.10428 -0.16276 -0.29165
v -0.10428 0.16276 -0.29165
v -0.10405 -0.39349 0.02192
v -0.10405 0.39349 0.02192
v -0.10221 0.00000 -0.13255
v -0.10209 0.00000 0.37065
v -0.10126 0.00000 -0.16540
v -0.10114 -0.40360 0.01848
v -0.10114 0.40360 0.01848
v -0.10035 -0.15172 -0.28732
v -0.10035 0.15172 -0.28732
v -0.09838 0.00000 -0.24449
v -0.09832 0.00000 0.36800
v -0.09822 0.00000 0.36161
v -0.09815 -0.36940 0.02043
v -0.09815 0.36940 0.02043
v -0.09787 0.00000 -0.13888
v -0.09690 0.00000 -0.17099
v -0.09512 0.00000 -0.18132
v -0.09503 -0.10784 -0.27873
v -0.09503 0.10784 -0.27873
v -0.09491 0.00000 -0.16039
v -0.09346 -0.30019 -0.04633
v -0.09346 0.30019 -0.04633
v -0.09025 0.00000 -0.21758
v -0.09022 -0.29868 0.18587
v -0.09022 0.29868 0.18587
v -0.08830 0.00000 -0.21541
v -0.08716 0.00000 -0.20258
v -0.08706 0.00000 -0.15397
v -0.08674 0.00000 -0.21001
v -0.08672 0.00000 -0.21394
v -0.08517 -0.10007 -0.23560
v -0.08517 0.10007 -0.23560
v -0.08389 -0.21492 -0.25026
v -0.08389 0.21492 -0.25026
v -0.08184 -0.15594 -0.27682
v -0.08184 0.15594 -0.27682
v -0.07908 0.00000 -0.17864
v -0.07822 0.00000 -0.17768
v -0.07644 0.00000 -0.17993
v -0.07511 -0.27406 -0.09610
v -0.07511 0.27406 -0.09610
v -0.07066 -0.16039 -0.18790
v -0.07066 0.16039 -0.18790
v -0.06899 -0.21812 -0.18666
v -0.06899 0.21812 -0.18666
v -0.06524 0.00000 -0.16678
v -0.06481 0.00000 -0.18415
v -0.06207 0.00000 -0.17932
v -0.06091 0.00000 -0.19166
v -0.06019 0.00000 -0.18014
v -0.05927 -0.36743 0.11697
v -0.05927 0.36743 0.11697
v -0.05771 0.00000 -0.17941
v -0.05329 0.00000 -0.17119
v -0.04083 0.00000 0.32839
v -0.03702 0.00000 0.32582
v -0.03691 0.00000 0.32516
v -0.03380 -0.16014 -0.14581
v -0.03380 0.16014 -0.14581
v -0.03206 -0.13843 -0.14353
v -0.03206 0.13843 -0.14353
v -0.02971 0.00000 0.31667
v -0.02794 -0.19825 0.28621
v -0.02794 0.19825 0.28621
v -0.02636 -0.17323 -0.13449
v -0.02636 0.17323 -0.13449
v -0.01975 0.00000 0.31078
v -0.01776 0.00000 -0.03957
v -0.01618 -0.22613 -0.04659
v -0.01618 0.22613 -0.04659
v -0.01298 -0.28447 -0.03364
v -0.01298 0.28447 -0.03364
v -0.01120 -0.15918 0.01920
v -0.01120 0.15918 0.01920
v -0.00038 0.00000 0.00971
v 0.00380 0.00000 0.02085
v 0.00572 -0.14123 0.00878
v 0.00572 0.14123 0.00878
v 0.00636 0.00000 0.03094
v 0.00759 0.00000 0.03530
v 0.00820 -0.23296 0.18088
v 0.00820 0.23296 0.18088
v 0.00847 0.00000 0.03824
v 0.00874 0.00000 0.04003
v 0.00884 0.00000 0.04101
v 0.00889 0.00000 0.03755
v 0.00890 0.00000 0.03955
v 0.00913 0.00000 0.04064
v 0.00983 0.00000 0.03004
v 0.01076 0.00000 0.03108
v 0.01243 -0.16924 0.05375
v 0.01243 0.16924 0.05375
v 0.01287 0.00000 0.25933
v 0.01317 -0.28472 0.07351
v 0.01317 0.28472 0.07351
v 0.01328 0.00000 0.02943
v 0.01400 0.00000 0.04645
v 0.02092 -0.23009 0.07196
v 0.02092 0.23009 0.07196
v 0.03329 0.00000 0.08899
v 0.03555 0.00000 0.20208
v 0.03586 0.00000 0.09403
v 0.03614 0.00000 0.20050
v 0.03636 0.00000 0.19850
v 0.03681 -0.11008 0.17557
v 0.03681 0.11008 0.17557
v 0.03706 0.00000 0.19260
v 0.03847 0.00000 0.09950
v 0.03889 0.00000 0.10074
v 0.03925 0.00000 0.15991
v 0.03991 0.00000 0.10288
v 0.03993 -0.11137 0.17400
v 0.03993 0.11137 0.17400
v 0.04019 0.00000 0.10870
vn 0.0000 0.0000 0.0000
vn 0.0000 0.0000 0.0000
vn 0.0000 0.0000 0.0000
vn -0.8403 0.0000 0.5421
vn 0.0000 0.0000 0.0000
vn 0.0000 0.0000 0.0000
vn 0.0000 0.0000 0.0000
vn 0.0000 0.0000 0.0000
vn 0.0000 0.0000 0.0000
vn 0.0000 0.0000 0.0000
vn 0.0000 0.0000 0.0000
vn 0.0000 0.0000 0.0000
vn 0.0000 0.0000 0.0000
vn 0.0000 0.0000 0.0000
vn -0.9530 0.0000 -0.3030
vn 0.0000 0.0000 0.0000
vn 0.0000 0.0000 0.0000
vn -0.8760 -0.4078 0.2576
vn -0.8760 0.4078 0.2576
vn 0.0000 0.0000 0.0000
vn 0.0000 0.0000 0.0000
vn 0.0000 -0.0000 0.0000
vn 0.0000 0.0000 0.0000
vn 0.0000 0.0000 0.0000
vn 0.0000 -0.0000 0.0000
vn 0.0000 0.0000 0.0000
vn 0.0000 0.0000 0.0000
vn 0.0000 0.0000 0.0000
vn 0.0000 0.0000 0.0000
vn -0.8125 -0.5631 -0.1506
vn -0.8125 0.5631 -0.1506
vn 0.0000 0.0000 0.0000
vn -0.6672 0.0000 -0.7448
vn 0.0000 0.0000 0.0000
vn 0.0000 0.0000 0.0000
vn 0.0000 0.0000 0.0000
vn 0.0000 0.0000 0.0000
vn -0.8029 0.0000 0.5961
vn 0.0000 0.0000 0.0000
vn -0.0946 0.0000 -0.9955
vn 0.0000 0.0000 0.0000
vn -0.9714 0.0000 -0.2376
vn 0.0000 0.0000 0.0000
vn 0.0000 0.0000 0.0000
vn 0.0000 0.0000 0.0000
vn 0.0000 0.0000 0.0000
vn 0.0000 0.0000 0.0000
vn 0.0000 0.0000 0.0000
vn 0.0000 0.0000 0.0000
vn 0.0000 0.0000 0.0000
vn -0.8132 0.0000 -0.5820
vn -0.7581 -0.2245 -0.6123
vn -0.7581 0.2245 -0.6123
vn -0.9917 0.1161 -0.0556
vn -0.9917 -0.1161 -0.0556
vn -0.6051 0.0000 -0.7961
vn -0.2434 -0.2481 0.9377
vn -0.2434 0.2481 0.9377
vn -1.0000 -0.0000 -0.0033
vn -0.5101 0.2138 0.8331
vn -0.5101 -0.2138 0.8331
vn 0.0000 0.0000 0.0000
vn -0.9748 -0.1560 -0.1595
vn -0.9748 0.1560 -0.1595
vn 0.0000 0.0000 0.0000
vn 0.0000 0.0000 0.0000
vn -0.9769 -0.0344 -0.2108
vn -0.9769 0.0344 -0.2108
vn 0.1204 -0.7413 -0.6603
vn 0.1204 0.7413 -0.6603
vn -0.8492 -0.3818 -0.3648
vn -0.8492 0.3818 -0.3648
vn 0.2347 -0.9708 0.0494
vn 0.2347 0.9708 0.0494
vn 0.0000 0.0000 0.0000
vn -0.6042 -0.0000 -0.7968
vn -0.9745 -0.0648 -0.2150
vn -0.9745 0.0648 -0.2150
vn 0.0000 0.0000 0.0000
vn 0.0000 0.0000 0.0000
vn -0.9048 0.0000 0.4258
vn -0.4614 0.0000 -0.8872
vn 0.0000 0.0000 0.0000
vn -0.9596 -0.2049 -0.1929
vn -0.9596 0.2049 -0.1929
vn -0.6569 -0.6956 0.2908
vn -0.6569 0.6956 0.2908
vn -0.5651 -0.8083 0.1650
vn -0.5651 0.8083 0.1650
vn -0.7154 -0.4558 -0.5296
vn -0.7154 0.4558 -0.5296
vn -0.5218 -0.7504 0.4057
vn -0.5218 0.7504 0.4057
vn -0.6890 0.0000 0.7247
vn 0.0000 0.0000 0.0000
vn -0.3199 -0.9329 -0.1652
vn -0.3199 0.9329 -0.1652
vn -0.8017 -0.3261 0.5009
vn -0.8017 0.3261 0.5009
vn -0.6485 -0.7573 0.0773
vn -0.6485 0.7573 0.0773
vn 0.0000 0.0000 0.0000
vn 0.0000 0.0000 0.0000
vn -0.3314 -0.9278 0.1714
vn -0.3314 0.9278 0.1714
vn -0.6636 -0.7452 -0.0663
vn -0.6636 0.7452 -0.0663
vn 0.0000 0.0000 0.0000
vn 0.0000 0.0000 0.0000
vn -0.1763 -0.8637 0.4722
vn -0.1763 0.8637 0.4722
vn 0.0000 -0.0000 0.0000
vn 0.0000 0.0000 0.0000
vn -0.8404 -0.5318 -0.1046
vn -0.8404 0.5318 -0.1046
vn -0.0292 -0.9943 0.1022
vn -0.0292 0.9943 0.1022
vn 0.0000 0.0000 0.0000
vn -0.0000 0.0000 0.0000
vn -0.6900 -0.6361 -0.3454
vn -0.6900 0.6361 -0.3454
vn -0.8746 -0.4814 -0.0579
vn -0.8746 0.4814 -0.0579
vn -0.9868 0.0346 -0.1579
vn -0.9868 -0.0346 -0.1579
vn -0.0068 0.0000 1.0000
vn 0.0000 0.0000 0.0000
vn -0.9650 0.1869 0.1839
vn -0.9650 -0.1869 0.1839
vn -0.9944 0.1029 -0.0251
vn -0.9944 -0.1029 -0.0251
vn -0.7407 -0.6148 -0.2711
vn -0.7407 0.6148 -0.2711
vn 0.0000 0.0000 0.0000
vn 0.0000 0.0000 0.0000
vn 0.0000 0.0000 0.0000
vn 0.0000 0.0000 0.0000
vn 0.0000 0.0000 0.0000
vn -0.6425 -0.7092 -0.2902
vn -0.6425 0.7092 -0.2902
vn 0.0000 0.0000 0.0000
vn -0.9993 0.0000 0.0370
vn -0.9430 0.0000 0.3328
vn 0.0000 0.0000 0.0000
vn 0.0000 0.0000 0.0000
vn -0.2933 -0.8800 -0.3735
vn -0.2933 0.8800 -0.3735
vn -0.9887 -0.0000 -0.1497
vn 0.0000 0.0000 0.0000
vn 0.0000 0.0000 0.0000
vn 0.0000 0.0000 0.0000
vn 0.0000 0.0000 0.0000
vn -0.4523 -0.8712 -0.1910
vn -0.4523 0.8712 -0.1910
vn -0.5097 -0.8595 0.0394
vn -0.5097 0.8595 0.0394
vn -0.7318 -0.4835 0.4803
vn -0.7318 0.4835 0.4803
vn -0.2434 -0.8821 -0.4033
vn -0.2434 0.8821 -0.4033
vn 0.0000 0.0000 0.0000
vn 0.0000 0.0000 0.0000
vn -0.3708 -0.8365 -0.4035
vn -0.3708 0.8365 -0.4035
vn -0.2228 -0.9705 0.0923
vn -0.2228 0.9705 0.0923
vn 0.0000 0.0000 0.0000
vn -0.2700 -0.9252 -0.2667
vn -0.2700 0.9252 -0.2667
vn 0.0000 0.0000 0.0000
vn 0.0000 0.0000 0.0000
vn -0.6372 -0.7118 0.2956
vn -0.6372 0.7118 0.2956
vn -0.1649 -0.9733 0.1597
vn -0.1649 0.9733 0.1597
vn 0.0000 0.0000 0.0000
vn -0.2591 -0.5680 0.7811
vn -0.2591 0.5680 0.7811
vn -0.5073 -0.8582 -0.0784
vn -0.5073 0.8582 -0.0784
vn -0.7008 -0.6933 -0.1677
vn -0.7008 0.6933 -0.1677
vn -0.3775 -0.8908 0.2528
vn -0.3775 0.8908 0.2528
vn -0.2174 -0.8441 0.4901
vn -0.2174 0.8441 0.4901
vn 0.0000 0.0000 0.0000
vn -0.4610 -0.4684 -0.7537
vn -0.4610 0.4684 -0.7537
vn -0.2037 -0.9409 -0.2705
vn -0.2037 0.9409 -0.2705
vn -0.7156 -0.6985 0.0002
vn -0.7156 0.6985 0.0002
vn -0.1314 -0.9743 0.1827
vn -0.1314 0.9743 0.1827
vn -0.4993 -0.8290 0.2519
vn -0.4993 0.8290 0.2519
vn 0.0000 0.0000 0.0000
vn 0.0000 0.0000 0.0000
vn 0.0000 0.0000 0.0000
vn -0.2237 -0.8931 0.3903
vn -0.2237 0.8931 0.3903
vn 0.0000 0.0000 0.0000
vn 0.0000 0.0000 0.0000
vn 0.0000 0.0000 0.0000
vn 0.0000 0.0000 0.0000
vn -0.1750 -0.9531 0.2471
vn -0.1750 0.9531 0.2471
vn 0.3398 -0.8476 -0.4075
vn 0.3398 0.8476 -0.4075
vn -0.1124 -0.9094 -0.4004
vn -0.1124 0.9094 -0.4004
vn -0.6099 -0.7913 0.0431
vn -0.6099 0.7913 0.0431
vn 0.0216 -0.9334 -0.3582
vn 0.0216 0.9334 -0.3582
vn -0.3207 0.0000 -0.9472
vn 0.7830 -0.5716 0.2453
vn 0.7830 0.5716 0.2453
vn -0.2165 -0.8358 -0.5046
vn -0.2165 0.8358 -0.5046
vn 0.0000 0.0000 0.0000
vn -0.2826 -0.9512 0.1242
vn -0.2826 0.9512 0.1242
vn -0.2136 -0.8320 0.5120
vn -0.2136 0.8320 0.5120
vn 0.6163 -0.4048 -0.6755
vn 0.6163 0.4048 -0.6755
vn -0.8731 0.2703 -0.4058
vn -0.8731 -0.2703 -0.4058
vn 0.0000 0.0000 0.0000
vn 0.0230 0.9894 -0.1432
vn 0.0230 -0.9894 -0.1432
vn -0.9056 0.4227 -0.0352
vn -0.9056 -0.4227 -0.0352
vn 0.0000 0.0000 0.0000
vn 0.0000 0.0000 0.0000
vn 0.0000 0.0000 0.0000
vn 0.8866 0.0000 -0.4626
vn -0.6294 -0.7680 0.1181
vn -0.6294 0.7680 0.1181
vn -0.2445 -0.9380 -0.2458
vn -0.2445 0.9380 -0.2458
vn 0.0000 0.0000 0.0000
vn 0.0000 0.0000 0.0000
vn 0.0000 0.0000 0.0000
vn 0.0000 0.0000 0.0000
vn 0.0910 0.9809 0.1719
vn 0.0910 -0.9809 0.1719
vn 0.0217 -0.4822 0.8758
vn 0.0217 0.4822 0.8758
vn -0.3336 -0.1944 0.9225
vn -0.3336 0.1944 0.9225
vn -0.1025 -0.8932 -0.4378
vn -0.1025 0.8932 -0.4378
vn 0.0000 0.0000 0.0000
vn 0.0000 0.0000 0.0000
vn 0.0000 0.0000 0.0000
vn -0.3822 -0.7054 0.5970
vn -0.3822 0.7054 0.5970
vn 0.4279 -0.7952 0.4296
vn 0.4279 0.7952 0.4296
vn 0.3710 -0.5499 -0.7483
vn 0.3710 0.5499 -0.7483
vn -0.9052 -0.1027 0.4123
vn -0.9052 0.1027 0.4123
vn 0.0512 -0.0134 0.9986
vn 0.0512 0.0134 0.9986
vn 0.7632 -0.5239 0.3782
vn 0.7632 0.5239 0.3782
vn -0.9306 -0.3644 0.0337
vn -0.9306 0.3644 0.0337
vn -0.3996 -0.9145 -0.0626
vn -0.3996 0.9145 -0.0626
vn 0.0000 -0.0000 0.0000
vn -0.0377 -0.6846 0.7279
vn -0.0377 0.6846 0.7279
vn 0.0935 -0.7527 0.6517
vn 0.0935 0.7527 0.6517
vn 0.0000 0.0000 0.0000
vn 0.0000 0.0000 0.0000
vn -0.5130 -0.7414 -0.4326
vn -0.5130 0.7414 -0.4326
vn -0.4584 -0.8197 -0.3434
vn -0.4584 0.8197 -0.3434
vn 0.8023 -0.3811 0.4595
vn 0.8023 0.3811 0.4595
vn -0.5022 -0.8119 0.2978
vn -0.5022 0.8119 0.2978
vn -0.3431 -0.5391 0.7692
vn -0.3431 0.5391 0.7692
vn -0.1107 -0.9806 -0.1615
vn -0.1107 0.9806 -0.1615
vn -0.3721 -0.9173 0.1416
vn -0.3721 0.9173 0.1416
vn 0.6969 0.0000 -0.7171
vn 0.7035 0.2175 0.6766
vn 0.7035 -0.2175 0.6766
vn -0.4858 -0.5245 -0.6992
vn -0.4858 0.5245 -0.6992
vn 0.2292 -0.3160 0.9207
vn 0.2292 0.3160 0.9207
vn -0.2489 -0.8921 -0.3771
vn -0.2489 0.8921 -0.3771
vn -0.1490 -0.6564 0.7396
vn -0.1490 0.6564 0.7396
vn -0.2886 0.0000 0.9574
vn 0.0792 0.9883 -0.1304
vn 0.0792 -0.9883 -0.1304
vn 0.0000 0.0000 0.0000
vn 0.0000 0.0000 0.0000
vn 0.1532 -0.9835 0.0961
vn 0.1532 0.9835 0.0961
vn -0.7237 0.1878 -0.6640
vn -0.7237 -0.1878 -0.6640
vn -0.3272 -0.0877 -0.9409
vn -0.3272 0.0877 -0.9409
vn 0.2599 0.5783 -0.7733
vn 0.2599 -0.5783 -0.7733
vn -0.6229 -0.5524 -0.5539
vn -0.6229 0.5524 -0.5539
vn -0.0658 0.1009 -0.9927
vn -0.0658 -0.1009 -0.9927
vn -0.3614 -0.8049 -0.4706
vn -0.3614 0.8049 -0.4706
vn 0.0000 0.0000 0.0000
vn -0.0000 0.0000 0.0000
vn -0.0000 0.0000 0.0000
vn -0.3825 0.8152 -0.4349
vn -0.3825 -0.8152 -0.4349
vn 0.5782 -0.7589 -0.2998
vn 0.5782 0.7589 -0.2998
vn -0.0039 -0.9033 0.4291
vn -0.0039 0.9033 0.4291
vn -0.1429 -0.8855 0.4420
vn -0.1429 0.8855 0.4420
vn -0.4149 -0.9035 0.1073
vn -0.4149 0.9035 0.1073
vn -0.3266 -0.9064 0.2679
vn -0.3266 0.9064 0.2679
vn 0.0119 0.9968 0.0793
vn 0.0119 -0.9968 0.0793
vn -0.3644 -0.8561 -0.3664
vn -0.3644 0.8561 -0.3664
vn 0.0737 0.0000 -0.9973
vn -0.5641 -0.8135 -0.1415
vn -0.5641 0.8135 -0.1415
vn 0.4287 -0.1310 0.8939
vn 0.4287 0.1310 0.8939
vn -0.5790 0.7959 -0.1770
vn -0.5790 -0.7959 -0.1770
vn -0.3547 -0.6314 0.6896
vn -0.3547 0.6314 0.6896
vn 0.4642 0.7171 0.5198
vn 0.4642 -0.7171 0.5198
vn -0.1360 -0.2299 -0.9637
vn -0.1360 0.2299 -0.9637
vn 0.0249 0.9659 -0.2577
vn 0.0249 -0.9659 -0.2577
vn -0.7322 0.0000 -0.6811
vn 0.0000 0.0000 0.0000
vn 0.0534 -0.7790 0.6247
vn 0.0534 0.7790 0.6247
vn -0.6504 -0.6245 -0.4324
vn -0.6504 0.6245 -0.4324
vn 0.0000 0.0000 0.0000
vn 0.0000 0.0000 0.0000
vn -0.5330 -0.7442 0.4026
vn -0.5330 0.7442 0.4026
vn 0.6426 0.1202 0.7567
vn 0.6426 -0.1202 0.7567
vn -0.2856 -0.9424 0.1741
vn -0.2856 0.9424 0.1741
vn -0.0401 -0.8403 0.5407
vn -0.0401 0.8403 0.5407
vn -0.0276 -0.9220 0.3861
vn -0.0276 0.9220 0.3861
vn -0.1088 -0.9918 -0.0675
vn -0.1088 0.9918 -0.0675
vn 0.0000 0.0000 0.0000
vn 0.0000 0.0000 0.0000
vn -0.6456 -0.0830 -0.7592
vn -0.6456 0.0830 -0.7592
vn 0.0000 0.0000 0.0000
vn -0.5203 0.0000 -0.8540
vn 0.3770 -0.5681 -0.7315
vn 0.3770 0.5681 -0.7315
vn 0.3288 -0.0709 0.9417
vn 0.3288 0.0709 0.9417
vn -0.5102 0.6733 -0.5351
vn -0.5102 -0.6733 -0.5351
vn -0.8133 -0.5577 0.1662
vn -0.8133 0.5577 0.1662
vn 0.0000 0.0000 0.0000
vn 0.0000 0.0000 0.0000
vn -0.2514 -0.6878 0.6810
vn -0.2514 0.6878 0.6810
vn -0.0046 -0.9992 0.0391
vn -0.0046 0.9992 0.0391
vn -0.6048 -0.7917 -0.0869
vn -0.6048 0.7917 -0.0869
vn -0.4692 -0.8786 -0.0892
vn -0.4692 0.8786 -0.0892
vn 0.0000 0.0000 0.0000
vn -0.3822 0.9202 0.0850
vn -0.3822 -0.9202 0.0850
vn 0.0000 0.0000 0.0000
vn -0.5518 -0.7607 -0.3417
vn -0.5518 0.7607 -0.3417
vn 0.0000 0.0000 0.0000
vn 0.0000 0.0000 0.0000
vn -0.1889 -0.9812 -0.0393
vn -0.1889 0.9812 -0.0393
vn 0.0000 0.0000 0.0000
vn 0.0000 0.0000 0.0000
vn -0.3563 0.9343 0.0137
vn -0.3563 -0.9343 0.0137
vn -0.8721 0.4185 -0.2537
vn -0.8721 -0.4185 -0.2537
vn -0.0361 -0.9609 0.2746
vn -0.0361 0.9609 0.2746
vn -0.3437 -0.5068 -0.7906
vn -0.3437 0.5068 -0.7906
vn 0.0000 0.0000 0.0000
vn 0.0000 0.0000 0.0000
vn 0.0000 0.0000 0.0000
vn -0.2081 0.9554 0.2096
vn -0.2081 -0.9554 0.2096
vn -0.4903 0.1151 -0.8639
vn -0.4903 -0.1151 -0.8639
vn -0.7323 -0.5413 -0.4132
vn -0.7323 0.5413 -0.4132
vn 0.1763 -0.6248 0.7606
vn 0.1763 0.6248 0.7606
vn 0.0000 0.0000 0.0000
vn -0.4245 0.0898 0.9010
vn -0.4245 -0.0898 0.9010
vn 0.1770 -0.9416 0.2865
vn 0.1770 0.9416 0.2865
vn -0.6961 -0.6460 -0.3133
vn -0.6961 0.6460 -0.3133
vn -0.2736 -0.9420 0.1944
vn -0.2736 0.9420 0.1944
vn 0.0611 -0.9961 -0.0629
vn 0.0611 0.9961 -0.0629
vn -0.4083 -0.8828 -0.2321
vn -0.4083 0.8828 -0.2321
vn -0.7532 -0.5059 -0.4205
vn -0.7532 0.5059 -0.4205
vn 0.0000 0.0000 0.0000
vn -0.6106 -0.7886 -0.0730
vn -0.6106 0.7886 -0.0730
vn 0.0000 0.0000 0.0000
vn -0.5608 -0.6148 0.5545
vn -0.5608 0.6148 0.5545
vn -0.0786 0.8876 0.4539
vn -0.0786 -0.8876 0.4539
vn -0.3733 -0.8070 0.4576
vn -0.3733 0.8070 0.4576
vn 0.0268 -0.9983 0.0524
vn 0.0268 0.9983 0.0524
vn -0.4088 -0.6857 -0.6023
vn -0.4088 0.6857 -0.6023
vn 0.1295 -0.8970 -0.4225
vn 0.1295 0.8970 -0.4225
vn -0.3756 -0.9137 0.1554
vn -0.3756 0.9137 0.1554
vn 0.0000 0.0000 0.0000
vn -0.9574 -0.0111 0.2886
vn -0.9574 0.0111 0.2886
vn 0.0000 0.0000 0.0000
vn -0.3756 0.0000 -0.9268
vn -0.3572 -0.4531 0.8167
vn -0.3572 0.4531 0.8167
vn 0.0000 0.0000 0.0000
vn -0.0406 -0.9958 -0.0822
vn -0.0406 0.9958 -0.0822
vn -0.2859 -0.0396 0.9574
vn -0.2859 0.0396 0.9574
vn -0.0466 -0.9772 0.2072
vn -0.0466 0.9772 0.2072
vn -0.1247 -0.9919 -0.0255
vn -0.1247 0.9919 -0.0255
vn 0.0000 0.0000 0.0000
vn -0.5095 -0.7988 0.3198
vn -0.5095 0.7988 0.3198
vn -0.7272 -0.6798 0.0947
vn -0.7272 0.6798 0.0947
vn 0.0000 0.0000 0.0000
vn 0.0000 0.0000 0.0000
vn 0.0000 0.0000 0.0000
vn -0.6299 -0.7375 0.2435
vn -0.6299 0.7375 0.2435
vn 0.0089 0.9494 0.3141
vn 0.0089 -0.9494 0.3141
vn -0.6215 -0.7478 -0.2337
vn -0.6215 0.7478 -0.2337
vn 0.1532 0.7910 0.5923
vn 0.1532 -0.7910 0.5923
vn -0.1409 0.9533 0.2670
vn -0.1409 -0.9533 0.2670
vn -0.2590 -0.9659 -0.0048
vn -0.2590 0.9659 -0.0048
vn -0.6367 0.6454 0.4221
vn -0.6367 -0.6454 0.4221
vn 0.0000 0.0000 0.0000
vn 0.0000 0.0000 0.0000
vn -0.1861 -0.9662 -0.1784
vn -0.1861 0.9662 -0.1784
vn -0.1865 -0.9716 0.1458
vn -0.1865 0.9716 0.1458
vn -0.2358 -0.9285 0.2870
vn -0.2358 0.9285 0.2870
vn -0.2264 -0.9556 0.1887
vn -0.2264 0.9556 0.1887
vn -0.2347 -0.8592 -0.4546
vn -0.2347 0.8592 -0.4546
vn 0.0000 0.0000 0.0000
vn -0.6767 0.6850 0.2698
vn -0.6767 -0.6850 0.2698
vn 0.0000 0.0000 0.0000
vn -0.4255 -0.3874 -0.8179
vn -0.4255 0.3874 -0.8179
vn 0.0000 0.0000 0.0000
vn 0.0000 0.0000 0.0000
vn -0.6239 -0.5302 -0.5741
vn -0.6239 0.5302 -0.5741
vn 0.0000 0.0000 0.0000
vn -0.0342 -0.9251 0.3781
vn -0.0342 0.9251 0.3781
vn 0.0678 -0.7380 -0.6714
vn 0.0678 0.7380 -0.6714
vn -0.1639 -0.9392 -0.3018
vn -0.1639 0.9392 -0.3018
vn 0.2388 0.9152 0.3246
vn 0.2388 -0.9152 0.3246
vn 0.0000 0.0000 0.0000
vn -0.3141 -0.0000 -0.9494
vn 0.0000 0.0000 0.0000
vn 0.0000 0.0000 0.0000
vn 0.0374 -0.9992 -0.0130
vn 0.0374 0.9992 -0.0130
vn 0.1662 -0.4908 0.8553
vn 0.1662 0.4908 0.8553
vn 0.1566 -0.9858 -0.0608
vn 0.1566 0.9858 -0.0608
vn -0.1577 -0.8321 0.5316
vn -0.1577 0.8321 0.5316
vn 0.0000 0.0000 0.0000
vn 0.0000 0.0000 0.0000
vn 0.0000 0.0000 0.0000
vn 0.3294 0.8583 0.3935
vn 0.3294 -0.8583 0.3935
vn 0.0000 -0.0000 0.0000
vn 0.0000 0.0000 0.0000
vn 0.0000 0.0000 0.0000
vn 0.6758 0.0000 -0.7371
vn 0.0000 -0.0000 0.0000
vn -0.3131 -0.9475 -0.0650
vn -0.3131 0.9475 -0.0650
vn -0.3008 -0.4344 -0.8490
vn -0.3008 0.4344 -0.8490
vn -0.2840 -0.8856 0.3676
vn -0.2840 0.8856 0.3676
vn 0.0000 0.0000 0.0000
vn -0.2091 -0.0000 0.9779
vn -0.2806 -0.9281 -0.2447
vn -0.2806 0.9281 -0.2447
vn 0.6793 0.0000 -0.7339
vn -0.1680 -0.7403 0.6510
vn -0.1680 0.7403 0.6510
vn 0.0000 -0.0000 0.0000
vn 0.1507 -0.9862 0.0691
vn 0.1507 0.9862 0.0691
vn 0.0000 0.0000 0.0000
vn 0.0000 0.0000 0.0000
vn 0.2950 -0.1784 -0.9387
vn 0.2950 0.1784 -0.9387
vn 0.0000 0.0000 0.0000
vn -0.1279 -0.9907 0.0467
vn -0.1279 0.9907 0.0467
vn 0.8135 -0.5641 -0.1417
vn 0.8135 0.5641 -0.1417
vn 0.0484 -0.9826 0.1791
vn 0.0484 0.9826 0.1791
vn -0.3044 -0.9485 -0.0882
vn -0.3044 0.9485 -0.0882
vn 0.7123 0.3958 0.5797
vn 0.7123 -0.3958 0.5797
vn 0.0000 -0.0000 0.0000
vn 0.0000 0.0000 0.0000
vn 0.0473 -0.9625 -0.2670
vn 0.0473 0.9625 -0.2670
vn -0.3879 -0.9091 -0.1519
vn -0.3879 0.9091 -0.1519
vn 0.7531 -0.1037 0.6497
vn 0.7531 0.1037 0.6497
vn 0.0000 0.0000 0.0000
vn 0.9149 0.2415 0.3233
vn 0.9149 -0.2415 0.3233
vn 0.4066 -0.5901 -0.6975
vn 0.4066 0.5901 -0.6975
vn 0.0000 0.0000 0.0000
vn -0.0884 -0.9957 -0.0287
vn -0.0884 0.9957 -0.0287
vn 0.2425 0.5261 0.8151
vn 0.2425 -0.5261 0.8151
vn -0.1505 -0.5747 0.8044
vn -0.1505 0.5747 0.8044
vn -0.1738 -0.8963 -0.4079
vn -0.1738 0.8963 -0.4079
vn 0.6681 0.1434 0.7301
vn 0.6681 -0.1434 0.7301
vn 0.0000 0.0000 0.0000
vn -0.2613 -0.7149 -0.6485
vn -0.2613 0.7149 -0.6485
vn 0.0000 0.0000 0.0000
vn 0.0000 0.0000 0.0000
vn 0.1679 -0.8701 -0.4635
vn 0.1679 0.8701 -0.4635
vn 0.0000 0.0000 0.0000
vn 0.0000 0.0000 0.0000
vn 0.0049 -0.1368 0.9906
vn 0.0049 0.1368 0.9906
vn 0.0000 0.0000 0.0000
vn 0.0000 0.0000 0.0000
vn 0.0530 -0.9130 0.4045
vn 0.0530 0.9130 0.4045
vn 0.2613 -0.8975 0.3554
vn 0.2613 0.8975 0.3554
vn 0.4484 -0.7478 -0.4897
vn 0.4484 0.7478 -0.4897
vn 0.9261 0.0000 -0.3773
vn 0.6854 0.0000 -0.7282
vn 0.0000 0.0000 0.0000
vn -0.1428 -0.9892 -0.0336
vn -0.1428 0.9892 -0.0336
vn 0.0000 0.0000 0.0000
vn 0.0000 0.0000 0.0000
vn 0.0000 0.0000 0.0000
vn 0.0444 0.7991 -0.5996
vn 0.0444 -0.7991 -0.5996
vn 0.0000 0.0000 0.0000
vn 0.6750 0.1292 -0.7264
vn 0.6750 -0.1292 -0.7264
vn -0.1146 -0.9891 0.0925
vn -0.1146 0.9891 0.0925
vn 0.8887 0.0000 -0.4584
vn 0.0000 0.0000 0.0000
vn 0.0000 0.0000 0.0000
vn 0.0000 0.0000 0.0000
vn -0.3021 -0.9520 0.0493
vn -0.3021 0.9520 0.0493
vn 0.6608 -0.1600 -0.7333
vn 0.6608 0.1600 -0.7333
vn 0.8914 0.0780 -0.4464
vn 0.8914 -0.0780 -0.4464
vn 0.0000 0.0000 0.0000
vn 0.5700 0.8198 -0.0553
vn 0.5700 -0.8198 -0.0553
vn 0.0284 -0.9850 -0.1700
vn 0.0284 0.9850 -0.1700
vn 0.0000 0.0000 0.0000
vn -0.1482 -0.8436 0.5161
vn -0.1482 0.8436 0.5161
vn 0.0000 0.0000 0.0000
vn -0.7623 -0.4443 0.4706
vn -0.7623 0.4443 0.4706
vn 0.8799 0.4706 -0.0658
vn 0.8799 -0.4706 -0.0658
vn 0.0000 0.0000 0.0000
vn 0.1342 -0.9038 -0.4063
vn 0.1342 0.9038 -0.4063
vn -0.0795 -0.9927 -0.0907
vn -0.0795 0.9927 -0.0907
vn 0.5526 -0.4979 -0.6684
vn 0.5526 0.4979 -0.6684
vn 0.8355 0.0458 -0.5476
vn 0.8355 -0.0458 -0.5476
vn 0.7314 0.3874 -0.5612
vn 0.7314 -0.3874 -0.5612
vn 0.7571 0.0000 -0.6533
vn 0.9970 -0.0234 0.0733
vn 0.9970 0.0234 0.0733
vn 0.1061 -0.9844 -0.1403
vn 0.1061 0.9844 -0.1403
vn -0.1363 -0.8198 0.5562
vn -0.1363 0.8198 0.5562
vn 0.1983 -0.9784 0.0577
vn 0.1983 0.9784 0.0577
vn 0.5144 -0.5989 -0.6138
vn 0.5144 0.5989 -0.6138
vn 0.9764 -0.1930 0.0970
vn 0.9764 0.1930 0.0970
vn 0.7385 -0.3376 -0.5837
vn 0.7385 0.3376 -0.5837
vn 0.4671 -0.7313 -0.4971
vn 0.4671 0.7313 -0.4971
vn 0.0000 0.0000 0.0000
vn 0.0000 0.0000 0.0000
vn 0.0000 0.0000 0.0000
vn 0.0000 0.0000 0.0000
vn -0.1203 -0.9579 0.2606
vn -0.1203 0.9579 0.2606
vn 0.1681 -0.4374 0.8834
vn 0.1681 0.4374 0.8834
vn 0.0000 0.0000 0.0000
vn 0.0000 0.0000 0.0000
vn 0.1026 -0.9909 0.0869
vn 0.1026 0.9909 0.0869
vn 0.0367 -0.9636 0.2647
vn 0.0367 0.9636 0.2647
vn 0.0000 0.0000 0.0000
vn 0.1512 -0.0000 0.9885
vn 0.7470 -0.0163 -0.6647
vn 0.7470 0.0163 -0.6647
vn 0.0017 -0.9289 0.3704
vn 0.0017 0.9289 0.3704
vn 0.0000 0.0000 0.0000
vn 0.0000 0.0000 0.0000
vn 0.0000 0.0000 0.0000
vn 0.0000 0.0000 0.0000
vn 0.3142 -0.8836 -0.3471
vn 0.3142 0.8836 -0.3471
vn 0.7773 -0.1055 -0.6202
vn 0.7773 0.1055 -0.6202
vn 0.0000 0.0000 0.0000
vn 0.0000 0.0000 0.0000
vn 0.0000 0.0000 0.0000
vn 0.0789 -0.9932 -0.0852
vn 0.0789 0.9932 -0.0852
vn 0.6197 0.0000 -0.7848
vn 0.0000 0.0000 0.0000
vn 0.0169 -0.9445 0.3280
vn 0.0169 0.9445 0.3280
vn 0.0000 -0.0000 0.0000
vn 0.0000 0.0000 0.0000
vn 0.5965 -0.1434 -0.7897
vn 0.5965 0.1434 -0.7897
vn 0.0000 0.0000 0.0000
vn 0.4811 -0.5467 -0.6853
vn 0.4811 0.5467 -0.6853
vn 0.4864 -0.3311 -0.8085
vn 0.4864 0.3311 -0.8085
vn 0.0000 0.0000 0.0000
vn 0.2878 -0.7142 0.6381
vn 0.2878 0.7142 0.6381
vn 0.0000 -0.0000 0.0000
vn 0.0000 0.0000 0.0000
vn 0.0000 -0.0000 0.0000
vn -0.0157 -0.9876 -0.1565
vn -0.0157 0.9876 -0.1565
vn 0.0000 0.0000 0.0000
vn 0.0000 0.0000 0.0000
vn 0.0257 0.0000 -0.9997
vn 0.2672 -0.6446 0.7163
vn 0.2672 0.6446 0.7163
vn 0.0157 -0.9562 0.2922
vn 0.0157 0.9562 0.2922
vn 0.0000 -0.0000 0.0000
vn 0.2669 -0.2570 0.9288
vn 0.2669 0.2570 0.9288
vn 0.2696 -0.6054 -0.7489
vn 0.2696 0.6054 -0.7489
vn 0.3896 -0.9129 -0.1218
vn 0.3896 0.9129 -0.1218
vn 0.3023 -0.9305 -0.2070
vn 0.3023 0.9305 -0.2070
vn -0.6364 0.6932 0.3383
vn -0.6364 -0.6932 0.3383
vn 0.0000 0.0000 0.0000
vn 0.0000 0.0000 0.0000
vn 0.2548 -0.9669 0.0102
vn 0.2548 0.9669 0.0102
vn 0.0000 0.0000 0.0000
vn 0.3325 -0.4800 0.8118
vn 0.3325 0.4800 0.8118
vn 0.0243 -0.9433 0.3309
vn 0.0243 0.9433 0.3309
vn 0.0000 0.0000 0.0000
vn 0.0000 0.0000 0.0000
vn 0.0000 0.0000 0.0000
vn 0.4095 -0.7394 0.5345
vn 0.4095 0.7394 0.5345
vn 0.0000 0.0000 0.0000
vn 0.2749 -0.9444 -0.1802
vn 0.2749 0.9444 -0.1802
vn 0.0000 0.0000 0.0000
vn 0.2156 -0.9515 0.2195
vn 0.2156 0.9515 0.2195
vn 0.0000 0.0000 0.0000
vn 0.5911 -0.0000 -0.8066
vn 0.4899 -0.7858 -0.3775
vn 0.4899 0.7858 -0.3775
vn 0.0000 0.0000 0.0000
vn 0.0000 0.0000 0.0000
vn 0.1050 -0.3335 -0.9369
vn 0.1050 0.3335 -0.9369
vn 0.3506 -0.8373 -0.4196
vn 0.3506 0.8373 -0.4196
vn 0.4121 -0.8053 -0.4262
vn 0.4121 0.8053 -0.4262
vn 0.0000 0.0000 0.0000
vn 0.1422 -0.3915 -0.9091
vn 0.1422 0.3915 -0.9091
vn -0.1524 -0.4904 -0.8581
vn -0.1524 0.4904 -0.8581
vn 0.3661 -0.4178 0.8315
vn 0.3661 0.4178 0.8315
vn 0.0000 0.0000 0.0000
vn 0.0000 0.0000 0.0000
vn 0.0000 0.0000 0.0000
vn 0.0000 0.0000 0.0000
vn 0.5020 -0.7620 -0.4090
vn 0.5020 0.7620 -0.4090
vn 0.0000 0.0000 0.0000
vn 0.5123 -0.1000 0.8529
vn 0.5123 0.1000 0.8529
vn 0.0000 0.0000 0.0000
vn 0.0226 -0.4495 -0.8930
vn 0.0226 0.4495 -0.8930
vn 0.0000 0.0000 0.0000
vn 0.5466 -0.7934 -0.2678
vn 0.5466 0.7934 -0.2678
vn 0.0000 0.0000 0.0000
vn 0.0000 0.0000 0.0000
vn 0.5993 -0.0976 0.7945
vn 0.5993 0.0976 0.7945
vn 0.0000 -0.0000 0.0000
vn 0.0000 0.0000 0.0000
vn 0.4961 -0.7161 -0.4910
vn 0.4961 0.7161 -0.4910
vn -0.0720 -0.5639 -0.8227
vn -0.0720 0.5639 -0.8227
vn 0.1575 -0.4760 -0.8653
vn 0.1575 0.4760 -0.8653
vn -0.8848 0.1033 -0.4544
vn -0.8848 -0.1033 -0.4544
vn 0.0000 0.0000 0.0000
vn 0.0000 0.0000 0.0000
vn 0.0000 0.0000 0.0000
vn 0.9579 -0.2439 -0.1516
vn 0.9579 0.2439 -0.1516
vn 0.5856 -0.2476 -0.7719
vn 0.5856 0.2476 -0.7719
vn 0.8913 -0.0000 -0.4534
vn 0.0000 0.0000 0.0000
vn 0.3631 -0.0000 0.9317
vn 0.5594 -0.8091 -0.1801
vn 0.5594 0.8091 -0.1801
vn 0.0000 0.0000 0.0000
vn 0.0000 0.0000 0.0000
vn 0.0000 0.0000 0.0000
vn 0.9211 0.1727 -0.3490
vn 0.9211 -0.1727 -0.3490
vn 0.0000 0.0000 0.0000
vn 0.4334 -0.5732 -0.6954
vn 0.4334 0.5732 -0.6954
vn 0.0000 0.0000 0.0000
vn 0.5771 -0.6378 0.5101
vn 0.5771 0.6378 0.5101
vn 0.0000 0.0000 0.0000
vn 0.0000 0.0000 0.0000
vn 0.0000 0.0000 0.0000
vn 0.0000 0.0000 0.0000
vn 0.0000 0.0000 0.0000
vn 0.9212 0.0221 -0.3884
vn 0.9212 -0.0221 -0.3884
vn 0.5817 -0.4706 -0.6635
vn 0.5817 0.4706 -0.6635
vn 0.9068 -0.0834 -0.4132
vn 0.9068 0.0834 -0.4132
vn 0.0000 0.0000 0.0000
vn 0.0000 0.0000 0.0000
vn 0.0000 0.0000 0.0000
vn 0.6748 -0.6986 -0.2380
vn 0.6748 0.6986 -0.2380
vn 0.9081 0.0082 -0.4187
vn 0.9081 -0.0082 -0.4187
vn 0.8486 -0.3945 -0.3525
vn 0.8486 0.3945 -0.3525
vn 0.9620 0.0000 -0.2729
vn 0.0000 0.0000 0.0000
vn 0.0000 0.0000 0.0000
vn 0.8888 0.0000 -0.4583
vn 0.0000 0.0000 0.0000
vn 0.4876 -0.8616 0.1413
vn 0.4876 0.8616 0.1413
vn 0.0000 0.0000 0.0000
vn 0.0000 0.0000 0.0000
vn 0.0000 0.0000 0.0000
vn 0.0000 0.0000 0.0000
vn 0.0000 0.0000 0.0000
vn 0.7640 -0.0421 -0.6439
vn 0.7640 0.0421 -0.6439
vn 0.9550 0.0726 -0.2877
vn 0.9550 -0.0726 -0.2877
vn 0.0000 0.0000 0.0000
vn 0.6299 -0.4370 0.6421
vn 0.6299 0.4370 0.6421
vn 0.8934 -0.1951 -0.4046
vn 0.8934 0.1951 -0.4046
vn 0.7423 0.0000 0.6700
vn 0.9565 -0.0000 -0.2919
vn 0.9253 -0.2384 -0.2951
vn 0.9253 0.2384 -0.2951
vn 0.7184 -0.5833 -0.3790
vn 0.7184 0.5833 -0.3790
vn 0.9819 -0.0337 -0.1865
vn 0.9819 0.0337 -0.1865
vn 0.0000 0.0000 0.0000
vn 0.0000 0.0000 0.0000
vn 0.9750 -0.0347 -0.2194
vn 0.9750 0.0347 -0.2194
vn 0.0000 0.0000 0.0000
vn 0.0000 0.0000 0.0000
vn 0.8633 -0.4316 0.2617
vn 0.8633 0.4316 0.2617
vn 0.0000 0.0000 0.0000
vn 0.0000 0.0000 0.0000
vn 0.0000 0.0000 0.0000
vn 0.8295 0.0000 -0.5585
vn 0.0000 0.0000 0.0000
vn 0.0000 0.0000 0.0000
vn 0.0000 0.0000 0.0000
vn 0.6487 -0.0000 0.7610
vn 0.9703 -0.0308 -0.2400
vn 0.9703 0.0308 -0.2400
vn 0.0000 0.0000 0.0000
vn 0.8079 -0.5463 0.2209
vn 0.8079 0.5463 0.2209
vn 0.0000 0.0000 0.0000
vn 0.9625 -0.0000 -0.2712
vn 0.9953 -0.0100 -0.0959
vn 0.9953 0.0100 -0.0959
vn 0.0000 0.0000 0.0000
vn 0.9054 -0.0000 0.4246
vn 0.0000 0.0000 0.0000
vn 0.0000 0.0000 0.0000
vn 0.0000 -0.0000 0.0000
vn 0.0000 0.0000 0.0000
vn 0.0000 0.0000 0.0000
vn 0.0000 0.0000 0.0000
vn 0.0000 0.0000 0.0000
vn 0.0000 0.0000 0.0000
vn 0.9837 0.0000 -0.1798
vn 0.0000 0.0000 0.0000
vn 0.9795 -0.1383 0.1462
vn 0.9795 0.1383 0.1462
vn 0.0000 -0.0000 0.0000
f 903//903 900//900 818//818
f 747//747 777//777 900//900
f 747//747 900//900 784//784
f 706//706 714//714 762//762
f 479//479 609//609 474//474
f 609//609 479//479 624//624
f 706//706 762//762 747//747
f 628//628 706//706 747//747
f 903//903 937//937 900//900
f 949//949 937//937 946//946
f 900//900 949//949 918//918
f 861//861 784//784 900//900
f 933//933 946//946 904//904
f 914//914 922//922 933//933
f 914//914 926//926 922//922
f 922//922 928//928 933//933
f 910//910 928//928 922//922
f 900//900 918//918 861//861
f 908//908 790//790 888//888
f 850//850 908//908 858//858
f 850//850 800//800 787//787
f 735//735 779//779 790//790
f 637//637 595//595 564//564
f 665//665 704//704 688//688
f 597//597 613//613 665//665
f 647//647 546//546 630//630
f 752//752 759//759 787//787
f 766//766 690//690 768//768
f 768//768 731//731 752//752
f 704//704 690//690 688//688
f 724//724 675//675 690//690
f 759//759 704//704 718//718
f 637//637 564//564 628//628
f 253//253 474//474 479//479
f 474//474 253//253 479//479
f 477//477 503//503 511//511
f 399//399 467//467 477//477
f 481//481 403//403 477//477
f 289//289 403//403 224//224
f 126//126 268//268 58//58
f 40//40 33//33 32//32
f 59//59 51//51 75//75
f 51//51 66//66 75//75
f 197//197 173//173 180//180
f 173//173 91//91 180//180
f 178//178 58//58 268//268
f 548//548 503//503 587//587
f 511//511 503//503 548//548
f 501//501 511//511 553//553
f 571//571 585//585 513//513
f 546//546 513//513 585//585
f 499//499 503//503 501//501
f 419//419 452//452 417//417
f 397//397 486//486 439//439
f 457//457 417//417 481//481
f 230//230 315//315 351//351
f 330//330 351//351 406//406
f 277//277 226//226 197//197
f 241//241 226//226 277//277
f 330//330 230//230 351//351
f 452//452 437//437 470//470
f 387//387 295//295 300//300
f 351//351 298//298 302//302
f 219//219 210//210 293//293
f 342//342 401//401 430//430
f 313//313 219//219 293//293
f 285//285 338//338 447//447
f 277//277 298//298 351//351
f 317//317 387//387 323//323
f 42//42 23//23 15//15
f 175//175 107//107 89//89
f 87//87 107//107 117//117
f 182//182 184//184 175//175
f 117//117 105//105 123//123
f 193//193 182//182 214//214
f 182//182 156//156 214//214
f 180//180 93//93 186//186
f 906//906 914//914 904//904
f 897//897 906//906 904//904
f 902//902 906//906 897//897
f 882//882 904//904 884//884
f 864//864 882//882 829//829
f 863//863 846//846 856//856
f 845//845 870//870 872//872
f 870//870 836//836 832//832
f 872//872 870//870 832//832
f 798//798 805//805 807//807
f 794//794 766//766 768//768
f 581//581 605//605 593//593
f 593//593 605//605 686//686
f 742//742 724//724 764//764
f 742//742 698//698 724//724
f 698//698 673//673 593//593
f 744//744 692//692 742//742
f 698//698 593//593 686//686
f 748//748 755//755 792//792
f 716//716 732//732 682//682
f 679//679 716//716 682//682
f 696//696 692//692 744//744
f 858//858 908//908 906//906
f 447//447 483//483 568//568
f 534//534 447//447 568//568
f 428//428 293//293 401//401
f 379//379 293//293 428//428
f 342//342 249//249 428//428
f 379//379 313//313 293//293
f 344//344 191//191 285//285
f 344//344 447//447 347//347
f 620//620 509//509 673//673
f 365//365 325//325 432//432
f 74//74 78//78 64//64
f 64//64 78//78 148//148
f 325//325 160//160 221//221
f 78//78 74//74 97//97
f 645//645 657//657 633//633
f 632//632 655//655 645//645
f 360//360 357//357 385//385
f 660//660 684//684 645//645
f 642//642 616//616 662//662
f 578//578 602//602 632//632
f 472//472 554//554 484//484
f 472//472 562//562 578//578
f 557//557 578//578 569//569
f 423//423 304//304 365//365
f 216//216 304//304 264//264
f 304//304 216//216 212//212
f 164//164 169//169 216//216
f 216//216 264//264 228//228
f 164//164 216//216 189//189
f 216//216 228//228 189//189
f 143//143 149//149 148//148
f 76//76 82//82 189//189
f 112//112 76//76 217//217
f 275//275 345//345 426//426
f 906//906 908//908 910//910
f 219//219 249//249 342//342
f 946//946 928//928 949//949
f 143//143 112//112 136//136
f 900//900 809//809 818//818
f 848//848 903//903 818//818
f 818//818 809//809 762//762
f 818//818 762//762 848//848
f 900//900 777//777 762//762
f 777//777 747//747 762//762
f 784//784 779//779 747//747
f 566//566 848//848 714//714
f 848//848 762//762 714//714
f 714//714 706//706 624//624
f 714//714 624//624 566//566
f 566//566 624//624 479//479
f 609//609 624//624 706//706
f 628//628 609//609 706//706
f 747//747 779//779 735//735
f 735//735 712//712 747//747
f 712//712 628//628 747//747
f 587//587 467//467 564//564
f 553//553 597//597 544//544
f 628//628 564//564 609//609
f 903//903 946//946 937//937
f 937//937 942//942 949//949
f 949//949 942//942 937//937
f 937//937 949//949 900//900
f 931//931 861//861 918//918
f 946//946 933//933 928//928
f 926//926 910//910 922//922
f 926//926 914//914 910//910
f 949//949 928//928 918//918
f 928//928 908//908 935//935
f 914//914 906//906 910//910
f 928//928 910//910 908//908
f 931//931 935//935 908//908
f 928//928 935//935 918//918
f 935//935 931//931 918//918
f 888//888 784//784 861//861
f 784//784 790//790 779//779
f 790//790 774//774 757//757
f 888//888 931//931 908//908
f 850//850 787//787 790//790
f 787//787 774//774 790//790
f 838//838 850//850 828//828
f 843//843 828//828 850//850
f 800//800 768//768 787//787
f 712//712 735//735 790//790
f 759//759 718//718 790//790
f 774//774 770//770 757//757
f 790//790 770//770 759//759
f 718//718 712//712 790//790
f 712//712 637//637 628//628
f 665//665 637//637 712//712
f 587//587 595//595 589//589
f 587//587 589//589 548//548
f 595//595 600//600 597//597
f 595//595 637//637 607//607
f 637//637 597//597 607//607
f 548//548 553//553 556//556
f 585//585 571//571 597//597
f 665//665 613//613 637//637
f 665//665 630//630 597//597
f 688//688 647//647 630//630
f 688//688 630//630 665//665
f 607//607 597//597 613//613
f 597//597 587//587 589//589
f 585//585 583//583 574//574
f 774//774 787//787 759//759
f 768//768 752//752 787//787
f 690//690 710//710 731//731
f 704//704 759//759 710//710
f 731//731 768//768 690//690
f 710//710 690//690 704//704
f 690//690 647//647 688//688
f 690//690 668//668 653//653
f 675//675 668//668 690//690
f 647//647 605//605 560//560
f 675//675 605//605 653//653
f 605//605 542//542 560//560
f 759//759 770//770 774//774
f 690//690 653//653 647//647
f 931//931 888//888 861//861
f 566//566 479//479 307//307
f 479//479 253//253 307//307
f 479//479 474//474 253//253
f 609//609 353//353 474//474
f 609//609 564//564 353//353
f 474//474 353//353 253//253
f 566//566 307//307 126//126
f 126//126 307//307 268//268
f 253//253 251//251 178//178
f 268//268 253//253 178//178
f 253//253 268//268 307//307
f 253//253 260//260 251//251
f 253//253 353//353 260//260
f 251//251 202//202 178//178
f 353//353 467//467 289//289
f 289//289 202//202 260//260
f 202//202 180//180 186//186
f 202//202 186//186 93//93
f 289//289 224//224 202//202
f 224//224 262//262 180//180
f 353//353 289//289 260//260
f 564//564 467//467 353//353
f 467//467 587//587 503//503
f 499//499 455//455 503//503
f 503//503 477//477 467//467
f 536//536 499//499 553//553
f 544//544 536//536 553//553
f 544//544 455//455 499//499
f 544//544 499//499 536//536
f 544//544 571//571 455//455
f 467//467 399//399 403//403
f 309//309 359//359 389//389
f 477//477 403//403 399//399
f 403//403 289//289 467//467
f 309//309 266//266 359//359
f 389//389 340//340 306//306
f 309//309 389//389 306//306
f 291//291 235//235 309//309
f 291//291 266//266 235//235
f 195//195 197//197 180//180
f 274//274 224//224 403//403
f 58//58 4//4 126//126
f 44//44 50//50 27//27
f 44//44 41//41 27//27
f 178//178 202//202 93//93
f 178//178 31//31 58//58
f 178//178 93//93 31//31
f 126//126 4//4 3//3
f 58//58 31//31 4//4
f 27//27 32//32 39//39
f 31//31 33//33 4//4
f 4//4 33//33 3//3
f 40//40 31//31 51//51
f 75//75 66//66 51//51
f 51//51 31//31 59//59
f 51//51 59//59 38//38
f 59//59 31//31 56//56
f 40//40 51//51 33//33
f 180//180 31//31 93//93
f 53//53 31//31 180//180
f 91//91 53//53 180//180
f 158//158 99//99 133//133
f 133//133 99//99 101//101
f 101//101 133//133 119//119
f 133//133 91//91 173//173
f 173//173 99//99 158//158
f 53//53 91//91 101//101
f 53//53 101//101 99//99
f 53//53 99//99 59//59
f 99//99 173//173 19//19
f 3//3 33//33 25//25
f 15//15 38//38 19//19
f 27//27 39//39 35//35
f 38//38 33//33 51//51
f 38//38 59//59 99//99
f 59//59 56//56 53//53
f 32//32 27//27 35//35
f 553//553 511//511 548//548
f 455//455 501//501 503//503
f 511//511 501//501 520//520
f 511//511 520//520 505//505
f 499//499 501//501 553//553
f 571//571 513//513 455//455
f 553//553 548//548 556//556
f 548//548 556//556 551//551
f 585//585 574//574 546//546
f 486//486 375//375 455//455
f 403//403 481//481 441//441
f 441//441 274//274 403//403
f 389//389 481//481 457//457
f 481//481 417//417 457//457
f 441//441 417//417 481//481
f 441//441 389//389 359//359
f 455//455 421//421 389//389
f 455//455 389//389 457//457
f 455//455 375//375 421//421
f 389//389 369//369 340//340
f 266//266 363//363 369//369
f 340//340 383//383 363//363
f 383//383 340//340 369//369
f 375//375 486//486 397//397
f 383//383 369//369 363//363
f 389//389 421//421 369//369
f 488//488 493//493 486//486
f 540//540 452//452 481//481
f 481//481 417//417 452//452
f 417//417 330//330 391//391
f 417//417 391//391 419//419
f 439//439 486//486 459//459
f 493//493 459//459 486//486
f 457//457 481//481 505//505
f 452//452 441//441 481//481
f 441//441 330//330 417//417
f 501//501 457//457 505//505
f 455//455 457//457 501//501
f 513//513 546//546 530//530
f 488//488 486//486 513//513
f 530//530 488//488 513//513
f 530//530 546//546 515//515
f 515//515 546//546 465//465
f 459//459 515//515 445//445
f 530//530 515//515 459//459
f 439//439 459//459 445//445
f 387//387 336//336 445//445
f 445//445 336//336 439//439
f 493//493 530//530 459//459
f 363//363 266//266 340//340
f 340//340 266//266 306//306
f 266//266 291//291 306//306
f 266//266 330//330 359//359
f 330//330 441//441 359//359
f 230//230 330//330 266//266
f 279//279 336//336 230//230
f 208//208 195//195 262//262
f 208//208 197//197 195//195
f 452//452 334//334 377//377
f 328//328 334//334 270//270
f 270//270 302//302 287//287
f 270//270 334//334 302//302
f 334//334 328//328 270//270
f 397//397 336//336 375//375
f 375//375 279//279 266//266
f 208//208 277//277 197//197
f 197//197 214//214 156//156
f 241//241 214//214 197//197
f 277//277 272//272 241//241
f 298//298 277//277 302//302
f 226//226 241//241 197//197
f 349//349 351//351 315//315
f 540//540 481//481 452//452
f 371//371 434//434 437//437
f 434//434 527//527 430//430
f 470//470 434//434 452//452
f 434//434 334//334 452//452
f 449//449 413//413 445//445
f 437//437 434//434 470//470
f 413//413 443//443 373//373
f 437//437 419//419 406//406
f 527//527 430//430 495//495
f 430//430 461//461 495//495
f 425//425 430//430 461//461
f 430//430 401//401 425//425
f 461//461 527//527 495//495
f 461//461 430//430 425//425
f 461//461 430//430 527//527
f 560//560 542//542 546//546
f 465//465 449//449 445//445
f 483//483 465//465 542//542
f 515//515 465//465 445//445
f 443//443 413//413 483//483
f 542//542 581//581 483//483
f 338//338 373//373 443//443
f 483//483 447//447 443//443
f 542//542 465//465 546//546
f 334//334 371//371 437//437
f 437//437 302//302 334//334
f 430//430 334//334 319//319
f 319//319 334//334 430//430
f 355//355 406//406 302//302
f 355//355 437//437 406//406
f 437//437 355//355 302//302
f 311//311 295//295 300//300
f 336//336 272//272 277//277
f 300//300 323//323 387//387
f 300//300 272//272 323//323
f 373//373 295//295 387//387
f 373//373 338//338 295//295
f 302//302 406//406 351//351
f 293//293 233//233 342//342
f 295//295 241//241 300//300
f 295//295 338//338 241//241
f 401//401 430//430 425//425
f 293//293 430//430 401//401
f 430//430 293//293 319//319
f 342//342 233//233 219//219
f 285//285 193//193 214//214
f 319//319 342//342 430//430
f 338//338 285//285 214//214
f 300//300 241//241 272//272
f 277//277 349//349 336//336
f 336//336 317//317 272//272
f 332//332 317//317 336//336
f 336//336 387//387 332//332
f 387//387 317//317 332//332
f 560//560 546//546 647//647
f 349//349 315//315 336//336
f 371//371 334//334 434//434
f 397//397 439//439 336//336
f 375//375 336//336 279//279
f 465//465 483//483 449//449
f 413//413 387//387 445//445
f 197//197 89//89 173//173
f 173//173 89//89 19//19
f 23//23 38//38 15//15
f 42//42 15//15 68//68
f 19//19 68//68 15//15
f 72//72 19//19 89//89
f 68//68 19//19 72//72
f 107//107 68//68 72//72
f 68//68 148//148 42//42
f 55//55 148//148 68//68
f 197//197 156//156 89//89
f 233//233 210//210 219//219
f 175//175 89//89 182//182
f 175//175 117//117 107//107
f 107//107 87//87 68//68
f 175//175 105//105 117//117
f 105//105 87//87 111//111
f 175//175 166//166 105//105
f 105//105 61//61 64//64
f 61//61 64//64 70//70
f 61//61 64//64 55//55
f 61//61 70//70 64//64
f 182//182 89//89 156//156
f 64//64 70//70 105//105
f 477//477 511//511 481//481
f 904//904 882//882 897//897
f 902//902 881//881 906//906
f 881//881 877//877 906//906
f 885//885 897//897 882//882
f 897//897 879//879 895//895
f 897//897 885//885 879//879
f 864//864 863//863 856//856
f 882//882 864//864 856//856
f 856//856 846//846 885//885
f 885//885 868//868 879//879
f 812//812 846//846 829//829
f 855//855 868//868 846//846
f 856//856 885//885 882//882
f 879//879 902//902 895//895
f 877//877 881//881 832//832
f 879//879 872//872 881//881
f 872//872 832//832 881//881
f 832//832 836//836 764//764
f 834//834 845//845 872//872
f 807//807 821//821 834//834
f 821//821 836//836 834//834
f 845//845 836//836 870//870
f 868//868 855//855 879//879
f 855//855 872//872 879//879
f 858//858 906//906 815//815
f 906//906 824//824 815//815
f 850//850 815//815 802//802
f 858//858 815//815 850//850
f 800//800 802//802 794//794
f 815//815 824//824 794//794
f 794//794 802//802 815//815
f 877//877 824//824 906//906
f 824//824 832//832 794//794
f 877//877 832//832 824//824
f 781//781 792//792 846//846
f 781//781 846//846 771//771
f 846//846 792//792 855//855
f 755//755 798//798 807//807
f 805//805 798//798 807//807
f 805//805 821//821 807//807
f 805//805 807//807 798//798
f 836//836 805//805 798//798
f 798//798 764//764 836//836
f 755//755 744//744 798//798
f 798//798 742//742 764//764
f 798//798 744//744 742//742
f 739//739 726//726 744//744
f 766//766 724//724 690//690
f 794//794 724//724 766//766
f 724//724 605//605 675//675
f 686//686 605//605 724//724
f 794//794 764//764 724//724
f 692//692 673//673 698//698
f 742//742 692//692 698//698
f 673//673 692//692 620//620
f 698//698 686//686 724//724
f 872//872 792//792 807//807
f 792//792 872//872 855//855
f 771//771 792//792 781//781
f 755//755 732//732 739//739
f 750//750 732//732 748//748
f 792//792 750//750 748//748
f 736//736 719//719 732//732
f 719//719 708//708 732//732
f 682//682 732//732 708//708
f 701//701 682//682 708//708
f 736//736 732//732 750//750
f 732//732 716//716 739//739
f 726//726 696//696 744//744
f 696//696 716//716 679//679
f 771//771 750//750 792//792
f 716//716 696//696 726//726
f 872//872 807//807 834//834
f 716//716 726//726 739//739
f 821//821 805//805 836//836
f 764//764 794//794 832//832
f 509//509 447//447 534//534
f 593//593 611//611 568//568
f 593//593 568//568 581//581
f 428//428 313//313 379//379
f 285//285 447//447 344//344
f 313//313 249//249 219//219
f 344//344 243//243 191//191
f 409//409 447//447 509//509
f 447//447 409//409 347//347
f 243//243 344//344 347//347
f 243//243 347//347 283//283
f 428//428 249//249 313//313
f 673//673 509//509 611//611
f 611//611 509//509 534//534
f 517//517 509//509 620//620
f 509//509 517//517 409//409
f 532//532 409//409 517//517
f 321//321 283//283 409//409
f 325//325 283//283 321//321
f 409//409 325//325 321//321
f 409//409 432//432 325//325
f 463//463 409//409 532//532
f 325//325 212//212 255//255
f 325//325 365//365 304//304
f 534//534 568//568 611//611
f 148//148 78//78 125//125
f 169//169 147//147 212//212
f 147//147 121//121 78//78
f 78//78 121//121 125//125
f 121//121 115//115 125//125
f 125//125 142//142 148//148
f 115//115 85//85 129//129
f 129//129 142//142 125//125
f 115//115 131//131 125//125
f 182//182 193//193 184//184
f 193//193 191//191 184//184
f 191//191 193//193 285//285
f 105//105 97//97 64//64
f 105//105 166//166 97//97
f 191//191 154//154 166//166
f 154//154 191//191 160//160
f 243//243 160//160 191//191
f 283//283 221//221 243//243
f 221//221 160//160 243//243
f 160//160 140//140 154//154
f 147//147 97//97 140//140
f 140//140 97//97 154//154
f 97//97 74//74 64//64
f 212//212 160//160 255//255
f 325//325 255//255 160//160
f 147//147 140//140 160//160
f 212//212 147//147 160//160
f 325//325 221//221 283//283
f 622//622 682//682 701//701
f 682//682 651//651 648//648
f 649//649 622//622 651//651
f 648//648 634//634 633//633
f 569//569 634//634 648//648
f 682//682 649//649 651//651
f 572//572 648//648 651//651
f 648//648 633//633 679//679
f 657//657 645//645 655//655
f 679//679 633//633 657//657
f 657//657 655//655 645//645
f 696//696 679//679 677//677
f 694//694 679//679 681//681
f 694//694 681//681 677//677
f 679//679 694//694 677//677
f 632//632 602//602 655//655
f 655//655 602//602 677//677
f 655//655 677//677 681//681
f 562//562 532//532 602//602
f 657//657 670//670 679//679
f 484//484 475//475 426//426
f 360//360 384//384 404//404
f 404//404 426//426 360//360
f 426//426 345//345 360//360
f 385//385 384//384 361//361
f 360//360 385//385 361//361
f 426//426 395//395 404//404
f 404//404 395//395 426//426
f 264//264 304//304 423//423
f 423//423 523//523 472//472
f 385//385 357//357 472//472
f 345//345 357//357 360//360
f 357//357 423//423 472//472
f 423//423 357//357 264//264
f 572//572 569//569 648//648
f 632//632 684//684 662//662
f 684//684 632//632 655//655
f 642//642 662//662 660//660
f 569//569 645//645 634//634
f 645//645 616//616 642//642
f 578//578 618//618 616//616
f 578//578 557//557 538//538
f 632//632 616//616 578//578
f 616//616 578//578 618//618
f 578//578 562//562 602//602
f 484//484 554//554 572//572
f 507//507 538//538 569//569
f 472//472 538//538 507//507
f 472//472 507//507 569//569
f 484//484 426//426 395//395
f 472//472 484//484 395//395
f 385//385 472//472 395//395
f 472//472 523//523 562//562
f 578//578 538//538 472//472
f 633//633 634//634 645//645
f 562//562 523//523 532//532
f 569//569 578//578 645//645
f 569//569 538//538 557//557
f 696//696 677//677 692//692
f 532//532 620//620 692//692
f 602//602 692//692 677//677
f 602//602 532//532 692//692
f 523//523 423//423 463//463
f 532//532 523//523 463//463
f 365//365 432//432 423//423
f 345//345 236//236 296//296
f 275//275 236//236 345//345
f 345//345 296//296 357//357
f 357//357 296//296 264//264
f 296//296 236//236 239//239
f 296//296 228//228 264//264
f 142//142 143//143 148//148
f 149//149 143//143 136//136
f 76//76 112//112 143//143
f 129//129 143//143 142//142
f 85//85 143//143 129//129
f 85//85 94//94 143//143
f 169//169 164//164 115//115
f 189//189 85//85 164//164
f 164//164 85//85 115//115
f 143//143 94//94 76//76
f 81//81 83//83 94//94
f 94//94 82//82 81//81
f 82//82 85//85 189//189
f 82//82 76//76 83//83
f 94//94 85//85 81//81
f 82//82 76//76 81//81
f 76//76 94//94 83//83
f 83//83 81//81 76//76
f 82//82 94//94 81//81
f 236//236 199//199 198//198
f 199//199 112//112 198//198
f 199//199 236//236 222//222
f 236//236 258//258 222//222
f 228//228 217//217 189//189
f 189//189 217//217 76//76
f 217//217 236//236 198//198
f 532//532 517//517 620//620
f 216//216 169//169 212//212
f 304//304 212//212 325//325
f 933//933 904//904 914//914
f 800//800 794//794 768//768
f 581//581 568//568 483//483
f 64//64 148//148 55//55
f 605//605 581//581 542//542
f 648//648 679//679 682//682
f 673//673 611//611 593//593
f 903//903 848//848 946//946
f 762//762 809//809 900//900
f 544//544 597//597 571//571
f 926//926 922//922 925//925
f 926//926 925//925 922//922
f 926//926 925//925 922//922
f 926//926 932//932 922//922
f 926//926 922//922 925//925
f 932//932 926//926 922//922
f 838//838 828//828 843//843
f 784//784 888//888 790//790
f 790//790 908//908 850//850
f 838//838 843//843 850//850
f 600//600 607//607 597//597
f 850//850 802//802 800//800
f 665//665 712//712 718//718
f 564//564 595//595 587//587
f 548//548 589//589 587//587
f 607//607 600//600 595//595
f 597//597 630//630 574//574
f 597//597 574//574 583//583
f 548//548 597//597 553//553
f 665//665 718//718 704//704
f 589//589 595//595 597//597
f 574//574 630//630 546//546
f 607//607 613//613 597//597
f 637//637 613//613 597//597
f 548//548 587//587 597//597
f 585//585 597//597 583//583
f 759//759 752//752 710//710
f 731//731 710//710 752//752
f 224//224 180//180 202//202
f 605//605 647//647 653//653
f 653//653 668//668 675//675
f 770//770 790//790 757//757
f 490//490 503//503 477//477
f 202//202 251//251 260//260
f 477//477 503//503 490//490
f 306//306 291//291 309//309
f 262//262 195//195 180//180
f 50//50 27//27 41//41
f 50//50 41//41 44//44
f 32//32 35//35 34//34
f 32//32 34//34 40//40
f 27//27 50//50 44//44
f 27//27 50//50 44//44
f 40//40 34//34 35//35
f 32//32 40//40 39//39
f 39//39 40//40 35//35
f 31//31 40//40 33//33
f 40//40 32//32 33//33
f 33//33 51//51 31//31
f 51//51 59//59 75//75
f 31//31 53//53 56//56
f 101//101 91//91 133//133
f 101//101 91//91 119//119
f 481//481 511//511 505//505
f 101//101 119//119 133//133
f 158//158 133//133 173//173
f 19//19 38//38 99//99
f 101//101 119//119 91//91
f 33//33 38//38 25//25
f 25//25 38//38 17//17
f 17//17 38//38 23//23
f 32//32 34//34 35//35
f 35//35 34//34 32//32
f 31//31 51//51 33//33
f 262//262 224//224 274//274
f 505//505 520//520 501//501
f 548//548 551//551 556//556
f 486//486 455//455 513//513
f 389//389 441//441 481//481
f 391//391 330//330 406//406
f 452//452 274//274 441//441
f 421//421 375//375 393//393
f 369//369 421//421 393//393
f 369//369 393//393 375//375
f 488//488 497//497 493//493
f 274//274 452//452 377//377
f 406//406 419//419 391//391
f 279//279 230//230 266//266
f 488//488 530//530 497//497
f 493//493 497//497 530//530
f 266//266 309//309 235//235
f 277//277 262//262 270//270
f 302//302 277//277 287//287
f 369//369 375//375 266//266
f 208//208 262//262 277//277
f 274//274 377//377 334//334
f 274//274 334//334 270//270
f 387//387 413//413 373//373
f 287//287 277//277 270//270
f 230//230 336//336 315//315
f 262//262 274//274 270//270
f 434//434 430//430 527//527
f 449//449 483//483 413//413
f 419//419 437//437 452//452
f 447//447 338//338 443//443
f 342//342 319//319 293//293
f 323//323 272//272 317//317
f 123//123 105//105 111//111
f 351//351 349//349 277//277
f 311//311 300//300 295//295
f 214//214 241//241 338//338
f 293//293 210//210 233//233
f 68//68 87//87 55//55
f 89//89 107//107 72//72
f 123//123 111//111 87//87
f 87//87 105//105 64//64
f 897//897 895//895 902//902
f 117//117 123//123 87//87
f 55//55 87//87 64//64
f 70//70 64//64 61//61
f 55//55 64//64 61//61
f 61//61 105//105 70//70
f 884//884 829//829 882//882
f 863//863 864//864 829//829
f 836//836 845//845 834//834
f 829//829 846//846 863//863
f 868//868 885//885 846//846
f 881//881 902//902 879//879
f 836//836 834//834 821//821
f 821//821 834//834 836//836
f 748//748 732//732 755//755
f 846//846 812//812 771//771
f 739//739 744//744 755//755
f 807//807 792//792 755//755
f 97//97 80//80 78//78
f 342//342 428//428 401//401
f 347//347 409//409 283//283
f 409//409 463//463 432//432
f 147//147 169//169 121//121
f 131//131 129//129 125//125
f 129//129 131//131 115//115
f 115//115 121//121 169//169
f 166//166 184//184 191//191
f 97//97 166//166 154//154
f 78//78 97//97 147//147
f 78//78 80//80 97//97
f 649//649 682//682 622//622
f 632//632 645//645 655//655
f 655//655 657//657 645//645
f 681//681 679//679 670//670
f 655//655 681//681 670//670
f 655//655 670//670 657//657
f 484//484 572//572 475//475
f 360//360 361//361 384//384
f 384//384 385//385 395//395
f 395//395 404//404 384//384
f 404//404 395//395 426//426
f 572//572 554//554 569//569
f 684//684 660//660 662//662
f 655//655 645//645 684//684
f 660//660 645//645 642//642
f 632//632 662//662 616//616
f 645//645 578//578 616//616
f 616//616 618//618 642//642
f 616//616 618//618 578//578
f 616//616 618//618 578//578
f 616//616 642//642 618//618
f 569//569 554//554 472//472
f 423//423 432//432 463//463
f 296//296 239//239 228//228
f 264//264 247//247 216//216
f 264//264 216//216 247//247
f 82//82 81//81 85//85
f 83//83 76//76 82//82
f 275//275 258//258 236//236
f 112//112 217//217 198//198
f 239//239 236//236 217//217
f 217//217 228//228 239//239
f 166//166 175//175 184//184
f 450//450 281//281 280//280
f 874//874 886//886 873//873
f 796//796 810//810 795//795
f 745//745 772//772 775//775
f 528//528 590//590 558//558
f 537//537 528//528 525//525
f 414//414 453//453 468//468
f 640//640 658//658 638//638
f 528//528 537//537 524//524
f 187//187 203//203 200//200
f 450//450 603//603 625//625
f 5//5 49//49 62//62
f 62//62 170//170 171//171
f 2//2 6//6 5//5
f 24//24 1//1 5//5
f 45//45 10//10 22//22
f 825//825 841//841 822//822
f 791//791 788//788 796//796
f 753//753 749//749 745//745
f 749//749 740//740 745//745
f 745//745 721//721 720//720
f 721//721 713//713 720//720
f 640//640 663//663 590//590
f 650//650 614//614 590//590
f 150//150 161//161 152//152
f 108//108 95//95 113//113
f 187//187 167//167 113//113
f 840//840 891//891 892//892
f 785//785 826//826 840//840
f 898//898 929//929 892//892
f 728//728 782//782 785//785
f 940//940 950//950 947//947
f 394//394 471//471 450//450
f 280//280 367//367 450//450
f 22//22 20//20 14//14
f 26//26 13//13 24//24
f 14//14 29//29 24//24
f 12//12 37//37 22//22
f 874//874 851//851 839//839
f 839//839 825//825 822//822
f 822//822 865//865 866//866
f 813//813 816//816 810//810
f 866//866 819//819 813//813
f 795//795 791//791 796//796
f 775//775 760//760 745//745
f 720//720 702//702 700//700
f 635//635 639//639 640//640
f 521//521 518//518 528//528
f 414//414 380//380 381//381
f 558//558 549//549 528//528
f 468//468 435//435 414//414
f 326//326 244//244 245//245
f 113//113 102//102 109//109
f 237//237 256//256 245//245
f 889//889 883//883 886//886
f 638//638 635//635 640//640
f 528//528 506//506 453//453
f 524//524 521//521 528//528
f 245//245 231//231 203//203
f 840//840 830//830 847//847
f 728//728 727//727 729//729
f 728//728 722//722 727//727
f 625//625 626//626 643//643
f 625//625 621//621 626//626
f 947//947 950//950 945//945
f 947//947 945//945 944//944
f 450//450 471//471 491//491
f 5//5 6//6 7//7
f 24//24 11//11 8//8
f 22//22 9//9 12//12
f 22//22 10//10 9//9
f 45//45 48//48 46//46
f 921//921 923//923 919//919
f 921//921 912//912 911//911
f 921//921 919//919 916//916
f 745//745 760//760 754//754
f 720//720 713//713 707//707
f 590//590 663//663 650//650
f 640//640 666//666 671//671
f 381//381 380//380 366//366
f 414//414 415//415 411//411
f 414//414 410//410 407//407
f 528//528 549//549 525//525
f 245//245 244//244 238//238
f 152//152 161//161 162//162
f 113//113 135//135 108//108
f 245//245 238//238 237//237
f 921//921 924//924 920//920
f 892//892 891//891 893//893
f 625//625 603//603 621//621
f 892//892 893//893 898//898
f 940//940 939//939 943//943
f 947//947 938//938 936//936
f 947//947 944//944 938//938
f 450//450 367//367 394//394
f 171//171 170//170 176//176
f 62//62 49//49 65//65
f 24//24 13//13 11//11
f 24//24 29//29 28//28
f 14//14 16//16 21//21
f 14//14 20//20 16//16
f 22//22 37//37 36//36
f 45//45 47//47 43//43
f 45//45 46//46 47//47
f 921//921 915//915 912//912
f 886//886 890//890 889//889
f 822//822 852//852 853//853
f 822//822 841//841 852//852
f 886//886 883//883 875//875
f 866//866 862//862 859//859
f 921//921 916//916 915//915
f 810//810 816//816 811//811
f 810//810 803//803 795//795
f 796//796 788//788 780//780
f 745//745 740//740 737//737
f 745//745 754//754 753//753
f 745//745 737//737 733//733
f 152//152 137//137 134//134
f 152//152 141//141 138//138
f 640//640 639//639 666//666
f 590//590 614//614 598//598
f 414//414 411//411 410//410
f 590//590 598//598 591//591
f 590//590 579//579 576//576
f 590//590 565//565 558//558
f 590//590 575//575 565//565
f 150//150 144//144 151//151
f 150//150 127//127 144//144
f 245//245 256//256 257//257
f 203//203 205//205 204//204
f 203//203 206//206 205//205
f 113//113 167//167 145//145
f 113//113 145//145 135//135
f 203//203 204//204 200//200
f 921//921 920//920 923//923
f 700//700 702//702 699//699
f 414//414 435//435 415//415
f 109//109 102//102 103//103
f 903//903 817//817 899//899
f 746//746 899//899 776//776
f 746//746 783//783 899//899
f 705//705 761//761 714//714
f 478//478 473//473 608//608
f 608//608 623//623 478//478
f 705//705 746//746 761//761
f 627//627 746//746 705//705
f 903//903 899//899 937//937
f 948//948 946//946 937//937
f 899//899 917//917 948//948
f 860//860 899//899 783//783
f 933//933 904//904 946//946
f 913//913 933//933 922//922
f 913//913 922//922 926//926
f 922//922 933//933 927//927
f 909//909 922//922 927//927
f 899//899 860//860 917//917
f 907//907 887//887 789//789
f 849//849 857//857 907//907
f 849//849 786//786 799//799
f 734//734 789//789 778//778
f 636//636 563//563 594//594
f 664//664 687//687 703//703
f 596//596 664//664 612//612
f 646//646 629//629 545//545
f 751//751 786//786 758//758
f 765//765 767//767 689//689
f 767//767 751//751 730//730
f 703//703 687//687 689//689
f 723//723 689//689 674//674
f 758//758 717//717 703//703
f 636//636 627//627 563//563
f 252//252 478//478 473//473
f 473//473 478//478 252//252
f 476//476 510//510 502//502
f 398//398 476//476 466//466
f 480//480 476//476 402//402
f 288//288 223//223 402//402
f 126//126 57//57 267//267
f 40//40 32//32 33//33
f 59//59 75//75 51//51
f 51//51 75//75 66//66
f 196//196 179//179 172//172
f 172//172 179//179 90//90
f 177//177 267//267 57//57
f 547//547 586//586 502//502
f 510//510 547//547 502//502
f 500//500 552//552 510//510
f 570//570 512//512 584//584
f 545//545 584//584 512//512
f 498//498 500//500 502//502
f 418//418 416//416 451//451
f 396//396 438//438 485//485
f 456//456 480//480 416//416
f 229//229 350//350 314//314
f 329//329 405//405 350//350
f 276//276 196//196 225//225
f 240//240 276//276 225//225
f 329//329 350//350 229//229
f 451//451 469//469 436//436
f 386//386 299//299 294//294
f 350//350 301//301 297//297
f 218//218 292//292 209//209
f 341//341 429//429 400//400
f 312//312 292//292 218//218
f 284//284 446//446 337//337
f 276//276 350//350 297//297
f 316//316 322//322 386//386
f 42//42 15//15 23//23
f 174//174 88//88 106//106
f 86//86 116//116 106//106
f 181//181 174//174 183//183
f 116//116 122//122 104//104
f 192//192 213//213 181//181
f 181//181 213//213 155//155
f 179//179 185//185 92//92
f 905//905 904//904 913//913
f 896//896 904//904 905//905
f 901//901 896//896 905//905
f 882//882 884//884 904//904
f 864//864 829//829 882//882
f 863//863 856//856 846//846
f 844//844 871//871 869//869
f 869//869 831//831 835//835
f 871//871 831//831 869//869
f 797//797 806//806 804//804
f 793//793 767//767 765//765
f 580//580 592//592 604//604
f 592//592 685//685 604//604
f 741//741 763//763 723//723
f 741//741 723//723 697//697
f 697//697 592//592 672//672
f 743//743 741//741 691//691
f 697//697 685//685 592//592
f 748//748 792//792 755//755
f 715//715 682//682 732//732
f 678//678 682//682 715//715
f 695//695 743//743 691//691
f 857//857 905//905 907//907
f 446//446 567//567 482//482
f 533//533 567//567 446//446
f 427//427 400//400 292//292
f 378//378 427//427 292//292
f 341//341 427//427 248//248
f 378//378 292//292 312//312
f 343//343 284//284 190//190
f 343//343 346//346 446//446
f 619//619 672//672 508//508
f 364//364 431//431 324//324
f 73//73 63//63 77//77
f 63//63 148//148 77//77
f 324//324 220//220 159//159
f 77//77 96//96 73//73
f 644//644 633//633 656//656
f 631//631 644//644 654//654
f 360//360 385//385 356//356
f 659//659 644//644 683//683
f 641//641 661//661 615//615
f 577//577 631//631 601//601
f 472//472 484//484 554//554
f 472//472 577//577 561//561
f 557//557 569//569 577//577
f 422//422 364//364 303//303
f 215//215 263//263 303//303
f 303//303 211//211 215//215
f 163//163 215//215 168//168
f 215//215 227//227 263//263
f 163//163 188//188 215//215
f 215//215 188//188 227//227
f 143//143 148//148 149//149
f 76//76 188//188 82//82
f 112//112 217//217 76//76
f 275//275 426//426 345//345
f 905//905 909//909 907//907
f 218//218 341//341 248//248
f 946//946 948//948 927//927
f 143//143 136//136 112//112
f 899//899 817//817 808//808
f 848//848 817//817 903//903
f 817//817 761//761 808//808
f 817//817 848//848 761//761
f 899//899 761//761 776//776
f 776//776 761//761 746//746
f 783//783 746//746 778//778
f 566//566 714//714 848//848
f 848//848 714//714 761//761
f 714//714 623//623 705//705
f 714//714 566//566 623//623
f 566//566 478//478 623//623
f 608//608 705//705 623//623
f 627//627 705//705 608//608
f 746//746 734//734 778//778
f 734//734 746//746 711//711
f 711//711 746//746 627//627
f 586//586 563//563 466//466
f 552//552 543//543 596//596
f 627//627 608//608 563//563
f 903//903 937//937 946//946
f 937//937 948//948 941//941
f 948//948 937//937 941//941
f 937//937 899//899 948//948
f 930//930 917//917 860//860
f 946//946 927//927 933//933
f 926//926 922//922 909//909
f 926//926 909//909 913//913
f 948//948 917//917 927//927
f 927//927 934//934 907//907
f 913//913 909//909 905//905
f 927//927 907//907 909//909
f 930//930 907//907 934//934
f 927//927 917//917 934//934
f 934//934 917//917 930//930
f 887//887 860//860 783//783
f 783//783 778//778 789//789
f 789//789 756//756 773//773
f 887//887 907//907 930//930
f 849//849 789//789 786//786
f 786//786 789//789 773//773
f 837//837 827//827 849//849
f 842//842 849//849 827//827
f 799//799 786//786 767//767
f 711//711 789//789 734//734
f 758//758 789//789 717//717
f 773//773 756//756 769//769
f 789//789 758//758 769//769
f 717//717 789//789 711//711
f 711//711 627//627 636//636
f 664//664 711//711 636//636
f 586//586 588//588 594//594
f 586//586 547//547 588//588
f 594//594 596//596 599//599
f 594//594 606//606 636//636
f 636//636 606//606 596//596
f 547//547 555//555 552//552
f 584//584 596//596 570//570
f 664//664 636//636 612//612
f 664//664 596//596 629//629
f 687//687 629//629 646//646
f 687//687 664//664 629//629
f 606//606 612//612 596//596
f 596//596 588//588 586//586
f 584//584 573//573 582//582
f 773//773 758//758 786//786
f 767//767 786//786 751//751
f 689//689 730//730 709//709
f 703//703 709//709 758//758
f 730//730 689//689 767//767
f 709//709 703//703 689//689
f 689//689 687//687 646//646
f 689//689 652//652 667//667
f 674//674 689//689 667//667
f 646//646 559//559 604//604
f 674//674 652//652 604//604
f 604//604 559//559 541//541
f 758//758 773//773 769//769
f 689//689 646//646 652//652
f 930//930 860//860 887//887
f 566//566 307//307 478//478
f 478//478 307//307 252//252
f 478//478 252//252 473//473
f 608//608 473//473 352//352
f 608//608 352//352 563//563
f 473//473 252//252 352//352
f 566//566 126//126 307//307
f 126//126 267//267 307//307
f 252//252 177//177 250//250
f 267//267 177//177 252//252
f 252//252 307//307 267//267
f 252//252 250//250 259//259
f 252//252 259//259 352//352
f 250//250 177//177 201//201
f 352//352 288//288 466//466
f 288//288 259//259 201//201
f 201//201 185//185 179//179
f 201//201 92//92 185//185
f 288//288 201//201 223//223
f 223//223 179//179 261//261
f 352//352 259//259 288//288
f 563//563 352//352 466//466
f 466//466 502//502 586//586
f 498//498 502//502 454//454
f 502//502 466//466 476//476
f 535//535 552//552 498//498
f 543//543 552//552 535//535
f 543//543 498//498 454//454
f 543//543 535//535 498//498
f 543//543 454//454 570//570
f 466//466 402//402 398//398
f 308//308 388//388 358//358
f 476//476 398//398 402//402
f 402//402 466//466 288//288
f 308//308 358//358 265//265
f 388//388 305//305 339//339
f 308//308 305//305 388//388
f 290//290 308//308 234//234
f 290//290 234//234 265//265
f 194//194 179//179 196//196
f 273//273 402//402 223//223
f 57//57 126//126 4//4
f 44//44 27//27 50//50
f 44//44 27//27 41//41
f 177//177 92//92 201//201
f 177//177 57//57 30//30
f 177//177 30//30 92//92
f 126//126 3//3 4//4
f 57//57 4//4 30//30
f 27//27 39//39 32//32
f 30//30 4//4 33//33
f 4//4 3//3 33//33
f 40//40 51//51 30//30
f 75//75 51//51 66//66
f 51//51 59//59 30//30
f 51//51 38//38 59//59
f 59//59 56//56 30//30
f 40//40 33//33 51//51
f 179//179 92//92 30//30
f 52//52 179//179 30//30
f 90//90 179//179 52//52
f 157//157 132//132 98//98
f 132//132 100//100 98//98
f 100//100 118//118 132//132
f 132//132 172//172 90//90
f 172//172 157//157 98//98
f 52//52 100//100 90//90
f 52//52 98//98 100//100
f 52//52 59//59 98//98
f 98//98 18//18 172//172
f 3//3 25//25 33//33
f 15//15 18//18 38//38
f 27//27 35//35 39//39
f 38//38 51//51 33//33
f 38//38 98//98 59//59
f 59//59 52//52 56//56
f 32//32 35//35 27//27
f 552//552 547//547 510//510
f 454//454 502//502 500//500
f 510//510 519//519 500//500
f 510//510 504//504 519//519
f 498//498 552//552 500//500
f 570//570 454//454 512//512
f 552//552 555//555 547//547
f 547//547 550//550 555//555
f 584//584 545//545 573//573
f 485//485 454//454 374//374
f 402//402 440//440 480//480
f 440//440 402//402 273//273
f 388//388 456//456 480//480
f 480//480 456//456 416//416
f 440//440 480//480 416//416
f 440//440 358//358 388//388
f 454//454 388//388 420//420
f 454//454 456//456 388//388
f 454//454 420//420 374//374
f 388//388 339//339 368//368
f 265//265 368//368 362//362
f 339//339 362//362 382//382
f 382//382 368//368 339//339
f 374//374 396//396 485//485
f 382//382 362//362 368//368
f 388//388 368//368 420//420
f 487//487 485//485 492//492
f 539//539 480//480 451//451
f 480//480 451//451 416//416
f 416//416 390//390 329//329
f 416//416 418//418 390//390
f 438//438 458//458 485//485
f 492//492 485//485 458//458
f 456//456 504//504 480//480
f 451//451 480//480 440//440
f 440//440 416//416 329//329
f 500//500 504//504 456//456
f 454//454 500//500 456//456
f 512//512 529//529 545//545
f 487//487 512//512 485//485
f 529//529 512//512 487//487
f 529//529 514//514 545//545
f 514//514 464//464 545//545
f 458//458 444//444 514//514
f 529//529 458//458 514//514
f 438//438 444//444 458//458
f 386//386 444//444 335//335
f 444//444 438//438 335//335
f 492//492 458//458 529//529
f 362//362 339//339 265//265
f 339//339 305//305 265//265
f 265//265 305//305 290//290
f 265//265 358//358 329//329
f 329//329 358//358 440//440
f 229//229 265//265 329//329
f 278//278 229//229 335//335
f 207//207 261//261 194//194
f 207//207 194//194 196//196
f 451//451 376//376 333//333
f 327//327 269//269 333//333
f 269//269 286//286 301//301
f 269//269 301//301 333//333
f 333//333 269//269 327//327
f 396//396 374//374 335//335
f 374//374 265//265 278//278
f 207//207 196//196 276//276
f 196//196 155//155 213//213
f 240//240 196//196 213//213
f 276//276 240//240 271//271
f 297//297 301//301 276//276
f 225//225 196//196 240//240
f 348//348 314//314 350//350
f 539//539 451//451 480//480
f 370//370 436//436 433//433
f 433//433 429//429 526//526
f 469//469 451//451 433//433
f 433//433 451//451 333//333
f 448//448 444//444 412//412
f 436//436 469//469 433//433
f 412//412 372//372 442//442
f 436//436 405//405 418//418
f 526//526 494//494 429//429
f 429//429 494//494 460//460
f 424//424 460//460 429//429
f 429//429 424//424 400//400
f 460//460 494//494 526//526
f 460//460 424//424 429//429
f 460//460 526//526 429//429
f 559//559 545//545 541//541
f 464//464 444//444 448//448
f 482//482 541//541 464//464
f 514//514 444//444 464//464
f 442//442 482//482 412//412
f 541//541 482//482 580//580
f 337//337 442//442 372//372
f 482//482 442//442 446//446
f 541//541 545//545 464//464
f 333//333 436//436 370//370
f 436//436 333//333 301//301
f 429//429 318//318 333//333
f 318//318 429//429 333//333
f 354//354 301//301 405//405
f 354//354 405//405 436//436
f 436//436 301//301 354//354
f 310//310 299//299 294//294
f 335//335 276//276 271//271
f 299//299 386//386 322//322
f 299//299 322//322 271//271
f 372//372 386//386 294//294
f 372//372 294//294 337//337
f 301//301 350//350 405//405
f 292//292 341//341 232//232
f 294//294 299//299 240//240
f 294//294 240//240 337//337
f 400//400 424//424 429//429
f 292//292 400//400 429//429
f 429//429 318//318 292//292
f 341//341 218//218 232//232
f 284//284 213//213 192//192
f 318//318 429//429 341//341
f 337//337 213//213 284//284
f 299//299 271//271 240//240
f 276//276 335//335 348//348
f 335//335 271//271 316//316
f 331//331 335//335 316//316
f 335//335 331//331 386//386
f 386//386 331//331 316//316
f 559//559 646//646 545//545
f 348//348 335//335 314//314
f 370//370 433//433 333//333
f 396//396 335//335 438//438
f 374//374 278//278 335//335
f 464//464 448//448 482//482
f 412//412 444//444 386//386
f 196//196 172//172 88//88
f 172//172 18//18 88//88
f 23//23 15//15 38//38
f 42//42 67//67 15//15
f 18//18 15//15 67//67
f 71//71 88//88 18//18
f 67//67 71//71 18//18
f 106//106 71//71 67//67
f 67//67 42//42 148//148
f 54//54 67//67 148//148
f 196//196 88//88 155//155
f 232//232 218//218 209//209
f 174//174 181//181 88//88
f 174//174 106//106 116//116
f 106//106 67//67 86//86
f 174//174 116//116 104//104
f 104//104 110//110 86//86
f 174//174 104//104 165//165
f 104//104 63//63 60//60
f 60//60 69//69 63//63
f 60//60 54//54 63//63
f 60//60 63//63 69//69
f 181//181 155//155 88//88
f 63//63 104//104 69//69
f 476//476 480//480 510//510
f 904//904 896//896 882//882
f 901//901 905//905 880//880
f 880//880 905//905 876//876
f 885//885 882//882 896//896
f 896//896 894//894 878//878
f 896//896 878//878 885//885
f 864//864 856//856 863//863
f 882//882 856//856 864//864
f 856//856 885//885 846//846
f 885//885 878//878 867//867
f 812//812 829//829 846//846
f 854//854 846//846 867//867
f 856//856 882//882 885//885
f 878//878 894//894 901//901
f 876//876 831//831 880//880
f 878//878 880//880 871//871
f 871//871 880//880 831//831
f 831//831 763//763 835//835
f 833//833 871//871 844//844
f 806//806 833//833 820//820
f 820//820 833//833 835//835
f 844//844 869//869 835//835
f 867//867 878//878 854//854
f 854//854 878//878 871//871
f 857//857 814//814 905//905
f 905//905 814//814 823//823
f 849//849 801//801 814//814
f 857//857 849//849 814//814
f 799//799 793//793 801//801
f 814//814 793//793 823//823
f 793//793 814//814 801//801
f 876//876 905//905 823//823
f 823//823 793//793 831//831
f 876//876 823//823 831//831
f 781//781 846//846 792//792
f 781//781 771//771 846//846
f 846//846 854//854 792//792
f 755//755 806//806 797//797
f 804//804 806//806 797//797
f 804//804 806//806 820//820
f 804//804 797//797 806//806
f 835//835 797//797 804//804
f 797//797 835//835 763//763
f 755//755 797//797 743//743
f 797//797 763//763 741//741
f 797//797 741//741 743//743
f 738//738 743//743 725//725
f 765//765 689//689 723//723
f 793//793 765//765 723//723
f 723//723 674//674 604//604
f 685//685 723//723 604//604
f 793//793 723//723 763//763
f 691//691 697//697 672//672
f 741//741 697//697 691//691
f 672//672 619//619 691//691
f 697//697 723//723 685//685
f 871//871 806//806 792//792
f 792//792 854//854 871//871
f 771//771 781//781 792//792
f 755//755 738//738 732//732
f 750//750 748//748 732//732
f 792//792 748//748 750//750
f 736//736 732//732 719//719
f 719//719 732//732 708//708
f 682//682 708//708 732//732
f 701//701 708//708 682//682
f 736//736 750//750 732//732
f 732//732 738//738 715//715
f 725//725 743//743 695//695
f 695//695 678//678 715//715
f 771//771 792//792 750//750
f 715//715 725//725 695//695
f 871//871 833//833 806//806
f 715//715 738//738 725//725
f 820//820 835//835 804//804
f 763//763 831//831 793//793
f 508//508 533//533 446//446
f 592//592 567//567 610//610
f 592//592 580//580 567//567
f 427//427 378//378 312//312
f 284//284 343//343 446//446
f 312//312 218//218 248//248
f 343//343 190//190 242//242
f 408//408 508//508 446//446
f 446//446 346//346 408//408
f 242//242 346//346 343//343
f 242//242 282//282 346//346
f 427//427 312//312 248//248
f 672//672 610//610 508//508
f 610//610 533//533 508//508
f 516//516 619//619 508//508
f 508//508 408//408 516//516
f 531//531 516//516 408//408
f 320//320 408//408 282//282
f 324//324 320//320 282//282
f 408//408 320//320 324//324
f 408//408 324//324 431//431
f 462//462 531//531 408//408
f 324//324 254//254 211//211
f 324//324 303//303 364//364
f 533//533 610//610 567//567
f 148//148 124//124 77//77
f 168//168 211//211 146//146
f 146//146 77//77 120//120
f 77//77 124//124 120//120
f 120//120 124//124 114//114
f 124//124 148//148 142//142
f 114//114 128//128 84//84
f 128//128 124//124 142//142
f 114//114 124//124 130//130
f 181//181 183//183 192//192
f 192//192 183//183 190//190
f 190//190 284//284 192//192
f 104//104 63//63 96//96
f 104//104 96//96 165//165
f 190//190 165//165 153//153
f 153//153 159//159 190//190
f 242//242 190//190 159//159
f 282//282 242//242 220//220
f 220//220 242//242 159//159
f 159//159 153//153 139//139
f 146//146 139//139 96//96
f 139//139 153//153 96//96
f 96//96 63//63 73//73
f 211//211 254//254 159//159
f 324//324 159//159 254//254
f 146//146 159//159 139//139
f 211//211 159//159 146//146
f 324//324 282//282 220//220
f 622//622 701//701 682//682
f 682//682 648//648 651//651
f 649//649 651//651 622//622
f 648//648 633//633 634//634
f 569//569 648//648 634//634
f 682//682 651//651 649//649
f 572//572 651//651 648//648
f 648//648 678//678 633//633
f 656//656 654//654 644//644
f 678//678 656//656 633//633
f 656//656 644//644 654//654
f 695//695 676//676 678//678
f 693//693 680//680 678//678
f 693//693 676//676 680//680
f 678//678 676//676 693//693
f 631//631 654//654 601//601
f 654//654 676//676 601//601
f 654//654 680//680 676//676
f 561//561 601//601 531//531
f 656//656 678//678 669//669
f 484//484 426//426 475//475
f 360//360 404//404 384//384
f 404//404 360//360 426//426
f 426//426 360//360 345//345
f 385//385 361//361 384//384
f 360//360 361//361 385//385
f 426//426 404//404 395//395
f 404//404 426//426 395//395
f 263//263 422//422 303//303
f 422//422 472//472 522//522
f 385//385 472//472 356//356
f 345//345 360//360 356//356
f 356//356 472//472 422//422
f 422//422 263//263 356//356
f 572//572 648//648 569//569
f 631//631 661//661 683//683
f 683//683 654//654 631//631
f 641//641 659//659 661//661
f 569//569 634//634 644//644
f 644//644 641//641 615//615
f 577//577 615//615 617//617
f 577//577 538//538 557//557
f 631//631 577//577 615//615
f 615//615 617//617 577//577
f 577//577 601//601 561//561
f 484//484 572//572 554//554
f 507//507 569//569 538//538
f 472//472 507//507 538//538
f 472//472 569//569 507//507
f 484//484 395//395 426//426
f 472//472 395//395 484//484
f 385//385 395//395 472//472
f 472//472 561//561 522//522
f 577//577 472//472 538//538
f 633//633 644//644 634//634
f 561//561 531//531 522//522
f 569//569 644//644 577//577
f 569//569 557//557 538//538
f 695//695 691//691 676//676
f 531//531 691//691 619//619
f 601//601 676//676 691//691
f 601//601 691//691 531//531
f 522//522 462//462 422//422
f 531//531 462//462 522//522
f 364//364 422//422 431//431
f 345//345 296//296 236//236
f 275//275 345//345 236//236
f 345//345 356//356 296//296
f 356//356 263//263 296//296
f 296//296 239//239 236//236
f 296//296 263//263 227//227
f 142//142 148//148 143//143
f 149//149 136//136 143//143
f 76//76 143//143 112//112
f 128//128 142//142 143//143
f 84//84 128//128 143//143
f 84//84 143//143 94//94
f 168//168 114//114 163//163
f 188//188 163//163 84//84
f 163//163 114//114 84//84
f 143//143 76//76 94//94
f 81//81 94//94 83//83
f 94//94 81//81 82//82
f 82//82 188//188 84//84
f 82//82 83//83 76//76
f 94//94 81//81 84//84
f 82//82 81//81 76//76
f 76//76 83//83 94//94
f 83//83 76//76 81//81
f 82//82 81//81 94//94
f 236//236 198//198 199//199
f 199//199 198//198 112//112
f 199//199 222//222 236//236
f 236//236 222//222 258//258
f 227//227 188//188 217//217
f 188//188 76//76 217//217
f 217//217 198//198 236//236
f 531//531 619//619 516//516
f 215//215 211//211 168//168
f 303//303 324//324 211//211
f 933//933 913//913 904//904
f 799//799 767//767 793//793
f 580//580 482//482 567//567
f 63//63 54//54 148//148
f 604//604 541//541 580//580
f 648//648 682//682 678//678
f 672//672 592//592 610//610
f 903//903 946//946 848//848
f 761//761 899//899 808//808
f 543//543 570//570 596//596
f 926//926 925//925 922//922
f 926//926 922//922 925//925
f 926//926 922//922 925//925
f 926//926 922//922 932//932
f 926//926 925//925 922//922
f 932//932 922//922 926//926
f 837//837 842//842 827//827
f 783//783 789//789 887//887
f 789//789 849//849 907//907
f 837//837 849//849 842//842
f 599//599 596//596 606//606
f 849//849 799//799 801//801
f 664//664 717//717 711//711
f 563//563 586//586 594//594
f 547//547 586//586 588//588
f 606//606 594//594 599//599
f 596//596 573//573 629//629
f 596//596 582//582 573//573
f 547//547 552//552 596//596
f 664//664 703//703 717//717
f 588//588 596//596 594//594
f 573//573 545//545 629//629
f 606//606 596//596 612//612
f 636//636 596//596 612//612
f 547//547 596//596 586//586
f 584//584 582//582 596//596
f 758//758 709//709 751//751
f 730//730 751//751 709//709
f 223//223 201//201 179//179
f 604//604 652//652 646//646
f 652//652 674//674 667//667
f 769//769 756//756 789//789
f 489//489 476//476 502//502
f 201//201 259//259 250//250
f 476//476 489//489 502//502
f 305//305 308//308 290//290
f 261//261 179//179 194//194
f 50//50 41//41 27//27
f 50//50 44//44 41//41
f 32//32 34//34 35//35
f 32//32 40//40 34//34
f 27//27 44//44 50//50
f 27//27 44//44 50//50
f 40//40 35//35 34//34
f 32//32 39//39 40//40
f 39//39 35//35 40//40
f 30//30 33//33 40//40
f 40//40 33//33 32//32
f 33//33 30//30 51//51
f 51//51 75//75 59//59
f 30//30 56//56 52//52
f 100//100 132//132 90//90
f 100//100 118//118 90//90
f 480//480 504//504 510//510
f 100//100 132//132 118//118
f 157//157 172//172 132//132
f 18//18 98//98 38//38
f 100//100 90//90 118//118
f 33//33 25//25 38//38
f 25//25 17//17 38//38
f 17//17 23//23 38//38
f 32//32 35//35 34//34
f 35//35 32//32 34//34
f 30//30 33//33 51//51
f 261//261 273//273 223//223
f 504//504 500//500 519//519
f 547//547 555//555 550//550
f 485//485 512//512 454//454
f 388//388 480//480 440//440
f 390//390 405//405 329//329
f 451//451 440//440 273//273
f 420//420 392//392 374//374
f 368//368 392//392 420//420
f 368//368 374//374 392//392
f 487//487 492//492 496//496
f 273//273 376//376 451//451
f 405//405 390//390 418//418
f 278//278 265//265 229//229
f 487//487 496//496 529//529
f 492//492 529//529 496//496
f 265//265 234//234 308//308
f 276//276 269//269 261//261
f 301//301 286//286 276//276
f 368//368 265//265 374//374
f 207//207 276//276 261//261
f 273//273 333//333 376//376
f 273//273 269//269 333//333
f 386//386 372//372 412//412
f 286//286 269//269 276//276
f 229//229 314//314 335//335
f 261//261 269//269 273//273
f 433//433 526//526 429//429
f 448//448 412//412 482//482
f 418//418 451//451 436//436
f 446//446 442//442 337//337
f 341//341 292//292 318//318
f 322//322 316//316 271//271
f 122//122 110//110 104//104
f 350//350 276//276 348//348
f 310//310 294//294 299//299
f 213//213 337//337 240//240
f 292//292 232//232 209//209
f 67//67 54//54 86//86
f 88//88 71//71 106//106
f 122//122 86//86 110//110
f 86//86 63//63 104//104
f 896//896 901//901 894//894
f 116//116 86//86 122//122
f 54//54 63//63 86//86
f 69//69 60//60 63//63
f 54//54 60//60 63//63
f 60//60 69//69 104//104
f 884//884 882//882 829//829
f 863//863 829//829 864//864
f 835//835 833//833 844//844
f 829//829 863//863 846//846
f 867//867 846//846 885//885
f 880//880 878//878 901//901
f 835//835 820//820 833//833
f 820//820 835//835 833//833
f 748//748 755//755 732//732
f 846//846 771//771 812//812
f 738//738 755//755 743//743
f 806//806 755//755 792//792
f 96//96 77//77 79//79
f 341//341 400//400 427//427
f 346//346 282//282 408//408
f 408//408 431//431 462//462
f 146//146 120//120 168//168
f 130//130 124//124 128//128
f 128//128 114//114 130//130
f 114//114 168//168 120//120
f 165//165 190//190 183//183
f 96//96 153//153 165//165
f 77//77 146//146 96//96
f 77//77 96//96 79//79
f 649//649 622//622 682//682
f 631//631 654//654 644//644
f 654//654 644//644 656//656
f 680//680 669//669 678//678
f 654//654 669//669 680//680
f 654//654 656//656 669//669
f 484//484 475//475 572//572
f 360//360 384//384 361//361
f 384//384 395//395 385//385
f 395//395 384//384 404//404
f 404//404 426//426 395//395
f 572//572 569//569 554//554
f 683//683 661//661 659//659
f 654//654 683//683 644//644
f 659//659 641//641 644//644
f 631//631 615//615 661//661
f 644//644 615//615 577//577
f 615//615 641//641 617//617
f 615//615 577//577 617//617
f 615//615 577//577 617//617
f 615//615 617//617 641//641
f 569//569 472//472 554//554
f 422//422 462//462 431//431
f 296//296 227//227 239//239
f 263//263 215//215 246//246
f 263//263 246//246 215//215
f 82//82 84//84 81//81
f 83//83 82//82 76//76
f 275//275 236//236 258//258
f 112//112 198//198 217//217
f 239//239 217//217 236//236
f 217//217 239//239 227//227
f 165//165 183//183 174//174
f 450//450 280//280 281//281
f 874//874 873//873 886//886
f 796//796 795//795 810//810
f 745//745 775//775 772//772
f 528//528 558//558 590//590
f 537//537 525//525 528//528
f 414//414 468//468 453//453
f 640//640 638//638 658//658
f 528//528 524//524 537//537
f 187//187 200//200 203//203
f 450//450 625//625 603//603
f 5//5 62//62 49//49
f 62//62 171//171 170//170
f 2//2 5//5 6//6
f 24//24 5//5 1//1
f 45//45 22//22 10//10
f 825//825 822//822 841//841
f 791//791 796//796 788//788
f 753//753 745//745 749//749
f 749//749 745//745 740//740
f 745//745 720//720 721//721
f 721//721 720//720 713//713
f 640//640 590//590 663//663
f 650//650 590//590 614//614
f 150//150 152//152 161//161
f 108//108 113//113 95//95
f 187//187 113//113 167//167
f 840//840 892//892 891//891
f 785//785 840//840 826//826
f 898//898 892//892 929//929
f 728//728 785//785 782//782
f 940//940 947//947 950//950
f 394//394 450//450 471//471
f 280//280 450//450 367//367
f 22//22 14//14 20//20
f 26//26 24//24 13//13
f 14//14 24//24 29//29
f 12//12 22//22 37//37
f 874//874 839//839 851//851
f 839//839 822//822 825//825
f 822//822 866//866 865//865
f 813//813 810//810 816//816
f 866//866 813//813 819//819
f 795//795 796//796 791//791
f 775//775 745//745 760//760
f 720//720 700//700 702//702
f 635//635 640//640 639//639
f 521//521 528//528 518//518
f 414//414 381//381 380//380
f 558//558 528//528 549//549
f 468//468 414//414 435//435
f 326//326 245//245 244//244
f 113//113 109//109 102//102
f 237//237 245//245 256//256
f 889//889 886//886 883//883
f 638//638 640//640 635//635
f 528//528 453//453 506//506
f 524//524 528//528 521//521
f 245//245 203//203 231//231
f 840//840 847//847 830//830
f 728//728 729//729 727//727
f 728//728 727//727 722//722
f 625//625 643//643 626//626
f 625//625 626//626 621//621
f 947//947 945//945 950//950
f 947//947 944//944 945//945
f 450//450 491//491 471//471
f 5//5 7//7 6//6
f 24//24 8//8 11//11
f 22//22 12//12 9//9
f 22//22 9//9 10//10
f 45//45 46//46 48//48
f 921//921 919//919 923//923
f 921//921 911//911 912//912
f 921//921 916//916 919//919
f 745//745 754//754 760//760
f 720//720 707//707 713//713
f 590//590 650//650 663//663
f 640//640 671//671 666//666
f 381//381 366//366 380//380
f 414//414 411//411 415//415
f 414//414 407//407 410//410
f 528//528 525//525 549//549
f 245//245 238//238 244//244
f 152//152 162//162 161//161
f 113//113 108//108 135//135
f 245//245 237//237 238//238
f 921//921 920//920 924//924
f 892//892 893//893 891//891
f 625//625 621//621 603//603
f 892//892 898//898 893//893
f 940//940 943//943 939//939
f 947//947 936//936 938//938
f 947//947 938//938 944//944
f 450//450 394//394 367//367
f 171//171 176//176 170//170
f 62//62 65//65 49//49
f 24//24 11//11 13//13
f 24//24 28//28 29//29
f 14//14 21//21 16//16
f 14//14 16//16 20//20
f 22//22 36//36 37//37
f 45//45 43//43 47//47
f 45//45 47//47 46//46
f 921//921 912//912 915//915
f 886//886 889//889 890//890
f 822//822 853//853 852//852
f 822//822 852//852 841//841
f 886//886 875//875 883//883
f 866//866 859//859 862//862
f 921//921 915//915 916//916
f 810//810 811//811 816//816
f 810//810 795//795 803//803
f 796//796 780//780 788//788
f 745//745 737//737 740//740
f 745//745 753//753 754//754
f 745//745 733//733 737//737
f 152//152 134//134 137//137
f 152//152 138//138 141//141
f 640//640 666//666 639//639
f 590//590 598//598 614//614
f 414//414 410//410 411//411
f 590//590 591//591 598//598
f 590//590 576//576 579//579
f 590//590 558//558 565//565
f 590//590 565//565 575//575
f 150//150 151//151 144//144
f 150//150 144//144 127//127
f 245//245 257//257 256//256
f 203//203 204//204 205//205
f 203//203 205//205 206//206
f 113//113 145//145 167//167
f 113//113 135//135 145//145
f 203//203 200//200 204//204
f 921//921 923//923 920//920
f 700//700 699//699 702//702
f 414//414 415//415 435//435
f 109//109 103//103 102//102
