# convertido de flygym/NeuroMechFly (l_arista)
v -0.01830 -0.00500 0.00277
v -0.01830 -0.00500 0.00281
v -0.01775 -0.00373 0.00269
v -0.01760 -0.00441 0.00234
v -0.01756 -0.00540 0.00343
v -0.01728 -0.00242 0.00468
v -0.01696 -0.00562 0.00457
v -0.01653 -0.00448 0.00184
v -0.01589 0.00383 0.00500
v -0.01524 -0.00311 -0.00183
v -0.01478 0.00812 0.00606
v -0.01478 0.00325 0.00212
v -0.01470 0.00190 0.00090
v -0.01410 0.01031 0.00631
v -0.01338 0.01339 0.00735
v -0.01318 0.00735 0.01029
v -0.01317 0.00742 0.01029
v -0.01310 0.00833 0.01011
v -0.01255 0.00770 0.01167
v -0.01233 0.00457 -0.00172
v -0.01213 0.01820 0.00849
v -0.01206 0.00189 -0.00441
v -0.01181 0.00539 0.01422
v -0.01173 -0.00102 -0.00613
v -0.01165 0.00325 0.01383
v -0.01154 -0.00833 0.01064
v -0.01094 -0.00183 0.01327
v -0.01079 -0.00310 0.01308
v -0.01048 0.00347 -0.00627
v -0.01043 -0.00183 0.01390
v -0.01006 -0.01044 0.01145
v -0.00973 0.02060 0.00586
v -0.00943 0.00971 -0.00326
v -0.00938 0.02482 0.01069
v -0.00915 0.00966 0.01896
v -0.00871 0.00100 -0.00858
v -0.00860 0.01454 -0.00086
v -0.00856 -0.00772 0.00670
v -0.00824 -0.00660 0.01529
v -0.00823 0.00915 0.02005
v -0.00808 0.01303 -0.00220
v -0.00801 0.01459 0.01944
v -0.00789 0.01221 0.02093
v -0.00774 0.01983 0.00170
v -0.00757 0.02558 0.00574
v -0.00740 0.02589 0.01695
v -0.00734 -0.00626 0.01651
v -0.00713 0.02919 0.01333
v -0.00696 0.01978 0.01886
v -0.00623 0.01849 -0.00016
v -0.00623 0.01595 -0.00167
v -0.00612 0.03059 0.01473
v -0.00612 0.02767 0.00519
v -0.00579 0.00675 -0.00744
v -0.00575 -0.01109 0.01624
v -0.00573 0.01832 0.02223
v -0.00570 0.03315 0.01406
v -0.00541 -0.00429 0.00108
v -0.00530 0.01280 -0.00413
v -0.00528 0.01625 -0.00210
v -0.00490 0.01588 -0.00257
v -0.00461 0.03574 0.01506
v -0.00426 0.03601 0.01573
v -0.00395 0.03408 0.00799
v -0.00361 0.00160 -0.00959
v -0.00356 0.01306 0.02479
v -0.00351 0.00155 -0.00993
v -0.00330 0.02160 0.02422
v -0.00320 0.01801 -0.00240
v -0.00305 0.01595 -0.00372
v -0.00288 -0.01238 0.01547
v -0.00165 0.04264 0.01752
v -0.00138 0.00950 0.02571
v -0.00111 0.03041 0.02541
v -0.00108 0.01083 -0.00754
v -0.00093 -0.00126 -0.00338
v -0.00077 0.01362 -0.00656
v -0.00065 0.04809 0.01836
v -0.00029 0.03424 0.02522
v -0.00001 0.01223 -0.00738
v 0.00010 0.04278 0.01038
v 0.00014 0.03321 0.02603
v 0.00014 0.03434 0.02610
v 0.00029 0.01375 0.02812
v 0.00033 0.05798 0.01707
v 0.00042 0.05754 0.01694
v 0.00064 0.00270 -0.01075
v 0.00075 -0.01268 0.01762
v 0.00088 0.03894 0.00754
v 0.00132 0.04609 0.02570
v 0.00163 0.02217 -0.00305
v 0.00181 0.04933 0.01066
v 0.00194 0.03470 0.00430
v 0.00196 0.05370 0.01305
v 0.00200 -0.00565 0.00462
v 0.00206 0.05393 0.02540
v 0.00217 0.06994 0.02145
v 0.00228 0.07211 0.01549
v 0.00228 -0.01092 0.01363
v 0.00241 0.01792 -0.00607
v 0.00265 0.06213 0.01292
v 0.00266 0.00672 0.02550
v 0.00276 0.02328 -0.00311
v 0.00293 0.02824 -0.00025
v 0.00308 0.06327 0.02520
v 0.00310 0.00042 -0.00545
v 0.00325 -0.00946 0.01132
v 0.00325 -0.00358 0.00137
v 0.00340 0.06677 0.02512
v 0.00355 0.03565 0.03017
v 0.00365 -0.00873 0.01028
v 0.00366 0.04255 0.00859
v 0.00371 -0.00541 0.00470
v 0.00372 0.02923 -0.00005
v 0.00405 0.06007 0.01157
v 0.00406 0.07617 0.02153
v 0.00413 0.07403 0.01160
v 0.00416 0.04897 0.02796
v 0.00419 -0.00188 -0.00097
v 0.00422 -0.00326 0.02130
v 0.00424 0.06743 0.02574
v 0.00426 0.21864 -0.01790
v 0.00445 0.08948 0.01431
v 0.00448 0.07894 0.02070
v 0.00449 0.08235 0.01882
v 0.00483 0.03744 0.03225
v 0.00484 0.22489 -0.02167
v 0.00488 0.08326 0.01886
v 0.00492 0.00240 -0.00821
v 0.00500 0.02008 -0.00623
v 0.00500 0.09280 0.01337
v 0.00503 0.07313 0.02463
v 0.00507 0.04305 0.02952
v 0.00518 0.09263 0.01417
v 0.00527 0.06669 0.01030
v 0.00530 0.17430 0.00530
v 0.00547 0.17190 0.00456
v 0.00568 0.02112 -0.00596
v 0.00569 0.09869 0.01131
v 0.00576 0.17708 0.00529
v 0.00589 0.02427 -0.00429
v 0.00596 0.10091 0.00972
v 0.00599 0.01874 -0.00702
v 0.00618 -0.01366 0.01958
v 0.00621 0.17191 0.00250
v 0.00631 0.07268 0.02686
v 0.00637 0.20428 -0.00965
v 0.00641 0.17616 0.00068
v 0.00642 0.00746 0.02746
v 0.00642 0.00432 -0.01216
v 0.00648 0.10504 0.00892
v 0.00667 0.20876 0.00520
v 0.00672 0.06001 0.02894
v 0.00677 0.22442 -0.01758
v 0.00680 0.21205 0.00459
v 0.00681 0.11069 0.00598
v 0.00686 0.02917 0.02895
v 0.00687 0.05677 0.02949
v 0.00687 0.10653 0.00669
v 0.00690 0.20758 -0.01299
v 0.00690 0.11286 0.00581
v 0.00693 0.00207 -0.00632
v 0.00695 0.21363 -0.01590
v 0.00699 0.21356 -0.01232
v 0.00702 0.18856 -0.00202
v 0.00709 0.20418 0.00562
v 0.00717 0.20447 0.00278
v 0.00717 -0.00146 0.02246
v 0.00718 0.21588 -0.02033
v 0.00730 0.18940 -0.00150
v 0.00737 0.11817 0.00640
v 0.00738 0.00117 -0.00423
v 0.00740 0.04161 0.00664
v 0.00742 0.03982 0.03633
v 0.00748 0.07006 0.02691
v 0.00748 0.21404 0.00133
v 0.00753 0.21817 -0.00109
v 0.00753 0.09504 0.01725
v 0.00764 0.04009 0.00558
v 0.00771 0.19621 -0.00029
v 0.00771 0.19842 0.00627
v 0.00773 0.22286 -0.00382
v 0.00787 0.08112 0.00667
v 0.00791 0.09091 0.01872
v 0.00799 0.22601 -0.00307
v 0.00801 0.05634 0.03058
v 0.00803 0.19667 0.00670
v 0.00803 0.19345 -0.00248
v 0.00803 0.19569 -0.00302
v 0.00809 0.15996 0.00867
v 0.00817 0.04671 0.03215
v 0.00817 0.20481 -0.00726
v 0.00824 0.16351 0.00925
v 0.00824 -0.00968 0.01434
v 0.00826 0.12132 0.00015
v 0.00831 0.13001 0.00671
v 0.00831 0.15868 0.00927
v 0.00835 0.16507 0.00153
v 0.00840 -0.00843 0.01259
v 0.00847 0.18918 0.00692
v 0.00849 0.03013 -0.00116
v 0.00857 0.16096 0.00165
v 0.00861 0.19747 -0.00336
v 0.00861 0.10424 0.00440
v 0.00864 0.18632 -0.00536
v 0.00869 0.12891 0.00891
v 0.00869 0.13406 0.00595
v 0.00877 0.04443 0.03889
v 0.00877 0.18334 -0.04177
v 0.00882 0.15174 0.00795
v 0.00884 0.04960 0.00752
v 0.00886 0.18257 -0.04195
v 0.00887 0.08108 0.02542
v 0.00891 0.18476 0.00742
v 0.00894 0.05843 0.00968
v 0.00898 0.12898 -0.00167
v 0.00901 0.19435 -0.05103
v 0.00904 0.03353 0.00068
v 0.00906 0.12123 0.01040
v 0.00906 0.06934 0.02791
v 0.00911 0.15068 0.00894
v 0.00911 0.07651 0.02909
v 0.00915 0.14117 0.00728
v 0.00916 0.11491 0.00131
v 0.00917 0.21166 -0.01815
v 0.00920 0.06457 0.02918
v 0.00921 0.14539 0.00721
v 0.00925 0.14266 0.00806
v 0.00927 0.21472 -0.01310
v 0.00927 0.05362 0.03197
v 0.00935 0.23401 0.00168
v 0.00936 0.22274 0.00326
v 0.00938 0.12635 -0.00426
v 0.00941 0.09013 0.00462
v 0.00944 0.13561 -0.00075
v 0.00950 0.15993 0.00974
v 0.00953 0.15196 0.00388
v 0.00954 0.14277 0.00849
v 0.00955 0.23550 0.00413
v 0.00956 0.21435 -0.01163
v 0.00959 0.17680 -0.03659
v 0.00960 0.18749 -0.04292
v 0.00962 0.00538 -0.01247
v 0.00963 0.13393 -0.00365
v 0.00963 0.00361 0.02684
v 0.00964 0.14558 0.00882
v 0.00966 0.19825 -0.00201
v 0.00970 0.14212 0.00508
v 0.00970 0.11219 0.00150
v 0.00974 0.12989 0.01020
v 0.00975 0.15531 0.00125
v 0.00978 0.13181 -0.00602
v 0.00981 0.22273 -0.01896
v 0.00982 0.09150 0.02098
v 0.00983 0.20727 -0.01587
v 0.00985 0.18648 0.00847
v 0.00990 0.23087 -0.00474
v 0.00991 0.10446 0.01658
v 0.00992 0.08345 0.02554
v 0.00992 0.19047 -0.00801
v 0.00996 0.23726 0.00422
v 0.01001 0.10853 0.00187
v 0.01001 0.22144 0.00469
v 0.01002 0.05102 0.03307
v 0.01015 0.01405 0.03036
v 0.01015 0.22091 -0.00579
v 0.01016 0.04636 0.04181
v 0.01025 0.17757 -0.03597
v 0.01027 0.23708 0.00466
v 0.01038 0.17329 -0.03291
v 0.01039 0.23693 0.00282
v 0.01044 0.22920 -0.00820
v 0.01051 0.15002 -0.00037
v 0.01051 0.06548 0.02967
v 0.01053 0.19024 0.00957
v 0.01054 -0.01096 0.01708
v 0.01057 0.09622 0.00299
v 0.01061 0.19286 -0.05427
v 0.01062 0.05123 0.03546
v 0.01065 0.13864 -0.00324
v 0.01067 0.12152 -0.00264
v 0.01068 0.11065 0.01471
v 0.01069 0.18593 -0.00667
v 0.01074 0.11294 0.01450
v 0.01076 0.14694 -0.00130
v 0.01077 -0.00800 0.01329
v 0.01083 0.06979 0.00878
v 0.01085 0.11530 0.01354
v 0.01091 -0.00306 0.00502
v 0.01093 0.19131 -0.04512
v 0.01095 0.18428 -0.00609
v 0.01096 0.05337 0.00787
v 0.01099 0.22907 -0.00869
v 0.01102 0.20138 0.01027
v 0.01103 0.20753 -0.00002
v 0.01103 0.12574 0.01218
v 0.01108 0.06294 0.03062
v 0.01109 0.13859 -0.00987
v 0.01110 0.16480 -0.02611
v 0.01115 0.16820 -0.03032
v 0.01116 -0.00607 0.01695
v 0.01117 0.17321 0.01184
v 0.01131 0.08668 0.02562
v 0.01138 0.06421 0.03046
v 0.01139 0.17401 0.01195
v 0.01139 0.15725 -0.02038
v 0.01142 0.01798 0.03117
v 0.01149 0.04093 0.00459
v 0.01150 0.16181 -0.02321
v 0.01151 0.18242 -0.00565
v 0.01152 0.20816 -0.00722
v 0.01154 0.21956 -0.01783
v 0.01156 0.11279 0.01482
v 0.01158 0.01103 -0.00984
v 0.01160 0.15387 -0.01556
v 0.01162 0.09611 0.00284
v 0.01163 0.10320 0.00175
v 0.01164 0.17702 -0.04166
v 0.01164 0.22374 -0.00723
v 0.01166 0.20074 0.01102
v 0.01167 0.05347 0.00769
v 0.01168 0.05520 0.00812
v 0.01169 0.14238 -0.00361
v 0.01171 0.03910 0.00354
v 0.01172 0.20020 -0.01189
v 0.01174 0.21217 0.00934
v 0.01175 0.20268 0.01115
v 0.01177 0.14415 -0.00562
v 0.01184 0.21785 -0.01594
v 0.01185 0.18391 0.00857
v 0.01188 0.13933 -0.01214
v 0.01196 0.24052 0.00289
v 0.01202 0.03360 0.03640
v 0.01207 0.02603 0.03033
v 0.01209 0.17340 -0.03844
v 0.01210 0.15016 -0.01067
v 0.01211 0.07155 0.02902
v 0.01215 0.18609 -0.04004
v 0.01226 0.23618 -0.00239
v 0.01237 0.20837 0.01194
v 0.01242 0.14472 -0.01451
v 0.01244 0.06073 0.00924
v 0.01246 0.03071 0.03433
v 0.01246 0.06355 0.03122
v 0.01247 0.15436 0.00031
v 0.01247 -0.00229 0.01775
v 0.01254 0.05283 0.03417
v 0.01254 0.20562 -0.00554
v 0.01255 0.00515 -0.01046
v 0.01256 0.19796 -0.05499
v 0.01256 0.20985 0.01134
v 0.01261 0.19350 0.01201
v 0.01262 0.15381 0.01311
v 0.01262 0.04328 0.00484
v 0.01266 0.00291 0.02378
v 0.01268 0.17528 -0.04033
v 0.01270 0.04103 0.00505
v 0.01272 0.14978 -0.01839
v 0.01273 0.11795 0.01287
v 0.01277 0.20702 -0.00186
v 0.01281 0.12730 0.01362
v 0.01281 -0.00663 0.01216
v 0.01291 0.06796 0.03036
v 0.01297 0.01205 0.02941
v 0.01304 0.01555 0.03077
v 0.01306 0.09160 0.02512
v 0.01310 0.05346 0.04796
v 0.01314 0.21026 -0.01103
v 0.01316 0.15681 -0.01690
v 0.01328 0.08811 0.02854
v 0.01331 0.20673 -0.00777
v 0.01337 0.08355 0.03263
v 0.01351 0.19613 0.01313
v 0.01354 0.23610 -0.00526
v 0.01358 0.03746 0.04032
v 0.01360 0.20285 -0.00391
v 0.01366 0.05823 0.03321
v 0.01366 0.09314 0.02297
v 0.01368 0.14665 0.01338
v 0.01377 0.19748 -0.01059
v 0.01380 0.05176 0.00668
v 0.01381 0.09165 0.02652
v 0.01384 0.19869 -0.01082
v 0.01385 0.21022 -0.01495
v 0.01388 0.20646 0.01370
v 0.01402 0.19582 0.01351
v 0.01408 0.03018 0.03257
v 0.01409 0.11374 0.01488
v 0.01410 0.08191 0.03259
v 0.01412 0.17295 -0.00304
v 0.01413 0.14034 0.01429
v 0.01417 0.05141 0.00649
v 0.01418 0.19325 0.01265
v 0.01423 0.16894 -0.02376
v 0.01433 0.18479 -0.04531
v 0.01444 0.04074 0.00602
v 0.01454 0.16004 -0.02697
v 0.01461 0.19651 -0.05339
v 0.01469 0.18895 -0.05009
v 0.01471 0.13092 0.01593
v 0.01487 0.21199 -0.00369
v 0.01497 0.18005 -0.04301
v 0.01499 0.19368 -0.01000
v 0.01502 0.11552 -0.00094
v 0.01504 0.16020 -0.00092
v 0.01506 0.20566 -0.01175
v 0.01506 0.16432 -0.01977
v 0.01509 0.17063 -0.00270
v 0.01510 0.05423 0.03544
v 0.01511 0.09669 0.02050
v 0.01511 0.08284 0.00536
v 0.01519 0.17149 -0.00280
v 0.01522 0.16954 -0.02370
v 0.01523 0.05656 0.05196
v 0.01527 0.12447 -0.00566
v 0.01535 0.08728 0.03368
v 0.01537 0.18996 0.01189
v 0.01540 0.05909 0.00806
v 0.01542 0.03364 0.03657
v 0.01543 0.04456 0.04619
v 0.01545 0.11391 0.01507
v 0.01546 0.17832 0.01130
v 0.01549 0.12431 0.01277
v 0.01551 0.07360 0.03053
v 0.01557 0.22234 0.00632
v 0.01558 0.18161 -0.00618
v 0.01560 0.02228 -0.00434
v 0.01564 0.12158 -0.00424
v 0.01578 0.19181 -0.04936
v 0.01579 0.07641 0.00669
v 0.01580 0.16046 -0.01668
v 0.01581 0.24029 -0.00399
v 0.01581 0.21235 0.01449
v 0.01582 0.23354 0.00780
v 0.01593 0.05922 0.05236
v 0.01595 0.21760 -0.00602
v 0.01596 0.15510 -0.01238
v 0.01597 0.22574 0.00660
v 0.01601 0.11319 0.01549
v 0.01603 0.21321 0.00927
v 0.01604 0.18119 -0.03599
v 0.01610 0.18668 -0.04403
v 0.01610 0.24765 0.00301
v 0.01612 0.19905 -0.00743
v 0.01613 0.15160 -0.00113
v 0.01626 0.13546 0.01748
v 0.01627 0.02448 -0.00298
v 0.01627 0.03138 0.03189
v 0.01628 0.00541 -0.00768
v 0.01629 0.22825 0.00675
v 0.01631 0.10635 -0.00006
v 0.01634 0.16491 0.01281
v 0.01643 0.16748 -0.02257
v 0.01646 0.14871 0.01659
v 0.01652 0.09181 0.03219
v 0.01652 0.05067 0.00580
v 0.01656 0.19756 -0.00575
v 0.01662 0.00138 0.00091
v 0.01662 0.13421 0.01785
v 0.01668 0.03547 0.03808
v 0.01671 0.18495 0.01054
v 0.01674 0.13052 -0.00936
v 0.01677 0.23740 0.00769
v 0.01681 0.24850 -0.00069
v 0.01685 0.20130 0.01691
v 0.01688 -0.00591 0.01361
v 0.01691 0.08856 0.03551
v 0.01691 0.24529 0.00447
v 0.01692 0.14630 -0.00308
v 0.01698 0.11040 -0.00106
v 0.01714 0.06541 0.03332
v 0.01717 0.21131 0.01037
v 0.01717 0.01371 -0.00512
v 0.01726 0.12243 0.01399
v 0.01731 0.06052 0.00785
v 0.01731 0.15299 0.01551
v 0.01735 0.20074 -0.00334
v 0.01739 0.21403 0.00706
v 0.01746 0.06121 0.04786
v 0.01749 0.16462 -0.03107
v 0.01754 0.07998 0.00570
v 0.01766 0.09706 0.03173
v 0.01774 0.18488 -0.04542
v 0.01776 0.03906 0.04183
v 0.01778 0.17882 -0.00522
v 0.01785 0.16325 0.01307
v 0.01787 0.18774 -0.00831
v 0.01787 0.16197 -0.02930
v 0.01787 0.10076 0.02097
v 0.01790 0.22400 0.00357
v 0.01798 0.12551 0.01379
v 0.01817 0.16867 -0.03407
v 0.01818 0.16449 0.01266
v 0.01822 0.00865 0.02540
v 0.01823 0.07426 0.03170
v 0.01823 0.05659 0.00666
v 0.01823 0.18351 -0.04324
v 0.01827 0.00507 -0.00579
v 0.01829 0.02138 0.02699
v 0.01832 0.21419 0.01797
v 0.01836 0.09168 0.00307
v 0.01837 0.22836 -0.01000
v 0.01840 0.23566 0.00497
v 0.01841 0.19695 -0.00422
v 0.01845 0.06752 0.03351
v 0.01847 0.23949 -0.00982
v 0.01848 0.09680 0.02512
v 0.01851 -0.00152 0.00695
v 0.01854 0.15249 0.01926
v 0.01855 0.15247 0.01649
v 0.01856 0.09814 0.03174
v 0.01857 0.22505 -0.00897
v 0.01859 0.18789 -0.00705
v 0.01860 0.19975 0.01694
v 0.01860 0.23952 -0.01006
v 0.01862 0.15583 -0.01370
v 0.01862 0.20873 0.00807
v 0.01865 0.22080 -0.00728
v 0.01866 0.17387 -0.03746
v 0.01877 0.17577 -0.03852
v 0.01877 0.17739 -0.04003
v 0.01878 0.02524 0.02661
v 0.01879 0.20752 0.00095
v 0.01885 0.22549 0.00222
v 0.01885 0.18081 -0.03974
v 0.01886 0.23694 -0.01005
v 0.01890 0.15113 -0.02224
v 0.01891 0.20768 0.00103
v 0.01897 0.07101 0.00636
v 0.01903 0.06628 0.05734
v 0.01908 0.12443 -0.00660
v 0.01914 0.20220 0.01761
v 0.01915 0.07990 0.00584
v 0.01917 0.06335 0.04981
v 0.01920 0.21565 -0.00316
v 0.01924 0.24234 -0.00116
v 0.01924 0.17866 -0.03684
v 0.01929 0.17588 -0.03178
v 0.01930 0.18996 -0.00652
v 0.01931 0.20798 0.01916
v 0.01935 0.21962 0.00301
v 0.01937 0.18297 0.01068
v 0.01937 0.23881 -0.00730
v 0.01939 0.09083 0.03693
v 0.01939 0.11605 -0.00259
v 0.01948 0.14678 -0.01909
v 0.01950 0.10221 0.02095
v 0.01953 0.08914 0.03655
v 0.01956 0.19113 0.01359
v 0.01965 0.17465 -0.03060
v 0.01967 0.09722 0.03796
v 0.01969 0.18206 -0.00497
v 0.01971 0.07506 0.03242
v 0.01974 0.19566 0.01479
v 0.01975 0.15603 0.02024
v 0.01975 0.17299 -0.02916
v 0.01976 0.00921 -0.00273
v 0.01977 0.16469 -0.02209
v 0.01977 0.21571 0.00142
v 0.01979 0.15971 0.01347
v 0.01981 0.10862 0.01815
v 0.01982 0.03218 0.00401
v 0.01982 0.15625 -0.02486
v 0.01985 0.03111 0.00348
v 0.01988 0.06089 0.05854
v 0.01990 0.14782 -0.00557
v 0.01990 0.13740 0.02092
v 0.01995 0.05531 0.05525
v 0.01998 0.24353 0.00396
v 0.01999 0.02909 0.02828
v 0.02004 0.17169 0.01063
v 0.02006 0.04999 0.05157
v 0.02010 0.16243 -0.02025
v 0.02012 0.20505 0.00100
v 0.02013 0.16354 -0.00263
v 0.02014 0.14030 -0.01511
v 0.02015 0.17733 0.01028
v 0.02024 0.13942 0.02172
v 0.02024 0.01794 0.00015
v 0.02024 0.18634 0.01128
v 0.02027 0.00529 0.01995
v 0.02030 0.04492 0.04850
v 0.02030 0.00299 0.00003
v 0.02040 0.15118 -0.01074
v 0.02041 0.08556 0.03559
v 0.02042 0.10235 0.03259
v 0.02048 0.09798 0.02256
v 0.02049 0.11740 -0.00292
v 0.02054 0.00734 -0.00135
v 0.02065 0.01573 0.02517
v 0.02068 0.17108 0.00981
v 0.02068 0.05845 0.03715
v 0.02069 0.09274 0.03785
v 0.02072 0.01150 0.02574
v 0.02078 0.06642 0.00645
v 0.02087 0.09964 0.03976
v 0.02087 0.06956 0.06042
v 0.02090 -0.00214 0.01040
v 0.02093 0.16334 -0.02320
v 0.02095 0.15540 -0.01500
v 0.02099 0.14311 -0.01619
v 0.02104 0.18443 -0.00179
v 0.02107 0.16734 -0.02693
v 0.02109 0.14849 -0.00916
v 0.02110 0.23836 0.00065
v 0.02111 0.05679 0.00702
v 0.02112 0.02324 0.00282
v 0.02121 0.00095 0.00964
v 0.02125 0.14964 -0.00263
v 0.02130 0.13855 -0.01350
v 0.02131 0.17612 -0.00206
v 0.02135 0.12390 -0.00542
v 0.02136 0.21495 0.01447
v 0.02140 0.23574 -0.00173
v 0.02151 0.14335 0.02315
v 0.02155 0.10999 0.03549
v 0.02163 0.06104 0.00708
v 0.02164 0.16055 0.02243
v 0.02168 0.10454 0.03279
v 0.02173 0.09781 0.02378
v 0.02173 0.21507 0.01508
v 0.02174 0.03818 0.03615
v 0.02179 0.01159 0.02364
v 0.02180 0.10117 0.04131
v 0.02186 0.02230 0.02198
v 0.02189 0.03617 0.03255
v 0.02194 0.05403 0.05472
v 0.02198 0.09992 0.04142
v 0.02200 0.18558 -0.00067
v 0.02204 0.10942 -0.00125
v 0.02206 0.02841 0.00560
v 0.02207 0.21985 -0.00243
v 0.02211 0.15953 -0.02382
v 0.02212 0.23307 -0.00151
v 0.02213 0.07387 0.06615
v 0.02216 0.03611 0.00791
v 0.02218 0.11969 0.01675
v 0.02219 0.22776 -0.00623
v 0.02220 0.03521 0.03130
v 0.02223 0.06936 0.05798
v 0.02228 0.01976 0.00415
v 0.02228 0.00221 0.00513
v 0.02239 0.10644 0.04265
v 0.02245 0.05974 0.03829
v 0.02246 0.14586 0.02410
v 0.02247 0.16150 0.02429
v 0.02249 0.15436 -0.02045
v 0.02251 0.01866 0.00433
v 0.02252 0.07277 0.03446
v 0.02255 0.07296 0.06134
v 0.02256 0.02103 0.00492
v 0.02265 0.06439 0.03673
v 0.02266 0.22620 -0.00321
v 0.02269 0.17095 0.00059
v 0.02271 0.04938 0.00931
v 0.02276 0.09711 0.00163
v 0.02278 0.11417 0.03758
v 0.02279 0.12703 0.01559
v 0.02282 0.07165 0.06642
v 0.02282 0.13461 -0.01059
v 0.02283 0.09329 0.00278
v 0.02287 0.23041 -0.00416
v 0.02291 0.09513 0.03917
v 0.02291 0.07656 0.03385
v 0.02299 0.15041 0.02460
v 0.02300 0.14172 -0.01047
v 0.02300 0.14747 -0.01361
v 0.02302 0.20525 0.01095
v 0.02306 0.03971 0.03270
v 0.02315 0.06674 0.05159
v 0.02322 0.03880 0.01999
v 0.02323 0.17046 0.00119
v 0.02324 0.02042 0.00600
v 0.02331 0.16003 0.01062
v 0.02332 0.07591 0.06767
v 0.02346 0.06367 0.06251
v 0.02348 0.04372 0.01062
v 0.02349 0.16798 0.00075
v 0.02351 0.12905 0.01669
v 0.02351 0.19163 -0.00113
v 0.02351 0.16441 0.02517
v 0.02358 0.18530 0.00653
v 0.02368 0.03953 0.01474
v 0.02369 0.14180 -0.00738
v 0.02374 0.17972 0.00388
v 0.02374 0.03769 0.01610
v 0.02377 0.18092 0.00450
v 0.02381 0.02607 0.01821
v 0.02381 0.04004 0.01132
v 0.02390 0.07455 0.06116
v 0.02393 0.04107 0.02645
v 0.02397 0.06280 0.04362
v 0.02411 0.14908 0.00229
v 0.02416 0.04179 0.01180
v 0.02416 0.04629 0.03443
v 0.02417 0.05907 0.03884
v 0.02419 0.07193 0.05898
v 0.02422 0.06851 0.05285
v 0.02425 0.14019 -0.00679
v 0.02425 0.16106 -0.00126
v 0.02431 0.11404 0.01653
v 0.02432 0.12222 0.01603
v 0.02433 0.20606 0.01328
v 0.02435 0.00825 0.00799
v 0.02436 0.15689 -0.00259
v 0.02438 0.13837 -0.00677
v 0.02439 0.10282 0.01789
v 0.02443 0.06777 0.06530
v 0.02449 0.11807 0.04032
v 0.02449 0.12739 -0.00557
v 0.02452 0.08460 0.00739
v 0.02453 0.06040 0.01210
v 0.02454 0.12613 0.01570
v 0.02457 0.11572 0.04473
v 0.02464 0.10238 0.00067
v 0.02466 0.13103 0.01691
v 0.02468 0.05085 0.05006
v 0.02472 0.10535 0.03148
v 0.02475 0.15630 -0.00211
v 0.02478 0.02907 0.01661
v 0.02481 0.05261 0.05205
v 0.02489 0.06475 0.04642
v 0.02493 0.05278 0.01287
v 0.02493 0.05405 0.01286
v 0.02494 0.01022 0.00919
v 0.02499 0.16521 0.00391
v 0.02499 0.06036 0.03819
v 0.02502 0.11246 -0.00064
v 0.02502 0.03199 0.01167
v 0.02503 0.18608 0.00434
v 0.02511 0.19993 0.01097
v 0.02519 0.14403 0.02303
v 0.02527 0.13983 -0.00176
v 0.02531 0.01311 0.01339
v 0.02531 0.04770 0.01357
v 0.02534 0.04702 0.03886
v 0.02536 0.05342 0.01357
v 0.02537 0.05532 0.01357
v 0.02541 0.05635 0.05617
v 0.02546 0.14133 0.02209
v 0.02547 0.08140 0.03255
v 0.02549 0.15814 0.01032
v 0.02550 0.07725 0.03398
v 0.02551 0.04437 0.01458
v 0.02552 0.01488 0.01516
v 0.02552 0.15449 0.01202
v 0.02553 0.06037 0.01375
v 0.02554 0.15921 0.01685
v 0.02557 0.10395 0.00273
v 0.02557 0.14509 0.00002
v 0.02557 0.07812 0.03099
v 0.02559 0.05059 0.04405
v 0.02561 0.02405 0.01473
v 0.02563 0.04516 0.02437
v 0.02565 0.20227 0.01075
v 0.02565 0.10826 0.04530
v 0.02568 0.04516 0.02246
v 0.02576 0.13082 0.01472
v 0.02578 0.19712 0.00297
v 0.02578 0.04600 0.03080
v 0.02578 0.11911 0.04621
v 0.02584 0.14835 0.02503
v 0.02585 0.12123 0.04194
v 0.02585 0.02240 0.01108
v 0.02593 0.07831 0.07151
v 0.02599 0.08895 0.03590
v 0.02601 0.02339 0.01184
v 0.02602 0.04613 0.02437
v 0.02603 0.12882 0.01448
v 0.02606 0.06901 0.03973
v 0.02610 0.19425 0.00166
v 0.02611 0.04795 0.01490
v 0.02618 0.10544 0.01561
v 0.02621 0.04714 0.03073
v 0.02623 0.15286 0.02695
v 0.02624 0.11983 -0.00117
v 0.02629 0.01423 0.01091
v 0.02632 0.09332 0.00541
v 0.02634 0.02113 0.01179
v 0.02637 0.06079 0.06064
v 0.02642 0.16158 0.00662
v 0.02642 0.05696 0.03608
v 0.02653 0.06264 0.01489
v 0.02654 0.12519 -0.00174
v 0.02655 0.10492 0.01528
v 0.02665 0.08086 0.06312
v 0.02669 0.01586 0.01122
v 0.02676 0.19639 0.00459
v 0.02678 0.12685 0.04773
v 0.02681 0.06693 0.01050
v 0.02688 0.06748 0.05178
v 0.02689 0.04834 0.02500
v 0.02693 0.05038 0.03117
v 0.02700 0.09886 0.02739
v 0.02701 0.08705 0.00806
v 0.02702 0.13483 -0.00253
v 0.02707 0.04845 0.01699
v 0.02707 0.14709 0.00535
v 0.02719 0.09690 0.02628
v 0.02734 0.13656 0.00679
v 0.02737 0.14986 0.00724
v 0.02738 0.07971 0.02719
v 0.02738 0.15526 0.00760
v 0.02739 0.13591 0.00468
v 0.02745 0.10297 0.00557
v 0.02745 0.06538 0.06446
v 0.02750 0.05319 0.04185
v 0.02753 0.11267 0.00438
v 0.02757 0.11627 0.01540
v 0.02757 0.07003 0.05439
v 0.02760 0.15707 0.02812
v 0.02761 0.04981 0.01955
v 0.02761 0.05045 0.02942
v 0.02763 0.08259 0.00997
v 0.02782 0.08306 0.06510
v 0.02785 0.07099 0.05548
v 0.02786 0.09950 0.04100
v 0.02799 0.06075 0.03644
v 0.02807 0.14725 0.00901
v 0.02812 0.14989 0.00978
v 0.02816 0.09399 0.03660
v 0.02824 0.13178 0.05026
v 0.02830 0.08407 0.07037
v 0.02831 0.05549 0.04348
v 0.02835 0.17254 0.02611
v 0.02837 0.16409 0.01950
v 0.02837 0.14228 0.01053
v 0.02847 0.10463 0.00900
v 0.02857 0.05306 0.02954
v 0.02860 0.17925 0.03153
v 0.02861 0.06753 0.01311
v 0.02861 0.05687 0.04862
v 0.02864 0.09337 0.02523
v 0.02865 0.10139 0.00651
v 0.02866 0.10658 0.03143
v 0.02869 0.14440 0.02038
v 0.02869 0.05381 0.01929
v 0.02873 0.13398 0.01157
v 0.02873 0.13232 0.00016
v 0.02875 0.08398 0.06642
v 0.02885 0.06002 0.05554
v 0.02888 0.09470 0.03087
v 0.02889 0.06272 0.04989
v 0.02889 0.13715 0.01311
v 0.02893 0.08624 0.01078
v 0.02893 0.16182 0.02955
v 0.02897 0.08425 0.07464
v 0.02900 0.10674 0.00994
v 0.02901 0.15457 0.01440
v 0.02901 0.11969 0.03880
v 0.02904 0.05880 0.04722
v 0.02906 0.06362 0.01898
v 0.02911 0.12821 0.01268
v 0.02912 0.12741 0.04530
v 0.02913 0.13601 0.05147
v 0.02922 0.11921 0.01473
v 0.02931 0.12974 0.04711
v 0.02942 0.07357 0.07004
v 0.02942 0.15953 0.01777
v 0.02943 0.07840 0.02401
v 0.02948 0.09024 0.03023
v 0.02949 0.17606 0.02897
v 0.02953 0.17500 0.02755
v 0.02953 0.07349 0.02783
v 0.02954 0.08216 0.03909
v 0.02956 0.07034 0.01197
v 0.02963 0.09627 0.02193
v 0.02980 0.14399 0.01764
v 0.02982 0.08121 0.04091
v 0.02982 0.10248 0.01646
v 0.02985 0.07756 0.06007
v 0.02995 0.14257 0.01578
v 0.03004 0.11413 0.00783
v 0.03005 0.06355 0.05703
v 0.03006 0.08447 0.02350
v 0.03009 0.18225 0.03445
v 0.03013 0.14108 0.05420
v 0.03037 0.07295 0.01415
v 0.03042 0.07495 0.04208
v 0.03042 0.12771 0.05208
v 0.03049 0.06977 0.01465
v 0.03049 0.08413 0.02076
v 0.03055 0.12827 0.00324
v 0.03056 0.07733 0.01712
v 0.03060 0.06813 0.05615
v 0.03062 0.06804 0.06256
v 0.03063 0.08117 0.02014
v 0.03065 0.08594 0.07693
v 0.03066 0.17355 0.03130
v 0.03068 0.13981 0.05435
v 0.03083 0.07844 0.04306
v 0.03090 0.11774 0.00875
v 0.03100 0.16691 0.02058
v 0.03103 0.08410 0.01905
v 0.03107 0.10287 0.01357
v 0.03115 0.07878 0.07348
v 0.03116 0.10109 0.03398
v 0.03122 0.05951 0.02808
v 0.03126 0.14856 0.01943
v 0.03126 0.06195 0.02339
v 0.03129 0.09275 0.08112
v 0.03134 0.16370 0.02828
v 0.03138 0.15439 0.02339
v 0.03148 0.06007 0.02836
v 0.03154 0.06459 0.02354
v 0.03172 0.10746 0.04334
v 0.03177 0.16884 0.02349
v 0.03180 0.12098 0.00754
v 0.03181 0.15093 0.01961
v 0.03184 0.09244 0.01326
v 0.03191 0.11605 0.04728
v 0.03196 0.06547 0.03788
v 0.03213 0.15828 0.02501
v 0.03215 0.10481 0.03581
v 0.03216 0.15989 0.01883
v 0.03217 0.08099 0.07440
v 0.03228 0.11066 0.04468
v 0.03243 0.12592 0.00629
v 0.03248 0.08486 0.04001
v 0.03257 0.06303 0.03167
v 0.03257 0.06409 0.02548
v 0.03258 0.09021 0.08168
v 0.03259 0.07369 0.06451
v 0.03264 0.07126 0.06116
v 0.03265 0.08996 0.01813
v 0.03267 0.08808 0.07277
v 0.03291 0.11107 0.03450
v 0.03298 0.08887 0.07810
v 0.03301 0.15989 0.02498
v 0.03306 0.12120 0.03871
v 0.03326 0.07886 0.06305
v 0.03327 0.11410 0.03561
v 0.03338 0.08871 0.07326
v 0.03344 0.17658 0.02952
v 0.03351 0.12554 0.04124
v 0.03356 0.06869 0.03906
v 0.03356 0.13240 0.04580
v 0.03364 0.11128 0.04240
v 0.03368 0.18347 0.03341
v 0.03376 0.17990 0.03303
v 0.03380 0.17098 0.02915
v 0.03381 0.06609 0.03474
v 0.03385 0.09516 0.01630
v 0.03397 0.10078 0.01402
v 0.03397 0.13061 0.05498
v 0.03404 0.11374 0.03785
v 0.03405 0.07525 0.06191
v 0.03408 0.11130 0.03919
v 0.03413 0.12482 0.05132
v 0.03417 0.07634 0.06428
v 0.03418 0.08371 0.06904
v 0.03425 0.13434 0.04655
v 0.03438 0.08054 0.03344
v 0.03464 0.11738 0.04747
v 0.03472 0.13920 0.05701
v 0.03474 0.11979 0.04820
v 0.03488 0.09958 0.01651
v 0.03489 0.11802 0.04739
v 0.03490 0.08255 0.04533
v 0.03492 0.12541 0.04120
v 0.03500 0.09056 0.07859
v 0.03501 0.10032 0.01561
v 0.03513 0.08404 0.07036
v 0.03518 0.07045 0.02905
v 0.03520 0.14588 0.05729
v 0.03530 0.12739 0.05224
v 0.03532 0.08118 0.06763
v 0.03542 0.09373 0.07983
v 0.03551 0.11997 0.04802
v 0.03603 0.11786 0.04094
v 0.03611 0.14695 0.05341
v 0.03613 0.06924 0.03507
v 0.03619 0.08935 0.04446
v 0.03626 0.08158 0.04522
v 0.03635 0.07210 0.04010
v 0.03636 0.14239 0.05615
v 0.03639 0.13203 0.04478
v 0.03649 0.07583 0.03228
v 0.03671 0.13303 0.05112
v 0.03696 0.08228 0.03526
v 0.03696 0.07353 0.03161
v 0.03700 0.14743 0.05476
v 0.03735 0.13899 0.04868
v 0.03739 0.12573 0.04479
v 0.03803 0.08534 0.03739
v 0.03849 0.09289 0.04536
v 0.03857 0.08792 0.04751
v 0.03921 0.07816 0.04254
v 0.03925 0.07615 0.03502
v 0.03971 0.09024 0.04123
v 0.04010 0.08794 0.04714
v 0.04035 0.07919 0.03624
v 0.04124 0.09595 0.04723
v 0.04249 0.09231 0.04983
v 0.04258 0.08478 0.04458
v 0.04285 0.08565 0.04018
v 0.04349 0.09228 0.04332
v 0.04465 0.08847 0.04489
v 0.04526 0.09550 0.04803
v 0.04545 0.09619 0.04530
v 0.04555 0.09130 0.04627
vn -0.1472 -0.7324 -0.6648
vn -0.5094 0.6229 0.5938
vn -0.9687 0.1377 -0.2067
vn -0.9113 0.4113 0.0210
vn 0.0705 -0.9260 -0.3708
vn -0.9504 0.1274 0.2836
vn -0.7779 -0.5257 0.3442
vn -0.1661 -0.8912 -0.4221
vn -0.8958 0.2809 -0.3445
vn -0.6045 -0.4893 -0.6286
vn -0.9649 0.2623 -0.0100
vn -0.8538 0.3286 -0.4038
vn -0.8441 0.3253 -0.4263
vn -0.8398 0.3376 -0.4252
vn -0.9630 0.2185 0.1579
vn -0.9118 0.1655 0.3759
vn -0.9127 0.1497 0.3802
vn -0.9141 0.1524 0.3759
vn -0.9051 0.1569 0.3952
vn -0.8448 0.3331 -0.4188
vn -0.9537 0.3005 0.0130
vn -0.8452 0.3257 -0.4237
vn -0.8958 0.0860 0.4361
vn -0.1989 -0.7395 -0.6430
vn -0.7858 -0.1647 0.5961
vn -0.7683 -0.2072 0.6056
vn -0.7716 -0.1765 0.6111
vn -0.7717 -0.1761 0.6111
vn -0.7541 0.3429 -0.5602
vn -0.7723 -0.1768 0.6101
vn -0.4046 -0.9111 -0.0785
vn -0.8391 0.3735 -0.3955
vn -0.7529 0.3810 -0.5366
vn -0.9295 0.3476 0.1235
vn -0.8994 0.0922 0.4273
vn -0.0574 -0.6950 -0.7167
vn -0.7641 0.3796 -0.5216
vn 0.0183 -0.8730 -0.4874
vn -0.7655 -0.2042 0.6101
vn -0.6721 -0.1997 0.7130
vn -0.4970 0.4460 -0.7443
vn -0.9010 0.1900 0.3900
vn -0.8256 0.0797 0.5586
vn -0.6014 0.4254 -0.6763
vn -0.8406 0.3936 -0.3720
vn -0.8831 0.2312 0.4083
vn -0.6637 -0.2162 0.7161
vn -0.9073 0.3565 0.2230
vn -0.8563 0.1548 0.4927
vn -0.4909 0.4493 -0.7464
vn -0.5033 0.4476 -0.7392
vn -0.9138 0.2527 0.3178
vn -0.5561 0.4739 -0.6827
vn -0.4110 0.3940 -0.8221
vn -0.4162 -0.3410 0.8429
vn -0.8366 0.1601 0.5239
vn -0.9450 0.2878 -0.1554
vn 0.0803 -0.8684 -0.4893
vn -0.4871 0.4464 -0.7507
vn -0.4854 0.4466 -0.7516
vn -0.4855 0.4463 -0.7518
vn -0.9014 0.4209 -0.1017
vn -0.8823 0.2321 0.4094
vn -0.8034 0.4684 -0.3678
vn 0.0280 -0.9586 -0.2832
vn -0.6584 -0.0123 0.7525
vn -0.2263 0.0442 -0.9731
vn -0.6706 0.0704 0.7384
vn -0.4850 0.4470 -0.7516
vn -0.4848 0.4455 -0.7527
vn 0.0353 -0.9010 -0.4324
vn -0.9468 0.3138 0.0709
vn -0.4060 -0.3199 0.8561
vn -0.8089 0.2092 0.5494
vn -0.2813 0.3126 -0.9073
vn 0.0909 -0.8599 -0.5023
vn -0.4235 0.4096 -0.8080
vn -0.9873 0.1469 0.0612
vn -0.8823 0.2257 0.4131
vn -0.2822 0.3118 -0.9073
vn -0.7963 0.3781 -0.4721
vn -0.3680 0.0088 0.9298
vn -0.8704 0.1702 0.4620
vn -0.3868 -0.0218 0.9219
vn -0.9901 0.1291 0.0542
vn -0.9944 0.0989 -0.0360
vn -0.1978 -0.0213 -0.9800
vn 0.0401 -0.6293 0.7761
vn -0.4141 0.4851 -0.7702
vn -0.8387 0.1007 0.5352
vn -0.4732 0.4495 -0.7576
vn -0.6586 0.2012 -0.7252
vn -0.3853 0.4657 -0.7966
vn -0.9122 0.1398 -0.3851
vn 0.0804 -0.8608 -0.5025
vn -0.8985 0.1148 0.4237
vn -0.9845 0.1529 0.0862
vn -0.9837 0.0704 -0.1656
vn 0.1627 -0.8901 -0.4258
vn -0.4513 0.4325 -0.7806
vn -0.8985 0.2083 -0.3865
vn -0.3178 -0.4312 0.8444
vn -0.4475 0.4517 -0.7718
vn -0.4789 0.4523 -0.7524
vn -0.8697 0.0953 0.4843
vn 0.1736 -0.8684 -0.4645
vn 0.1900 -0.8433 -0.5028
vn 0.0913 -0.8557 -0.5094
vn -0.8971 0.0743 0.4356
vn -0.5941 -0.3814 0.7083
vn 0.2213 -0.8378 -0.4992
vn -0.4323 0.1504 -0.8891
vn 0.2147 -0.8426 -0.4939
vn -0.3957 0.5824 -0.7101
vn -0.4701 0.0722 -0.8796
vn -0.9670 0.1967 0.1619
vn -0.7865 -0.0190 -0.6173
vn -0.6739 0.0895 0.7334
vn 0.2389 -0.8351 -0.4955
vn -0.0592 -0.4285 0.9016
vn -0.5274 0.3211 0.7866
vn -0.9815 -0.0998 0.1637
vn -0.9779 0.0768 -0.1944
vn -0.8025 0.2860 0.5237
vn -0.7829 0.3335 0.5252
vn -0.6036 -0.4291 0.6720
vn -0.3669 0.2686 -0.8906
vn -0.7762 0.3042 0.5522
vn 0.1659 -0.9152 -0.3673
vn -0.3135 0.3491 -0.8831
vn -0.8937 0.0002 -0.4487
vn -0.8256 0.2432 0.5092
vn -0.6819 0.1005 0.7245
vn -0.8266 0.2448 0.5068
vn -0.7782 0.0087 -0.6280
vn -0.9059 0.0089 0.4233
vn -0.9750 -0.1075 0.1944
vn -0.0755 0.4736 -0.8775
vn -0.8840 0.2518 0.3938
vn -0.9239 0.1650 0.3452
vn -0.1248 0.4815 -0.8675
vn -0.8800 -0.1028 -0.4637
vn -0.1155 0.3539 -0.9281
vn 0.0514 0.0194 0.9985
vn -0.5949 -0.1856 -0.7821
vn -0.6603 -0.0005 0.7510
vn -0.9957 -0.0383 -0.0840
vn -0.7841 -0.2017 -0.5870
vn -0.2372 -0.3332 0.9125
vn -0.0837 -0.0386 -0.9957
vn -0.9075 0.2316 0.3504
vn -0.9944 0.0323 0.1008
vn -0.5604 0.1634 0.8119
vn -0.1692 0.4357 0.8840
vn -0.8329 0.2400 0.4986
vn -0.9959 0.0872 0.0259
vn -0.4969 -0.2928 0.8169
vn -0.6737 0.0907 0.7334
vn -0.8638 -0.0903 -0.4956
vn -0.9342 -0.1998 -0.2955
vn -0.9731 0.0473 0.2253
vn 0.2415 -0.8910 -0.3845
vn -0.9413 -0.0717 0.3297
vn -0.6830 0.6640 0.3044
vn -0.9945 0.1039 0.0090
vn -0.8232 -0.0004 0.5678
vn -0.9063 0.1089 -0.4083
vn 0.3593 -0.7276 0.5843
vn 0.1158 -0.4042 -0.9073
vn -0.9785 0.1976 -0.0597
vn -0.9976 0.0529 -0.0440
vn 0.2561 -0.8681 -0.4252
vn -0.3742 0.3138 -0.8726
vn -0.7774 -0.1501 0.6108
vn -0.6600 -0.3326 0.6736
vn -0.9475 -0.0814 -0.3092
vn -0.9436 -0.1583 -0.2908
vn -0.6686 0.2997 0.6806
vn -0.2981 0.4942 -0.8166
vn -0.9963 -0.0162 -0.0840
vn -0.9575 -0.0637 0.2814
vn -0.9950 0.0346 -0.0936
vn -0.5291 -0.1530 -0.8346
vn -0.7612 0.3093 0.5700
vn -0.9913 0.0759 -0.1075
vn -0.6652 0.0947 0.7406
vn -0.9261 -0.0443 0.3747
vn -0.9899 -0.0690 -0.1241
vn -0.9138 0.2922 0.2821
vn -0.9777 -0.1968 0.0739
vn -0.8809 0.3034 0.3633
vn -0.6231 0.4100 0.6661
vn -0.7638 0.0225 0.6451
vn 0.2672 -0.7934 -0.5469
vn -0.9019 -0.1753 -0.3947
vn -0.9981 0.0611 0.0119
vn -0.8738 0.0823 0.4793
vn -0.5777 -0.0621 -0.8139
vn 0.2897 -0.8197 -0.4940
vn -0.9783 -0.0109 0.2069
vn 0.0919 0.4364 -0.8950
vn -0.9614 -0.2104 -0.1772
vn -0.5554 0.4056 0.7260
vn -0.8369 -0.1079 -0.5366
vn -0.8110 -0.1213 -0.5724
vn -0.9061 0.0577 0.4191
vn -0.9926 0.0805 -0.0904
vn -0.9429 0.2804 0.1796
vn -0.8989 0.2111 0.3839
vn -0.9916 -0.0510 -0.1184
vn -0.3341 0.1989 -0.9213
vn -0.5141 -0.3199 -0.7959
vn -0.7580 0.3371 0.5584
vn -0.7612 0.2000 0.6170
vn -0.2681 0.2308 -0.9353
vn -0.9930 0.0527 -0.1058
vn -0.9258 0.3662 0.0940
vn -0.3528 0.5077 -0.7860
vn -0.8035 0.0668 0.5916
vn -0.4873 0.2253 0.8437
vn -0.7820 -0.1006 0.6151
vn -0.6906 0.1199 0.7132
vn -0.9950 0.0944 -0.0312
vn -0.7402 -0.2086 -0.6392
vn 0.0551 -0.1647 -0.9848
vn -0.4722 0.2138 0.8552
vn -0.9928 -0.0381 -0.1137
vn -0.9936 0.0436 0.1041
vn -0.5588 0.8036 0.2049
vn -0.4857 0.2240 0.8450
vn -0.8901 0.3891 -0.2375
vn -0.8432 0.0364 0.5364
vn -0.8646 -0.1317 -0.4849
vn -0.8496 0.0233 -0.5269
vn -0.9833 0.1262 -0.1309
vn -0.3803 -0.0911 0.9204
vn -0.9808 -0.0356 -0.1916
vn -0.7779 0.0560 0.6259
vn -0.7641 -0.0050 0.6451
vn -0.2237 0.5641 0.7948
vn -0.9031 -0.3883 -0.1834
vn -0.9811 0.1300 0.1431
vn 0.2454 0.1423 -0.9589
vn -0.9554 0.2066 -0.2111
vn 0.0426 -0.4923 0.8694
vn -0.7920 -0.0809 0.6051
vn -0.7368 0.3025 -0.6046
vn -0.9832 0.0835 -0.1626
vn -0.5632 -0.1343 -0.8153
vn -0.7735 0.0690 0.6300
vn -0.5670 -0.1057 -0.8169
vn -0.8308 -0.1625 -0.5323
vn 0.6296 0.2650 -0.7303
vn -0.7430 0.3265 0.5842
vn -0.2160 -0.4698 -0.8559
vn -0.4364 -0.2491 0.8646
vn -0.8770 0.3868 -0.2851
vn -0.6264 0.2491 0.7386
vn -0.8272 0.3232 0.4596
vn -0.6876 -0.2687 -0.6745
vn -0.9065 0.4119 -0.0921
vn -0.5887 -0.1031 -0.8018
vn -0.6074 0.3430 0.7165
vn -0.8059 0.2571 0.5333
vn -0.1873 -0.0933 0.9779
vn -0.5030 -0.2782 -0.8183
vn -0.6357 -0.2692 0.7235
vn -0.3095 0.5555 0.7717
vn -0.4916 0.3079 0.8146
vn -0.6652 0.5529 0.5018
vn -0.8735 0.3306 -0.3574
vn -0.8231 0.4100 -0.3930
vn -0.7063 0.0977 -0.7012
vn -0.4690 0.2154 0.8565
vn -0.7653 -0.0250 0.6432
vn 0.4384 -0.8879 -0.1393
vn -0.7453 -0.0993 -0.6593
vn -0.4031 -0.6029 -0.6885
vn -0.8240 0.5603 0.0846
vn -0.9741 0.1549 -0.1649
vn -0.4045 -0.4046 -0.8202
vn -0.8911 0.1438 0.4304
vn -0.2707 -0.3186 -0.9084
vn -0.6150 0.2141 0.7589
vn -0.8620 0.1259 -0.4910
vn 0.3017 -0.8105 -0.5020
vn -0.2989 -0.0576 -0.9525
vn -0.3285 0.3551 0.8752
vn 0.2900 -0.8234 -0.4878
vn -0.0758 0.7229 0.6868
vn -0.5512 -0.3471 -0.7588
vn -0.2590 0.2324 -0.9375
vn -0.4590 -0.0265 -0.8881
vn -0.7669 -0.0096 0.6417
vn -0.7418 0.0577 -0.6681
vn -0.6536 -0.0541 0.7549
vn -0.4695 0.2149 0.8564
vn -0.9827 0.1593 -0.0947
vn -0.9905 -0.1377 -0.0068
vn -0.7669 -0.5141 -0.3841
vn 0.3123 -0.1666 0.9353
vn -0.5622 -0.0302 0.8265
vn -0.8188 0.3385 0.4636
vn -0.4690 0.2153 0.8566
vn -0.2796 0.1801 0.9431
vn -0.7127 -0.3949 -0.5798
vn -0.0200 0.0446 0.9988
vn -0.1577 0.3892 -0.9075
vn -0.9966 0.0083 -0.0814
vn -0.3481 -0.3390 -0.8740
vn -0.0094 0.5774 0.8164
vn 0.6783 -0.0201 -0.7346
vn -0.2746 0.3307 0.9029
vn 0.1630 0.3487 -0.9230
vn -0.9939 0.0406 0.1026
vn -0.1082 -0.2170 -0.9702
vn -0.3628 -0.1004 -0.9264
vn -0.4101 -0.4985 -0.7638
vn -0.1674 -0.3140 -0.9345
vn -0.7632 -0.0112 0.6460
vn -0.2581 0.2322 -0.9378
vn -0.2583 0.2328 -0.9376
vn -0.9174 0.3215 -0.2345
vn 0.1969 0.4988 -0.8441
vn -0.1647 -0.3868 -0.9073
vn -0.7077 0.2140 0.6733
vn -0.7602 -0.0078 0.6497
vn -0.8943 0.3256 0.3068
vn 0.2723 0.4603 0.8450
vn -0.2717 0.1435 0.9516
vn -0.3600 -0.4266 -0.8297
vn -0.8738 0.4495 -0.1853
vn -0.5094 -0.4265 0.7474
vn 0.3370 -0.2232 0.9147
vn -0.3566 -0.6815 -0.6391
vn -0.6250 0.5504 0.5535
vn -0.4267 0.0580 0.9025
vn 0.2061 0.5709 0.7947
vn -0.8004 0.4765 -0.3637
vn -0.7675 0.0447 0.6395
vn -0.8221 -0.2424 -0.5151
vn -0.2647 -0.0582 -0.9626
vn -0.1462 -0.6722 0.7258
vn -0.4823 0.2073 0.8511
vn -0.2714 0.2466 -0.9303
vn 0.3654 -0.6122 0.7012
vn -0.6084 0.5256 0.5946
vn 0.1997 0.5301 0.8241
vn 0.5617 -0.2829 -0.7775
vn 0.0220 0.9192 0.3932
vn -0.5363 0.4523 0.7126
vn -0.6286 -0.1324 0.7664
vn -0.6631 0.0174 0.7483
vn 0.1218 0.0442 -0.9916
vn 0.4605 -0.6721 0.5799
vn 0.2029 -0.6367 -0.7439
vn 0.4294 -0.1088 -0.8965
vn -0.7344 -0.3721 -0.5676
vn -0.3563 0.2607 0.8973
vn -0.4538 -0.1761 -0.8735
vn -0.2168 -0.4423 0.8702
vn 0.3144 -0.8226 -0.4738
vn -0.4691 0.2152 0.8565
vn 0.3235 -0.3310 0.8864
vn 0.3236 -0.2904 0.9005
vn -0.7350 0.5147 0.4413
vn -0.8840 0.1133 0.4536
vn 0.7769 0.5093 0.3702
vn -0.6225 0.5120 0.5919
vn -0.8446 0.3517 0.4037
vn 0.7848 0.5301 0.3209
vn -0.7358 0.1145 0.6674
vn -0.7456 -0.0136 0.6663
vn -0.7485 0.5090 -0.4251
vn -0.2619 -0.6632 0.7011
vn 0.5647 0.7091 -0.4222
vn -0.4831 0.2407 0.8418
vn -0.5243 0.6177 0.5862
vn -0.7338 -0.0782 0.6749
vn 0.4231 -0.0494 -0.9047
vn -0.2592 0.2336 -0.9371
vn -0.8500 0.4555 0.2645
vn 0.7535 -0.1130 -0.6477
vn 0.9175 0.0143 -0.3974
vn -0.7237 0.0248 0.6897
vn -0.4934 -0.2539 0.8319
vn 0.5075 -0.5841 0.6334
vn -0.1743 0.4088 0.8958
vn -0.3307 -0.2687 0.9047
vn -0.3971 -0.3427 -0.8514
vn -0.7787 0.0537 0.6251
vn -0.2317 0.1946 -0.9531
vn -0.3089 -0.3389 0.8887
vn -0.7739 0.3657 0.5170
vn -0.3488 -0.7076 -0.6146
vn 0.4838 0.2065 -0.8505
vn -0.6141 -0.4414 -0.6543
vn 0.6119 -0.3350 -0.7165
vn 0.8737 -0.0287 -0.4856
vn -0.2612 -0.3914 0.8824
vn 0.2235 -0.3882 -0.8941
vn 0.0415 -0.2767 -0.9601
vn 0.1486 -0.2038 -0.9677
vn -0.2995 -0.3279 -0.8960
vn -0.2297 -0.1628 -0.9596
vn 0.9736 0.1944 -0.1192
vn -0.4822 0.5211 0.7042
vn -0.2328 -0.0312 -0.9720
vn -0.7395 0.6728 0.0227
vn -0.4695 0.3106 0.8265
vn -0.1224 -0.2092 -0.9702
vn 0.1781 -0.3698 -0.9119
vn 0.0562 0.7704 0.6351
vn -0.8758 -0.0612 0.4787
vn -0.2896 -0.4330 -0.8536
vn -0.8403 0.3543 0.4102
vn -0.4021 -0.3643 0.8400
vn -0.2610 0.2220 -0.9394
vn 0.1437 -0.7328 0.6651
vn -0.4930 -0.4232 0.7602
vn -0.3792 0.2321 0.8957
vn -0.0348 0.1792 0.9832
vn -0.3664 0.0139 0.9304
vn -0.3324 -0.2470 0.9102
vn -0.0065 0.1404 0.9901
vn -0.1207 -0.3243 -0.9382
vn 0.3359 0.3291 -0.8825
vn -0.2503 -0.4460 -0.8593
vn 0.8590 0.4814 0.1745
vn -0.2676 -0.1135 -0.9568
vn -0.0590 0.5638 0.8238
vn -0.3956 0.6655 -0.6330
vn -0.3430 0.8944 -0.2872
vn -0.4148 -0.0623 0.9078
vn -0.9425 0.3193 0.0989
vn 0.2063 -0.4438 -0.8721
vn -0.2756 0.6805 0.6789
vn -0.2474 -0.1312 0.9600
vn -0.3568 0.2324 0.9048
vn 0.3641 0.4502 0.8153
vn -0.0436 0.8298 0.5563
vn 0.5901 0.5129 0.6235
vn -0.3626 0.7882 0.4972
vn 0.9882 0.1437 -0.0528
vn -0.2026 0.1933 -0.9600
vn -0.7620 0.0555 0.6452
vn 0.4392 0.3844 -0.8120
vn 0.4827 -0.6829 0.5482
vn 0.6276 0.1396 -0.7659
vn 0.8218 -0.1052 0.5600
vn -0.0889 -0.2305 -0.9690
vn -0.2972 -0.0745 0.9519
vn 0.3661 0.6400 0.6756
vn -0.7616 0.0604 0.6453
vn -0.8849 0.2524 0.3916
vn 0.2574 -0.0223 -0.9661
vn 0.7485 0.2856 -0.5984
vn 0.2870 -0.8392 -0.4620
vn -0.2859 -0.4303 0.8562
vn 0.4847 -0.6166 0.6204
vn -0.3249 -0.3210 0.8896
vn -0.2203 -0.4259 -0.8775
vn 0.5301 0.1543 0.8338
vn -0.2116 0.7439 -0.6339
vn -0.5725 -0.1308 0.8094
vn 0.5728 -0.6595 0.4868
vn -0.6596 -0.0151 0.7515
vn -0.2909 0.4304 0.8545
vn -0.3663 0.9202 -0.1379
vn -0.2761 -0.1453 -0.9501
vn -0.4663 0.2265 0.8551
vn 0.1842 0.8470 -0.4986
vn 0.7146 0.1727 -0.6779
vn -0.4152 0.1888 0.8899
vn -0.2342 0.0549 -0.9706
vn -0.3619 0.3886 0.8474
vn 0.4099 0.4957 -0.7657
vn 0.8754 -0.0008 0.4834
vn -0.6450 0.7107 -0.2809
vn -0.2143 -0.5925 -0.7765
vn -0.1826 -0.2249 -0.9571
vn -0.8967 0.3971 0.1956
vn 0.3838 -0.5864 -0.7133
vn 0.4756 -0.7011 0.5313
vn 0.3003 -0.3045 -0.9039
vn 0.4701 0.2994 0.8303
vn 0.4973 -0.0609 -0.8654
vn 0.0981 -0.5408 -0.8354
vn -0.3870 0.3146 0.8668
vn 0.8241 0.0532 0.5639
vn -0.2301 -0.3378 0.9127
vn 0.4789 -0.5635 -0.6731
vn 0.2831 0.1715 0.9436
vn 0.4295 -0.5649 0.7045
vn -0.4472 0.0942 0.8895
vn -0.1850 0.2028 -0.9616
vn 0.5260 0.7468 -0.4069
vn 0.5145 -0.6815 -0.5204
vn 0.5349 0.0222 0.8446
vn -0.6659 0.3885 0.6369
vn -0.0834 -0.2147 -0.9731
vn 0.1539 -0.0838 -0.9845
vn 0.8395 -0.0993 0.5343
vn 0.6482 0.3116 -0.6949
vn -0.4921 0.2190 0.8425
vn -0.4902 0.8075 -0.3282
vn -0.4381 0.8989 -0.0042
vn 0.3292 -0.8183 -0.4713
vn -0.8140 0.0785 0.5756
vn -0.6147 0.7810 0.1103
vn -0.6741 0.5937 -0.4395
vn 0.1656 -0.3288 -0.9297
vn 0.8785 -0.0772 -0.4715
vn 0.5253 -0.2957 0.7979
vn -0.4121 0.2394 -0.8791
vn 0.1175 0.5718 0.8120
vn 0.8019 0.5731 -0.1689
vn 0.2991 -0.3840 -0.8735
vn 0.6308 -0.4709 -0.6167
vn 0.9929 -0.0902 -0.0779
vn 0.5638 -0.4708 -0.6786
vn 0.7743 -0.1349 0.6182
vn 0.5270 0.2512 -0.8119
vn 0.8294 -0.0577 0.5557
vn 0.8813 0.4333 0.1885
vn 0.8317 0.0933 -0.5474
vn -0.0605 -0.5455 -0.8359
vn 0.9573 0.1017 -0.2707
vn -0.2333 -0.0985 -0.9674
vn -0.8867 0.4479 0.1146
vn 0.0578 -0.4438 -0.8943
vn 0.6156 -0.2244 0.7554
vn 0.4529 -0.1058 -0.8852
vn -0.4710 0.7906 -0.3913
vn 0.5238 -0.3560 -0.7739
vn 0.9532 0.1690 -0.2508
vn 0.8856 0.4148 0.2088
vn 0.5207 0.5068 0.6870
vn 0.7321 0.1068 -0.6728
vn 0.4985 0.0111 0.8668
vn 0.8135 0.1539 0.5608
vn 0.1074 -0.1367 0.9848
vn 0.8356 0.5263 -0.1575
vn -0.0141 -0.2416 0.9703
vn -0.1730 -0.2939 -0.9401
vn 0.1671 -0.5222 -0.8363
vn -0.0464 0.3846 0.9219
vn -0.2666 -0.2846 0.9208
vn 0.4477 -0.3263 0.8325
vn 0.3829 0.8491 0.3639
vn -0.8911 0.1149 0.4391
vn 0.8472 -0.1763 -0.5012
vn -0.3122 -0.2187 0.9245
vn 0.5375 -0.2520 0.8047
vn -0.9323 0.3616 -0.0062
vn 0.5560 0.4560 0.6949
vn 0.8772 0.0489 -0.4776
vn 0.5369 0.6410 0.5486
vn 0.9187 -0.1325 0.3721
vn -0.0969 0.3512 0.9313
vn 0.0604 0.2168 0.9743
vn 0.4584 0.4726 -0.7527
vn 0.6502 -0.3738 -0.6614
vn 0.7618 0.1930 -0.6184
vn -0.5325 -0.3678 0.7624
vn 0.7233 0.6163 -0.3113
vn -0.1467 -0.4226 0.8944
vn -0.4849 -0.5317 0.6943
vn 0.9327 0.2297 0.2781
vn 0.6917 -0.4874 0.5330
vn 0.4369 0.1143 0.8922
vn -0.2921 -0.5365 0.7917
vn 0.5991 0.5293 0.6008
vn 0.6317 0.3611 -0.6860
vn 0.1512 0.0921 -0.9842
vn -0.0652 -0.5120 -0.8565
vn 0.6982 -0.0308 0.7152
vn -0.4573 -0.1825 0.8704
vn 0.8488 0.1217 -0.5146
vn 0.7769 -0.1913 0.5999
vn 0.8562 -0.4031 0.3232
vn 0.2822 -0.6865 0.6702
vn 0.6113 -0.6577 -0.4402
vn 0.0851 0.5451 0.8340
vn 0.0870 -0.2280 0.9698
vn -0.5052 0.3734 -0.7780
vn 0.0663 0.6469 0.7597
vn 0.3419 -0.2802 -0.8970
vn 0.9184 -0.1022 -0.3823
vn 0.8700 0.0540 0.4900
vn 0.9119 0.1925 0.3625
vn -0.5001 0.2376 0.8327
vn -0.0258 -0.4454 0.8950
vn 0.5495 -0.1259 0.8260
vn 0.2126 -0.0395 -0.9763
vn -0.8807 0.2115 0.4238
vn -0.9822 0.1781 0.0597
vn 0.7291 -0.6762 -0.1052
vn 0.9161 0.2481 0.3149
vn 0.8648 0.3536 0.3565
vn 0.8599 -0.2008 -0.4693
vn 0.8667 -0.0578 -0.4954
vn 0.9881 0.1501 -0.0352
vn 0.5713 0.6389 0.5152
vn 0.8894 0.4360 0.1373
vn 0.6704 -0.0508 -0.7403
vn 0.8262 0.1423 -0.5452
vn 0.9448 -0.2708 0.1846
vn 0.2183 0.0962 -0.9711
vn 0.1297 -0.4294 -0.8938
vn 0.7257 -0.1275 -0.6761
vn 0.3655 -0.3721 -0.8532
vn 0.1933 0.6667 -0.7199
vn 0.9465 0.2596 -0.1914
vn -0.6514 -0.0703 0.7554
vn -0.8203 0.4281 -0.3793
vn 0.5736 -0.1726 -0.8007
vn -0.8676 0.4919 -0.0730
vn -0.4661 0.3714 -0.8030
vn 0.0851 0.9873 0.1344
vn 0.8668 0.2590 0.4261
vn 0.6812 -0.5643 0.4664
vn 0.9144 -0.2070 0.3480
vn -0.7290 -0.0822 0.6796
vn 0.8507 0.0889 0.5180
vn 0.8783 -0.4383 0.1910
vn -0.1243 -0.5934 0.7953
vn -0.2750 -0.3752 0.8852
vn 0.8247 -0.2378 -0.5131
vn 0.0746 -0.2117 -0.9745
vn 0.8167 0.1481 -0.5577
vn 0.9752 -0.2126 -0.0613
vn 0.9802 0.0296 -0.1957
vn 0.9113 -0.0019 0.4118
vn -0.9438 0.3201 0.0826
vn 0.5534 0.3953 -0.7331
vn 0.2106 0.0831 0.9740
vn 0.8107 -0.1187 -0.5733
vn 0.8935 -0.2516 0.3719
vn -0.4771 0.8056 -0.3512
vn 0.8661 0.1036 -0.4890
vn 0.9303 -0.2911 -0.2233
vn -0.6918 -0.1205 0.7120
vn -0.3191 0.9376 -0.1383
vn -0.5961 -0.0669 0.8001
vn -0.7036 -0.0022 0.7106
vn 0.9587 -0.1421 -0.2463
vn 0.8680 0.0981 -0.4868
vn -0.5833 0.2044 0.7861
vn -0.8419 0.4868 -0.2330
vn 0.8667 0.1029 -0.4881
vn -0.3836 0.2529 0.8882
vn 0.9818 -0.1334 0.1351
vn 0.9364 -0.1762 -0.3035
vn 0.7155 -0.0739 -0.6947
vn -0.0118 -0.2212 -0.9752
vn -0.7652 0.4528 -0.4576
vn -0.3051 0.1411 0.9418
vn -0.5495 -0.4028 0.7320
vn 0.5918 -0.3111 -0.7437
vn 0.4644 -0.2711 -0.8431
vn 0.9536 0.1930 -0.2309
vn -0.0242 -0.4420 0.8967
vn -0.2162 -0.1216 0.9687
vn -0.6386 -0.0624 0.7670
vn 0.9728 0.0503 -0.2261
vn 0.9891 -0.0558 -0.1364
vn 0.6621 0.5129 -0.5464
vn 0.9470 -0.2906 0.1365
vn -0.1030 0.5776 -0.8098
vn 0.9858 -0.1533 0.0689
vn 0.7998 0.4198 -0.4290
vn 0.8682 0.1018 -0.4857
vn 0.6019 0.3855 0.6994
vn -0.8138 0.5720 0.1028
vn -0.6296 -0.3571 0.6900
vn 0.5529 -0.1031 -0.8268
vn 0.9481 0.1642 -0.2723
vn -0.0524 -0.4607 0.8860
vn 0.8046 -0.2334 -0.5460
vn -0.8942 0.2834 0.3465
vn 0.7800 -0.3002 0.5492
vn 0.9707 -0.2402 0.0037
vn 0.7865 0.5050 -0.3555
vn 0.9964 -0.0739 -0.0423
vn 0.9864 0.1398 0.0866
vn 0.8842 -0.2087 0.4179
vn 0.8836 0.0251 0.4675
vn 0.8138 0.1664 -0.5568
vn -0.5760 0.4705 -0.6684
vn 0.9304 -0.3659 0.0221
vn 0.0474 0.8356 -0.5473
vn 0.8513 0.0336 -0.5236
vn 0.9508 -0.1920 -0.2431
vn 0.9770 -0.2113 0.0287
vn 0.8396 0.5228 -0.1477
vn -0.5756 0.4507 -0.6823
vn -0.4605 0.7901 -0.4046
vn 0.9391 0.1990 -0.2801
vn 0.5351 0.2686 -0.8010
vn 0.2790 0.0610 0.9583
vn 0.2381 0.0722 0.9686
vn 0.8723 0.0319 0.4879
vn 0.9620 -0.2691 -0.0453
vn -0.1642 0.0225 -0.9862
vn 0.9433 -0.0152 -0.3317
vn 0.4262 0.4867 0.7626
vn -0.2324 -0.4426 0.8661
vn -0.8580 0.4780 -0.1880
vn 0.7102 -0.2181 -0.6694
vn 0.5090 -0.3112 -0.8025
vn 0.8517 -0.0428 -0.5222
vn 0.2998 0.1426 0.9433
vn -0.9088 0.1473 0.3904
vn 0.7185 -0.1908 -0.6688
vn 0.6051 -0.3813 0.6989
vn 0.6447 -0.5977 0.4766
vn -0.2992 0.4863 -0.8210
vn 0.9355 -0.0349 -0.3516
vn 0.9456 -0.1579 0.2846
vn 0.5925 -0.6214 0.5126
vn 0.2292 0.8069 -0.5443
vn 0.8533 -0.0089 -0.5214
vn 0.8388 -0.0001 -0.5444
vn 0.9044 -0.3848 0.1847
vn 0.9411 0.1543 -0.3010
vn 0.0675 -0.1953 0.9784
vn 0.7153 -0.1624 -0.6797
vn 0.9848 0.1216 -0.1243
vn 0.9310 -0.2131 0.2964
vn 0.7831 -0.2339 0.5763
vn 0.0324 -0.3882 0.9210
vn 0.9720 0.0147 -0.2345
vn 0.8963 -0.3887 0.2135
vn 0.8396 -0.0932 -0.5352
vn 0.8455 -0.4740 0.2458
vn 0.8555 -0.0072 -0.5178
vn 0.8641 -0.0029 -0.5034
vn 0.4164 -0.6772 0.6067
vn 0.5847 -0.4099 0.7001
vn 0.6039 -0.3486 0.7168
vn 0.9155 0.2990 0.2691
vn -0.4881 0.8585 0.1573
vn 0.9478 -0.2274 -0.2233
vn 0.9245 -0.0983 0.3683
vn 0.8353 0.2966 -0.4630
vn 0.8606 -0.0425 -0.5075
vn -0.3087 0.5329 -0.7878
vn 0.9072 -0.0025 -0.4206
vn 0.8386 0.3827 -0.3876
vn 0.9061 0.0052 0.4230
vn 0.8253 -0.5113 0.2398
vn 0.9456 0.0263 0.3244
vn 0.9288 -0.3697 0.0247
vn 0.9421 0.1101 0.3166
vn -0.1807 -0.2953 0.9382
vn 0.9258 -0.3778 0.0121
vn 0.7722 -0.1876 0.6071
vn 0.7834 0.4049 -0.4715
vn 0.9295 -0.3470 0.1250
vn -0.5435 -0.1707 0.8219
vn 0.2831 -0.3510 0.8925
vn -0.6787 0.5637 -0.4707
vn 0.8728 0.1041 -0.4768
vn -0.7994 0.0692 0.5969
vn 0.4920 -0.3331 0.8044
vn 0.9911 0.1201 0.0570
vn 0.9274 -0.3735 0.0202
vn 0.5193 0.1203 0.8461
vn -0.5607 0.0242 0.8276
vn 0.7812 0.1256 -0.6115
vn 0.8707 -0.0284 -0.4911
vn 0.6709 -0.1017 0.7345
vn 0.9006 -0.2634 0.3458
vn 0.1147 -0.2950 0.9486
vn 0.7494 -0.2087 -0.6284
vn 0.9481 -0.1711 -0.2681
vn 0.7588 -0.1525 -0.6333
vn 0.9959 0.0871 0.0252
vn 0.1678 -0.7035 0.6906
vn 0.9539 0.2818 0.1035
vn 0.9736 -0.0949 0.2077
vn 0.8325 -0.3298 -0.4451
vn 0.8243 -0.1053 -0.5562
vn 0.5968 0.6102 0.5211
vn -0.7431 0.5838 -0.3270
vn 0.9387 0.0630 -0.3388
vn 0.9335 0.3445 -0.0997
vn -0.9249 0.3692 -0.0909
vn 0.6567 -0.1636 -0.7362
vn 0.6168 0.5264 -0.5852
vn 0.9270 -0.3742 0.0237
vn 0.8706 -0.2590 0.4183
vn 0.2512 0.3282 -0.9106
vn 0.6216 -0.2531 -0.7413
vn 0.8189 -0.0388 -0.5726
vn 0.9401 -0.3397 -0.0281
vn 0.9505 0.0835 -0.2994
vn 0.4416 0.8858 -0.1425
vn 0.9721 0.1379 -0.1897
vn 0.9197 -0.0821 -0.3840
vn 0.8747 -0.0500 0.4820
vn 0.9893 0.1084 -0.0979
vn 0.8967 0.4337 -0.0878
vn 0.7844 0.4046 -0.4702
vn 0.3598 -0.5972 0.7169
vn 0.9504 -0.1751 -0.2569
vn 0.8771 -0.1983 -0.4374
vn 0.3323 0.0075 0.9431
vn 0.0459 0.8207 -0.5696
vn 0.0153 -0.2873 0.9577
vn 0.9380 -0.3467 -0.0047
vn 0.9304 -0.3629 0.0520
vn 0.7842 -0.0710 -0.6164
vn 0.0558 0.7070 -0.7050
vn 0.1440 0.4752 -0.8680
vn 0.6229 -0.3990 0.6729
vn 0.5555 -0.7355 0.3880
vn 0.9615 -0.0007 -0.2750
vn 0.9566 0.1792 -0.2297
vn 0.6468 -0.4091 0.6436
vn -0.9538 0.1350 0.2683
vn -0.8386 0.5301 0.1257
vn 0.9969 0.0763 -0.0186
vn -0.4193 0.5683 -0.7079
vn -0.2384 0.5542 -0.7975
vn 0.9621 -0.0297 -0.2710
vn 0.9283 0.1797 -0.3256
vn 0.8684 -0.2677 0.4173
vn -0.6487 0.3950 -0.6505
vn 0.7908 -0.4691 -0.3932
vn 0.8989 -0.4244 0.1086
vn 0.9710 0.1851 0.1512
vn 0.7761 -0.1190 -0.6193
vn 0.4894 0.2500 -0.8354
vn 0.7150 -0.3667 0.5953
vn 0.9225 -0.1022 -0.3721
vn 0.9369 0.1582 0.3118
vn 0.9210 0.1981 -0.3355
vn -0.1466 0.8524 -0.5019
vn 0.9396 -0.2932 0.1764
vn 0.9826 -0.0571 -0.1769
vn 0.9684 0.2489 -0.0151
vn 0.9440 -0.2304 0.2363
vn 0.8548 -0.2109 -0.4742
vn -0.0708 -0.1969 0.9779
vn -0.8131 0.5737 -0.0989
vn 0.9704 -0.1812 0.1598
vn 0.6856 0.6412 -0.3446
vn -0.2769 0.4947 -0.8238
vn 0.8569 0.3083 -0.4130
vn 0.8284 -0.3960 -0.3961
vn 0.8363 0.1173 0.5356
vn -0.6042 0.3774 -0.7018
vn -0.8438 0.4091 -0.3474
vn 0.8213 -0.0263 0.5699
vn -0.5252 0.4911 -0.6950
vn 0.3221 -0.5696 0.7561
vn 0.1825 0.5631 -0.8060
vn 0.9386 0.0969 0.3311
vn 0.9638 -0.1024 0.2461
vn -0.7879 0.5977 -0.1482
vn 0.0263 0.6259 -0.7795
vn 0.8406 0.4406 -0.3150
vn -0.7859 0.6182 -0.0166
vn 0.6951 -0.0628 -0.7161
vn 0.6335 0.4249 0.6466
vn 0.8200 -0.4169 0.3922
vn -0.6220 0.4607 0.6331
vn 0.2987 0.6457 0.7028
vn 0.3163 0.6165 -0.7210
vn 0.9427 -0.2968 0.1523
vn 0.8646 -0.2272 -0.4482
vn 0.9422 -0.3281 -0.0675
vn 0.9230 -0.2060 0.3250
vn -0.2627 -0.1239 0.9569
vn -0.7122 0.5912 0.3785
vn 0.9470 0.0918 -0.3078
vn 0.0744 -0.3598 0.9300
vn -0.5523 -0.2196 0.8042
vn 0.9979 -0.0229 -0.0613
vn 0.9604 0.0434 0.2751
vn 0.8066 -0.0989 -0.5828
vn 0.9948 0.0570 -0.0845
vn 0.9220 0.2033 -0.3296
vn 0.9015 -0.3697 0.2251
vn 0.9949 -0.0275 -0.0975
vn -0.5600 -0.0653 0.8259
vn -0.3096 -0.1547 0.9382
vn -0.5830 -0.2931 0.7577
vn -0.4906 -0.0251 0.8710
vn 0.9624 -0.1512 0.2256
vn 0.2578 0.5640 -0.7845
vn 0.9356 -0.2620 -0.2366
vn 0.4993 0.8590 0.1131
vn 0.3560 -0.5797 0.7330
vn 0.9584 -0.1741 -0.2261
vn 0.9504 -0.2761 0.1429
vn 0.9645 -0.2264 0.1360
vn 0.9124 -0.1337 -0.3868
vn -0.6984 0.5242 -0.4873
vn 0.6405 -0.3106 0.7024
vn 0.8261 -0.3147 0.4675
vn 0.7462 -0.6348 0.2005
vn 0.8673 0.1938 -0.4586
vn 0.6136 -0.5494 0.5672
vn 0.9348 0.0839 -0.3452
vn 0.9904 -0.1232 -0.0623
vn 0.9627 -0.0233 -0.2695
vn 0.8891 -0.2468 -0.3855
vn -0.0092 -0.2374 0.9714
vn 0.5883 -0.5274 0.6130
vn 0.8068 -0.3717 0.4592
vn 0.9054 -0.1788 0.3851
vn 0.8718 0.1081 -0.4779
vn 0.7389 -0.4451 0.5059
vn 0.5505 -0.4409 0.7090
vn 0.9803 0.1700 -0.1002
vn -0.7609 0.6450 0.0711
vn 0.9742 -0.2142 0.0715
vn 0.9203 -0.3746 -0.1128
vn 0.3049 -0.4516 0.8385
vn 0.8413 -0.3639 0.3998
vn 0.8457 -0.4306 -0.3151
vn 0.9603 -0.1990 0.1955
vn -0.1723 0.9084 -0.3810
vn 0.8003 0.1087 -0.5897
vn 0.8635 -0.1202 0.4899
vn 0.9970 -0.0660 0.0409
vn 0.3283 0.3742 -0.8673
vn 0.6913 0.4195 -0.5884
vn 0.2146 0.3042 -0.9281
vn 0.0000 0.0000 0.0000
vn 0.6761 0.5087 -0.5330
vn -0.3879 0.5815 -0.7151
vn 0.2682 -0.4806 0.8349
vn -0.3862 0.3087 -0.8692
vn 0.9108 -0.3499 0.2191
vn 0.1338 0.6564 -0.7424
vn 0.9692 0.2277 0.0938
vn 0.9590 -0.0822 0.2712
vn 0.7075 -0.6978 0.1119
vn 0.9218 -0.2618 -0.2858
vn 0.8588 0.0656 -0.5081
vn 0.4051 -0.3250 0.8545
vn 0.9195 -0.1804 -0.3493
vn 0.9631 -0.2256 -0.1471
vn 0.8679 -0.4563 -0.1966
vn -0.1217 -0.4897 0.8634
vn 0.9251 -0.3468 0.1543
vn 0.4439 0.6379 -0.6293
vn -0.4283 0.5263 -0.7346
vn -0.0466 0.6687 -0.7421
vn 0.8769 -0.3662 0.3113
vn 0.0456 -0.0680 0.9966
vn -0.0421 -0.3959 0.9173
vn 0.8607 0.1419 0.4889
vn 0.8988 -0.3559 0.2559
vn -0.2269 -0.2565 0.9395
vn 0.6834 0.2037 -0.7011
vn 0.4961 0.0594 -0.8662
vn 0.4822 0.8459 0.2279
vn 0.8884 0.4395 -0.1329
vn 0.9100 -0.1472 -0.3875
vn -0.8349 0.3477 0.4268
vn 0.9099 -0.1942 0.3666
vn 0.9933 -0.0736 0.0894
vn 0.6698 0.4663 0.5779
vn 0.9354 -0.2316 0.2671
vn 0.9729 -0.1120 -0.2022
vn -0.4390 0.7219 -0.5349
vn 0.9012 -0.4317 0.0384
vn -0.8187 0.5709 0.0618
vn 0.1557 -0.4600 0.8742
vn 0.6276 -0.5177 0.5815
vn 0.9792 -0.0906 0.1818
vn 0.7481 0.3458 -0.5663
vn 0.4499 0.4185 -0.7889
vn 0.9268 -0.1007 0.3618
vn 0.4607 0.3278 -0.8248
vn 0.9357 -0.3033 -0.1803
vn 0.8355 0.1015 0.5400
vn 0.8031 0.3005 -0.5146
vn 0.9998 -0.0168 -0.0066
vn -0.0119 0.6246 -0.7809
vn -0.8062 0.5875 0.0702
vn -0.5895 0.1108 0.8002
vn 0.5833 -0.5457 0.6017
vn 0.9242 -0.2779 -0.2620
vn -0.0446 0.6517 -0.7571
vn 0.4184 -0.5235 0.7422
vn 0.8845 -0.1129 -0.4526
vn -0.5934 0.7876 0.1659
vn 0.0868 -0.1336 0.9872
vn 0.7137 -0.4888 0.5017
vn 0.7893 0.1743 -0.5887
vn 0.8072 -0.0991 -0.5819
vn 0.9951 -0.0527 -0.0842
vn 0.8331 0.3260 0.4468
vn 0.0882 0.7517 -0.6536
vn 0.9172 -0.3799 0.1202
f 1//1 1//1 4//4
f 1//1 4//4 8//8
f 5//5 7//7 2//2
f 5//5 2//2 2//2
f 1//1 2//2 2//2
f 1//1 2//2 1//1
f 1//1 8//8 5//5
f 1//1 5//5 2//2
f 2//2 7//7 4//4
f 2//2 4//4 1//1
f 4//4 7//7 3//3
f 24//24 36//36 58//58
f 24//24 58//58 10//10
f 7//7 31//31 26//26
f 7//7 38//38 31//31
f 36//36 106//106 76//76
f 65//65 106//106 36//36
f 76//76 106//106 58//58
f 36//36 76//76 58//58
f 38//38 58//58 108//108
f 38//38 95//95 71//71
f 8//8 10//10 38//38
f 8//8 38//38 7//7
f 58//58 38//38 10//10
f 108//108 95//95 38//38
f 31//31 38//38 71//71
f 75//75 80//80 87//87
f 67//67 75//75 87//87
f 54//54 75//75 67//67
f 54//54 77//77 75//75
f 36//36 54//54 67//67
f 13//13 10//10 12//12
f 13//13 12//12 20//20
f 13//13 20//20 10//10
f 20//20 11//11 29//29
f 22//22 20//20 29//29
f 17//17 18//18 16//16
f 18//18 11//11 16//16
f 17//17 16//16 19//19
f 17//17 19//19 18//18
f 18//18 19//19 15//15
f 18//18 15//15 11//11
f 6//6 19//19 16//16
f 11//11 6//6 16//16
f 9//9 6//6 11//11
f 41//41 61//61 70//70
f 77//77 59//59 70//70
f 59//59 41//41 70//70
f 70//70 69//69 100//100
f 44//44 104//104 50//50
f 77//77 100//100 143//143
f 51//51 50//50 60//60
f 41//41 37//37 51//51
f 51//51 60//60 61//61
f 51//51 61//61 41//41
f 70//70 50//50 69//69
f 50//50 100//100 69//69
f 100//100 50//50 91//91
f 50//50 70//70 61//61
f 61//61 60//60 50//50
f 70//70 100//100 77//77
f 33//33 54//54 29//29
f 37//37 44//44 50//50
f 37//37 50//50 51//51
f 33//33 37//37 41//41
f 54//54 33//33 59//59
f 54//54 59//59 77//77
f 14//14 11//11 15//15
f 10//10 9//9 12//12
f 12//12 9//9 20//20
f 11//11 14//14 29//29
f 29//29 14//14 33//33
f 20//20 9//9 11//11
f 14//14 15//15 33//33
f 33//33 15//15 21//21
f 21//21 37//37 33//33
f 32//32 44//44 37//37
f 37//37 21//21 32//32
f 33//33 41//41 59//59
f 3//3 8//8 4//4
f 3//3 10//10 8//8
f 6//6 3//3 7//7
f 3//3 6//6 10//10
f 8//8 7//7 5//5
f 24//24 29//29 36//36
f 10//10 20//20 22//22
f 10//10 22//22 29//29
f 10//10 29//29 24//24
f 25//25 6//6 7//7
f 10//10 6//6 9//9
f 67//67 65//65 36//36
f 67//67 87//87 106//106
f 67//67 106//106 65//65
f 29//29 54//54 36//36
f 77//77 143//143 80//80
f 75//75 77//77 80//80
f 87//87 162//162 106//106
f 103//103 91//91 104//104
f 53//53 34//34 64//64
f 64//64 93//93 53//53
f 64//64 89//89 93//93
f 64//64 81//81 89//89
f 44//44 45//45 53//53
f 45//45 34//34 53//53
f 44//44 53//53 104//104
f 50//50 104//104 91//91
f 32//32 21//21 34//34
f 32//32 34//34 45//45
f 44//44 32//32 45//45
f 39//39 30//30 27//27
f 39//39 27//27 28//28
f 30//30 39//39 25//25
f 30//30 25//25 27//27
f 39//39 47//47 40//40
f 39//39 40//40 25//25
f 88//88 55//55 71//71
f 88//88 120//120 55//55
f 31//31 71//71 55//55
f 55//55 40//40 47//47
f 55//55 47//47 39//39
f 55//55 39//39 31//31
f 35//35 23//23 25//25
f 25//25 23//23 6//6
f 35//35 15//15 23//23
f 42//42 56//56 49//49
f 42//42 49//49 46//46
f 120//120 102//102 73//73
f 66//66 43//43 73//73
f 84//84 68//68 66//66
f 56//56 42//42 43//43
f 40//40 43//43 35//35
f 73//73 84//84 66//66
f 73//73 55//55 120//120
f 43//43 66//66 68//68
f 43//43 68//68 56//56
f 73//73 43//43 40//40
f 40//40 35//35 25//25
f 55//55 73//73 40//40
f 42//42 46//46 34//34
f 74//74 48//48 34//34
f 48//48 74//74 52//52
f 57//57 52//52 62//62
f 62//62 63//63 72//72
f 63//63 79//79 72//72
f 74//74 34//34 46//46
f 52//52 64//64 48//48
f 46//46 56//56 74//74
f 64//64 52//52 57//57
f 52//52 63//63 62//62
f 52//52 79//79 63//63
f 74//74 83//83 79//79
f 82//82 83//83 74//74
f 74//74 79//79 52//52
f 79//79 83//83 72//72
f 72//72 78//78 81//81
f 90//90 96//96 78//78
f 83//83 90//90 78//78
f 94//94 78//78 86//86
f 86//86 96//96 105//105
f 78//78 96//96 86//86
f 78//78 72//72 83//83
f 85//85 97//97 101//101
f 85//85 109//109 97//97
f 86//86 105//105 85//85
f 68//68 74//74 56//56
f 82//82 74//74 84//84
f 84//84 74//74 68//68
f 56//56 46//46 49//49
f 106//106 172//172 458//458
f 106//106 458//458 119//119
f 113//113 108//108 119//119
f 113//113 289//289 111//111
f 362//362 199//199 289//289
f 289//289 199//199 111//111
f 362//362 508//508 598//598
f 362//362 598//598 466//466
f 289//289 508//508 362//362
f 289//289 458//458 508//508
f 111//111 199//199 107//107
f 119//119 289//289 113//113
f 119//119 458//458 289//289
f 458//458 598//598 508//508
f 314//314 243//243 150//150
f 243//243 349//349 150//150
f 150//150 143//143 314//314
f 349//349 243//243 314//314
f 138//138 427//427 143//143
f 498//498 589//589 583//583
f 473//473 579//579 557//557
f 641//641 579//579 651//651
f 641//641 651//651 648//648
f 579//579 641//641 648//648
f 651//651 673//673 648//648
f 787//787 579//579 648//648
f 162//162 349//349 498//498
f 498//498 583//583 458//458
f 349//349 427//427 473//473
f 557//557 589//589 498//498
f 473//473 557//557 498//498
f 458//458 583//583 598//598
f 583//583 589//589 642//642
f 583//583 642//642 598//598
f 589//589 557//557 704//704
f 589//589 704//704 642//642
f 579//579 787//787 557//557
f 777//777 725//725 704//704
f 787//787 764//764 779//779
f 557//557 787//787 777//777
f 764//764 787//787 673//673
f 648//648 673//673 787//787
f 704//704 557//557 777//777
f 162//162 172//172 106//106
f 162//162 498//498 172//172
f 498//498 458//458 172//172
f 642//642 608//608 598//598
f 642//642 704//704 608//608
f 129//129 150//150 162//162
f 150//150 349//349 162//162
f 130//130 138//138 143//143
f 143//143 427//427 314//314
f 349//349 449//449 498//498
f 349//349 473//473 449//449
f 449//449 473//473 498//498
f 427//427 349//349 314//314
f 179//179 308//308 324//324
f 179//179 173//173 308//308
f 93//93 173//173 179//179
f 93//93 179//179 324//324
f 324//324 636//636 562//562
f 396//396 636//636 324//324
f 396//396 689//689 636//636
f 201//201 324//324 447//447
f 141//141 201//201 447//447
f 141//141 447//447 138//138
f 427//427 138//138 447//447
f 308//308 396//396 324//324
f 357//357 396//396 308//308
f 141//141 114//114 218//218
f 201//201 141//141 218//218
f 201//201 218//218 324//324
f 447//447 324//324 562//562
f 631//631 636//636 689//689
f 636//636 631//631 564//564
f 564//564 562//562 636//636
f 93//93 324//324 218//218
f 447//447 631//631 607//607
f 564//564 631//631 447//447
f 562//562 564//564 447//447
f 354//354 173//173 211//211
f 112//112 92//92 173//173
f 173//173 92//92 211//211
f 211//211 215//215 292//292
f 215//215 115//115 342//342
f 321//321 292//292 215//215
f 322//322 215//215 496//496
f 321//321 215//215 322//322
f 321//321 322//322 496//496
f 211//211 292//292 321//321
f 456//456 677//677 354//354
f 655//655 677//677 456//456
f 456//456 496//496 606//606
f 496//496 418//418 475//475
f 496//496 475//475 617//617
f 496//496 617//617 606//606
f 354//354 211//211 456//456
f 211//211 381//381 392//392
f 211//211 392//392 456//456
f 496//496 215//215 418//418
f 215//215 342//342 475//475
f 215//215 475//475 418//418
f 211//211 321//321 496//496
f 92//92 115//115 211//211
f 211//211 115//115 215//215
f 392//392 381//381 496//496
f 392//392 496//496 456//456
f 456//456 606//606 655//655
f 211//211 496//496 381//381
f 729//729 767//767 764//764
f 729//729 764//764 607//607
f 689//689 729//729 631//631
f 655//655 772//772 735//735
f 655//655 606//606 724//724
f 655//655 724//724 723//723
f 606//606 712//712 724//724
f 772//772 655//655 723//723
f 607//607 631//631 729//729
f 689//689 677//677 694//694
f 617//617 783//783 712//712
f 606//606 617//617 712//712
f 308//308 354//354 357//357
f 308//308 173//173 354//354
f 677//677 689//689 396//396
f 396//396 354//354 677//677
f 357//357 354//354 396//396
f 115//115 135//135 287//287
f 287//287 117//117 481//481
f 117//117 183//183 481//481
f 342//342 287//287 529//529
f 595//595 529//529 533//533
f 529//529 595//595 342//342
f 115//115 287//287 342//342
f 287//287 481//481 430//430
f 135//135 117//117 287//287
f 529//529 430//430 481//481
f 287//287 430//430 529//529
f 529//529 481//481 533//533
f 234//234 183//183 131//131
f 131//131 139//139 142//142
f 277//277 131//131 142//142
f 481//481 501//501 661//661
f 316//316 656//656 501//501
f 234//234 277//277 316//316
f 234//234 316//316 183//183
f 234//234 131//131 277//277
f 501//501 656//656 661//661
f 183//183 316//316 501//501
f 661//661 834//834 778//778
f 834//834 805//805 944//944
f 661//661 715//715 834//834
f 778//778 834//834 944//944
f 661//661 778//778 795//795
f 778//778 944//944 845//845
f 845//845 944//944 910//910
f 795//795 778//778 845//845
f 595//595 790//790 617//617
f 595//595 533//533 790//790
f 533//533 866//866 790//790
f 533//533 814//814 866//866
f 661//661 795//795 711//711
f 656//656 715//715 661//661
f 183//183 501//501 411//411
f 183//183 411//411 481//481
f 481//481 411//411 501//501
f 533//533 661//661 711//711
f 533//533 711//711 814//814
f 661//661 533//533 481//481
f 814//814 795//795 845//845
f 711//711 795//795 814//814
f 101//101 135//135 115//115
f 342//342 595//595 475//475
f 475//475 595//595 617//617
f 427//427 447//447 473//473
f 473//473 607//607 579//579
f 447//447 607//607 473//473
f 579//579 607//607 651//651
f 607//607 764//764 673//673
f 607//607 673//673 651//651
f 764//764 767//767 779//779
f 346//346 168//168 120//120
f 346//346 120//120 301//301
f 120//120 88//88 301//301
f 168//168 245//245 120//120
f 598//598 581//581 466//466
f 466//466 346//346 301//301
f 286//286 466//466 194//194
f 466//466 301//301 276//276
f 466//466 276//276 194//194
f 144//144 301//301 88//88
f 301//301 144//144 276//276
f 245//245 364//364 265//265
f 149//149 245//245 265//265
f 307//307 82//82 265//265
f 466//466 581//581 494//494
f 704//704 734//734 581//581
f 590//590 499//499 594//594
f 245//245 355//355 494//494
f 494//494 364//364 245//245
f 365//365 594//594 307//307
f 745//745 623//623 581//581
f 734//734 745//745 581//581
f 594//594 365//365 265//265
f 265//265 365//365 307//307
f 594//594 623//623 590//590
f 594//594 364//364 494//494
f 494//494 581//581 594//594
f 623//623 594//594 581//581
f 364//364 594//594 265//265
f 623//623 745//745 590//590
f 745//745 688//688 590//590
f 608//608 581//581 598//598
f 466//466 494//494 346//346
f 355//355 168//168 346//346
f 346//346 494//494 355//355
f 168//168 355//355 245//245
f 307//307 157//157 82//82
f 334//334 157//157 307//307
f 110//110 126//126 83//83
f 590//590 688//688 625//625
f 720//720 570//570 522//522
f 570//570 639//639 334//334
f 570//570 334//334 522//522
f 448//448 387//387 334//334
f 157//157 110//110 82//82
f 157//157 126//126 110//110
f 639//639 448//448 334//334
f 688//688 522//522 625//625
f 720//720 522//522 688//688
f 671//671 626//626 639//639
f 626//626 622//622 460//460
f 626//626 460//460 419//419
f 375//375 622//622 484//484
f 419//419 460//460 375//375
f 622//622 375//375 460//460
f 343//343 419//419 333//333
f 419//419 174//174 333//333
f 174//174 419//419 375//375
f 133//133 158//158 118//118
f 186//186 133//133 264//264
f 191//191 264//264 133//133
f 186//186 158//158 133//133
f 208//208 264//264 191//191
f 105//105 158//158 153//153
f 186//186 230//230 153//153
f 158//158 105//105 96//96
f 186//186 153//153 158//158
f 90//90 158//158 96//96
f 264//264 230//230 186//186
f 174//174 267//267 208//208
f 409//409 644//644 592//592
f 414//414 435//435 409//409
f 409//409 479//479 644//644
f 435//435 479//479 409//409
f 420//420 582//582 267//267
f 582//582 367//367 267//267
f 279//279 409//409 347//347
f 367//367 409//409 279//279
f 264//264 279//279 347//347
f 582//582 572//572 367//367
f 572//572 414//414 367//367
f 208//208 367//367 279//279
f 208//208 267//267 367//367
f 414//414 409//409 367//367
f 686//686 671//671 729//729
f 671//671 639//639 729//729
f 729//729 720//720 767//767
f 729//729 639//639 720//720
f 797//797 671//671 744//744
f 735//735 772//772 744//744
f 744//744 772//772 797//797
f 768//768 760//760 754//754
f 754//754 760//760 691//691
f 768//768 812//812 760//760
f 812//812 813//813 792//792
f 792//792 813//813 760//760
f 829//829 793//793 813//813
f 813//813 793//793 774//774
f 792//792 760//760 812//812
f 774//774 793//793 760//760
f 813//813 774//774 760//760
f 738//738 837//837 772//772
f 738//738 772//772 737//737
f 747//747 900//900 837//837
f 900//900 898//898 837//837
f 904//904 898//898 900//900
f 813//813 898//898 829//829
f 837//837 797//797 772//772
f 797//797 837//837 812//812
f 898//898 813//813 812//812
f 797//797 691//691 671//671
f 797//797 768//768 754//754
f 797//797 754//754 757//757
f 757//757 754//754 691//691
f 757//757 691//691 797//797
f 797//797 812//812 768//768
f 837//837 898//898 812//812
f 695//695 807//807 736//736
f 782//782 824//824 807//807
f 727//727 904//904 818//818
f 898//898 727//727 782//782
f 727//727 696//696 782//782
f 696//696 824//824 782//782
f 727//727 644//644 696//696
f 832//832 739//739 721//721
f 832//832 721//721 717//717
f 696//696 851//851 832//832
f 695//695 782//782 807//807
f 807//807 824//824 736//736
f 824//824 832//832 752//752
f 752//752 832//832 582//582
f 832//832 717//717 582//582
f 644//644 851//851 696//696
f 696//696 832//832 824//824
f 824//824 752//752 736//736
f 753//753 720//720 688//688
f 639//639 570//570 720//720
f 683//683 671//671 686//686
f 691//691 760//760 626//626
f 626//626 760//760 669//669
f 671//671 691//691 626//626
f 669//669 736//736 622//622
f 736//736 752//752 582//582
f 572//572 582//582 717//717
f 717//717 721//721 572//572
f 83//83 191//191 133//133
f 744//744 671//671 683//683
f 174//174 420//420 267//267
f 375//375 420//420 174//174
f 736//736 582//582 484//484
f 736//736 484//484 622//622
f 484//484 582//582 420//420
f 484//484 420//420 375//375
f 157//157 334//334 343//343
f 157//157 343//343 333//333
f 126//126 333//333 174//174
f 83//83 126//126 174//174
f 174//174 191//191 83//83
f 126//126 157//157 333//333
f 448//448 343//343 387//387
f 448//448 419//419 343//343
f 639//639 419//419 448//448
f 669//669 622//622 626//626
f 639//639 626//626 419//419
f 334//334 387//387 343//343
f 191//191 174//174 208//208
f 208//208 279//279 264//264
f 230//230 347//347 409//409
f 264//264 347//347 230//230
f 230//230 409//409 377//377
f 377//377 409//409 592//592
f 760//760 695//695 669//669
f 760//760 793//793 695//695
f 695//695 793//793 782//782
f 829//829 782//782 793//793
f 829//829 898//898 782//782
f 898//898 904//904 727//727
f 669//669 695//695 736//736
f 627//627 568//568 414//414
f 568//568 565//565 414//414
f 780//780 739//739 841//841
f 565//565 739//739 780//780
f 627//627 739//739 565//565
f 627//627 565//565 568//568
f 175//175 146//146 97//97
f 297//297 304//304 226//226
f 226//226 274//274 220//220
f 226//226 220//220 121//121
f 297//297 377//377 344//344
f 297//297 344//344 304//304
f 304//304 344//344 220//220
f 304//304 220//220 274//274
f 304//304 274//274 226//226
f 363//363 337//337 220//220
f 97//97 220//220 175//175
f 220//220 146//146 175//175
f 146//146 220//220 337//337
f 97//97 121//121 220//220
f 124//124 125//125 116//116
f 123//123 116//116 125//125
f 132//132 116//116 97//97
f 132//132 146//146 116//116
f 146//146 222//222 116//116
f 222//222 259//259 213//213
f 259//259 222//222 372//372
f 592//592 471//471 220//220
f 495//495 553//553 389//389
f 495//495 389//389 424//424
f 377//377 592//592 344//344
f 592//592 220//220 344//344
f 471//471 337//337 363//363
f 220//220 471//471 363//363
f 337//337 424//424 222//222
f 424//424 389//389 372//372
f 424//424 372//372 222//222
f 97//97 146//146 132//132
f 337//337 222//222 146//146
f 337//337 495//495 424//424
f 222//222 213//213 125//125
f 124//124 222//222 125//125
f 222//222 124//124 116//116
f 652//652 649//649 495//495
f 592//592 505//505 471//471
f 505//505 337//337 471//471
f 123//123 134//134 131//131
f 254//254 184//184 128//128
f 123//123 128//128 134//134
f 125//125 128//128 123//123
f 134//134 184//184 254//254
f 134//134 128//128 184//184
f 259//259 372//372 303//303
f 303//303 416//416 370//370
f 303//303 370//370 366//366
f 254//254 378//378 178//178
f 378//378 587//587 489//489
f 378//378 489//489 410//410
f 507//507 587//587 378//378
f 507//507 378//378 366//366
f 382//382 482//482 507//507
f 482//482 551//551 511//511
f 482//482 511//511 507//507
f 372//372 416//416 303//303
f 370//370 382//382 366//366
f 416//416 382//382 370//370
f 378//378 410//410 178//178
f 410//410 258//258 178//178
f 410//410 489//489 258//258
f 134//134 254//254 178//178
f 366//366 378//378 254//254
f 382//382 507//507 366//366
f 259//259 303//303 254//254
f 303//303 366//366 254//254
f 507//507 620//620 587//587
f 585//585 548//548 467//467
f 548//548 544//544 467//467
f 544//544 548//548 585//585
f 663//663 628//628 551//551
f 551//551 628//628 596//596
f 593//593 663//663 551//551
f 455//455 467//467 482//482
f 467//467 544//544 551//551
f 593//593 551//551 544//544
f 551//551 482//482 467//467
f 905//905 900//900 852//852
f 866//866 881//881 852//852
f 852//852 881//881 905//905
f 852//852 831//831 866//866
f 905//905 964//964 921//921
f 978//978 964//964 905//905
f 814//814 887//887 884//884
f 743//743 864//864 751//751
f 860//860 751//751 864//864
f 860//860 802//802 751//751
f 964//964 972//972 921//921
f 864//864 953//953 978//978
f 881//881 884//884 864//864
f 878//878 884//884 881//881
f 864//864 978//978 905//905
f 964//964 978//978 981//981
f 964//964 981//981 972//972
f 905//905 921//921 900//900
f 905//905 881//881 864//864
f 884//884 860//860 864//864
f 887//887 860//860 884//884
f 770//770 936//936 879//879
f 912//912 936//936 770//770
f 972//972 936//936 912//912
f 912//912 770//770 727//727
f 770//770 891//891 865//865
f 743//743 865//865 953//953
f 891//891 869//869 865//865
f 743//743 770//770 865//865
f 953//953 980//980 992//992
f 953//953 992//992 989//989
f 992//992 988//988 989//989
f 992//992 995//995 988//988
f 989//989 988//988 975//975
f 912//912 942//942 972//972
f 972//972 975//975 936//936
f 891//891 975//975 988//988
f 975//975 891//891 879//879
f 988//988 974//974 891//891
f 770//770 879//879 891//891
f 936//936 975//975 879//879
f 995//995 974//974 988//988
f 925//925 867//867 882//882
f 894//894 925//925 882//882
f 751//751 861//861 741//741
f 875//875 751//751 802//802
f 833//833 861//861 882//882
f 875//875 861//861 751//751
f 925//925 957//957 867//867
f 870//870 944//944 785//785
f 957//957 870//870 867//867
f 944//944 957//957 910//910
f 957//957 925//925 943//943
f 833//833 867//867 799//799
f 842//842 897//897 821//821
f 794//794 897//897 842//842
f 799//799 842//842 861//861
f 794//794 842//842 799//799
f 910//910 957//957 943//943
f 944//944 962//962 957//957
f 870//870 962//962 944//944
f 962//962 870//870 957//957
f 925//925 910//910 943//943
f 799//799 861//861 833//833
f 882//882 861//861 875//875
f 867//867 833//833 882//882
f 620//620 799//799 867//867
f 861//861 821//821 766//766
f 741//741 766//766 585//585
f 821//821 817//817 628//628
f 897//897 817//817 821//821
f 985//985 980//980 953//953
f 990//990 998//998 996//996
f 985//985 996//996 992//992
f 990//990 996//996 985//985
f 998//998 991//991 995//995
f 995//995 991//991 987//987
f 987//987 986//986 973//973
f 987//987 991//991 994//994
f 987//987 993//993 986//986
f 919//919 990//990 985//985
f 821//821 663//663 593//593
f 990//990 1000//1000 997//997
f 994//994 999//999 993//993
f 987//987 994//994 993//993
f 891//891 959//959 987//987
f 891//891 987//987 919//919
f 973//973 990//990 919//919
f 990//990 973//973 986//986
f 997//997 1001//1001 990//990
f 986//986 993//993 990//990
f 990//990 993//993 1000//1000
f 987//987 973//973 919//919
f 743//743 751//751 585//585
f 751//751 741//741 585//585
f 727//727 649//649 652//652
f 727//727 770//770 649//649
f 534//534 722//722 692//692
f 534//534 791//791 722//722
f 534//534 670//670 791//791
f 670//670 698//698 791//791
f 770//770 743//743 649//649
f 743//743 664//664 649//649
f 870//870 707//707 547//547
f 587//587 867//867 870//870
f 587//587 870//870 547//547
f 507//507 799//799 620//620
f 511//511 794//794 799//799
f 511//511 799//799 507//507
f 620//620 867//867 587//587
f 544//544 821//821 593//593
f 766//766 821//821 544//544
f 766//766 544//544 585//585
f 663//663 821//821 628//628
f 628//628 817//817 624//624
f 213//213 254//254 128//128
f 213//213 128//128 125//125
f 213//213 259//259 254//254
f 814//814 894//894 887//887
f 894//894 882//882 887//887
f 875//875 802//802 860//860
f 882//882 875//875 860//860
f 882//882 860//860 887//887
f 869//869 891//891 919//919
f 865//865 869//869 919//919
f 980//980 985//985 992//992
f 992//992 996//996 995//995
f 996//996 998//998 995//995
f 974//974 995//995 987//987
f 974//974 987//987 959//959
f 865//865 919//919 985//985
f 865//865 985//985 953//953
f 974//974 959//959 891//891
f 505//505 652//652 495//495
f 505//505 495//495 337//337
f 553//553 467//467 389//389
f 553//553 649//649 664//664
f 553//553 664//664 585//585
f 743//743 585//585 664//664
f 553//553 585//585 467//467
f 553//553 495//495 649//649
f 372//372 467//467 416//416
f 416//416 467//467 382//382
f 467//467 455//455 382//382
f 455//455 482//482 382//382
f 921//921 912//912 920//920
f 743//743 953//953 864//864
f 972//972 942//942 921//921
f 953//953 989//989 978//978
f 978//978 989//989 981//981
f 981//981 989//989 975//975
f 981//981 975//975 972//972
f 921//921 942//942 912//912
f 741//741 861//861 766//766
f 842//842 821//821 861//861
f 389//389 467//467 372//372
f 676//676 597//597 530//530
f 530//530 597//597 640//640
f 698//698 530//530 640//640
f 597//597 659//659 635//635
f 597//597 676//676 659//659
f 597//597 635//635 650//650
f 810//810 816//816 885//885
f 874//874 886//886 806//806
f 885//885 886//886 874//874
f 816//816 924//924 886//886
f 816//816 886//886 885//885
f 806//806 886//886 858//858
f 690//690 786//786 816//816
f 871//871 931//931 947//947
f 786//786 871//871 816//816
f 858//858 896//896 765//765
f 786//786 765//765 823//823
f 675//675 765//765 786//786
f 896//896 858//858 947//947
f 896//896 947//947 916//916
f 923//923 947//947 858//858
f 947//947 931//931 950//950
f 950//950 967//967 916//916
f 950//950 916//916 947//947
f 871//871 947//947 816//816
f 697//697 690//690 816//816
f 947//947 924//924 816//816
f 858//858 659//659 806//806
f 923//923 858//858 886//886
f 923//923 886//886 924//924
f 858//858 765//765 659//659
f 786//786 635//635 675//675
f 947//947 923//923 924//924
f 815//815 871//871 786//786
f 931//931 871//871 967//967
f 931//931 967//967 950//950
f 786//786 840//840 815//815
f 823//823 840//840 786//786
f 926//926 951//951 871//871
f 926//926 871//871 840//840
f 823//823 926//926 840//840
f 926//926 963//963 951//951
f 928//928 922//922 901//901
f 928//928 961//961 922//922
f 901//901 961//961 928//928
f 961//961 968//968 922//922
f 901//901 922//922 968//968
f 961//961 901//901 968//968
f 640//640 810//810 698//698
f 640//640 816//816 810//810
f 597//597 697//697 816//816
f 597//597 816//816 640//640
f 659//659 708//708 806//806
f 650//650 690//690 597//597
f 650//650 635//635 786//786
f 650//650 786//786 690//690
f 765//765 675//675 635//635
f 765//765 635//635 659//659
f 676//676 806//806 708//708
f 676//676 708//708 659//659
f 597//597 690//690 697//697
f 840//840 871//871 815//815
f 823//823 765//765 926//926
f 967//967 951//951 963//963
f 967//967 871//871 951//951
f 967//967 928//928 916//916
f 896//896 888//888 765//765
f 916//916 888//888 896//896
f 765//765 888//888 847//847
f 926//926 847//847 888//888
f 928//928 933//933 926//926
f 926//926 888//888 928//928
f 963//963 928//928 967//967
f 926//926 928//928 963//963
f 933//933 928//928 926//926
f 765//765 847//847 926//926
f 928//928 888//888 916//916
f 998//998 990//990 1001//1001
f 1001//1001 994//994 991//991
f 998//998 1001//1001 991//991
f 994//994 1001//1001 999//999
f 993//993 999//999 1000//1000
f 997//997 1000//1000 999//999
f 997//997 999//999 1001//1001
f 153//153 109//109 105//105
f 153//153 121//121 109//109
f 153//153 226//226 121//121
f 153//153 230//230 226//226
f 230//230 377//377 297//297
f 230//230 297//297 226//226
f 900//900 783//783 852//852
f 921//921 904//904 900//900
f 921//921 920//920 904//904
f 644//644 652//652 505//505
f 644//644 505//505 592//592
f 644//644 479//479 692//692
f 479//479 534//534 692//692
f 479//479 435//435 530//530
f 479//479 530//530 534//534
f 904//904 912//912 818//818
f 818//818 912//912 727//727
f 692//692 722//722 851//851
f 722//722 791//791 851//851
f 843//843 791//791 841//841
f 843//843 841//841 851//851
f 791//791 843//843 851//851
f 692//692 851//851 644//644
f 920//920 912//912 904//904
f 727//727 652//652 644//644
f 780//780 676//676 565//565
f 565//565 676//676 530//530
f 874//874 806//806 841//841
f 780//780 806//806 676//676
f 841//841 806//806 780//780
f 435//435 414//414 565//565
f 414//414 572//572 627//627
f 721//721 739//739 627//627
f 832//832 851//851 841//841
f 832//832 841//841 739//739
f 572//572 721//721 627//627
f 534//534 698//698 670//670
f 530//530 698//698 534//534
f 698//698 810//810 791//791
f 810//810 885//885 791//791
f 791//791 885//885 874//874
f 435//435 565//565 530//530
f 791//791 874//874 841//841
f 499//499 522//522 334//334
f 334//334 594//594 499//499
f 590//590 522//522 499//499
f 625//625 522//522 590//590
f 594//594 334//334 307//307
f 753//753 688//688 745//745
f 204//204 262//262 277//277
f 159//159 156//156 249//249
f 151//151 282//282 156//156
f 159//159 151//151 156//156
f 224//224 195//195 281//281
f 282//282 219//219 161//161
f 288//288 359//359 219//219
f 288//288 219//219 282//282
f 161//161 219//219 171//171
f 277//277 317//317 470//470
f 277//277 470//470 451//451
f 451//451 470//470 630//630
f 451//451 630//630 656//656
f 404//404 428//428 531//531
f 404//404 531//531 545//545
f 545//545 531//531 588//588
f 262//262 249//249 470//470
f 470//470 249//249 404//404
f 262//262 470//470 317//317
f 281//281 428//428 404//404
f 281//281 404//404 224//224
f 359//359 423//423 219//219
f 470//470 404//404 545//545
f 630//630 545//545 588//588
f 630//630 588//588 728//728
f 470//470 545//545 630//630
f 156//156 282//282 161//161
f 262//262 204//204 159//159
f 262//262 159//159 249//249
f 224//224 161//161 171//171
f 224//224 171//171 195//195
f 224//224 156//156 161//161
f 249//249 156//156 224//224
f 249//249 224//224 404//404
f 331//331 610//610 462//462
f 666//666 610//610 576//576
f 610//610 666//666 660//660
f 610//610 331//331 576//576
f 331//331 341//341 576//576
f 252//252 298//298 331//331
f 252//252 331//331 462//462
f 462//462 610//610 660//660
f 252//252 216//216 235//235
f 233//233 216//216 252//252
f 296//296 250//250 206//206
f 171//171 219//219 196//196
f 219//219 206//206 196//196
f 280//280 235//235 248//248
f 244//244 235//235 280//280
f 238//238 206//206 250//250
f 228//228 206//206 238//238
f 223//223 206//206 228//228
f 252//252 244//244 280//280
f 252//252 235//235 244//244
f 196//196 223//223 207//207
f 196//196 206//206 223//223
f 216//216 207//207 235//235
f 216//216 196//196 207//207
f 233//233 196//196 216//216
f 196//196 233//233 171//171
f 235//235 207//207 223//223
f 223//223 228//228 248//248
f 223//223 248//248 235//235
f 749//749 828//828 805//805
f 848//848 785//785 828//828
f 728//728 828//828 749//749
f 808//808 848//848 828//828
f 728//728 776//776 873//873
f 908//908 873//873 776//776
f 908//908 892//892 873//873
f 873//873 892//892 848//848
f 892//892 856//856 848//848
f 873//873 848//848 808//808
f 808//808 728//728 873//873
f 776//776 918//918 908//908
f 728//728 808//808 828//828
f 784//784 883//883 776//776
f 784//784 839//839 883//883
f 839//839 784//784 710//710
f 804//804 918//918 839//839
f 918//918 838//838 853//853
f 666//666 699//699 706//706
f 750//750 733//733 699//699
f 699//699 800//800 804//804
f 844//844 838//838 800//800
f 827//827 844//844 800//800
f 710//710 706//706 699//699
f 699//699 796//796 710//710
f 710//710 796//796 839//839
f 839//839 796//796 699//699
f 800//800 838//838 918//918
f 804//804 800//800 918//918
f 839//839 918//918 883//883
f 804//804 839//839 699//699
f 733//733 800//800 699//699
f 656//656 630//630 728//728
f 728//728 588//588 776//776
f 612//612 710//710 588//588
f 612//612 531//531 710//710
f 281//281 233//233 415//415
f 195//195 171//171 233//233
f 281//281 195//195 233//233
f 428//428 281//281 415//415
f 428//428 415//415 531//531
f 612//612 588//588 531//531
f 219//219 296//296 206//206
f 423//423 296//296 219//219
f 588//588 710//710 776//776
f 776//776 710//710 784//784
f 908//908 918//918 853//853
f 883//883 918//918 776//776
f 462//462 233//233 252//252
f 298//298 280//280 323//323
f 462//462 660//660 531//531
f 660//660 710//710 531//531
f 462//462 415//415 233//233
f 462//462 531//531 415//415
f 252//252 280//280 298//298
f 666//666 706//706 660//660
f 684//684 699//699 666//666
f 660//660 706//706 710//710
f 335//335 300//300 270//270
f 492//492 603//603 480//480
f 492//492 550//550 603//603
f 497//497 525//525 521//521
f 402//402 212//212 497//497
f 402//402 497//497 521//521
f 441//441 538//538 537//537
f 538//538 270//270 550//550
f 300//300 335//335 492//492
f 413//413 550//550 270//270
f 300//300 492//492 480//480
f 318//318 402//402 521//521
f 356//356 318//318 521//521
f 318//318 212//212 402//402
f 268//268 538//538 441//441
f 441//441 497//497 268//268
f 335//335 318//318 356//356
f 521//521 519//519 335//335
f 270//270 538//538 268//268
f 335//335 270//270 268//268
f 335//335 268//268 241//241
f 538//538 492//492 519//519
f 538//538 550//550 492//492
f 318//318 241//241 212//212
f 241//241 318//318 335//335
f 212//212 241//241 268//268
f 212//212 268//268 209//209
f 335//335 519//519 492//492
f 525//525 441//441 537//537
f 497//497 441//441 525//525
f 520//520 538//538 519//519
f 521//521 537//537 538//538
f 521//521 538//538 520//520
f 525//525 537//537 521//521
f 521//521 520//520 519//519
f 497//497 442//442 268//268
f 335//335 356//356 521//521
f 480//480 299//299 300//300
f 341//341 328//328 336//336
f 306//306 369//369 309//309
f 546//546 341//341 358//358
f 546//546 358//358 527//527
f 647//647 600//600 667//667
f 336//336 584//584 516//516
f 600//600 584//584 604//604
f 600//600 604//604 667//667
f 604//604 584//584 336//336
f 488//488 306//306 397//397
f 488//488 633//633 563//563
f 488//488 527//527 306//306
f 647//647 563//563 633//633
f 573//573 633//633 599//599
f 516//516 431//431 369//369
f 437//437 516//516 369//369
f 309//309 480//480 397//397
f 309//309 299//299 480//480
f 309//309 397//397 306//306
f 369//369 407//407 309//309
f 527//527 358//358 306//306
f 527//527 563//563 647//647
f 527//527 488//488 563//563
f 315//315 336//336 369//369
f 516//516 584//584 600//600
f 516//516 437//437 336//336
f 369//369 336//336 437//437
f 358//358 336//336 315//315
f 341//341 336//336 358//358
f 315//315 369//369 306//306
f 546//546 576//576 341//341
f 546//546 667//667 666//666
f 546//546 666//666 601//601
f 527//527 647//647 667//667
f 527//527 667//667 546//546
f 546//546 601//601 576//576
f 369//369 431//431 407//407
f 431//431 573//573 407//407
f 633//633 600//600 647//647
f 600//600 633//633 573//573
f 516//516 600//600 573//573
f 431//431 516//516 573//573
f 358//358 315//315 306//306
f 323//323 328//328 341//341
f 210//210 246//246 221//221
f 246//246 353//353 221//221
f 246//246 379//379 353//353
f 227//227 228//228 238//238
f 227//227 238//238 246//246
f 227//227 246//246 210//210
f 197//197 190//190 202//202
f 197//197 236//236 190//190
f 609//609 566//566 469//469
f 445//445 705//705 609//609
f 445//445 609//609 469//469
f 405//405 575//575 705//705
f 285//285 445//445 469//469
f 285//285 273//273 445//445
f 345//345 251//251 705//705
f 251//251 405//405 705//705
f 452//452 236//236 560//560
f 560//560 236//236 197//197
f 273//273 251//251 345//345
f 609//609 705//705 719//719
f 237//237 210//210 197//197
f 221//221 353//353 197//197
f 210//210 221//221 197//197
f 285//285 227//227 210//210
f 273//273 210//210 237//237
f 285//285 210//210 273//273
f 251//251 197//197 202//202
f 273//273 237//237 197//197
f 273//273 197//197 251//251
f 273//273 345//345 705//705
f 273//273 705//705 445//445
f 453//453 394//394 407//407
f 556//556 550//550 413//413
f 453//453 603//603 413//413
f 413//413 394//394 453//453
f 556//556 413//413 603//603
f 558//558 603//603 453//453
f 198//198 145//145 408//408
f 193//193 302//302 137//137
f 137//137 302//302 136//136
f 148//148 165//165 205//205
f 310//310 390//390 148//148
f 148//148 205//205 310//310
f 305//305 422//422 214//214
f 305//305 214//214 140//140
f 408//408 654//654 672//672
f 412//412 654//654 408//408
f 408//408 672//672 575//575
f 412//412 611//611 654//654
f 571//571 305//305 493//493
f 412//412 485//485 611//611
f 487//487 552//552 485//485
f 485//485 426//426 487//487
f 485//485 552//552 602//602
f 602//602 685//685 611//611
f 602//602 611//611 485//485
f 542//542 330//330 422//422
f 687//687 577//577 685//685
f 577//577 571//571 685//685
f 730//730 542//542 577//577
f 730//730 577//577 687//687
f 577//577 542//542 422//422
f 145//145 390//390 412//412
f 408//408 145//145 412//412
f 452//452 493//493 302//302
f 310//310 485//485 390//390
f 310//310 426//426 485//485
f 214//214 422//422 330//330
f 145//145 148//148 390//390
f 137//137 148//148 145//145
f 412//412 390//390 485//485
f 654//654 611//611 685//685
f 136//136 305//305 140//140
f 305//305 302//302 493//493
f 136//136 302//302 305//305
f 591//591 685//685 571//571
f 571//571 577//577 422//422
f 571//571 422//422 305//305
f 198//198 137//137 145//145
f 148//148 136//136 140//140
f 148//148 140//140 165//165
f 654//654 591//591 672//672
f 137//137 136//136 148//148
f 685//685 591//591 654//654
f 693//693 801//801 798//798
f 798//798 801//801 820//820
f 820//820 819//819 798//798
f 719//719 705//705 700//700
f 719//719 781//781 803//803
f 674//674 742//742 781//781
f 781//781 742//742 803//803
f 719//719 803//803 801//801
f 820//820 803//803 742//742
f 742//742 746//746 820//820
f 746//746 849//849 820//820
f 803//803 820//820 801//801
f 693//693 798//798 750//750
f 719//719 801//801 693//693
f 678//678 781//781 719//719
f 678//678 719//719 700//700
f 672//672 726//726 678//678
f 566//566 609//609 693//693
f 566//566 693//693 750//750
f 672//672 700//700 575//575
f 705//705 575//575 700//700
f 609//609 719//719 693//693
f 781//781 672//672 591//591
f 407//407 394//394 299//299
f 407//407 299//299 309//309
f 633//633 603//603 599//599
f 488//488 603//603 633//633
f 453//453 407//407 573//573
f 558//558 453//453 573//573
f 603//603 558//558 573//573
f 603//603 573//573 599//599
f 405//405 251//251 408//408
f 251//251 198//198 408//408
f 251//251 202//202 198//198
f 202//202 137//137 198//198
f 405//405 408//408 575//575
f 202//202 190//190 137//137
f 236//236 302//302 193//193
f 190//190 193//193 137//137
f 236//236 193//193 190//190
f 591//591 571//571 674//674
f 674//674 571//571 493//493
f 591//591 674//674 781//781
f 452//452 302//302 236//236
f 726//726 672//672 781//781
f 726//726 781//781 678//678
f 328//328 469//469 336//336
f 469//469 566//566 604//604
f 469//469 604//604 336//336
f 672//672 678//678 700//700
f 331//331 298//298 341//341
f 601//601 666//666 576//576
f 604//604 566//566 666//666
f 667//667 604//604 666//666
f 280//280 248//248 285//285
f 323//323 280//280 285//285
f 323//323 469//469 328//328
f 228//228 227//227 248//248
f 248//248 227//227 285//285
f 323//323 285//285 469//469
f 750//750 798//798 733//733
f 733//733 798//798 800//800
f 798//798 819//819 800//800
f 800//800 819//819 827//827
f 298//298 323//323 341//341
f 566//566 684//684 666//666
f 684//684 566//566 750//750
f 684//684 750//750 699//699
f 480//480 488//488 397//397
f 300//300 299//299 394//394
f 394//394 413//413 270//270
f 300//300 394//394 270//270
f 480//480 603//603 488//488
f 550//550 556//556 603//603
f 278//278 399//399 483//483
f 278//278 429//429 399//399
f 278//278 350//350 398//398
f 278//278 217//217 350//350
f 398//398 350//350 429//429
f 278//278 398//398 429//429
f 338//338 442//442 242//242
f 290//290 442//442 429//429
f 442//442 290//290 242//242
f 278//278 395//395 242//242
f 278//278 483//483 395//395
f 278//278 290//290 217//217
f 290//290 350//350 217//217
f 278//278 242//242 290//290
f 399//399 442//442 483//483
f 429//429 442//442 399//399
f 290//290 429//429 350//350
f 380//380 383//383 403//403
f 325//325 383//383 380//380
f 325//325 380//380 403//403
f 325//325 406//406 383//383
f 260//260 147//147 325//325
f 403//403 260//260 325//325
f 403//403 383//383 457//457
f 205//205 260//260 283//283
f 205//205 170//170 188//188
f 330//330 256//256 214//214
f 165//165 214//214 200//200
f 256//256 352//352 275//275
f 200//200 256//256 275//275
f 214//214 256//256 200//200
f 203//203 247//247 376//376
f 189//189 247//247 203//203
f 180//180 247//247 189//189
f 180//180 167//167 247//247
f 180//180 200//200 187//187
f 352//352 166//166 181//181
f 327//327 373//373 340//340
f 373//373 327//327 320//320
f 294//294 320//320 327//327
f 294//294 327//327 340//340
f 294//294 340//340 166//166
f 294//294 166//166 352//352
f 180//180 187//187 181//181
f 187//187 352//352 181//181
f 373//373 320//320 352//352
f 352//352 320//320 294//294
f 403//403 487//487 426//426
f 602//602 513//513 629//629
f 539//539 680//680 629//629
f 539//539 771//771 680//680
f 539//539 629//629 513//513
f 352//352 417//417 393//393
f 682//682 580//580 542//542
f 542//542 393//393 417//417
f 542//542 417//417 352//352
f 542//542 352//352 461//461
f 542//542 549//549 393//393
f 580//580 549//549 542//542
f 504//504 574//574 771//771
f 444//444 376//376 457//457
f 376//376 477//477 457//457
f 376//376 574//574 477//477
f 457//457 477//477 574//574
f 457//457 574//574 504//504
f 461//461 352//352 256//256
f 188//188 180//180 189//189
f 539//539 457//457 504//504
f 539//539 504//504 771//771
f 275//275 352//352 187//187
f 200//200 275//275 187//187
f 170//170 200//200 188//188
f 165//165 200//200 170//170
f 167//167 181//181 166//166
f 180//180 181//181 167//167
f 788//788 759//759 574//574
f 188//188 200//200 180//180
f 393//393 386//386 352//352
f 255//255 160//160 163//163
f 255//255 225//225 384//384
f 240//240 147//147 311//311
f 368//368 240//240 311//311
f 160//160 147//147 240//240
f 163//163 240//240 164//164
f 160//160 240//240 163//163
f 240//240 229//229 164//164
f 169//169 253//253 312//312
f 169//169 127//127 253//253
f 122//122 127//127 169//169
f 154//154 122//122 163//163
f 329//329 154//154 163//163
f 122//122 154//154 127//127
f 154//154 329//329 312//312
f 406//406 384//384 311//311
f 311//311 384//384 368//368
f 406//406 311//311 371//371
f 368//368 384//384 240//240
f 163//163 312//312 225//225
f 163//163 169//169 312//312
f 312//312 329//329 384//384
f 229//229 329//329 163//163
f 329//329 240//240 384//384
f 240//240 329//329 229//229
f 229//229 163//163 164//164
f 225//225 312//312 384//384
f 225//225 255//255 163//163
f 169//169 163//163 122//122
f 154//154 312//312 253//253
f 247//247 295//295 360//360
f 360//360 295//295 176//176
f 351//351 326//326 152//152
f 152//152 166//166 351//351
f 152//152 326//326 155//155
f 182//182 266//266 177//177
f 177//177 232//232 182//182
f 263//263 425//425 232//232
f 376//376 528//528 523//523
f 360//360 528//528 376//376
f 440//440 351//351 472//472
f 528//528 517//517 788//788
f 528//528 478//478 440//440
f 528//528 440//440 517//517
f 440//440 472//472 517//517
f 472//472 668//668 517//517
f 632//632 559//559 528//528
f 518//518 632//632 436//436
f 518//518 653//653 632//632
f 632//632 541//541 478//478
f 541//541 490//490 425//425
f 541//541 425//425 478//478
f 478//478 425//425 440//440
f 360//360 401//401 528//528
f 500//500 351//351 340//340
f 518//518 436//436 266//266
f 266//266 319//319 518//518
f 440//440 425//425 263//263
f 360//360 176//176 177//177
f 360//360 177//177 266//266
f 401//401 266//266 436//436
f 436//436 632//632 401//401
f 535//535 632//632 528//528
f 401//401 632//632 535//535
f 401//401 535//535 528//528
f 155//155 326//326 263//263
f 326//326 351//351 263//263
f 176//176 295//295 152//152
f 176//176 152//152 155//155
f 152//152 295//295 167//167
f 177//177 263//263 232//232
f 490//490 541//541 632//632
f 490//490 632//632 524//524
f 176//176 155//155 263//263
f 176//176 263//263 177//177
f 559//559 632//632 478//478
f 559//559 478//478 528//528
f 360//360 266//266 401//401
f 440//440 263//263 351//351
f 755//755 731//731 788//788
f 788//788 731//731 730//730
f 629//629 771//771 730//730
f 759//759 788//788 771//771
f 788//788 730//730 771//771
f 629//629 680//680 771//771
f 730//730 580//580 682//682
f 730//730 731//731 549//549
f 730//730 549//549 580//580
f 574//574 759//759 771//771
f 668//668 755//755 788//788
f 731//731 755//755 532//532
f 325//325 384//384 406//406
f 325//325 255//255 384//384
f 147//147 160//160 325//325
f 325//325 160//160 255//255
f 406//406 444//444 383//383
f 376//376 348//348 203//203
f 348//348 311//311 203//203
f 167//167 295//295 247//247
f 376//376 247//247 360//360
f 203//203 311//311 192//192
f 376//376 523//523 574//574
f 523//523 528//528 574//574
f 166//166 152//152 167//167
f 166//166 340//340 351//351
f 517//517 668//668 788//788
f 528//528 788//788 574//574
f 260//260 403//403 283//283
f 260//260 205//205 188//188
f 147//147 189//189 203//203
f 189//189 147//147 188//188
f 457//457 487//487 403//403
f 487//487 457//457 539//539
f 487//487 539//539 513//513
f 444//444 457//457 383//383
f 260//260 188//188 147//147
f 311//311 348//348 371//371
f 192//192 311//311 147//147
f 293//293 319//319 266//266
f 348//348 406//406 371//371
f 203//203 192//192 147//147
f 406//406 348//348 376//376
f 406//406 376//376 444//444
f 512//512 293//293 502//502
f 502//502 526//526 638//638
f 502//502 515//515 526//526
f 293//293 515//515 502//502
f 272//272 185//185 257//257
f 257//257 185//185 231//231
f 339//339 271//271 332//332
f 261//261 269//269 332//332
f 526//526 543//543 662//662
f 526//526 662//662 638//638
f 653//653 634//634 524//524
f 543//543 634//634 662//662
f 662//662 634//634 653//653
f 662//662 653//653 638//638
f 434//434 269//269 239//239
f 438//438 434//434 239//239
f 450//450 434//434 438//438
f 374//374 339//339 432//432
f 432//432 543//543 506//506
f 432//432 536//536 605//605
f 464//464 536//536 432//432
f 432//432 605//605 543//543
f 605//605 614//614 543//543
f 463//463 569//569 468//468
f 339//339 332//332 432//432
f 332//332 464//464 432//432
f 434//434 463//463 269//269
f 463//463 468//468 269//269
f 272//272 257//257 339//339
f 272//272 339//339 374//374
f 257//257 231//231 339//339
f 239//239 271//271 339//339
f 231//231 239//239 339//339
f 614//614 605//605 634//634
f 634//634 605//605 463//463
f 543//543 614//614 634//634
f 239//239 269//269 261//261
f 503//503 463//463 450//450
f 463//463 434//434 450//450
f 185//185 239//239 231//231
f 271//271 261//261 332//332
f 332//332 269//269 468//468
f 524//524 634//634 450//450
f 634//634 503//503 450//450
f 536//536 569//569 463//463
f 536//536 463//463 605//605
f 239//239 261//261 271//271
f 463//463 503//503 634//634
f 464//464 332//332 443//443
f 464//464 569//569 536//536
f 443//443 332//332 468//468
f 569//569 464//464 443//443
f 569//569 443//443 468//468
f 293//293 185//185 272//272
f 374//374 432//432 506//506
f 374//374 506//506 515//515
f 506//506 543//543 515//515
f 515//515 543//543 526//526
f 374//374 515//515 293//293
f 374//374 293//293 272//272
f 154//154 253//253 127//127
f 518//518 293//293 512//512
f 512//512 502//502 638//638
f 319//319 293//293 518//518
f 266//266 185//185 293//293
f 182//182 232//232 185//185
f 182//182 185//185 266//266
f 638//638 653//653 518//518
f 653//653 524//524 632//632
f 425//425 239//239 232//232
f 524//524 450//450 490//490
f 490//490 450//450 438//438
f 438//438 425//425 490//490
f 232//232 239//239 185//185
f 425//425 438//438 239//239
f 638//638 518//518 512//512
f 212//212 242//242 395//395
f 497//497 212//212 395//395
f 268//268 338//338 242//242
f 268//268 242//242 209//209
f 212//212 209//209 242//242
f 497//497 395//395 483//483
f 483//483 442//442 497//497
f 442//442 338//338 268//268
f 310//310 291//291 283//283
f 310//310 283//283 403//403
f 205//205 283//283 291//291
f 205//205 291//291 310//310
f 205//205 165//165 170//170
f 552//552 513//513 602//602
f 629//629 730//730 602//602
f 487//487 513//513 552//552
f 140//140 214//214 165//165
f 730//730 682//682 542//542
f 542//542 461//461 256//256
f 542//542 256//256 330//330
f 310//310 403//403 426//426
f 730//730 687//687 685//685
f 730//730 685//685 602//602
f 313//313 284//284 282//282
f 547//547 313//313 258//258
f 258//258 313//313 282//282
f 547//547 561//561 313//313
f 421//421 474//474 423//423
f 421//421 423//423 359//359
f 439//439 658//658 421//421
f 421//421 658//658 474//474
f 561//561 637//637 658//658
f 313//313 421//421 388//388
f 388//388 421//421 288//288
f 421//421 359//359 288//288
f 313//313 388//388 288//288
f 313//313 288//288 284//284
f 561//561 439//439 313//313
f 313//313 439//439 421//421
f 439//439 561//561 658//658
f 616//616 628//628 624//624
f 624//624 643//643 616//616
f 643//643 657//657 616//616
f 491//491 679//679 400//400
f 658//658 679//679 491//491
f 238//238 391//391 454//454
f 446//446 454//454 391//391
f 567//567 578//578 446//446
f 459//459 679//679 567//567
f 459//459 567//567 446//446
f 446//446 578//578 454//454
f 361//361 491//491 400//400
f 400//400 296//296 361//361
f 679//679 459//459 400//400
f 400//400 459//459 446//446
f 400//400 446//446 296//296
f 835//835 927//927 897//897
f 856//856 702//702 809//809
f 773//773 856//856 809//809
f 927//927 932//932 906//906
f 917//917 911//911 906//906
f 906//906 911//911 756//756
f 657//657 850//850 932//932
f 932//932 850//850 930//930
f 709//709 763//763 850//850
f 709//709 850//850 657//657
f 956//956 761//761 911//911
f 970//970 969//969 958//958
f 970//970 958//958 954//954
f 906//906 948//948 938//938
f 948//948 906//906 932//932
f 930//930 970//970 932//932
f 930//930 960//960 970//970
f 958//958 969//969 956//956
f 958//958 956//956 954//954
f 616//616 657//657 932//932
f 616//616 932//932 927//927
f 970//970 938//938 948//948
f 946//946 970//970 948//948
f 756//756 761//761 714//714
f 911//911 761//761 756//756
f 917//917 954//954 956//956
f 917//917 956//956 911//911
f 643//643 906//906 756//756
f 938//938 917//917 906//906
f 709//709 714//714 761//761
f 657//657 714//714 709//709
f 709//709 761//761 763//763
f 970//970 954//954 938//938
f 938//938 954//954 917//917
f 932//932 970//970 946//946
f 932//932 946//946 948//948
f 758//758 679//679 769//769
f 758//758 716//716 679//679
f 872//872 836//836 740//740
f 872//872 740//740 844//844
f 740//740 716//716 844//844
f 789//789 935//935 763//763
f 857//857 952//952 937//937
f 761//761 880//880 789//789
f 789//789 822//822 857//857
f 789//789 880//880 822//822
f 789//789 857//857 854//854
f 966//966 949//949 956//956
f 977//977 966//966 984//984
f 855//855 971//971 983//983
f 935//935 977//977 960//960
f 949//949 966//966 880//880
f 949//949 880//880 761//761
f 857//857 937//937 977//977
f 952//952 977//977 937//937
f 855//855 983//983 952//952
f 855//855 877//877 971//971
f 880//880 955//955 855//855
f 857//857 822//822 855//855
f 857//857 855//855 952//952
f 880//880 855//855 822//822
f 977//977 952//952 983//983
f 983//983 979//979 966//966
f 983//983 966//966 977//977
f 789//789 854//854 935//935
f 854//854 857//857 935//935
f 960//960 977//977 984//984
f 857//857 977//977 935//935
f 707//707 785//785 561//561
f 785//785 773//773 561//561
f 773//773 809//809 561//561
f 701//701 809//809 637//637
f 701//701 637//637 561//561
f 809//809 702//702 637//637
f 809//809 701//701 561//561
f 756//756 714//714 643//643
f 714//714 657//657 643//643
f 713//713 769//769 658//658
f 769//769 679//679 658//658
f 716//716 578//578 567//567
f 578//578 716//716 740//740
f 716//716 567//567 679//679
f 474//474 658//658 491//491
f 474//474 491//491 423//423
f 856//856 769//769 713//713
f 713//713 702//702 856//856
f 850//850 763//763 935//935
f 850//850 935//935 930//930
f 970//970 960//960 984//984
f 763//763 761//761 789//789
f 956//956 949//949 761//761
f 984//984 969//969 970//970
f 984//984 966//966 969//969
f 966//966 956//956 969//969
f 930//930 935//935 960//960
f 616//616 718//718 619//619
f 927//927 835//835 718//718
f 616//616 927//927 718//718
f 702//702 713//713 658//658
f 702//702 658//658 637//637
f 955//955 877//877 890//890
f 979//979 945//945 966//966
f 983//983 976//976 955//955
f 945//945 955//955 880//880
f 578//578 615//615 454//454
f 615//615 509//509 454//454
f 454//454 509//509 510//510
f 476//476 510//510 560//560
f 555//555 509//509 618//618
f 849//849 560//560 510//510
f 510//510 555//555 618//618
f 510//510 618//618 748//748
f 510//510 353//353 454//454
f 379//379 454//454 353//353
f 510//510 476//476 353//353
f 645//645 665//665 618//618
f 645//645 618//618 509//509
f 510//510 509//509 555//555
f 615//615 645//645 509//509
f 665//665 646//646 618//618
f 618//618 646//646 681//681
f 868//868 899//899 836//836
f 899//899 909//909 903//903
f 899//899 903//903 775//775
f 618//618 826//826 748//748
f 826//826 915//915 748//748
f 748//748 915//915 859//859
f 915//915 849//849 859//859
f 748//748 859//859 849//849
f 913//913 929//929 846//846
f 811//811 903//903 913//913
f 811//811 681//681 775//775
f 929//929 902//902 846//846
f 913//913 846//846 811//811
f 849//849 915//915 909//909
f 903//903 811//811 775//775
f 836//836 899//899 775//775
f 836//836 775//775 762//762
f 915//915 913//913 903//903
f 893//893 929//929 915//915
f 929//929 913//913 915//915
f 915//915 903//903 909//909
f 825//825 934//934 893//893
f 681//681 862//862 825//825
f 907//907 934//934 941//941
f 681//681 846//846 889//889
f 681//681 889//889 862//862
f 934//934 889//889 941//941
f 830//830 939//939 940//940
f 889//889 830//830 862//862
f 862//862 830//830 940//940
f 940//940 934//934 862//862
f 863//863 934//934 825//825
f 934//934 863//863 862//862
f 934//934 940//940 889//889
f 825//825 862//862 863//863
f 893//893 681//681 825//825
f 907//907 941//941 893//893
f 934//934 907//907 893//893
f 940//940 939//939 876//876
f 732//732 762//762 645//645
f 762//762 775//775 665//665
f 762//762 665//665 645//645
f 510//510 748//748 849//849
f 665//665 775//775 646//646
f 775//775 681//681 646//646
f 826//826 618//618 893//893
f 826//826 893//893 915//915
f 811//811 846//846 681//681
f 941//941 889//889 846//846
f 902//902 929//929 941//941
f 902//902 941//941 846//846
f 618//618 681//681 893//893
f 893//893 941//941 929//929
f 889//889 940//940 876//876
f 876//876 939//939 830//830
f 889//889 876//876 830//830
f 740//740 615//615 578//578
f 740//740 645//645 615//615
f 454//454 379//379 238//238
f 872//872 899//899 868//868
f 836//836 762//762 740//740
f 740//740 762//762 732//732
f 868//868 836//836 872//872
f 740//740 732//732 645//645
f 877//877 955//955 971//971
f 982//982 965//965 955//955
f 976//976 982//982 955//955
f 955//955 965//965 971//971
f 955//955 890//890 855//855
f 855//855 890//890 877//877
f 979//979 955//955 945//945
f 983//983 955//955 979//979
f 971//971 976//976 983//983
f 880//880 966//966 945//945
f 971//971 965//965 982//982
f 982//982 976//976 971//971
f 465//465 554//554 514//514
f 465//465 373//373 386//386
f 514//514 554//554 731//731
f 731//731 532//532 514//514
f 514//514 532//532 465//465
f 385//385 340//340 465//465
f 549//549 554//554 465//465
f 703//703 621//621 540//540
f 465//465 540//540 500//500
f 385//385 500//500 340//340
f 613//613 500//500 621//621
f 621//621 500//500 540//540
f 465//465 500//500 385//385
f 703//703 540//540 532//532
f 532//532 540//540 465//465
f 58//58 119//119 108//108
f 106//106 119//119 58//58
f 71//71 95//95 113//113
f 71//71 113//113 111//111
f 108//108 113//113 95//95
f 107//107 71//71 111//111
f 87//87 150//150 129//129
f 87//87 80//80 143//143
f 87//87 143//143 150//150
f 100//100 138//138 130//130
f 100//100 91//91 138//138
f 91//91 141//141 138//138
f 143//143 100//100 130//130
f 87//87 129//129 162//162
f 104//104 53//53 114//114
f 104//104 141//141 103//103
f 104//104 114//114 141//141
f 89//89 173//173 93//93
f 89//89 81//81 173//173
f 81//81 112//112 173//173
f 53//53 93//93 218//218
f 53//53 218//218 114//114
f 94//94 115//115 92//92
f 81//81 92//92 112//112
f 115//115 86//86 101//101
f 91//91 103//103 141//141
f 88//88 99//99 276//276
f 88//88 276//276 144//144
f 99//99 194//194 276//276
f 73//73 245//245 149//149
f 73//73 149//149 84//84
f 102//102 245//245 73//73
f 245//245 102//102 120//120
f 265//265 82//82 84//84
f 149//149 265//265 84//84
f 110//110 83//83 82//82
f 133//133 118//118 90//90
f 118//118 158//158 90//90
f 133//133 90//90 83//83
f 97//97 98//98 135//135
f 101//101 97//97 135//135
f 105//105 109//109 85//85
f 121//121 97//97 109//109
f 97//97 116//116 98//98
f 98//98 116//116 117//117
f 116//116 123//123 117//117
f 277//277 262//262 317//317
f 277//277 451//451 316//316
f 316//316 451//451 656//656
f 142//142 139//139 151//151
f 142//142 151//151 159//159
f 142//142 159//159 204//204
f 142//142 204//204 277//277
f 715//715 728//728 749//749
f 749//749 805//805 834//834
f 715//715 749//749 834//834
f 828//828 944//944 805//805
f 715//715 656//656 728//728
f 258//258 489//489 547//547
f 587//587 547//547 489//489
f 586//586 619//619 511//511
f 870//870 785//785 707//707
f 794//794 511//511 718//718
f 794//794 718//718 835//835
f 794//794 835//835 897//897
f 596//596 616//616 551//551
f 511//511 551//551 616//616
f 596//596 628//628 616//616
f 817//817 906//906 643//643
f 927//927 906//906 817//817
f 914//914 927//927 817//817
f 914//914 817//817 897//897
f 586//586 511//511 616//616
f 586//586 616//616 619//619
f 927//927 914//914 897//897
f 707//707 561//561 547//547
f 511//511 619//619 718//718
f 817//817 643//643 624//624
f 26//26 28//28 27//27
f 26//26 27//27 7//7
f 7//7 27//27 25//25
f 26//26 39//39 28//28
f 71//71 107//107 99//99
f 71//71 99//99 88//88
f 31//31 39//39 26//26
f 6//6 23//23 19//19
f 23//23 15//15 19//19
f 15//15 35//35 43//43
f 15//15 43//43 21//21
f 43//43 42//42 21//21
f 21//21 42//42 34//34
f 34//34 48//48 64//64
f 64//64 57//57 62//62
f 72//72 81//81 64//64
f 64//64 62//62 72//72
f 78//78 94//94 92//92
f 78//78 92//92 81//81
f 115//115 94//94 86//86
f 86//86 85//85 101//101
f 107//107 199//199 194//194
f 199//199 286//286 194//194
f 199//199 362//362 286//286
f 362//362 466//466 286//286
f 704//704 581//581 608//608
f 777//777 745//745 734//734
f 779//779 753//753 787//787
f 787//787 753//753 745//745
f 787//787 745//745 777//777
f 725//725 777//777 734//734
f 704//704 725//725 734//734
f 767//767 720//720 753//753
f 689//689 683//683 686//686
f 694//694 683//683 689//689
f 689//689 686//686 729//729
f 655//655 744//744 677//677
f 677//677 744//744 694//694
f 735//735 744//744 655//655
f 724//724 737//737 723//723
f 712//712 837//837 738//738
f 712//712 738//738 737//737
f 712//712 737//737 724//724
f 712//712 747//747 837//837
f 783//783 900//900 747//747
f 783//783 747//747 712//712
f 723//723 737//737 772//772
f 694//694 744//744 683//683
f 135//135 98//98 117//117
f 183//183 123//123 131//131
f 117//117 123//123 183//183
f 139//139 178//178 258//258
f 139//139 258//258 151//151
f 139//139 134//134 178//178
f 131//131 134//134 139//139
f 790//790 852//852 783//783
f 790//790 783//783 617//617
f 790//790 831//831 852//852
f 790//790 866//866 831//831
f 866//866 884//884 878//878
f 814//814 884//884 866//866
f 866//866 878//878 881//881
f 845//845 910//910 925//925
f 845//845 925//925 894//894
f 895//895 785//785 944//944
f 895//895 944//944 828//828
f 845//845 894//894 814//814
f 767//767 753//753 779//779
f 151//151 258//258 282//282
f 282//282 284//284 288//288
f 250//250 296//296 446//446
f 238//238 446//446 391//391
f 423//423 491//491 361//361
f 250//250 446//446 238//238
f 296//296 423//423 361//361
f 848//848 773//773 785//785
f 848//848 856//856 773//773
f 856//856 908//908 853//853
f 908//908 856//856 892//892
f 758//758 838//838 716//716
f 838//838 758//758 769//769
f 769//769 853//853 838//838
f 844//844 716//716 838//838
f 827//827 872//872 844//844
f 853//853 769//769 856//856
f 246//246 238//238 379//379
f 197//197 476//476 560//560
f 486//486 560//560 674//674
f 486//486 674//674 493//493
f 560//560 849//849 674//674
f 353//353 476//476 197//197
f 486//486 493//493 452//452
f 819//819 899//899 827//827
f 820//820 909//909 899//899
f 820//820 899//899 819//819
f 849//849 909//909 820//820
f 742//742 849//849 746//746
f 560//560 486//486 452//452
f 849//849 742//742 674//674
f 827//827 899//899 872//872
f 373//373 465//465 340//340
f 393//393 549//549 465//465
f 393//393 465//465 386//386
f 731//731 554//554 549//549
f 352//352 386//386 373//373
f 351//351 500//500 433//433
f 351//351 433//433 472//472
f 472//472 433//433 500//500
f 500//500 613//613 472//472
f 472//472 613//613 668//668
f 613//613 621//621 668//668
f 668//668 703//703 755//755
f 532//532 755//755 703//703
f 703//703 668//668 621//621
f 828//828 785//785 895//895
f 107//107 194//194 99//99
