# convertido de flygym/NeuroMechFly (l_eye)
v -0.20590 0.36076 -0.03973
v -0.20551 0.36255 -0.03310
v -0.20494 0.35791 -0.04071
v -0.20485 0.36058 -0.03021
v -0.20422 0.36477 -0.02982
v -0.20413 0.35516 -0.04271
v -0.20389 0.36159 -0.04498
v -0.20286 0.35933 -0.05541
v -0.20273 0.36752 -0.02850
v -0.20094 0.36505 -0.00432
v -0.20084 0.35699 -0.01916
v -0.20010 0.36113 -0.06692
v -0.19911 0.37467 -0.02108
v -0.19805 0.37501 -0.00949
v -0.19794 0.35879 0.00877
v -0.19714 0.37351 -0.00160
v -0.19690 0.36995 0.01317
v -0.19672 0.35536 -0.08067
v -0.19670 0.37548 -0.00545
v -0.19586 0.35724 0.03222
v -0.19562 0.37116 0.02305
v -0.19538 0.34930 -0.02045
v -0.19531 0.35651 -0.08291
v -0.19520 0.37329 0.01363
v -0.19439 0.37070 0.03145
v -0.19311 0.37701 0.01947
v -0.19310 0.36828 0.04041
v -0.19307 0.37653 0.00592
v -0.19262 0.35658 -0.08746
v -0.19258 0.36016 0.06162
v -0.19254 0.36195 0.04695
v -0.19231 0.36338 0.05185
v -0.19222 0.35784 0.06808
v -0.19093 0.35308 0.06936
v -0.19012 0.37587 0.03232
v -0.18876 0.34452 -0.06121
v -0.18792 0.35283 -0.10004
v -0.18778 0.34595 0.06521
v -0.18748 0.36012 0.07839
v -0.18487 0.35403 -0.10421
v -0.18448 0.35764 0.08966
v -0.18327 0.34886 0.09653
v -0.18244 0.36554 0.08560
v -0.18231 0.37881 0.05043
v -0.18017 0.38304 -0.04462
v -0.17807 0.38200 -0.05554
v -0.17720 0.36682 0.09999
v -0.17683 0.34452 -0.11049
v -0.17661 0.34684 -0.11733
v -0.17577 0.36357 0.10784
v -0.17573 0.34605 -0.11847
v -0.17464 0.34359 -0.02055
v -0.17398 0.38229 -0.06531
v -0.17349 0.34362 -0.11724
v -0.17325 0.33907 -0.10857
v -0.17188 0.38978 -0.00331
v -0.17157 0.34700 0.12154
v -0.17122 0.36109 0.11645
v -0.17118 0.34596 -0.12248
v -0.16837 0.36361 -0.10631
v -0.16832 0.39268 0.00869
v -0.16792 0.33747 -0.11894
v -0.16736 0.34251 -0.12948
v -0.16696 0.34018 0.02742
v -0.16686 0.39287 0.02374
v -0.16657 0.35951 0.12207
v -0.16597 0.39160 -0.02805
v -0.16515 0.37421 -0.09607
v -0.16498 0.34008 -0.13470
v -0.16298 0.34592 0.13851
v -0.16227 0.33020 0.11796
v -0.16162 0.38342 -0.08221
v -0.16152 0.35295 -0.12933
v -0.16124 0.34992 0.13769
v -0.16038 0.37975 0.09112
v -0.16021 0.33392 -0.14053
v -0.15883 0.33508 -0.14238
v -0.15863 0.33934 -0.14444
v -0.15743 0.33821 -0.14521
v -0.15712 0.33398 0.14942
v -0.15593 0.33159 -0.14372
v -0.15464 0.32604 0.10440
v -0.15440 0.32277 -0.00692
v -0.15406 0.36789 0.12412
v -0.15379 0.33347 -0.14758
v -0.15356 0.39596 0.03757
v -0.15280 0.39250 0.05876
v -0.15221 0.39414 0.05429
v -0.15211 0.32500 -0.14157
v -0.15149 0.35534 0.14231
v -0.15130 0.37193 -0.10780
v -0.15122 0.39946 0.00447
v -0.14985 0.32866 0.07169
v -0.14921 0.34258 0.15797
v -0.14901 0.31152 -0.09054
v -0.14863 0.32002 -0.12639
v -0.14807 0.39472 -0.04401
v -0.14797 0.35548 0.14556
v -0.14770 0.38577 0.08991
v -0.14668 0.38506 -0.08330
v -0.14643 0.32537 0.16622
v -0.14634 0.34400 -0.15297
v -0.14616 0.38689 -0.07679
v -0.14471 0.33103 0.16815
v -0.14424 0.34296 0.16149
v -0.14416 0.40187 0.00113
v -0.14257 0.40058 -0.01686
v -0.14224 0.32171 0.17237
v -0.14153 0.34286 -0.15572
v -0.14104 0.33048 -0.15788
v -0.14078 0.36423 0.14005
v -0.14036 0.33705 -0.15702
v -0.13780 0.31739 0.14623
v -0.13729 0.35716 -0.13898
v -0.13512 0.40160 0.04614
v -0.13344 0.33898 -0.16141
v -0.13229 0.32687 0.17812
v -0.13142 0.32559 -0.17240
v -0.13129 0.32828 -0.17119
v -0.13058 0.33402 -0.16699
v -0.13028 0.39540 0.08458
v -0.13023 0.33433 -0.16742
v -0.13022 0.32291 -0.17095
v -0.13005 0.31886 -0.16243
v -0.12921 0.32436 -0.17634
v -0.12900 0.32344 -0.17602
v -0.12899 0.32726 -0.17498
v -0.12885 0.33778 -0.16536
v -0.12865 0.31344 -0.15948
v -0.12765 0.31748 0.18430
v -0.12727 0.34331 -0.16153
v -0.12672 0.40553 -0.01257
v -0.12660 0.31607 0.18666
v -0.12659 0.37633 0.12702
v -0.12657 0.34003 -0.16529
v -0.12507 0.30576 -0.14711
v -0.12464 0.40503 0.00376
v -0.12365 0.40514 0.01788
v -0.12301 0.31258 0.18661
v -0.12266 0.40747 -0.00923
v -0.12219 0.38031 -0.10356
v -0.12097 0.32386 -0.18335
v -0.12077 0.31370 0.09992
v -0.12031 0.38650 0.11033
v -0.12003 0.40260 0.06773
v -0.11986 0.33216 -0.17799
v -0.11914 0.39972 0.08203
v -0.11796 0.32078 -0.19290
v -0.11789 0.31267 0.19347
v -0.11668 0.31725 -0.18850
v -0.11368 0.31744 -0.19552
v -0.11337 0.31036 0.19739
v -0.11315 0.40075 -0.04945
v -0.11296 0.30333 0.03279
v -0.11253 0.33041 0.18740
v -0.11248 0.32072 -0.19972
v -0.11244 0.32818 -0.19456
v -0.11223 0.40675 0.07213
v -0.11207 0.36299 0.15201
v -0.11190 0.36754 0.14644
v -0.11144 0.30900 0.19874
v -0.11141 0.37816 -0.11337
v -0.11075 0.40849 -0.01817
v -0.11032 0.40492 0.05678
v -0.10988 0.40777 0.03576
v -0.10908 0.40809 0.06781
v -0.10873 0.30803 0.20193
v -0.10841 0.30749 0.19189
v -0.10809 0.31962 -0.20403
v -0.10630 0.35343 0.16819
v -0.10570 0.31681 -0.20508
v -0.10465 0.31890 -0.20679
v -0.10438 0.31396 0.20147
v -0.10425 0.30958 -0.20019
v -0.10395 0.40153 0.08359
v -0.10343 0.30622 0.20492
v -0.10296 0.35270 0.17077
v -0.10246 0.40775 0.07301
v -0.10226 0.30617 -0.19918
v -0.10056 0.38246 0.12150
v -0.10028 0.37062 -0.12799
v -0.10022 0.38531 -0.10215
v -0.10012 0.30929 0.20606
v -0.09852 0.35068 0.17376
v -0.09790 0.30064 -0.19566
v -0.09684 0.35733 0.16533
v -0.09610 0.41006 0.05072
v -0.09559 0.33470 0.19062
v -0.09500 0.31150 -0.22131
v -0.09485 0.31683 -0.21543
v -0.09473 0.28533 -0.09956
v -0.09465 0.31146 -0.21809
v -0.09455 0.29955 0.21191
v -0.09290 0.30018 0.20701
v -0.09239 0.29857 0.11399
v -0.09233 0.31060 -0.22359
v -0.09213 0.41211 -0.02194
v -0.09145 0.40008 0.08855
v -0.09109 0.30425 -0.22393
v -0.09102 0.32243 -0.21366
v -0.09037 0.40403 0.08453
v -0.09003 0.30318 -0.22996
v -0.08992 0.41271 0.02301
v -0.08990 0.30254 -0.22699
v -0.08985 0.34147 0.18893
v -0.08975 0.30211 -0.23132
v -0.08968 0.33913 0.19141
v -0.08963 0.33079 0.19493
v -0.08940 0.31430 -0.22355
v -0.08859 0.39620 0.09756
v -0.08820 0.40581 0.07392
v -0.08817 0.30133 -0.23185
v -0.08778 0.37099 0.14161
v -0.08703 0.33719 0.19235
v -0.08701 0.40624 -0.05445
v -0.08694 0.37099 -0.13441
v -0.08530 0.41286 -0.00077
v -0.08483 0.34338 0.18668
v -0.08462 0.29959 -0.23388
v -0.08396 0.40841 -0.05055
v -0.08312 0.35807 -0.16044
v -0.08310 0.29447 0.21978
v -0.08233 0.39462 -0.08844
v -0.08211 0.41010 0.04982
v -0.08161 0.28635 0.18906
v -0.08159 0.38223 0.12693
v -0.08085 0.40247 0.08076
v -0.08017 0.41090 0.05863
v -0.08002 0.35274 0.17036
v -0.07968 0.40643 -0.05568
v -0.07880 0.29254 0.07854
v -0.07811 0.29641 -0.23943
v -0.07810 0.39013 0.11631
v -0.07726 0.40988 -0.03762
v -0.07721 0.33074 -0.20977
v -0.07627 0.28879 0.22030
v -0.07582 0.39758 -0.08219
v -0.07549 0.29403 -0.24207
v -0.07530 0.34337 0.18532
v -0.07484 0.29341 -0.24198
v -0.07450 0.29261 -0.23653
v -0.07448 0.37552 -0.12709
v -0.07447 0.34712 -0.18562
v -0.07409 0.40826 -0.04923
v -0.07367 0.38065 -0.12107
v -0.07322 0.38608 -0.11106
v -0.07322 0.41290 0.05209
v -0.07255 0.36512 -0.15244
v -0.07251 0.41115 0.04734
v -0.07241 0.37661 0.13523
v -0.07221 0.29274 -0.24387
v -0.07164 0.30919 -0.23510
v -0.07158 0.37372 -0.14513
v -0.07153 0.37243 -0.13817
v -0.07124 0.28827 0.22382
v -0.07115 0.27569 -0.13409
v -0.07086 0.41092 0.04579
v -0.07040 0.41195 0.04801
v -0.07006 0.29365 -0.24504
v -0.06996 0.37236 -0.15015
v -0.06910 0.40957 -0.04330
v -0.06840 0.39012 0.11392
v -0.06810 0.39723 0.09614
v -0.06798 0.40457 -0.06533
v -0.06776 0.28056 0.22258
v -0.06774 0.41175 0.02534
v -0.06763 0.29060 -0.24703
v -0.06742 0.28927 -0.24877
v -0.06712 0.40672 0.07510
v -0.06710 0.37552 -0.14600
v -0.06706 0.28152 0.22702
v -0.06700 0.34728 0.17770
v -0.06681 0.28876 -0.24634
v -0.06674 0.37511 -0.15022
v -0.06590 0.41233 0.04189
v -0.06390 0.34611 -0.18736
v -0.06343 0.29202 0.22505
v -0.06268 0.35068 0.17400
v -0.06202 0.36704 0.15074
v -0.06184 0.37655 0.13532
v -0.06149 0.41304 0.01665
v -0.06047 0.29915 0.22088
v -0.06032 0.27778 0.22839
v -0.05925 0.41105 0.04867
v -0.05913 0.36035 0.15887
v -0.05893 0.33886 0.18815
v -0.05890 0.37147 -0.14190
v -0.05885 0.28372 0.22835
v -0.05852 0.28624 -0.25128
v -0.05759 0.27997 -0.18908
v -0.05746 0.38036 -0.12323
v -0.05718 0.36874 -0.15099
v -0.05614 0.41442 0.04212
v -0.05552 0.31390 0.20899
v -0.05526 0.40969 0.05814
v -0.05513 0.28080 0.22968
v -0.05492 0.32850 0.19431
v -0.05397 0.34572 -0.19087
v -0.05364 0.40264 -0.07838
v -0.05331 0.38585 -0.11226
v -0.05278 0.26838 0.18383
v -0.05241 0.40990 -0.04392
v -0.05178 0.27297 0.22984
v -0.05119 0.33265 0.19171
v -0.04993 0.41232 0.03459
v -0.04986 0.30962 -0.23884
v -0.04922 0.41486 -0.00008
v -0.04918 0.33921 0.18172
v -0.04915 0.38556 0.11903
v -0.04884 0.31781 0.20556
v -0.04819 0.27926 -0.25725
v -0.04809 0.32124 -0.22659
v -0.04792 0.32479 0.19969
v -0.04759 0.33507 0.18686
v -0.04730 0.40509 0.06722
v -0.04719 0.35944 -0.16734
v -0.04709 0.28299 0.16561
v -0.04681 0.36733 -0.15330
v -0.04667 0.28218 -0.25726
v -0.04496 0.26838 0.23064
v -0.04486 0.27833 -0.25878
v -0.04467 0.40553 0.06062
v -0.04309 0.39644 -0.08934
v -0.04273 0.40454 -0.06928
v -0.04256 0.33130 0.19891
v -0.04240 0.36954 -0.14321
v -0.04181 0.41298 -0.02822
v -0.04175 0.34293 0.17755
v -0.04135 0.40475 0.07743
v -0.04116 0.26349 0.22974
v -0.04105 0.30307 -0.24543
v -0.04081 0.40196 0.08124
v -0.03996 0.37148 0.14297
v -0.03867 0.32387 0.19965
v -0.03776 0.26151 0.22893
v -0.03735 0.38177 0.12379
v -0.03676 0.27359 -0.25660
v -0.03590 0.33054 0.19071
v -0.03531 0.41439 -0.00992
v -0.03476 0.40926 -0.05143
v -0.03459 0.27279 -0.25461
v -0.03452 0.25033 0.21096
v -0.03430 0.40427 0.06359
v -0.03363 0.38704 -0.10972
v -0.03350 0.30127 0.21307
v -0.03349 0.32736 -0.21974
v -0.03349 0.30741 0.21051
v -0.03346 0.31807 0.20100
v -0.03285 0.27749 -0.26099
v -0.03222 0.41231 -0.02338
v -0.03222 0.35374 -0.17947
v -0.03141 0.41015 0.02384
v -0.03127 0.27316 0.22730
v -0.03121 0.28325 -0.25946
v -0.03115 0.33642 0.18500
v -0.03095 0.40109 0.06290
v -0.03086 0.31130 0.20577
v -0.03061 0.41089 -0.04356
v -0.03048 0.27393 -0.26358
v -0.03006 0.29630 0.21703
v -0.03006 0.37229 0.13949
v -0.02982 0.27288 -0.26410
v -0.02970 0.27462 -0.26413
v -0.02940 0.40914 0.03212
v -0.02901 0.27210 -0.26331
v -0.02886 0.40202 -0.07710
v -0.02817 0.25646 0.22895
v -0.02816 0.41345 -0.03337
v -0.02616 0.40525 0.07291
v -0.02506 0.35141 -0.18557
v -0.02501 0.40494 0.07165
v -0.02473 0.27012 -0.26470
v -0.02424 0.34106 -0.19770
v -0.02409 0.27109 -0.26654
v -0.02393 0.31485 -0.23506
v -0.02371 0.25070 0.22860
v -0.02302 0.33312 0.18245
v -0.02283 0.41167 -0.03832
v -0.02235 0.28308 0.22276
v -0.02133 0.40954 -0.04961
v -0.02125 0.26986 -0.26780
v -0.02078 0.40170 0.07779
v -0.02026 0.30485 0.20249
v -0.01926 0.40456 -0.06018
v -0.01821 0.30130 -0.24737
v -0.01789 0.36252 -0.16008
v -0.01734 0.40153 -0.08140
v -0.01714 0.38159 -0.11987
v -0.01645 0.31512 0.19251
v -0.01537 0.24513 0.22790
v -0.01515 0.41107 -0.01794
v -0.01498 0.39458 0.06930
v -0.01487 0.39800 0.08350
v -0.01476 0.39690 0.08153
v -0.01474 0.34561 -0.19298
v -0.01445 0.34454 0.17339
v -0.01371 0.40919 -0.00216
v -0.01350 0.39275 0.07465
v -0.01263 0.34511 0.17275
v -0.01233 0.26887 -0.26882
v -0.01180 0.24232 0.22755
v -0.01141 0.32388 0.18278
v -0.01133 0.34280 -0.19855
v -0.01130 0.40503 0.02513
v -0.01084 0.35120 0.16455
v -0.01048 0.33913 -0.20312
v -0.01044 0.33208 -0.21157
v -0.01031 0.27026 0.22177
v -0.01018 0.39710 0.08533
v -0.01012 0.37456 -0.13336
v -0.00976 0.40802 -0.04179
v -0.00969 0.23852 0.22248
v -0.00900 0.33119 0.17733
v -0.00873 0.38875 0.10557
v -0.00820 0.36027 0.14972
v -0.00803 0.24149 0.22692
v -0.00796 0.39140 0.08265
v -0.00769 0.29107 0.21019
v -0.00758 0.40258 -0.06187
v -0.00719 0.41047 -0.00940
v -0.00709 0.24545 -0.08659
v -0.00691 0.36149 0.14703
v -0.00687 0.26588 -0.26909
v -0.00667 0.38459 0.10960
v -0.00645 0.29470 -0.25520
v -0.00602 0.38237 -0.11461
v -0.00567 0.25675 0.02520
v -0.00518 0.23278 0.22529
v -0.00503 0.39225 0.08934
v -0.00500 0.38761 0.08256
v -0.00478 0.35924 -0.16423
v -0.00411 0.38253 0.10888
v -0.00384 0.34824 -0.18284
v -0.00264 0.31416 0.19011
v -0.00263 0.39113 0.10039
v -0.00234 0.35189 0.15528
v -0.00208 0.27519 -0.26760
v -0.00204 0.22972 0.22267
v -0.00186 0.37691 0.11799
v -0.00179 0.26674 -0.27242
v -0.00097 0.31301 -0.23864
v -0.00078 0.31876 0.18563
v -0.00049 0.36069 0.13860
v -0.00028 0.37933 -0.12334
v -0.00009 0.30106 0.19750
v 0.00058 0.32131 0.18079
v 0.00093 0.26796 -0.27315
v 0.00129 0.38437 0.09160
v 0.00164 0.22770 0.22575
v 0.00168 0.38931 0.10080
v 0.00195 0.38096 0.09643
v 0.00232 0.39088 0.09706
v 0.00235 0.37427 0.12217
v 0.00283 0.33724 0.16496
v 0.00288 0.25167 0.22278
v 0.00304 0.22813 0.20671
v 0.00385 0.38580 -0.10663
v 0.00391 0.31675 -0.23432
v 0.00446 0.36434 0.12802
v 0.00461 0.25960 -0.24997
v 0.00489 0.26611 -0.27307
v 0.00503 0.22242 0.22397
v 0.00526 0.35984 0.14726
v 0.00575 0.40534 -0.03571
v 0.00587 0.38120 0.08947
v 0.00613 0.22220 0.22443
v 0.00624 0.23973 0.22308
v 0.00654 0.35442 0.15018
v 0.00777 0.39531 -0.07996
v 0.00788 0.29499 -0.25407
v 0.00810 0.31457 -0.23548
v 0.00834 0.37336 0.12472
v 0.00844 0.31414 0.18266
v 0.00869 0.33567 -0.20195
v 0.00885 0.39518 0.04593
v 0.00891 0.35127 0.14927
v 0.00906 0.22015 0.22391
v 0.00934 0.26348 -0.27063
v 0.00940 0.26050 -0.26478
v 0.00965 0.31934 -0.22593
v 0.00971 0.36284 0.14453
v 0.00979 0.35909 0.13916
v 0.01039 0.37032 0.10962
v 0.01040 0.37328 0.12469
v 0.01120 0.21881 0.22315
v 0.01127 0.40031 -0.06209
v 0.01165 0.40340 -0.03031
v 0.01198 0.31382 -0.23404
v 0.01315 0.30456 0.18821
v 0.01316 0.26145 -0.26931
v 0.01344 0.35581 0.13924
v 0.01400 0.25287 0.21692
v 0.01457 0.36841 0.12006
v 0.01460 0.27063 -0.27165
v 0.01462 0.34526 0.14959
v 0.01479 0.38406 0.06779
v 0.01506 0.37722 -0.12316
v 0.01537 0.39819 0.00876
v 0.01657 0.23561 -0.09183
v 0.01684 0.38010 0.07880
v 0.01722 0.30322 -0.24295
v 0.01740 0.21814 0.22164
v 0.01744 0.35145 0.14214
v 0.01792 0.32533 -0.21456
v 0.01797 0.36641 -0.14248
v 0.01836 0.39283 0.03776
v 0.01857 0.25699 -0.26789
v 0.01905 0.29591 0.19025
v 0.01922 0.36339 0.12165
v 0.02046 0.26289 -0.27386
v 0.02085 0.23921 0.21707
v 0.02114 0.25399 0.13158
v 0.02135 0.25824 -0.27428
v 0.02150 0.31426 0.17593
v 0.02160 0.30772 -0.23679
v 0.02208 0.26773 -0.27284
v 0.02227 0.25750 -0.27628
v 0.02229 0.35640 -0.16282
v 0.02301 0.38869 -0.08982
v 0.02319 0.36753 0.11002
v 0.02335 0.21480 0.21940
v 0.02337 0.39691 -0.00921
v 0.02356 0.22503 0.21956
v 0.02358 0.33264 0.15812
v 0.02366 0.24074 -0.02436
v 0.02395 0.39695 -0.06444
v 0.02453 0.24960 0.14344
v 0.02573 0.32439 0.16441
v 0.02581 0.25348 -0.27560
v 0.02594 0.25447 -0.27753
v 0.02634 0.39710 -0.04489
v 0.02635 0.35207 0.13367
v 0.02652 0.24521 0.15303
v 0.02669 0.37017 0.09633
v 0.02694 0.30025 0.18390
v 0.02826 0.35685 0.12669
v 0.02849 0.36422 -0.14689
v 0.02877 0.22384 0.21824
v 0.02959 0.35614 -0.15971
v 0.02974 0.34842 -0.17227
v 0.02979 0.22754 0.21672
v 0.02985 0.21436 0.21665
v 0.03069 0.38178 -0.09833
v 0.03091 0.26819 0.20082
v 0.03141 0.33579 -0.19215
v 0.03154 0.38132 0.06119
v 0.03170 0.39399 -0.02757
v 0.03234 0.31383 0.17169
v 0.03251 0.21628 0.21722
v 0.03275 0.35839 0.11657
v 0.03311 0.25109 -0.27740
v 0.03376 0.38538 -0.08917
v 0.03395 0.31825 -0.21686
v 0.03459 0.38591 0.03132
v 0.03487 0.32537 -0.20739
v 0.03492 0.29574 0.18479
v 0.03515 0.30605 -0.23315
v 0.03564 0.34159 -0.18140
v 0.03579 0.39171 -0.00690
v 0.03634 0.26197 0.20092
v 0.03710 0.24685 -0.27769
v 0.03737 0.21373 0.21425
v 0.03744 0.34864 -0.16711
v 0.03776 0.36532 0.09557
v 0.03831 0.38238 0.04137
v 0.03880 0.33785 0.14028
v 0.03966 0.38577 0.02391
v 0.03989 0.21643 0.19662
v 0.04036 0.38558 -0.07292
v 0.04052 0.32066 0.15951
v 0.04088 0.36451 -0.13117
v 0.04181 0.24483 -0.27699
v 0.04191 0.21167 0.21044
v 0.04192 0.22628 -0.06254
v 0.04211 0.32917 0.15426
v 0.04258 0.28255 0.18633
v 0.04276 0.27170 0.19232
v 0.04373 0.21546 0.19825
v 0.04405 0.21163 0.21075
v 0.04472 0.21150 0.21077
v 0.04473 0.21852 0.21008
v 0.04547 0.35108 -0.15229
v 0.04602 0.30166 0.17156
v 0.04800 0.30240 0.16855
v 0.04801 0.34022 -0.17139
v 0.04832 0.21830 0.20347
v 0.04839 0.37653 0.04379
v 0.04863 0.24222 -0.27678
v 0.04874 0.31479 -0.21738
v 0.04979 0.23709 0.20446
v 0.04985 0.32116 -0.20883
v 0.05030 0.38547 -0.02011
v 0.05066 0.27298 0.18754
v 0.05094 0.24010 -0.27411
v 0.05121 0.32963 0.13982
v 0.05185 0.30814 0.16055
v 0.05291 0.26901 -0.26444
v 0.05315 0.27186 -0.26309
v 0.05317 0.37409 -0.09217
v 0.05404 0.36922 -0.10148
v 0.05425 0.38417 -0.04978
v 0.05448 0.23686 0.20222
v 0.05496 0.28092 0.17855
v 0.05503 0.24017 -0.27615
v 0.05534 0.21119 0.19554
v 0.05539 0.33039 -0.18844
v 0.05569 0.21524 0.20012
v 0.05628 0.37577 0.02855
v 0.05652 0.24927 -0.27325
v 0.05764 0.31971 -0.20201
v 0.05771 0.33441 0.12885
v 0.05772 0.36332 0.07282
v 0.05786 0.29677 0.16869
v 0.05854 0.34283 0.11378
v 0.05928 0.34923 -0.15046
v 0.05947 0.23658 -0.27349
v 0.06032 0.31854 0.14412
v 0.06037 0.38120 -0.04478
v 0.06116 0.29503 -0.23314
v 0.06135 0.23044 0.15570
v 0.06141 0.29917 -0.22653
v 0.06196 0.38094 -0.05344
v 0.06209 0.35194 0.09122
v 0.06254 0.37873 -0.04135
v 0.06256 0.32769 0.13293
v 0.06257 0.34993 -0.14509
v 0.06327 0.31274 -0.20791
v 0.06341 0.23581 -0.27556
v 0.06354 0.26201 -0.26348
v 0.06388 0.23000 0.19830
v 0.06429 0.23478 -0.27623
v 0.06540 0.32390 0.13770
v 0.06567 0.35522 -0.12601
v 0.06603 0.35243 0.08252
v 0.06642 0.23536 0.11621
v 0.06667 0.35169 0.08883
v 0.06678 0.30838 -0.21142
v 0.06716 0.29986 0.15877
v 0.06746 0.20709 0.19903
v 0.06747 0.36090 -0.10595
v 0.06770 0.29714 0.15976
v 0.06773 0.23316 -0.27586
v 0.06806 0.37364 0.00042
v 0.06806 0.35946 -0.11512
v 0.06828 0.32192 -0.19334
v 0.06828 0.25878 0.18382
v 0.06889 0.36412 0.04857
v 0.06912 0.27381 0.17314
v 0.06916 0.20616 0.19873
v 0.06997 0.20567 0.19817
v 0.07011 0.33639 -0.16405
v 0.07099 0.20952 0.18361
v 0.07126 0.23276 -0.27261
v 0.07168 0.36153 0.05596
v 0.07184 0.33093 0.11298
v 0.07225 0.30903 0.14168
v 0.07266 0.25300 0.18304
v 0.07273 0.28879 -0.23237
v 0.07285 0.29103 0.15802
v 0.07334 0.23202 -0.27202
v 0.07387 0.37101 -0.01123
v 0.07397 0.26299 -0.25562
v 0.07465 0.33579 0.10065
v 0.07496 0.36471 0.02542
v 0.07560 0.31622 0.12955
v 0.07605 0.23144 -0.27095
v 0.07612 0.35388 -0.11389
v 0.07637 0.36529 0.01448
v 0.07652 0.20609 0.19075
v 0.07656 0.36924 -0.04555
v 0.07709 0.23118 -0.24143
v 0.07726 0.34017 0.09186
v 0.07734 0.33019 -0.16391
v 0.07801 0.22048 -0.12419
v 0.07879 0.36574 -0.05415
v 0.07934 0.23150 -0.26923
v 0.08054 0.35944 0.03471
v 0.08070 0.33962 -0.14018
v 0.08125 0.30729 -0.20336
v 0.08147 0.32052 -0.18222
v 0.08192 0.30180 0.14030
v 0.08239 0.22699 0.01781
v 0.08417 0.22944 -0.26558
v 0.08476 0.25587 0.17163
v 0.08512 0.35331 -0.09162
v 0.08578 0.26223 -0.24811
v 0.08590 0.30921 -0.19103
v 0.08632 0.30594 -0.20222
v 0.08636 0.31815 0.11629
v 0.08661 0.29378 -0.21571
v 0.08669 0.20856 0.18592
v 0.08714 0.26760 0.16379
v 0.08759 0.22886 -0.26495
v 0.08811 0.20840 0.17666
v 0.08819 0.36141 -0.01670
v 0.08843 0.22726 -0.26461
v 0.08906 0.23514 -0.26150
v 0.08907 0.34768 -0.09936
v 0.08911 0.32019 -0.16523
v 0.08924 0.21187 0.18416
v 0.08943 0.29595 -0.20893
v 0.08961 0.33986 0.06969
v 0.09018 0.35630 -0.07276
v 0.09047 0.27970 -0.23118
v 0.09161 0.35430 0.01880
v 0.09187 0.20923 0.18393
v 0.09276 0.35909 -0.03369
v 0.09305 0.34233 -0.10712
v 0.09316 0.22581 -0.26202
v 0.09342 0.20907 0.18203
v 0.09373 0.31396 0.10767
v 0.09412 0.30699 0.11944
v 0.09527 0.28252 -0.22631
v 0.09582 0.32712 -0.14545
v 0.09595 0.27394 -0.23173
v 0.09605 0.32760 -0.14331
v 0.09653 0.33121 -0.13689
v 0.09713 0.31340 -0.17394
v 0.09720 0.21289 0.17891
v 0.09732 0.27486 0.14654
v 0.09747 0.22559 -0.25914
v 0.09763 0.35147 -0.07441
v 0.09763 0.28186 -0.22264
v 0.09764 0.21105 0.17930
v 0.09802 0.22395 -0.25993
v 0.09813 0.28279 0.14014
v 0.09859 0.23120 0.16975
v 0.09860 0.29513 0.12568
v 0.09890 0.34142 0.04394
v 0.09939 0.25846 0.15564
v 0.09993 0.34220 0.03339
v 0.09995 0.35296 -0.01673
v 0.10011 0.28896 -0.20643
v 0.10076 0.22275 -0.25892
v 0.10180 0.24703 0.15939
v 0.10188 0.35093 -0.03299
v 0.10203 0.30971 -0.17217
v 0.10209 0.31503 -0.16415
v 0.10214 0.33134 0.06375
v 0.10233 0.20495 0.15924
v 0.10237 0.28637 0.13053
v 0.10381 0.34122 -0.08546
v 0.10416 0.22139 -0.25693
v 0.10432 0.28630 0.12979
v 0.10434 0.30188 0.10951
v 0.10494 0.31421 -0.15760
v 0.10543 0.26795 0.14354
v 0.10634 0.20949 0.17049
v 0.10679 0.33248 -0.11246
v 0.10691 0.29117 -0.19577
v 0.10724 0.22084 -0.16740
v 0.10773 0.21970 -0.25522
v 0.10776 0.20742 0.16859
v 0.10790 0.22145 -0.25277
v 0.10863 0.21935 -0.25375
v 0.10925 0.31450 0.08123
v 0.10959 0.28391 0.12441
v 0.11128 0.31905 0.07392
v 0.11135 0.33463 0.03556
v 0.11141 0.32836 -0.11064
v 0.11142 0.30265 0.09693
v 0.11180 0.34115 -0.00492
v 0.11192 0.29878 0.10712
v 0.11234 0.21779 -0.24984
v 0.11295 0.20402 0.15740
v 0.11295 0.29422 0.10951
v 0.11310 0.26798 0.13417
v 0.11392 0.20498 0.16258
v 0.11431 0.21688 -0.25026
v 0.11502 0.29406 -0.17837
v 0.11509 0.21833 -0.24755
v 0.11564 0.31456 -0.14118
v 0.11595 0.21641 -0.24405
v 0.11631 0.21592 -0.23910
v 0.11640 0.27960 0.12269
v 0.11645 0.22261 -0.24254
v 0.11699 0.21479 -0.24939
v 0.11722 0.33213 0.01718
v 0.11789 0.32232 0.04660
v 0.11923 0.32401 -0.09945
v 0.11932 0.32944 0.02120
v 0.11961 0.33173 -0.07007
v 0.11998 0.20865 0.15697
v 0.12010 0.22824 0.15066
v 0.12054 0.31097 0.06824
v 0.12058 0.32178 0.04002
v 0.12129 0.33260 -0.03597
v 0.12137 0.21555 -0.23666
v 0.12140 0.22347 0.15321
v 0.12220 0.22326 -0.23541
v 0.12229 0.20463 0.15249
v 0.12294 0.21400 -0.23402
v 0.12371 0.28451 0.10241
v 0.12463 0.20248 0.13587
v 0.12472 0.20355 0.13126
v 0.12553 0.28364 -0.17532
v 0.12606 0.32737 -0.01911
v 0.12647 0.29411 0.08542
v 0.12651 0.27498 -0.18778
v 0.12704 0.21327 -0.23503
v 0.12719 0.32561 -0.00902
v 0.12753 0.29316 -0.15748
v 0.12753 0.21204 -0.23535
v 0.12763 0.32680 0.00352
v 0.12765 0.21163 -0.23458
v 0.12843 0.32101 -0.08592
v 0.12866 0.20715 0.14817
v 0.12874 0.30016 -0.14169
v 0.12911 0.31128 -0.11063
v 0.13042 0.31943 0.01573
v 0.13064 0.22842 -0.22344
v 0.13077 0.32431 -0.01852
v 0.13139 0.20952 -0.23236
v 0.13159 0.26440 0.10892
v 0.13166 0.22467 0.13911
v 0.13206 0.28890 0.07853
v 0.13212 0.25457 0.11843
v 0.13229 0.25984 -0.19619
v 0.13251 0.27254 0.09848
v 0.13261 0.21119 -0.22889
v 0.13362 0.21282 -0.21833
v 0.13379 0.30062 -0.12451
v 0.13421 0.31665 -0.06425
v 0.13431 0.20731 0.13931
v 0.13457 0.26939 -0.18301
v 0.13457 0.28981 0.06876
v 0.13496 0.21299 -0.20158
v 0.13592 0.21255 -0.22219
v 0.13595 0.23791 0.12681
v 0.13627 0.31598 -0.00160
v 0.13635 0.21864 0.03020
v 0.13643 0.23063 -0.21374
v 0.13695 0.24675 0.11794
v 0.13723 0.21089 0.13655
v 0.13727 0.29757 0.05649
v 0.13738 0.21219 -0.22193
v 0.13811 0.31238 0.00622
v 0.13861 0.21308 -0.21890
v 0.13886 0.20479 0.10820
v 0.13993 0.21437 0.13406
v 0.14010 0.27088 0.08628
v 0.14041 0.24011 -0.19924
v 0.14050 0.21373 0.13247
v 0.14073 0.20718 0.08088
v 0.14094 0.26734 -0.17448
v 0.14110 0.21370 -0.21537
v 0.14120 0.30911 -0.05018
v 0.14128 0.28933 -0.13205
v 0.14132 0.30928 -0.01030
v 0.14134 0.26978 -0.17318
v 0.14324 0.21393 -0.21266
v 0.14372 0.30795 -0.02440
v 0.14420 0.21502 -0.20944
v 0.14447 0.29222 0.04485
v 0.14469 0.27553 0.06908
v 0.14619 0.26795 -0.15505
v 0.14634 0.21563 0.12359
v 0.14636 0.21418 0.12312
v 0.14674 0.21583 -0.20388
v 0.14758 0.21592 0.02341
v 0.14772 0.21190 -0.20197
v 0.14780 0.27169 -0.15041
v 0.14856 0.24899 0.09310
v 0.14862 0.27703 0.05427
v 0.14864 0.23434 0.10388
v 0.14883 0.28531 0.03666
v 0.14949 0.20548 -0.18690
v 0.14970 0.21137 -0.19910
v 0.14994 0.29690 -0.00996
v 0.15011 0.20592 0.06994
v 0.15032 0.29955 0.00247
v 0.15046 0.23980 -0.18107
v 0.15159 0.24800 -0.17096
v 0.15229 0.27814 0.04150
v 0.15240 0.24319 0.08757
v 0.15298 0.20722 -0.19306
v 0.15337 0.29617 0.00054
v 0.15349 0.20458 -0.18627
v 0.15362 0.26009 0.06738
v 0.15389 0.28838 -0.08095
v 0.15389 0.21441 0.11136
v 0.15416 0.29403 -0.05085
v 0.15449 0.20468 -0.18919
v 0.15456 0.20994 -0.18901
v 0.15464 0.20446 -0.18714
v 0.15484 0.26471 0.05744
v 0.15485 0.29160 -0.00479
v 0.15669 0.20160 -0.17844
v 0.15723 0.24321 0.07714
v 0.15767 0.24617 -0.15982
v 0.15781 0.21347 0.10469
v 0.15785 0.27427 0.03182
v 0.15801 0.20132 -0.17628
v 0.15811 0.21528 0.10378
v 0.15837 0.20114 -0.17330
v 0.15981 0.20316 -0.17297
v 0.15998 0.28056 -0.06409
v 0.16046 0.21382 0.10037
v 0.16054 0.20158 -0.16107
v 0.16070 0.24824 -0.14791
v 0.16120 0.25545 -0.13738
v 0.16193 0.20427 -0.12394
v 0.16217 0.20198 -0.16309
v 0.16225 0.27307 -0.09034
v 0.16247 0.22291 -0.16193
v 0.16295 0.20258 -0.16221
v 0.16309 0.27497 -0.08105
v 0.16350 0.26321 0.03200
v 0.16403 0.22595 -0.15525
v 0.16431 0.27557 -0.03030
v 0.16450 0.20808 -0.16282
v 0.16461 0.27544 -0.00760
v 0.16485 0.20483 -0.11319
v 0.16570 0.20381 0.04667
v 0.16573 0.20277 -0.15466
v 0.16580 0.21257 0.08043
v 0.16596 0.21334 0.08836
v 0.16616 0.26870 0.01093
v 0.16647 0.27532 -0.01607
v 0.16653 0.24533 0.05548
v 0.16678 0.20690 -0.09115
v 0.16697 0.23755 -0.14012
v 0.16699 0.21671 0.08406
v 0.16773 0.24071 0.05720
v 0.16832 0.20867 0.06605
v 0.16846 0.25350 -0.11377
v 0.16877 0.20660 -0.14905
v 0.16907 0.26836 -0.06183
v 0.16953 0.20188 -0.14417
v 0.16972 0.20696 -0.04282
v 0.16996 0.24385 -0.12828
v 0.17013 0.22893 0.06660
v 0.17128 0.26623 -0.03654
v 0.17148 0.20240 -0.14140
v 0.17164 0.20393 0.03166
v 0.17208 0.26853 -0.03068
v 0.17234 0.24812 0.03027
v 0.17236 0.26858 -0.02553
v 0.17266 0.25191 -0.09832
v 0.17329 0.23341 0.04959
v 0.17331 0.20133 -0.12898
v 0.17365 0.21384 0.07109
v 0.17365 0.25637 0.00172
v 0.17472 0.20139 -0.12812
v 0.17474 0.25662 -0.04538
v 0.17497 0.25649 -0.02511
v 0.17502 0.25543 -0.00514
v 0.17537 0.24298 -0.10422
v 0.17715 0.19968 0.00892
v 0.17770 0.21095 0.06513
v 0.17833 0.20363 -0.11629
v 0.17854 0.21154 0.06615
v 0.18033 0.20904 0.06131
v 0.18036 0.20495 -0.11293
v 0.18041 0.24489 -0.01784
v 0.18114 0.23527 0.01337
v 0.18178 0.24862 -0.03371
v 0.18223 0.20899 0.05447
v 0.18255 0.22395 0.03604
v 0.18309 0.20582 -0.10256
v 0.18400 0.20930 -0.08970
v 0.18520 0.21021 0.04340
v 0.18538 0.20943 -0.09202
v 0.18546 0.19847 -0.00596
v 0.18550 0.21201 -0.09339
v 0.18581 0.22399 0.01674
v 0.18582 0.20466 -0.06871
v 0.18599 0.19974 -0.01437
v 0.18604 0.23644 -0.05682
v 0.18628 0.20975 0.03967
v 0.18664 0.22494 0.02459
v 0.18695 0.20913 -0.08559
v 0.18745 0.21135 -0.08551
v 0.18960 0.20363 -0.02192
v 0.19056 0.20906 -0.08012
v 0.19061 0.20365 -0.02879
v 0.19061 0.21123 -0.07086
v 0.19122 0.20760 0.02014
v 0.19186 0.20810 -0.07578
v 0.19188 0.20611 0.01652
v 0.19195 0.20655 0.02046
v 0.19246 0.20566 0.01868
v 0.19246 0.20814 -0.06888
v 0.19278 0.20166 -0.04792
v 0.19331 0.20663 -0.06570
v 0.19361 0.20416 0.00719
v 0.19378 0.21872 -0.01237
v 0.19430 0.20255 -0.00004
v 0.19539 0.20288 -0.03720
v 0.19540 0.20510 -0.04730
v 0.19556 0.21057 -0.02412
v 0.19570 0.20295 -0.00802
v 0.19571 0.20878 -0.02058
v 0.19586 0.20647 -0.04918
v 0.19594 0.20669 -0.01266
v 0.19622 0.21194 -0.02263
v 0.19637 0.21012 -0.02769
v 0.19644 0.20834 -0.02905
v 0.19663 0.20511 -0.04211
v 0.19723 0.20404 -0.03677
vn -0.9739 0.2219 -0.0487
vn -0.9866 0.1537 -0.0542
vn -0.9617 -0.2619 -0.0811
vn -0.9357 -0.2580 0.2405
vn -0.9039 0.4233 0.0617
vn -0.7360 -0.6727 -0.0761
vn -0.7184 0.6677 -0.1951
vn -0.9853 -0.0226 -0.1694
vn -0.8279 0.5449 -0.1329
vn -0.9931 0.0141 0.1160
vn -0.9753 -0.1392 0.1714
vn -0.7849 0.5402 -0.3036
vn -0.6390 0.7676 -0.0487
vn -0.9147 0.3855 0.1212
vn -0.7028 -0.6945 0.1541
vn -0.8877 0.3883 0.2476
vn -0.9539 0.0837 0.2884
vn -0.7138 -0.6824 -0.1574
vn -0.7735 0.6169 0.1451
vn -0.6571 -0.7529 -0.0369
vn -0.9691 0.2322 0.0837
vn -0.5685 -0.8214 0.0452
vn -0.7903 0.4707 -0.3922
vn -0.9371 0.3336 0.1029
vn -0.8824 0.2696 0.3857
vn -0.5559 0.8245 0.1056
vn -0.8984 0.3826 0.2156
vn -0.5988 0.7997 0.0433
vn -0.5863 0.7215 -0.3685
vn -0.8989 0.4109 0.1524
vn -0.9672 0.1265 0.2204
vn -0.9849 0.1723 0.0184
vn -0.9795 0.0942 0.1780
vn -0.9043 -0.2804 0.3218
vn -0.8415 0.4906 0.2263
vn -0.6335 -0.7728 0.0367
vn -0.8074 -0.4704 -0.3560
vn -0.6403 -0.7679 0.0174
vn -0.9227 0.1946 0.3328
vn -0.5913 0.6292 -0.5044
vn -0.9517 0.0744 0.2978
vn -0.7235 -0.6817 0.1086
vn -0.6892 0.6807 0.2483
vn -0.5627 0.7952 0.2260
vn -0.5849 0.7950 -0.1607
vn -0.4531 0.8729 -0.1810
vn -0.5573 0.7653 0.3221
vn -0.7394 -0.6046 -0.2964
vn -0.8486 -0.2295 -0.4767
vn -0.8219 0.3581 0.4430
vn -0.6007 -0.5971 -0.5316
vn -0.5456 -0.8380 0.0097
vn -0.5656 0.7651 -0.3077
vn -0.7878 -0.5417 -0.2930
vn -0.7107 -0.6668 -0.2243
vn -0.4789 0.8776 -0.0222
vn -0.8931 -0.0882 0.4411
vn -0.6637 0.4863 0.5683
vn -0.7228 0.2734 -0.6346
vn -0.4455 0.7315 -0.5162
vn -0.4756 0.8796 -0.0121
vn -0.7112 -0.6793 -0.1808
vn -0.8250 0.2210 -0.5201
vn -0.5583 -0.8255 0.0828
vn -0.4349 0.8923 0.1208
vn -0.4874 0.3076 0.8172
vn -0.3558 0.9271 -0.1177
vn -0.5009 0.7431 -0.4437
vn -0.8685 -0.0984 -0.4858
vn -0.7640 0.4077 0.5002
vn -0.5438 -0.8249 0.1541
vn -0.3663 0.8709 -0.3275
vn -0.3519 0.7727 -0.5283
vn -0.5641 0.6402 0.5215
vn -0.4646 0.8425 0.2728
vn -0.7638 -0.6125 -0.2035
vn -0.6752 -0.2984 -0.6746
vn -0.7058 0.3905 -0.5910
vn -0.5129 -0.2551 -0.8197
vn -0.6841 -0.7130 0.1537
vn -0.6540 -0.2817 -0.7021
vn -0.4837 -0.8694 -0.1009
vn -0.5723 -0.8129 0.1082
vn -0.4146 0.7946 0.4436
vn -0.6815 -0.2131 -0.7001
vn -0.3995 0.9061 0.1388
vn -0.4632 0.8336 0.3008
vn -0.4179 0.8958 0.1512
vn -0.4771 -0.7962 -0.3720
vn -0.5705 0.6495 0.5027
vn -0.2437 0.8119 -0.5306
vn -0.3088 0.9511 0.0106
vn -0.4529 -0.8890 -0.0672
vn -0.6574 0.4424 0.6100
vn -0.5261 -0.8504 0.0008
vn -0.6604 -0.7211 -0.2096
vn -0.2455 0.9475 -0.2051
vn -0.5434 0.6105 0.5762
vn -0.3619 0.8531 0.3759
vn -0.0987 0.9423 -0.3199
vn -0.7591 -0.6325 0.1540
vn -0.3232 0.7062 -0.6299
vn -0.1881 0.9421 -0.2777
vn -0.6848 0.2519 0.6838
vn -0.3213 0.6729 0.6663
vn -0.2405 0.9706 -0.0001
vn -0.2825 0.9505 -0.1294
vn -0.4683 -0.8753 0.1205
vn -0.4333 0.2713 -0.8594
vn -0.7033 -0.5014 -0.5040
vn -0.3214 0.7704 0.5507
vn -0.5295 0.1251 -0.8390
vn -0.5024 -0.8631 -0.0524
vn -0.2377 0.8509 -0.4685
vn -0.2657 0.9596 0.0927
vn -0.5379 0.3534 -0.7654
vn -0.4817 0.3778 0.7907
vn -0.9477 -0.2015 -0.2477
vn -0.9595 0.1748 -0.2208
vn -0.7282 0.2895 -0.6212
vn -0.3643 0.8849 0.2902
vn -0.6187 0.5348 -0.5755
vn -0.7492 -0.5476 -0.3725
vn -0.7769 -0.5333 -0.3345
vn -0.6666 0.1977 -0.7187
vn -0.7806 -0.2620 -0.5674
vn -0.5632 0.5167 -0.6449
vn -0.5108 0.5746 -0.6394
vn -0.7041 -0.6397 -0.3083
vn -0.5630 0.2280 0.7944
vn -0.2775 0.8063 -0.5224
vn -0.2486 0.9667 -0.0614
vn -0.3150 0.1437 0.9381
vn -0.2059 0.8458 0.4922
vn -0.5174 0.5822 -0.6272
vn -0.5117 -0.8434 -0.1640
vn -0.1948 0.9799 0.0421
vn -0.2091 0.9778 0.0127
vn -0.4398 -0.8937 0.0888
vn -0.1647 0.9850 0.0510
vn -0.1802 0.8768 -0.4459
vn -0.7260 0.2659 -0.6342
vn -0.4333 -0.9006 -0.0329
vn -0.1863 0.8817 0.4335
vn -0.2770 0.9527 0.1250
vn -0.4057 0.7384 -0.5387
vn -0.2404 0.8939 0.3784
vn -0.9411 0.1360 -0.3096
vn -0.6637 0.1724 0.7278
vn -0.7940 -0.4178 -0.4416
vn -0.6379 -0.6354 -0.4351
vn -0.7350 -0.2130 0.6438
vn -0.2009 0.9431 -0.2648
vn -0.4143 -0.9074 0.0698
vn -0.3457 0.5872 0.7319
vn -0.6282 0.3180 -0.7101
vn -0.3461 0.7813 -0.5194
vn -0.3221 0.9136 0.2480
vn -0.2737 0.7379 0.6169
vn -0.1374 0.8249 0.5483
vn -0.4732 -0.8803 0.0331
vn -0.2091 0.8303 -0.5166
vn -0.2159 0.9666 -0.1385
vn -0.2612 0.9652 0.0125
vn -0.1773 0.9828 0.0519
vn -0.0896 0.9876 -0.1288
vn -0.6294 -0.3890 0.6727
vn -0.5368 -0.8436 0.0113
vn -0.5706 0.3775 -0.7293
vn -0.2952 0.8654 0.4048
vn -0.5968 -0.5566 -0.5780
vn -0.5687 0.3477 -0.7455
vn -0.3817 0.4734 0.7938
vn -0.7297 -0.4964 -0.4702
vn -0.1161 0.8868 0.4473
vn -0.6071 -0.7404 0.2884
vn -0.2880 0.6670 0.6872
vn -0.0927 0.9720 0.2160
vn -0.6714 -0.6489 -0.3580
vn -0.1002 0.8462 0.5233
vn -0.1944 0.8642 -0.4641
vn -0.1595 0.8825 -0.4425
vn -0.2697 0.4889 0.8296
vn 0.0125 0.6295 0.7769
vn -0.4544 -0.8830 -0.1175
vn -0.1141 0.8277 0.5494
vn -0.1968 0.9796 0.0397
vn -0.2853 0.5181 0.8063
vn -0.8447 0.2114 -0.4918
vn -0.7985 -0.1083 -0.5922
vn -0.4204 -0.9068 0.0320
vn -0.9691 -0.1680 -0.1806
vn -0.6738 -0.6813 0.2861
vn -0.6387 -0.7652 0.0805
vn -0.4452 -0.8952 0.0186
vn -0.7856 0.1538 -0.5993
vn -0.0941 0.9914 -0.0911
vn -0.1903 0.8425 0.5039
vn -0.9345 -0.2556 -0.2477
vn -0.3843 0.6700 -0.6352
vn 0.0836 0.9215 0.3792
vn -0.5050 0.3643 -0.7825
vn -0.0817 0.9954 0.0494
vn -0.7707 -0.5976 -0.2211
vn -0.3542 0.8189 0.4516
vn -0.0977 0.6628 -0.7424
vn -0.1249 0.5658 0.8150
vn -0.0514 0.5746 0.8168
vn -0.3188 0.6507 -0.6891
vn -0.0606 0.9051 0.4208
vn 0.1134 0.9437 0.3109
vn -0.0863 -0.7910 0.6057
vn -0.0323 0.8412 0.5397
vn 0.2658 0.3753 0.8880
vn -0.2243 0.9269 -0.3008
vn -0.1895 0.8550 -0.4828
vn -0.1059 0.9942 -0.0179
vn 0.0199 0.8500 0.5264
vn -0.6963 -0.5536 -0.4568
vn -0.1387 0.9713 -0.1930
vn -0.2741 0.8474 -0.4547
vn -0.2965 0.3322 0.8954
vn -0.1659 0.9142 -0.3698
vn -0.1115 0.9937 -0.0091
vn -0.5138 -0.8556 -0.0629
vn -0.1104 0.8125 0.5724
vn 0.0240 0.9518 0.3056
vn -0.0323 0.9958 0.0853
vn -0.0432 0.8289 0.5577
vn -0.0345 0.9574 -0.2865
vn -0.3897 -0.9194 0.0524
vn -0.5404 0.2719 -0.7963
vn -0.0720 0.8743 0.4800
vn -0.0253 0.9942 -0.1041
vn -0.1735 0.8101 -0.5601
vn -0.6755 -0.6972 0.2401
vn -0.1350 0.9296 -0.3431
vn -0.7682 -0.4501 -0.4553
vn 0.1083 0.7484 0.6543
vn -0.5959 -0.7575 -0.2666
vn -0.5058 -0.8545 -0.1182
vn -0.1642 0.8643 -0.4755
vn -0.2128 0.8265 -0.5211
vn -0.0122 0.9718 -0.2354
vn -0.1145 0.8336 -0.5403
vn -0.1154 0.8874 -0.4462
vn 0.0354 0.9688 0.2454
vn -0.1663 0.7995 -0.5772
vn 0.0000 0.0000 0.0000
vn -0.0067 0.8294 0.5586
vn -0.6140 -0.2059 -0.7620
vn -0.1733 0.7033 -0.6895
vn -0.4477 0.8848 -0.1294
vn -0.2714 0.9553 -0.1172
vn -0.4690 -0.0739 0.8801
vn -0.3928 -0.9119 -0.1194
vn -0.0821 0.9944 -0.0662
vn 0.0582 0.9584 -0.2796
vn -0.2104 0.5080 -0.8353
vn -0.6863 0.5139 -0.5146
vn -0.0166 0.9897 -0.1422
vn 0.0030 0.9060 0.4233
vn 0.0536 0.9134 0.4036
vn -0.0726 0.9654 -0.2507
vn -0.6448 -0.7406 0.1893
vn 0.0191 0.9998 0.0095
vn -0.3827 0.3353 -0.8609
vn -0.5505 -0.4969 -0.6709
vn 0.0068 0.9495 0.3135
vn 0.0818 0.9394 0.3330
vn -0.4073 -0.0003 0.9133
vn 0.0882 0.7895 0.6074
vn -0.4411 -0.8956 -0.0574
vn 0.1982 0.7159 -0.6695
vn -0.0782 0.9942 0.0731
vn -0.0653 0.8704 -0.4880
vn 0.0938 0.4463 0.8900
vn 0.0933 0.7993 0.5936
vn 0.0156 0.8011 0.5983
vn 0.0263 0.8549 0.5182
vn -0.0042 0.9929 0.1186
vn 0.0294 0.5844 0.8109
vn -0.5205 -0.7047 0.4822
vn 0.1868 0.9688 0.1630
vn 0.0303 0.8245 0.5650
vn 0.1102 0.6330 0.7663
vn 0.2004 0.9782 -0.0548
vn -0.1974 0.2461 0.9489
vn -0.5515 -0.7695 -0.3219
vn -0.4043 -0.8953 -0.1872
vn -0.0293 0.8840 -0.4666
vn -0.0317 0.8540 -0.5193
vn 0.0595 0.9899 0.1287
vn 0.0124 0.6114 0.7912
vn 0.0824 0.9695 0.2309
vn 0.1025 0.2819 0.9539
vn 0.0196 0.6477 0.7616
vn -0.1027 0.8201 -0.5629
vn -0.0475 0.9423 -0.3313
vn -0.0245 0.9140 -0.4049
vn -0.4454 -0.7805 -0.4386
vn -0.0383 0.9817 -0.1868
vn -0.3422 -0.4726 0.8122
vn -0.0144 0.8191 0.5735
vn 0.1255 0.9889 0.0793
vn -0.1126 0.6501 -0.7515
vn 0.0443 0.9982 0.0399
vn 0.2932 0.6316 0.7178
vn 0.0695 0.8907 0.4492
vn 0.0576 0.5871 0.8075
vn -0.6034 -0.7224 -0.3376
vn -0.1176 0.7812 -0.6131
vn -0.1908 0.5410 0.8191
vn 0.1055 0.7664 0.6337
vn 0.1086 0.9900 0.0896
vn -0.0082 0.8888 -0.4582
vn -0.3920 -0.9132 -0.1115
vn 0.1437 0.9185 -0.3683
vn -0.1914 0.4812 -0.8554
vn -0.4262 -0.4856 0.7632
vn -0.0863 -0.1747 -0.9808
vn 0.2225 0.9569 0.1867
vn -0.0285 0.9137 -0.4054
vn 0.1771 0.9198 -0.3501
vn 0.1211 0.7546 0.6450
vn -0.0094 0.9125 -0.4090
vn -0.0396 0.9947 -0.0952
vn 0.1023 0.7627 0.6386
vn 0.0458 0.9831 0.1774
vn -0.3105 -0.5236 0.7933
vn -0.1044 0.5802 -0.8077
vn 0.0705 0.9032 0.4233
vn 0.0969 0.8178 0.5672
vn 0.3458 0.4862 0.8025
vn -0.2437 -0.5413 0.8047
vn 0.1665 0.8364 0.5222
vn -0.5061 -0.8050 -0.3096
vn 0.3694 0.6670 0.6471
vn 0.1386 0.9881 0.0666
vn 0.0063 0.9699 -0.2434
vn -0.3746 -0.9269 0.0204
vn -0.5648 -0.8192 0.0996
vn 0.1680 0.9540 -0.2482
vn -0.0060 0.8954 -0.4452
vn 0.1415 0.5422 0.8282
vn -0.0041 0.8212 -0.5707
vn 0.1300 0.5611 0.8174
vn 0.3547 0.5868 0.7279
vn -0.7259 0.2294 -0.6484
vn 0.1158 0.9864 -0.1169
vn -0.0013 0.8723 -0.4889
vn 0.1210 0.9908 0.0605
vn 0.1832 0.2921 0.9387
vn -0.0802 0.4679 -0.8802
vn 0.1733 0.7542 0.6334
vn 0.3343 0.9388 0.0828
vn 0.3821 0.5933 0.7085
vn -0.0009 0.9727 -0.2320
vn -0.7260 -0.0447 -0.6862
vn 0.2465 0.5202 0.8177
vn 0.1975 0.8510 0.4866
vn 0.0000 0.0000 0.0000
vn -0.1525 0.5000 -0.8525
vn 0.2518 0.9422 0.2211
vn -0.5691 -0.5523 -0.6091
vn 0.0125 0.9715 -0.2368
vn -0.2401 -0.5201 0.8196
vn 0.0704 0.9975 0.0030
vn 0.1215 0.8732 0.4719
vn 0.0979 0.8367 -0.5389
vn 0.3550 0.9037 -0.2393
vn -0.3186 -0.9399 -0.1227
vn -0.0113 0.8317 -0.5551
vn -0.5747 -0.5601 -0.5967
vn 0.0130 0.7710 -0.6367
vn -0.6611 -0.7498 0.0273
vn 0.3066 0.5705 0.7619
vn 0.1523 0.9792 -0.1340
vn 0.3199 0.3993 0.8592
vn 0.1536 0.9511 -0.2680
vn -0.2590 -0.0217 -0.9656
vn 0.1137 0.9175 0.3810
vn 0.3758 0.6131 0.6948
vn 0.1412 0.9589 -0.2463
vn -0.0526 0.6255 -0.7784
vn 0.0253 0.8972 -0.4409
vn 0.0963 0.9243 -0.3694
vn 0.0342 0.8983 -0.4381
vn 0.4287 0.5716 0.6996
vn -0.0924 -0.1784 0.9796
vn 0.1491 0.9888 0.0012
vn 0.3695 0.9158 0.1576
vn 0.3695 0.9281 0.0462
vn 0.6936 0.6724 -0.2585
vn -0.1457 0.9542 -0.2611
vn 0.1794 0.7045 0.6867
vn 0.2288 0.9614 0.1530
vn 0.6899 0.7089 -0.1469
vn 0.5421 0.5497 0.6355
vn -0.2054 0.2580 -0.9441
vn 0.0482 -0.1677 0.9847
vn 0.2884 0.5852 0.7578
vn 0.0034 0.8297 -0.5582
vn 0.2583 0.9511 0.1693
vn 0.4984 0.6550 0.5679
vn 0.5706 0.6528 -0.4983
vn 0.1157 0.8231 -0.5560
vn 0.3848 0.3369 0.8593
vn 0.6628 0.7199 -0.2060
vn 0.0330 0.9028 -0.4287
vn 0.2688 0.9586 -0.0943
vn -0.7734 -0.6046 -0.1905
vn 0.2370 0.4306 0.8709
vn 0.0766 0.8997 0.4297
vn 0.1875 0.8055 0.5622
vn 0.2600 0.1377 0.9557
vn 0.7030 0.6338 -0.3227
vn 0.4004 0.5367 0.7427
vn 0.1110 0.9716 -0.2090
vn 0.3393 0.9403 0.0266
vn -0.3732 -0.9277 -0.0101
vn 0.3022 0.8055 0.5097
vn -0.2640 -0.9152 -0.3046
vn 0.3728 0.7080 0.5999
vn -0.0933 0.5661 -0.8191
vn 0.0246 0.8876 -0.4599
vn -0.3937 -0.9161 0.0754
vn -0.5900 -0.6119 0.5268
vn 0.5337 0.7682 -0.3535
vn 0.3202 0.9150 0.2453
vn 0.1356 0.8748 -0.4651
vn 0.6735 0.6958 0.2493
vn 0.1455 0.8597 -0.4896
vn 0.2714 0.5432 0.7946
vn 0.3957 0.8250 0.4034
vn 0.4700 0.5919 0.6548
vn -0.1645 0.4891 -0.8566
vn -0.7239 -0.6823 -0.1026
vn 0.3247 0.8259 0.4609
vn 0.0000 0.0000 0.0000
vn -0.0122 0.6697 -0.7425
vn 0.3404 0.6858 0.6432
vn 0.3987 0.8612 0.3152
vn 0.1316 0.8974 -0.4212
vn 0.3573 0.5679 0.7415
vn 0.3979 0.5989 0.6949
vn -0.0429 0.5060 -0.8614
vn 0.8093 0.5336 -0.2455
vn 0.2382 0.0863 0.9674
vn 0.5536 -0.0734 0.8296
vn 0.7197 0.6025 0.3449
vn 0.8103 0.5521 -0.1965
vn 0.0969 0.9550 0.2805
vn 0.4612 0.6052 0.6489
vn 0.3007 0.1941 0.9338
vn -0.4351 -0.8208 -0.3700
vn 0.2103 0.8939 -0.3959
vn 0.0018 0.8944 -0.4472
vn 0.3141 0.6845 0.6579
vn -0.3473 -0.9377 -0.0069
vn 0.0034 -0.4851 -0.8744
vn -0.5307 -0.8251 -0.1939
vn 0.0103 0.8818 0.4715
vn 0.2766 0.9518 -0.1324
vn 0.4195 0.8648 0.2760
vn -0.2369 -0.4436 0.8643
vn 0.3611 0.0965 0.9275
vn 0.4780 0.4228 0.7699
vn 0.2168 0.9227 -0.3189
vn 0.1133 0.6411 -0.7591
vn 0.2267 0.7000 -0.6772
vn -0.2132 0.4620 0.8609
vn 0.4004 0.5885 0.7024
vn 0.1663 0.8387 -0.5185
vn 0.2746 0.9281 0.2513
vn 0.5729 0.4622 0.6768
vn 0.1888 -0.0987 0.9770
vn -0.1658 -0.6357 -0.7540
vn -0.2865 -0.9256 -0.2472
vn 0.1633 0.8473 -0.5054
vn 0.5157 0.8113 0.2753
vn 0.2652 0.6656 -0.6976
vn 0.4061 0.8813 0.2415
vn 0.5496 0.7447 0.3787
vn -0.3414 -0.5877 -0.7335
vn 0.2511 0.9484 -0.1935
vn 0.2962 0.9493 0.1052
vn 0.3650 0.8077 -0.4630
vn 0.3868 0.5456 0.7435
vn -0.4534 -0.5546 -0.6978
vn 0.6339 0.6554 0.4106
vn 0.4300 0.3265 0.8417
vn 0.7184 0.6825 -0.1345
vn 0.0032 0.4643 -0.8857
vn 0.4198 0.6872 0.5929
vn 0.3169 0.8990 0.3022
vn 0.2873 0.8917 -0.3498
vn 0.3504 0.9259 0.1408
vn -0.3201 -0.9422 -0.0986
vn 0.3566 0.8759 0.3251
vn 0.2297 0.6875 -0.6889
vn 0.0282 -0.4727 0.8808
vn 0.4521 0.6498 0.6110
vn 0.1482 0.8177 -0.5562
vn 0.0994 0.8883 -0.4483
vn 0.3720 0.9040 0.2108
vn -0.3861 -0.9170 -0.1002
vn 0.4210 0.4677 0.7772
vn 0.4037 0.7595 0.5101
vn -0.2666 -0.0568 -0.9621
vn 0.3683 0.1922 0.9096
vn -0.3722 -0.9274 0.0390
vn -0.5673 -0.6903 -0.4490
vn 0.3764 0.5742 0.7271
vn 0.2678 0.7281 -0.6310
vn 0.1673 0.5130 -0.8419
vn -0.4751 0.1671 -0.8639
vn 0.1185 0.8720 -0.4749
vn 0.2306 0.9039 -0.3602
vn 0.3587 0.8698 0.3388
vn -0.1845 -0.9072 0.3782
vn 0.3942 0.9182 0.0390
vn 0.2307 0.1157 0.9661
vn 0.2565 0.6467 0.7183
vn -0.4052 -0.9086 0.1017
vn 0.3397 0.9218 -0.1866
vn -0.4338 -0.8759 -0.2112
vn 0.3571 0.6284 0.6911
vn -0.4626 -0.8850 0.0524
vn 0.1152 0.2997 -0.9471
vn 0.3524 0.9342 -0.0555
vn 0.4457 0.7386 0.5059
vn -0.4152 -0.8018 -0.4299
vn 0.3436 0.8820 0.3226
vn 0.4215 0.5221 0.7414
vn 0.4536 0.7672 0.4535
vn 0.2929 0.8684 -0.4001
vn 0.3890 0.1330 0.9116
vn 0.2793 0.8213 -0.4974
vn 0.1966 0.8281 -0.5250
vn 0.4011 0.2731 0.8744
vn -0.2155 -0.8908 -0.4000
vn 0.3092 0.8656 -0.3940
vn 0.4175 0.4591 0.7842
vn 0.2394 0.8289 -0.5056
vn 0.3883 0.8768 0.2835
vn 0.4259 0.9039 0.0403
vn 0.4430 0.5794 0.6842
vn 0.4628 0.0343 0.8858
vn 0.4950 0.7744 0.3942
vn 0.1799 0.2833 -0.9420
vn 0.4730 0.8401 -0.2654
vn 0.2214 0.7979 -0.5607
vn 0.4252 0.8818 0.2041
vn 0.2436 0.8205 -0.5171
vn 0.4144 0.5087 0.7547
vn 0.2851 0.7006 -0.6541
vn 0.2208 0.8451 -0.4868
vn 0.4464 0.8907 0.0858
vn 0.4496 0.3721 0.8120
vn -0.4679 -0.8831 -0.0359
vn 0.1749 -0.7748 0.6075
vn 0.4424 0.7920 -0.4208
vn 0.4600 0.8304 0.3146
vn 0.4697 0.8529 0.2281
vn 0.4533 0.6649 0.5937
vn 0.4252 0.8931 0.1470
vn -0.3354 -0.9065 -0.2564
vn 0.4667 0.8575 -0.2164
vn 0.4405 0.5368 0.7196
vn 0.3736 0.8652 -0.3344
vn 0.0932 0.0361 -0.9950
vn -0.1717 -0.9719 -0.1612
vn -0.2227 -0.9730 0.0604
vn 0.4759 0.6615 0.5796
vn 0.4528 0.4433 0.7736
vn 0.4286 0.4325 0.7932
vn -0.2482 -0.9572 -0.1490
vn 0.0000 0.0000 0.0000
vn 0.0000 0.0000 0.0000
vn 0.5425 0.0484 0.8387
vn 0.2988 0.8561 -0.4218
vn 0.4579 0.5244 0.7178
vn 0.4239 0.6649 0.6150
vn 0.3028 0.8292 -0.4698
vn 0.3837 -0.9015 0.2001
vn 0.4386 0.8648 0.2446
vn 0.0790 0.0448 -0.9959
vn 0.3056 0.7525 -0.5834
vn 0.4542 0.2916 0.8418
vn 0.3183 0.8067 -0.4979
vn 0.4574 0.8865 0.0697
vn 0.4979 0.4495 0.7417
vn -0.4235 -0.9054 0.0288
vn 0.5346 0.6795 0.5024
vn 0.5221 0.5823 0.6231
vn 0.2187 0.4273 -0.8772
vn 0.2888 0.6577 -0.6957
vn 0.4953 0.8380 -0.2292
vn 0.3814 0.8573 -0.3458
vn 0.4379 0.8984 -0.0351
vn 0.6666 0.0436 0.7441
vn 0.4833 0.4550 0.7480
vn 0.0966 0.0340 -0.9947
vn -0.3547 -0.9350 -0.0069
vn 0.3196 0.8313 -0.4547
vn 0.1887 -0.4016 0.8961
vn 0.4895 0.8592 0.1487
vn 0.3424 0.3904 -0.8546
vn 0.4621 0.6746 -0.5756
vn 0.5390 0.6890 0.4845
vn 0.4627 0.8353 0.2970
vn 0.5119 0.4843 0.7095
vn 0.5398 0.7310 0.4175
vn 0.3329 0.8428 -0.4229
vn -0.3446 -0.9385 0.0218
vn 0.5099 0.6118 0.6047
vn 0.4380 0.8877 0.1417
vn 0.3698 0.6740 -0.6395
vn -0.4167 -0.8641 -0.2824
vn 0.4235 0.7199 -0.5499
vn 0.5576 0.7976 -0.2300
vn 0.5179 0.7640 0.3847
vn 0.5592 0.8281 0.0406
vn 0.5194 0.7402 0.4271
vn 0.5140 0.7910 -0.3317
vn 0.3944 0.7234 -0.5667
vn 0.2604 0.1874 -0.9471
vn 0.4599 0.4205 -0.7821
vn 0.5608 0.2482 0.7899
vn -0.4461 -0.6574 -0.6073
vn 0.6222 0.5403 0.5666
vn 0.4535 0.8240 -0.3397
vn 0.5799 0.7387 0.3435
vn -0.3573 -0.9338 0.0173
vn 0.6419 0.6923 0.3298
vn 0.3975 0.7221 -0.5661
vn 0.5563 0.5939 0.5812
vn -0.0094 -0.1752 0.9845
vn 0.4911 0.8439 -0.2161
vn 0.6196 0.3396 0.7077
vn -0.2340 -0.9682 -0.0883
vn 0.4998 0.8582 0.1167
vn 0.4014 0.8713 -0.2824
vn 0.4028 0.7731 -0.4899
vn 0.5012 0.3859 0.7745
vn 0.4730 0.8589 0.1966
vn 0.5480 0.4577 0.7001
vn 0.3665 0.0866 0.9264
vn 0.4667 -0.4582 0.7564
vn 0.5633 0.7585 -0.3277
vn -0.3321 -0.8393 -0.4305
vn -0.1167 -0.9057 -0.4075
vn 0.5957 0.7509 0.2850
vn 0.5908 0.6792 0.4355
vn 0.5790 0.6287 0.5192
vn 0.5555 0.2894 0.7795
vn 0.3949 0.7053 -0.5888
vn 0.5928 0.4687 0.6549
vn 0.4021 0.4758 -0.7823
vn 0.5361 0.8421 0.0588
vn 0.4638 0.5427 -0.7003
vn 0.6279 0.6764 0.3850
vn 0.5423 0.8281 0.1418
vn 0.6154 0.6112 0.4977
vn -0.2368 -0.9713 -0.0209
vn 0.5690 0.7821 -0.2542
vn 0.5708 0.8119 0.1227
vn 0.1296 -0.9899 -0.0567
vn 0.5703 0.8212 -0.0182
vn -0.3610 -0.9276 -0.0960
vn 0.5872 0.7160 0.3776
vn 0.5355 0.7438 -0.3999
vn -0.2187 -0.9742 -0.0558
vn 0.5515 0.8102 -0.1986
vn 0.4676 0.3535 -0.8102
vn 0.5844 0.7930 0.1720
vn 0.5221 0.7776 -0.3504
vn 0.4394 0.7317 -0.5211
vn 0.5010 0.7628 -0.4087
vn 0.6258 0.5873 0.5133
vn -0.2168 -0.9762 0.0110
vn -0.2056 -0.9519 -0.2270
vn 0.6740 0.2280 0.7026
vn 0.5178 0.8230 -0.2338
vn 0.5472 0.4461 -0.7082
vn 0.5632 0.7078 -0.4264
vn 0.6670 0.6554 -0.3543
vn 0.6066 0.6740 0.4217
vn 0.4219 0.7280 -0.5404
vn 0.0544 -0.9985 -0.0096
vn 0.5952 0.4518 0.6646
vn 0.3612 0.3175 -0.8768
vn -0.3046 -0.9161 -0.2606
vn 0.5757 0.8160 0.0511
vn -0.2602 -0.9384 -0.2274
vn 0.5471 0.4060 -0.7320
vn 0.6209 0.7406 -0.2569
vn 0.5427 0.7701 -0.3351
vn 0.5570 0.0820 0.8265
vn 0.6242 0.6564 -0.4237
vn 0.6238 0.6951 0.3574
vn 0.5860 0.8051 -0.0919
vn 0.3607 0.6828 -0.6353
vn 0.6078 0.7815 0.1409
vn 0.3956 -0.7107 0.5818
vn 0.5875 0.8083 -0.0375
vn 0.5659 0.7938 -0.2228
vn -0.1417 -0.9320 -0.3336
vn 0.2759 -0.9606 -0.0329
vn 0.6523 0.6591 0.3743
vn 0.6670 0.5567 0.4952
vn 0.5066 0.7091 -0.4905
vn 0.5294 0.7596 -0.3777
vn 0.6151 0.4642 -0.6373
vn 0.5260 0.7494 -0.4022
vn 0.5458 0.7738 -0.3214
vn 0.5074 0.7299 -0.4580
vn 0.6117 0.2816 0.7393
vn 0.6553 0.4594 0.5997
vn 0.5697 0.3854 -0.7258
vn 0.6161 0.7526 -0.2323
vn 0.7166 0.4815 -0.5046
vn 0.2830 -0.8715 0.4005
vn -0.3380 -0.9366 -0.0928
vn 0.6347 0.5036 0.5861
vn 0.6269 0.3135 0.7132
vn 0.6361 0.5906 0.4965
vn 0.6362 0.7393 0.2206
vn 0.6784 0.3254 0.6587
vn 0.5811 0.7802 0.2314
vn 0.6359 0.7690 0.0654
vn 0.6259 0.6385 -0.4479
vn -0.2773 -0.9377 -0.2096
vn 0.6121 0.3494 0.7094
vn 0.6466 0.7597 -0.0699
vn 0.6429 0.6816 -0.3494
vn 0.4473 0.8568 -0.2565
vn 0.6617 0.6943 0.2831
vn -0.3576 -0.9174 -0.1744
vn 0.5638 0.6190 0.5467
vn 0.6392 0.6969 -0.3251
vn -0.3411 -0.9314 -0.1268
vn 0.6673 0.5099 0.5429
vn 0.5547 0.6457 0.5248
vn 0.5988 0.7047 -0.3807
vn 0.7032 0.3932 0.5924
vn 0.6790 0.1149 0.7251
vn 0.5626 0.7959 -0.2236
vn 0.5991 0.6690 -0.4398
vn -0.2038 -0.9790 0.0077
vn -0.3399 -0.9324 -0.1226
vn -0.1155 -0.9061 0.4070
vn 0.6364 0.4111 -0.6526
vn -0.3211 -0.9451 -0.0608
vn 0.6339 0.6395 0.4350
vn 0.6105 0.6908 0.3875
vn 0.6404 0.6665 0.3817
vn 0.6589 0.7201 0.2175
vn 0.6818 0.7006 -0.2106
vn 0.6609 0.6526 0.3706
vn 0.6647 0.7426 0.0820
vn 0.6569 0.6422 0.3951
vn -0.3463 -0.9362 -0.0602
vn -0.0063 -0.9996 0.0288
vn 0.6906 0.5103 0.5125
vn 0.7268 0.4106 0.5506
vn 0.3455 -0.7862 0.5124
vn 0.4450 0.5902 -0.6735
vn 0.6285 0.6590 -0.4132
vn 0.7924 0.3047 -0.5285
vn 0.6246 0.7295 -0.2789
vn 0.0815 -0.9897 -0.1174
vn -0.2370 -0.9712 -0.0246
vn 0.7504 0.4554 0.4792
vn 0.7009 0.3813 -0.6028
vn 0.3123 -0.9375 -0.1535
vn 0.6775 0.7178 0.1602
vn 0.7474 0.6200 0.2387
vn 0.6811 0.7054 -0.1961
vn 0.7442 0.6206 0.2472
vn 0.6717 0.7318 -0.1158
vn 0.7138 0.1203 0.6899
vn 0.6690 0.3138 0.6738
vn 0.7173 0.6240 0.3100
vn 0.7573 0.6298 0.1724
vn 0.6898 0.7239 -0.0150
vn 0.3414 -0.7780 -0.5274
vn 0.7227 0.2081 0.6591
vn 0.6848 0.3589 -0.6342
vn 0.1446 -0.9785 0.1468
vn -0.3826 -0.9188 0.0968
vn 0.7589 0.5174 0.3954
vn 0.3963 -0.9177 0.0281
vn -0.3466 -0.9218 -0.1736
vn 0.7053 0.6321 -0.3211
vn 0.6824 0.7306 0.0251
vn 0.7240 0.5845 0.3664
vn 0.6631 0.5738 -0.4808
vn 0.5928 0.1958 -0.7812
vn 0.7719 0.6346 -0.0374
vn 0.6857 0.6343 -0.3570
vn 0.0000 0.0000 0.0000
vn 0.7340 0.6675 0.1251
vn -0.4877 -0.8565 0.1692
vn 0.7390 0.6551 -0.1572
vn 0.7762 -0.2491 0.5792
vn 0.7097 0.6334 -0.3084
vn 0.7492 0.6329 -0.1952
vn 0.7558 0.5985 0.2657
vn 0.7174 0.3712 -0.5896
vn 0.7467 0.6644 -0.0332
vn -0.1032 -0.9946 0.0139
vn 0.7802 0.4182 0.4651
vn 0.7276 0.3311 0.6008
vn 0.8030 0.4918 0.3365
vn 0.7576 0.4122 0.5061
vn 0.7301 0.4781 -0.4882
vn 0.7957 0.4447 0.4113
vn 0.7973 0.2158 -0.5636
vn -0.1126 -0.9894 0.0917
vn 0.7329 0.6377 -0.2370
vn 0.7803 0.6149 -0.1143
vn 0.8077 -0.3273 0.4904
vn 0.7167 0.4919 -0.4943
vn 0.8117 0.4840 0.3270
vn -0.2405 -0.9700 -0.0356
vn 0.8578 -0.0044 -0.5139
vn 0.7879 0.3366 0.5157
vn 0.7705 0.6371 0.0207
vn -0.1661 -0.9860 -0.0159
vn 0.7650 0.4017 -0.5033
vn 0.8296 0.3912 0.3985
vn 0.8249 -0.3647 0.4319
vn 0.7507 0.5920 0.2932
vn 0.0000 0.0000 0.0000
vn 0.7492 0.6146 0.2467
vn 0.8086 0.1440 -0.5704
vn 0.3754 -0.9197 0.1152
vn 0.7331 0.2828 0.6186
vn 0.8132 0.4454 0.3746
vn 0.7436 0.4186 -0.5215
vn 0.8280 -0.3055 0.4702
vn -0.3113 -0.9490 -0.0490
vn 0.8024 0.3841 -0.4568
vn 0.8006 0.0281 -0.5986
vn 0.7586 0.6474 -0.0733
vn 0.7903 0.5770 -0.2059
vn 0.8254 0.5598 0.0725
vn 0.7700 0.5487 -0.3256
vn 0.6089 -0.7568 -0.2378
vn 0.8130 0.5811 0.0368
vn 0.7944 -0.3497 -0.4966
vn 0.8384 0.5183 0.1685
vn 0.8083 0.4921 0.3232
vn 0.8545 0.4352 -0.2836
vn 0.8835 -0.0188 0.4681
vn 0.5431 -0.7876 0.2909
vn 0.8700 0.2598 -0.4191
vn -0.2475 -0.9683 0.0332
vn -0.0370 -0.9234 -0.3821
vn 0.8006 0.5378 -0.2643
vn 0.8305 0.3880 0.3996
vn 0.8272 0.4999 0.2564
vn 0.8316 0.3690 0.4151
vn 0.7972 0.5565 0.2340
vn -0.3398 -0.9376 -0.0741
vn 0.7087 -0.3952 -0.5845
vn 0.8314 0.5557 0.0002
vn -0.0948 -0.9915 -0.0886
vn 0.8164 0.5482 0.1816
vn 0.8588 0.3060 -0.4108
vn 0.8634 0.3042 -0.4024
vn 0.7997 0.5258 0.2900
vn 0.8823 0.2821 0.3769
vn 0.3448 -0.6926 -0.6336
vn 0.8268 0.5549 -0.0920
vn -0.1983 -0.9439 -0.2643
vn 0.8411 0.4133 0.3490
vn 0.7819 0.6052 -0.1495
vn 0.8280 -0.1972 0.5249
vn 0.8230 0.5675 -0.0264
vn 0.4592 -0.7488 -0.4779
vn 0.9189 0.1633 -0.3592
vn 0.8458 -0.3975 -0.3557
vn 0.8433 0.4543 0.2871
vn 0.8153 0.5320 -0.2287
vn -0.2951 -0.9534 -0.0633
vn 0.8330 0.4125 0.3687
vn 0.8745 0.3757 -0.3068
vn 0.4037 -0.8978 0.1758
vn 0.8376 0.4928 0.2357
vn 0.7988 -0.5170 -0.3078
vn 0.7803 0.3624 0.5096
vn 0.5527 -0.8297 -0.0775
vn 0.9379 -0.0612 -0.3414
vn 0.8461 0.5266 -0.0820
vn 0.8413 0.3842 0.3803
vn -0.3160 -0.9475 0.0497
vn 0.8713 0.3482 -0.3458
vn 0.8458 0.4637 -0.2638
vn -0.3003 -0.9515 0.0667
vn 0.7917 -0.5520 -0.2618
vn 0.8230 0.5353 -0.1900
vn 0.9138 0.1996 -0.3538
vn 0.7850 -0.5527 -0.2798
vn 0.8461 0.5256 -0.0888
vn 0.8688 0.4383 0.2304
vn 0.9499 0.1383 -0.2805
vn 0.8138 0.5809 0.0179
vn 0.9403 0.0324 -0.3388
vn 0.8549 0.5136 0.0732
vn -0.2042 -0.9729 0.1081
vn -0.0723 -0.9974 -0.0029
vn 0.8375 -0.4493 -0.3112
vn 0.3121 -0.9435 0.1115
vn 0.7819 -0.5046 0.3661
vn 0.8578 0.4793 0.1856
vn 0.6576 0.7534 -0.0044
vn 0.8659 0.4632 0.1889
vn 0.0337 -0.9988 0.0355
vn 0.9300 0.1797 -0.3206
vn 0.8274 0.3824 0.4113
vn 0.8312 0.3910 0.3952
vn 0.2130 -0.9499 0.2289
vn 0.8914 0.4058 -0.2020
vn 0.9539 0.0427 -0.2970
vn 0.8975 0.4253 -0.1163
vn 0.1140 -0.9934 -0.0085
vn -0.1836 -0.9829 0.0105
vn 0.9386 0.2217 -0.2643
vn 0.8448 0.4034 0.3514
vn 0.8836 0.4674 -0.0272
vn 0.9510 0.0529 -0.3045
vn -0.0851 -0.9932 0.0797
vn 0.7099 0.6716 -0.2123
vn 0.8840 0.4162 0.2128
vn 0.8992 0.4345 0.0515
vn 0.8998 0.4181 -0.1248
vn 0.8700 0.4151 0.2660
vn -0.1091 -0.9897 0.0924
vn 0.7587 -0.4627 0.4586
vn 0.8977 0.4131 0.1529
vn 0.7194 -0.6750 -0.1638
vn 0.8725 0.4886 -0.0076
vn 0.9409 0.3280 -0.0848
vn 0.8979 0.4161 0.1436
vn 0.9351 0.2730 -0.2261
vn -0.3085 -0.9507 0.0308
vn 0.8965 -0.0328 0.4418
vn 0.1258 -0.9781 0.1658
vn 0.0000 0.0000 0.0000
vn 0.1791 -0.9512 0.2514
vn 0.6851 -0.7227 -0.0915
vn 0.9028 0.4238 0.0735
vn 0.8877 0.4322 0.1585
vn 0.8778 0.4785 0.0232
vn 0.4395 -0.8962 0.0609
vn 0.8825 0.4000 0.2474
vn 0.2639 -0.9561 0.1275
vn 0.1827 -0.9814 -0.0586
vn 0.9599 -0.0093 0.2801
vn 0.9017 -0.4291 0.0522
vn -0.0318 -0.9995 -0.0090
vn 0.9401 0.2685 -0.2101
vn 0.9186 0.3696 0.1401
vn -0.0118 -0.9952 -0.0966
vn 0.1955 -0.9469 -0.2552
vn 0.9193 0.3781 -0.1087
vn 0.8339 -0.4653 0.2969
vn 0.9275 0.3390 0.1574
vn 0.3622 -0.8920 -0.2703
vn 0.0000 0.0000 0.0000
vn 0.3742 -0.9019 -0.2158
vn 0.8274 -0.4419 -0.3466
vn -0.0176 -0.9929 0.1174
vn 0.9566 0.2290 -0.1802
vn 0.8699 -0.4169 0.2634
vn 0.8207 -0.5573 0.1258
vn 0.2799 -0.9139 0.2941
vn 0.0000 0.0000 0.0000
vn 0.0000 0.0000 0.0000
vn 0.4313 -0.5486 -0.7162
vn 0.0372 -0.9980 -0.0504
vn 0.7585 -0.6193 -0.2028
vn 0.9508 -0.1921 0.2432
vn 0.9207 0.3806 0.0863
vn 0.9301 -0.3334 0.1543
vn 0.2063 -0.9705 0.1244
vn 0.8029 -0.5622 -0.1983
vn 0.7796 -0.6246 -0.0453
vn 0.8000 -0.5975 -0.0544
vn 0.9669 -0.2468 -0.0646
vn 0.9693 0.2059 -0.1346
vn 0.9732 -0.2089 -0.0963
vn 0.9924 0.0653 0.1047
vn 0.9754 0.2198 -0.0160
vn 0.9774 0.2105 -0.0199
vn 0.9869 0.1391 -0.0812
vn 0.7852 -0.6043 0.1353
f 449//449 477//477 502//502
f 652//652 669//669 650//650
f 817//817 747//747 815//815
f 834//834 829//829 815//815
f 889//889 924//924 886//886
f 844//844 682//682 870//870
f 694//694 740//740 724//724
f 705//705 759//759 762//762
f 168//168 195//195 225//225
f 228//228 211//211 247//247
f 13//13 19//19 28//28
f 928//928 897//897 882//882
f 687//687 680//680 699//699
f 687//687 645//645 680//680
f 808//808 862//862 802//802
f 131//131 243//243 146//146
f 910//910 882//882 869//869
f 511//511 467//467 449//449
f 462//462 438//438 456//456
f 455//455 467//467 511//511
f 455//455 408//408 449//449
f 367//367 342//342 456//456
f 376//376 367//367 456//456
f 449//449 467//467 455//455
f 360//360 379//379 418//418
f 418//418 379//379 408//408
f 508//508 418//418 408//408
f 508//508 445//445 418//418
f 377//377 338//338 389//389
f 389//389 338//338 348//348
f 360//360 345//345 277//277
f 353//353 277//277 296//296
f 345//345 294//294 282//282
f 345//345 347//347 294//294
f 265//265 342//342 283//283
f 342//342 265//265 225//225
f 342//342 225//225 301//301
f 345//345 282//282 277//277
f 282//282 294//294 222//222
f 297//297 294//294 310//310
f 297//297 208//208 294//294
f 353//353 360//360 277//277
f 383//383 402//402 389//389
f 383//383 389//389 357//357
f 568//568 456//456 652//652
f 579//579 581//581 573//573
f 590//590 560//560 492//492
f 560//560 544//544 408//408
f 646//646 593//593 560//560
f 560//560 593//593 577//577
f 649//649 650//650 630//630
f 700//700 630//630 650//650
f 724//724 719//719 700//700
f 692//692 593//593 646//646
f 657//657 692//692 646//646
f 630//630 684//684 657//657
f 684//684 630//630 730//730
f 620//620 652//652 533//533
f 657//657 590//590 602//602
f 544//544 508//508 408//408
f 544//544 576//576 508//508
f 593//593 576//576 577//577
f 576//576 544//544 577//577
f 489//489 535//535 514//514
f 489//489 514//514 473//473
f 528//528 495//495 454//454
f 524//524 495//495 528//528
f 528//528 454//454 446//446
f 575//575 524//524 528//528
f 548//548 570//570 528//528
f 648//648 659//659 613//613
f 692//692 659//659 648//648
f 659//659 726//726 641//641
f 638//638 617//617 596//596
f 638//638 681//681 656//656
f 603//603 593//593 648//648
f 617//617 595//595 596//596
f 596//596 575//575 570//570
f 570//570 575//575 528//528
f 508//508 535//535 489//489
f 613//613 596//596 584//584
f 456//456 533//533 652//652
f 527//527 512//512 635//635
f 473//473 434//434 445//445
f 301//301 225//225 317//317
f 317//317 533//533 456//456
f 225//225 195//195 317//317
f 317//317 527//527 533//533
f 527//527 317//317 512//512
f 473//473 445//445 489//489
f 317//317 427//427 512//512
f 511//511 523//523 538//538
f 446//446 413//413 402//402
f 784//784 815//815 730//730
f 858//858 795//795 839//839
f 817//817 815//815 829//829
f 817//817 863//863 841//841
f 817//817 841//841 814//814
f 814//814 819//819 775//775
f 798//798 761//761 793//793
f 865//865 875//875 863//863
f 865//865 889//889 875//875
f 891//891 839//839 844//844
f 932//932 889//889 923//923
f 932//932 942//942 950//950
f 870//870 860//860 914//914
f 923//923 942//942 932//932
f 942//942 916//916 870//870
f 889//889 841//841 863//863
f 841//841 855//855 793//793
f 889//889 886//886 879//879
f 889//889 855//855 841//841
f 879//879 886//886 855//855
f 793//793 816//816 798//798
f 826//826 855//855 866//866
f 835//835 786//786 785//785
f 855//855 826//826 816//816
f 835//835 785//785 826//826
f 886//886 940//940 908//908
f 874//874 866//866 886//886
f 866//866 854//854 826//826
f 855//855 816//816 793//793
f 864//864 855//855 886//886
f 747//747 817//817 767//767
f 865//865 863//863 817//817
f 863//863 875//875 889//889
f 753//753 740//740 768//768
f 795//795 635//635 844//844
f 720//720 726//726 692//692
f 747//747 720//720 692//692
f 726//726 741//741 728//728
f 744//744 741//741 726//726
f 712//712 689//689 665//665
f 689//689 655//655 665//665
f 655//655 611//611 665//665
f 728//728 744//744 766//766
f 689//689 711//711 663//663
f 681//681 728//728 665//665
f 711//711 689//689 712//712
f 763//763 728//728 766//766
f 756//756 785//785 758//758
f 798//798 756//756 761//761
f 728//728 763//763 745//745
f 231//231 427//427 317//317
f 682//682 844//844 635//635
f 870//870 831//831 860//860
f 785//785 798//798 826//826
f 831//831 870//870 682//682
f 635//635 427//427 421//421
f 635//635 421//421 525//525
f 748//748 724//724 740//740
f 620//620 635//635 795//795
f 620//620 533//533 527//527
f 527//527 635//635 620//620
f 692//692 726//726 659//659
f 726//726 681//681 638//638
f 681//681 665//665 656//656
f 735//735 727//727 784//784
f 766//766 793//793 763//763
f 239//239 286//286 328//328
f 355//355 328//328 314//314
f 278//278 328//328 285//285
f 328//328 279//279 285//285
f 285//285 229//229 278//278
f 532//532 536//536 509//509
f 550//550 536//536 532//532
f 532//532 503//503 495//495
f 454//454 399//399 396//396
f 454//454 436//436 405//405
f 454//454 405//405 399//399
f 436//436 454//454 495//495
f 399//399 405//405 396//396
f 468//468 436//436 476//476
f 333//333 279//279 328//328
f 439//439 336//336 333//333
f 336//336 309//309 333//333
f 459//459 443//443 532//532
f 520//520 483//483 509//509
f 534//534 483//483 520//520
f 483//483 453//453 484//484
f 483//483 451//451 439//439
f 424//424 414//414 336//336
f 414//414 309//309 336//336
f 439//439 424//424 336//336
f 333//333 396//396 415//415
f 414//414 332//332 263//263
f 382//382 332//332 414//414
f 435//435 382//382 414//414
f 503//503 491//491 495//495
f 532//532 491//491 503//503
f 711//711 702//702 663//663
f 614//614 623//623 550//550
f 636//636 623//623 663//663
f 550//550 564//564 534//534
f 612//612 564//564 623//623
f 761//761 702//702 711//711
f 702//702 756//756 758//758
f 739//739 702//702 758//758
f 702//702 634//634 672//672
f 612//612 587//587 564//564
f 565//565 546//546 564//564
f 587//587 565//565 564//564
f 654//654 612//612 634//634
f 587//587 612//612 647//647
f 654//654 647//647 612//612
f 654//654 634//634 702//702
f 623//623 564//564 550//550
f 483//483 500//500 465//465
f 546//546 534//534 564//564
f 496//496 500//500 534//534
f 500//500 483//483 534//534
f 430//430 417//417 465//465
f 404//404 392//392 430//430
f 364//364 392//392 404//404
f 364//364 356//356 392//392
f 506//506 475//475 430//430
f 404//404 430//430 475//475
f 567//567 506//506 554//554
f 567//567 554//554 565//565
f 567//567 498//498 506//506
f 352//352 364//364 404//404
f 404//404 498//498 397//397
f 404//404 506//506 498//498
f 364//364 305//305 322//322
f 759//759 702//702 739//739
f 759//759 739//739 785//785
f 785//785 786//786 779//779
f 779//779 759//759 785//785
f 759//759 729//729 702//702
f 759//759 779//779 786//786
f 759//759 705//705 731//731
f 705//705 668//668 664//664
f 705//705 664//664 677//677
f 871//871 837//837 866//866
f 866//866 804//804 810//810
f 837//837 804//804 866//866
f 804//804 762//762 778//778
f 778//778 759//759 786//786
f 661//661 668//668 705//705
f 729//729 677//677 654//654
f 608//608 664//664 643//643
f 668//668 661//661 643//643
f 567//567 559//559 498//498
f 643//643 661//661 559//559
f 420//420 397//397 498//498
f 592//592 522//522 661//661
f 624//624 601//601 661//661
f 601//601 522//522 592//592
f 592//592 661//661 601//601
f 601//601 531//531 547//547
f 531//531 411//411 464//464
f 531//531 486//486 411//411
f 559//559 522//522 498//498
f 531//531 487//487 522//522
f 601//601 526//526 531//531
f 522//522 547//547 531//531
f 587//587 567//567 565//565
f 655//655 614//614 611//611
f 222//222 193//193 225//225
f 222//222 208//208 183//183
f 208//208 188//188 183//183
f 208//208 239//239 214//214
f 188//188 173//173 183//183
f 168//168 139//139 195//195
f 139//139 108//108 195//195
f 195//195 231//231 317//317
f 213//213 285//285 279//279
f 285//285 213//213 229//229
f 229//229 213//213 186//186
f 186//186 184//184 229//229
f 213//213 180//180 160//160
f 117//117 105//105 104//104
f 108//108 101//101 113//113
f 186//186 159//159 105//105
f 117//117 155//155 105//105
f 160//160 105//105 159//159
f 94//94 111//111 98//98
f 160//160 134//134 111//111
f 177//177 170//170 105//105
f 94//94 105//105 111//111
f 250//250 213//213 279//279
f 250//250 233//233 226//226
f 180//180 213//213 226//226
f 262//262 233//233 250//250
f 113//113 80//80 143//143
f 80//80 71//71 143//143
f 233//233 144//144 180//180
f 134//134 160//160 144//144
f 111//111 134//134 144//144
f 111//111 144//144 84//84
f 262//262 263//263 210//210
f 84//84 144//144 121//121
f 175//175 144//144 210//210
f 147//147 144//144 175//175
f 332//332 269//269 263//263
f 201//201 198//198 210//210
f 211//211 227//227 247//247
f 295//295 247//247 227//227
f 329//329 269//269 332//332
f 227//227 269//269 295//295
f 187//187 178//178 228//228
f 57//57 71//71 80//80
f 82//82 143//143 71//71
f 75//75 47//47 84//84
f 58//58 84//84 50//50
f 71//71 42//42 82//82
f 57//57 42//42 71//71
f 41//41 38//38 42//42
f 143//143 93//93 195//195
f 82//82 42//42 93//93
f 93//93 64//64 195//195
f 64//64 93//93 20//20
f 93//93 38//38 20//20
f 75//75 43//43 47//47
f 75//75 44//44 43//43
f 121//121 44//44 75//75
f 99//99 121//121 75//75
f 115//115 88//88 121//121
f 121//121 88//88 87//87
f 87//87 88//88 44//44
f 115//115 86//86 88//88
f 44//44 26//26 35//35
f 32//32 31//31 38//38
f 38//38 31//31 20//20
f 88//88 86//86 26//26
f 44//44 88//88 26//26
f 86//86 65//65 26//26
f 111//111 90//90 98//98
f 143//143 82//82 93//93
f 231//231 195//195 154//154
f 231//231 154//154 427//427
f 293//293 284//284 305//305
f 295//295 284//284 247//247
f 224//224 165//165 228//228
f 224//224 275//275 165//165
f 217//217 203//203 266//266
f 217//217 138//138 165//165
f 228//228 165//165 187//187
f 203//203 217//217 165//165
f 307//307 352//352 404//404
f 281//281 307//307 217//217
f 281//281 217//217 266//266
f 397//397 339//339 404//404
f 339//339 307//307 404//404
f 307//307 281//281 352//352
f 305//305 352//352 266//266
f 352//352 281//281 266//266
f 266//266 203//203 275//275
f 138//138 115//115 165//165
f 195//195 83//83 154//154
f 64//64 83//83 195//195
f 138//138 137//137 115//115
f 217//217 137//137 138//138
f 137//137 106//106 92//92
f 115//115 137//137 92//92
f 115//115 92//92 86//86
f 15//15 26//26 17//17
f 64//64 15//15 83//83
f 15//15 10//10 22//22
f 15//15 22//22 83//83
f 65//65 61//61 26//26
f 86//86 92//92 65//65
f 26//26 56//56 28//28
f 56//56 61//61 92//92
f 56//56 13//13 28//28
f 61//61 56//56 26//26
f 163//163 137//137 217//217
f 163//163 132//132 140//140
f 83//83 52//52 36//36
f 52//52 22//22 36//36
f 107//107 97//97 67//67
f 132//132 106//106 137//137
f 67//67 92//92 107//107
f 163//163 97//97 107//107
f 154//154 191//191 427//427
f 95//95 191//191 154//154
f 339//339 327//327 307//307
f 339//339 350//350 327//327
f 327//327 234//234 217//217
f 340//340 264//264 302//302
f 340//340 323//323 324//324
f 419//419 387//387 366//366
f 384//384 366//366 340//340
f 366//366 323//323 340//340
f 380//380 358//358 378//378
f 384//384 340//340 358//358
f 419//419 366//366 384//384
f 299//299 264//264 340//340
f 324//324 299//299 340//340
f 378//378 411//411 380//380
f 154//154 83//83 95//95
f 95//95 136//136 191//191
f 215//215 163//163 220//220
f 97//97 163//163 153//153
f 215//215 237//237 153//153
f 83//83 36//36 95//95
f 72//72 46//46 67//67
f 103//103 67//67 97//97
f 234//234 197//197 217//217
f 220//220 163//163 197//197
f 11//11 4//4 22//22
f 6//6 22//22 4//4
f 11//11 13//13 4//4
f 6//6 36//36 22//22
f 67//67 45//45 13//13
f 36//36 12//12 18//18
f 12//12 29//29 23//23
f 18//18 12//12 23//23
f 46//46 12//12 45//45
f 12//12 46//46 53//53
f 29//29 72//72 68//68
f 29//29 12//12 72//72
f 96//96 55//55 62//62
f 37//37 49//49 54//54
f 59//59 49//49 37//37
f 59//59 37//37 40//40
f 48//48 55//55 37//37
f 73//73 40//40 60//60
f 145//145 165//165 115//115
f 46//46 45//45 67//67
f 95//95 18//18 96//96
f 95//95 36//36 18//18
f 914//914 935//935 970//970
f 966//966 956//956 959//959
f 935//935 914//914 860//860
f 935//935 860//860 949//949
f 978//978 935//935 949//949
f 949//949 930//930 964//964
f 860//860 930//930 949//949
f 949//949 964//964 986//986
f 986//986 966//966 978//978
f 908//908 918//918 892//892
f 892//892 918//918 866//866
f 918//918 943//943 912//912
f 912//912 869//869 887//887
f 919//919 910//910 912//912
f 918//918 912//912 871//871
f 966//966 987//987 956//956
f 995//995 993//993 987//987
f 996//996 997//997 987//987
f 997//997 969//969 987//987
f 938//938 936//936 910//910
f 945//945 955//955 957//957
f 955//955 945//945 946//946
f 994//994 969//969 998//998
f 994//994 984//984 977//977
f 965//965 969//969 977//977
f 957//957 969//969 945//945
f 940//940 959//959 956//956
f 860//860 574//574 930//930
f 930//930 574//574 674//674
f 967//967 930//930 921//921
f 969//969 965//965 928//928
f 928//928 904//904 907//907
f 939//939 904//904 928//928
f 975//975 965//965 977//977
f 960//960 954//954 965//965
f 928//928 965//965 939//939
f 939//939 965//965 948//948
f 965//965 926//926 948//948
f 939//939 948//948 926//926
f 930//930 902//902 921//921
f 921//921 902//902 913//913
f 751//751 930//930 674//674
f 954//954 934//934 965//965
f 934//934 927//927 909//909
f 900//900 901//901 931//931
f 934//934 909//909 922//922
f 934//934 922//922 931//931
f 896//896 905//905 911//911
f 896//896 884//884 905//905
f 905//905 872//872 873//873
f 872//872 905//905 884//884
f 922//922 900//900 931//931
f 902//902 751//751 899//899
f 930//930 751//751 902//902
f 872//872 859//859 832//832
f 867//867 751//751 827//827
f 842//842 872//872 832//832
f 827//827 751//751 774//774
f 876//876 867//867 868//868
f 827//827 774//774 788//788
f 671//671 764//764 774//774
f 671//671 752//752 755//755
f 884//884 859//859 872//872
f 954//954 921//921 951//951
f 951//951 921//921 941//941
f 926//926 931//931 901//901
f 933//933 882//882 910//910
f 945//945 928//928 933//933
f 801//801 804//804 830//830
f 830//830 852//852 812//812
f 762//762 797//797 787//787
f 762//762 787//787 732//732
f 869//869 882//882 852//852
f 812//812 882//882 847//847
f 882//882 812//812 852//852
f 882//882 933//933 928//928
f 782//782 787//787 812//812
f 782//782 736//736 787//787
f 782//782 742//742 722//722
f 797//797 812//812 787//787
f 732//732 787//787 736//736
f 830//830 812//812 797//797
f 661//661 707//707 670//670
f 661//661 670//670 624//624
f 736//736 675//675 707//707
f 782//782 703//703 736//736
f 707//707 675//675 670//670
f 421//421 499//499 574//574
f 675//675 552//552 622//622
f 675//675 599//599 552//552
f 601//601 622//622 552//552
f 601//601 569//569 526//526
f 569//569 552//552 526//526
f 685//685 640//640 675//675
f 685//685 742//742 698//698
f 640//640 600//600 599//599
f 599//599 543//543 552//552
f 600//600 497//497 543//543
f 640//640 599//599 675//675
f 640//640 571//571 600//600
f 897//897 907//907 882//882
f 897//897 928//928 907//907
f 882//882 907//907 880//880
f 823//823 880//880 809//809
f 880//880 904//904 809//809
f 847//847 882//882 880//880
f 780//780 760//760 782//782
f 782//782 809//809 780//780
f 782//782 806//806 809//809
f 848//848 809//809 904//904
f 862//862 848//848 904//904
f 862//862 904//904 939//939
f 760//760 809//809 772//772
f 809//809 808//808 772//772
f 809//809 806//806 823//823
f 809//809 848//848 822//822
f 848//848 808//808 822//822
f 749//749 708//708 782//782
f 782//782 708//708 698//698
f 574//574 499//499 674//674
f 698//698 708//708 667//667
f 749//749 772//772 708//708
f 772//772 667//667 708//708
f 772//772 717//717 667//667
f 678//678 626//626 633//633
f 582//582 563//563 571//571
f 717//717 716//716 678//678
f 716//716 714//714 678//678
f 746//746 673//673 714//714
f 615//615 585//585 558//558
f 651//651 680//680 615//615
f 717//717 678//678 667//667
f 699//699 673//673 746//746
f 640//640 667//667 644//644
f 571//571 497//497 600//600
f 760//760 772//772 749//749
f 901//901 900//900 862//862
f 850//850 873//873 845//845
f 862//862 900//900 856//856
f 873//873 872//872 845//845
f 856//856 850//850 862//862
f 862//862 850//850 796//796
f 862//862 796//796 802//802
f 738//738 746//746 718//718
f 796//796 770//770 802//802
f 770//770 799//799 750//750
f 802//802 737//737 746//746
f 770//770 687//687 718//718
f 770//770 750//750 687//687
f 733//733 701//701 687//687
f 750//750 733//733 687//687
f 845//845 872//872 818//818
f 825//825 818//818 799//799
f 842//842 818//818 872//872
f 674//674 774//774 751//751
f 832//832 715//715 723//723
f 723//723 733//733 818//818
f 701//701 733//733 690//690
f 799//799 818//818 733//733
f 713//713 690//690 733//733
f 690//690 704//704 658//658
f 723//723 715//715 713//713
f 733//733 723//723 713//713
f 701//701 690//690 679//679
f 799//799 733//733 750//750
f 615//615 680//680 606//606
f 645//645 679//679 627//627
f 832//832 811//811 715//715
f 790//790 715//715 811//811
f 776//776 754//754 715//715
f 697//697 686//686 715//715
f 754//754 697//697 715//715
f 687//687 679//679 645//645
f 830//830 871//871 869//869
f 718//718 687//687 699//699
f 421//421 191//191 256//256
f 486//486 469//469 387//387
f 486//486 387//387 419//419
f 444//444 426//426 387//387
f 366//366 387//387 323//323
f 387//387 344//344 323//323
f 323//323 300//300 237//237
f 344//344 300//300 323//323
f 519//519 543//543 457//457
f 497//497 444//444 543//543
f 444//444 457//457 543//543
f 426//426 444//444 388//388
f 387//387 426//426 388//388
f 505//505 444//444 497//497
f 410//410 388//388 444//444
f 457//457 444//444 469//469
f 519//519 457//457 469//469
f 136//136 185//185 191//191
f 300//300 291//291 246//246
f 242//242 181//181 246//246
f 216//216 181//181 242//242
f 73//73 141//141 162//162
f 91//91 141//141 73//73
f 216//216 114//114 181//181
f 291//291 216//216 242//242
f 326//326 254//254 216//216
f 326//326 216//216 291//291
f 216//216 254//254 221//221
f 326//326 318//318 287//287
f 221//221 131//131 216//216
f 216//216 131//131 102//102
f 421//421 674//674 499//499
f 421//421 671//671 674//674
f 421//421 256//256 671//671
f 563//563 537//537 571//571
f 539//539 563//563 540//540
f 433//433 444//444 518//518
f 518//518 444//444 505//505
f 433//433 386//386 431//431
f 351//351 386//386 433//433
f 558//558 540//540 563//563
f 433//433 540//540 558//558
f 606//606 555//555 545//545
f 474//474 558//558 545//545
f 407//407 558//558 474//474
f 433//433 406//406 403//403
f 407//407 406//406 433//433
f 373//373 370//370 433//433
f 433//433 403//403 395//395
f 433//433 431//431 444//444
f 191//191 185//185 256//256
f 185//185 290//290 256//256
f 290//290 671//671 256//256
f 290//290 185//185 671//671
f 243//243 248//248 292//292
f 351//351 298//298 276//276
f 316//316 243//243 292//292
f 123//123 179//179 185//185
f 200//200 157//157 235//235
f 157//157 243//243 298//298
f 157//157 146//146 243//243
f 157//157 298//298 235//235
f 346//346 373//373 407//407
f 346//346 298//298 373//373
f 252//252 298//298 312//312
f 312//312 298//298 346//346
f 252//252 209//209 235//235
f 298//298 252//252 235//235
f 235//235 209//209 200//200
f 306//306 252//252 312//312
f 316//316 292//292 318//318
f 243//243 221//221 248//248
f 246//246 223//223 237//237
f 351//351 316//316 386//386
f 373//373 351//351 370//370
f 96//96 89//89 110//110
f 73//73 181//181 114//114
f 78//78 73//73 102//102
f 216//216 102//102 114//114
f 129//129 185//185 136//136
f 129//129 123//123 185//185
f 146//146 127//127 128//128
f 129//129 110//110 124//124
f 109//109 102//102 131//131
f 252//252 202//202 209//209
f 704//704 715//715 658//658
f 658//658 619//619 621//621
f 715//715 619//619 658//658
f 516//516 470//470 598//598
f 501//501 598//598 470//470
f 637//637 621//621 627//627
f 627//627 621//621 589//589
f 589//589 553//553 555//555
f 589//589 555//555 591//591
f 591//591 555//555 645//645
f 545//545 504//504 407//407
f 553//553 589//589 480//480
f 589//589 515//515 480//480
f 553//553 480//480 504//504
f 515//515 557//557 619//619
f 589//589 557//557 515//515
f 598//598 501//501 515//515
f 589//589 621//621 619//619
f 504//504 555//555 553//553
f 504//504 545//545 555//555
f 619//619 557//557 589//589
f 671//671 185//185 460//460
f 185//185 341//341 460//460
f 185//185 241//241 341//341
f 240//240 273//273 241//241
f 241//241 289//289 337//337
f 289//289 311//311 337//337
f 289//289 267//267 259//259
f 425//425 447//447 437//437
f 479//479 423//423 478//478
f 423//423 479//479 460//460
f 423//423 460//460 381//381
f 381//381 425//425 437//437
f 354//354 319//319 331//331
f 504//504 375//375 407//407
f 375//375 346//346 407//407
f 259//259 252//252 306//306
f 238//238 232//232 259//259
f 259//259 232//232 252//252
f 306//306 375//375 331//331
f 259//259 306//306 331//331
f 375//375 306//306 312//312
f 671//671 696//696 709//709
f 671//671 616//616 653//653
f 616//616 642//642 653//653
f 666//666 683//683 671//671
f 609//609 676//676 653//653
f 686//686 697//697 662//662
f 662//662 619//619 715//715
f 598//598 619//619 662//662
f 629//629 598//598 662//662
f 671//671 561//561 594//594
f 671//671 594//594 616//616
f 494//494 447//447 470//470
f 671//671 507//507 529//529
f 480//480 375//375 504//504
f 480//480 458//458 375//375
f 471//471 470//470 441//441
f 447//447 425//425 470//470
f 289//289 259//259 319//319
f 474//474 545//545 407//407
f 96//96 110//110 136//136
f 179//179 123//123 150//150
f 200//200 156//156 157//157
f 209//209 190//190 200//200
f 185//185 199//199 204//204
f 219//219 185//185 204//204
f 185//185 219//219 241//241
f 959//959 940//940 970//970
f 831//831 682//682 574//574
f 682//682 635//635 574//574
f 635//635 525//525 574//574
f 860//860 831//831 574//574
f 804//804 801//801 797//797
f 525//525 421//421 574//574
f 246//246 182//182 223//223
f 182//182 162//162 141//141
f 62//62 76//76 96//96
f 222//222 294//294 208//208
f 305//305 284//284 322//322
f 352//352 305//305 364//364
f 391//391 339//339 397//397
f 674//674 671//671 774//774
f 314//314 328//328 308//308
f 617//617 625//625 611//611
f 575//575 495//495 524//524
f 866//866 786//786 854//854
f 939//939 926//926 862//862
f 856//856 890//890 850//850
f 776//776 771//771 754//754
f 502//502 477//477 485//485
f 408//408 455//455 492//492
f 408//408 492//492 560//560
f 477//477 462//462 485//485
f 466//466 477//477 449//449
f 449//449 502//502 511//511
f 438//438 462//462 449//449
f 438//438 449//449 428//428
f 449//449 416//416 428//428
f 456//456 502//502 462//462
f 449//449 462//462 466//466
f 466//466 462//462 477//477
f 401//401 428//428 416//416
f 390//390 416//416 408//408
f 367//367 376//376 390//390
f 367//367 390//390 408//408
f 456//456 390//390 376//376
f 367//367 408//408 353//353
f 455//455 511//511 492//492
f 401//401 416//416 390//390
f 401//401 390//390 428//428
f 449//449 408//408 416//416
f 390//390 456//456 412//412
f 390//390 412//412 428//428
f 335//335 353//353 330//330
f 303//303 342//342 320//320
f 330//330 320//320 342//342
f 342//342 335//335 330//330
f 320//320 330//330 353//353
f 367//367 335//335 342//342
f 353//353 335//335 367//367
f 438//438 428//428 412//412
f 438//438 412//412 456//456
f 283//283 296//296 271//271
f 277//277 255//255 271//271
f 271//271 265//265 283//283
f 271//271 296//296 288//288
f 271//271 255//255 265//265
f 282//282 222//222 277//277
f 296//296 283//283 303//303
f 277//277 271//271 288//288
f 277//277 288//288 296//296
f 379//379 353//353 408//408
f 360//360 353//353 379//379
f 347//347 345//345 360//360
f 383//383 418//418 402//402
f 445//445 402//402 418//418
f 402//402 445//445 434//434
f 418//418 383//383 360//360
f 389//389 348//348 357//357
f 442//442 446//446 402//402
f 442//442 402//402 434//434
f 402//402 396//396 377//377
f 355//355 338//338 377//377
f 377//377 389//389 402//402
f 357//357 348//348 294//294
f 357//357 294//294 347//347
f 313//313 310//310 334//334
f 297//297 310//310 313//313
f 348//348 310//310 294//294
f 334//334 310//310 348//348
f 348//348 338//338 334//334
f 334//334 338//338 325//325
f 334//334 325//325 313//313
f 304//304 297//297 313//313
f 304//304 338//338 314//314
f 314//314 286//286 304//304
f 304//304 325//325 338//338
f 325//325 304//304 313//313
f 286//286 208//208 297//297
f 314//314 338//338 355//355
f 304//304 286//286 297//297
f 283//283 342//342 303//303
f 236//236 265//265 255//255
f 225//225 265//265 236//236
f 360//360 383//383 357//357
f 357//357 347//347 360//360
f 581//581 602//602 590//590
f 648//648 593//593 692//692
f 630//630 607//607 639//639
f 581//581 562//562 573//573
f 590//590 541//541 538//538
f 590//590 538//538 549//549
f 456//456 542//542 521//521
f 521//521 542//542 549//549
f 502//502 456//456 521//521
f 542//542 456//456 562//562
f 542//542 562//562 549//549
f 538//538 541//541 511//511
f 578//578 573//573 456//456
f 579//579 581//581 580//580
f 579//579 573//573 581//581
f 578//578 607//607 586//586
f 605//605 607//607 578//578
f 568//568 652//652 578//578
f 586//586 607//607 581//581
f 578//578 586//586 573//573
f 630//630 581//581 607//607
f 581//581 579//579 580//580
f 456//456 573//573 562//562
f 578//578 456//456 568//568
f 511//511 541//541 590//590
f 562//562 581//581 590//590
f 562//562 590//590 549//549
f 521//521 549//549 538//538
f 538//538 523//523 521//521
f 573//573 586//586 581//581
f 560//560 577//577 544//544
f 492//492 511//511 590//590
f 646//646 560//560 590//590
f 639//639 650//650 649//649
f 700//700 650//650 669//669
f 669//669 691//691 700//700
f 706//706 691//691 694//694
f 694//694 710//710 706//706
f 700//700 706//706 724//724
f 710//710 724//724 706//706
f 724//724 710//710 694//694
f 630//630 700//700 719//719
f 724//724 748//748 719//719
f 652//652 620//620 694//694
f 727//727 719//719 748//748
f 669//669 652//652 691//691
f 652//652 694//694 691//691
f 700//700 691//691 706//706
f 684//684 692//692 657//657
f 727//727 630//630 719//719
f 727//727 735//735 630//630
f 730//730 630//630 735//735
f 684//684 730//730 692//692
f 605//605 652//652 650//650
f 649//649 630//630 639//639
f 578//578 652//652 605//605
f 607//607 605//605 639//639
f 650//650 639//639 605//605
f 657//657 646//646 590//590
f 657//657 581//581 630//630
f 602//602 581//581 657//657
f 576//576 593//593 603//603
f 583//583 556//556 576//576
f 583//583 576//576 603//603
f 583//583 514//514 535//535
f 583//583 508//508 556//556
f 508//508 583//583 535//535
f 508//508 576//576 556//556
f 446//446 473//473 528//528
f 514//514 528//528 473//473
f 548//548 514//514 583//583
f 596//596 583//583 584//584
f 583//583 596//596 548//548
f 570//570 548//548 596//596
f 528//528 514//514 548//548
f 603//603 648//648 613//613
f 596//596 613//613 638//638
f 641//641 638//638 613//613
f 613//613 659//659 641//641
f 641//641 726//726 638//638
f 617//617 656//656 665//665
f 617//617 638//638 656//656
f 617//617 665//665 632//632
f 617//617 632//632 625//625
f 625//625 632//632 665//665
f 613//613 584//584 583//583
f 495//495 575//575 595//595
f 495//495 595//595 566//566
f 611//611 595//595 617//617
f 575//575 596//596 595//595
f 613//613 583//583 603//603
f 473//473 442//442 434//434
f 446//446 442//442 473//473
f 396//396 413//413 446//446
f 396//396 446//446 454//454
f 402//402 413//413 396//396
f 456//456 301//301 317//317
f 502//502 521//521 523//523
f 511//511 502//502 523//523
f 301//301 456//456 342//342
f 502//502 485//485 462//462
f 508//508 489//489 445//445
f 353//353 296//296 303//303
f 353//353 303//303 320//320
f 765//765 768//768 740//740
f 748//748 784//784 727//727
f 783//783 748//748 768//768
f 748//748 783//783 784//784
f 765//765 791//791 768//768
f 768//768 791//791 783//783
f 783//783 815//815 789//789
f 789//789 784//784 783//783
f 807//807 815//815 783//783
f 789//789 815//815 784//784
f 794//794 807//807 791//791
f 791//791 807//807 783//783
f 857//857 840//840 843//843
f 834//834 795//795 857//857
f 834//834 857//857 843//843
f 794//794 795//795 834//834
f 794//794 834//834 824//824
f 839//839 857//857 858//858
f 857//857 839//839 881//881
f 795//795 858//858 857//857
f 840//840 834//834 843//843
f 829//829 840//840 857//857
f 833//833 817//817 829//829
f 881//881 865//865 857//857
f 829//829 857//857 865//865
f 829//829 865//865 833//833
f 817//817 833//833 865//865
f 807//807 794//794 824//824
f 824//824 834//834 815//815
f 824//824 815//815 807//807
f 829//829 834//834 840//840
f 767//767 744//744 747//747
f 744//744 767//767 775//775
f 775//775 767//767 814//814
f 817//817 814//814 767//767
f 841//841 819//819 814//814
f 819//819 841//841 793//793
f 819//819 793//793 775//775
f 761//761 763//763 793//793
f 891//891 881//881 839//839
f 865//865 881//881 891//891
f 865//865 894//894 898//898
f 917//917 923//923 865//865
f 917//917 865//865 898//898
f 891//891 844//844 870//870
f 942//942 923//923 917//917
f 917//917 916//916 942//942
f 917//917 891//891 870//870
f 917//917 870//870 916//916
f 891//891 917//917 898//898
f 923//923 889//889 865//865
f 870//870 950//950 942//942
f 925//925 950//950 870//870
f 914//914 925//925 870//870
f 914//914 950//950 925//925
f 940//940 924//924 889//889
f 932//932 950//950 940//940
f 932//932 940//940 889//889
f 953//953 958//958 950//950
f 950//950 914//914 953//953
f 914//914 958//958 953//953
f 950//950 942//942 952//952
f 952//952 942//942 950//950
f 894//894 865//865 891//891
f 894//894 891//891 898//898
f 816//816 826//826 798//798
f 855//855 889//889 879//879
f 855//855 864//864 866//866
f 854//854 786//786 835//835
f 920//920 886//886 924//924
f 886//886 920//920 940//940
f 920//920 924//924 940//940
f 866//866 864//864 886//886
f 886//886 892//892 874//874
f 835//835 826//826 854//854
f 892//892 886//886 908//908
f 874//874 892//892 866//866
f 748//748 740//740 753//753
f 784//784 730//730 735//735
f 747//747 730//730 815//815
f 844//844 839//839 795//795
f 730//730 747//747 692//692
f 726//726 720//720 747//747
f 726//726 747//747 744//744
f 757//757 793//793 744//744
f 775//775 757//757 744//744
f 766//766 744//744 793//793
f 728//728 741//741 744//744
f 726//726 728//728 681//681
f 625//625 665//665 611//611
f 712//712 665//665 728//728
f 728//728 711//711 712//712
f 689//689 663//663 655//655
f 763//763 711//711 745//745
f 745//745 711//711 728//728
f 761//761 711//711 763//763
f 427//427 635//635 512//512
f 785//785 756//756 798//798
f 620//620 795//795 740//740
f 694//694 620//620 740//740
f 748//748 753//753 768//768
f 791//791 740//740 795//795
f 791//791 795//795 794//794
f 740//740 791//791 765//765
f 793//793 757//757 775//775
f 396//396 328//328 377//377
f 328//328 355//355 377//377
f 272//272 239//239 328//328
f 272//272 229//229 239//239
f 328//328 278//278 272//272
f 328//328 286//286 308//308
f 286//286 314//314 308//308
f 532//532 495//495 566//566
f 614//614 550//550 532//532
f 532//532 611//611 614//614
f 566//566 611//611 532//532
f 509//509 536//536 550//550
f 520//520 550//550 534//534
f 495//495 476//476 436//436
f 509//509 550//550 520//520
f 405//405 415//415 396//396
f 468//468 463//463 415//415
f 415//415 436//436 468//468
f 476//476 495//495 491//491
f 476//476 491//491 468//468
f 491//491 481//481 468//468
f 422//422 415//415 443//443
f 443//443 463//463 481//481
f 415//415 463//463 443//443
f 463//463 468//468 481//481
f 436//436 415//415 405//405
f 439//439 422//422 443//443
f 361//361 333//333 422//422
f 328//328 396//396 333//333
f 333//333 280//280 279//279
f 250//250 279//279 280//280
f 309//309 280//280 333//333
f 439//439 333//333 361//361
f 439//439 361//361 422//422
f 309//309 262//262 280//280
f 491//491 482//482 481//481
f 491//491 443//443 482//482
f 459//459 532//532 509//509
f 443//443 491//491 532//532
f 459//459 439//439 443//443
f 484//484 453//453 472//472
f 484//484 459//459 509//509
f 453//453 439//439 459//459
f 484//484 493//493 483//483
f 472//472 453//453 459//459
f 472//472 459//459 484//484
f 493//493 509//509 483//483
f 439//439 453//453 483//483
f 451//451 432//432 439//439
f 424//424 451//451 435//435
f 414//414 424//424 435//435
f 448//448 452//452 451//451
f 465//465 451//451 483//483
f 450//450 435//435 451//451
f 450//450 451//451 452//452
f 452//452 435//435 450//450
f 451//451 424//424 432//432
f 448//448 451//451 465//465
f 509//509 493//493 484//484
f 424//424 439//439 432//432
f 443//443 481//481 482//482
f 415//415 422//422 333//333
f 417//417 409//409 435//435
f 429//429 435//435 452//452
f 448//448 429//429 452//452
f 435//435 409//409 393//393
f 435//435 393//393 382//382
f 382//382 369//369 332//332
f 329//329 332//332 369//369
f 309//309 414//414 263//263
f 663//663 614//614 655//655
f 634//634 623//623 636//636
f 623//623 614//614 663//663
f 761//761 756//756 702//702
f 634//634 663//663 672//672
f 654//654 677//677 647//647
f 634//634 636//636 663//663
f 672//672 663//663 702//702
f 612//612 623//623 634//634
f 534//534 546//546 496//496
f 394//394 417//417 430//430
f 417//417 394//394 409//409
f 465//465 500//500 496//496
f 465//465 496//496 506//506
f 465//465 506//506 430//430
f 398//398 430//430 392//392
f 398//398 392//392 394//394
f 398//398 394//394 430//430
f 371//371 369//369 382//382
f 392//392 356//356 371//371
f 392//392 371//371 394//394
f 382//382 394//394 371//371
f 329//329 369//369 371//371
f 371//371 343//343 315//315
f 315//315 343//343 322//322
f 356//356 343//343 371//371
f 356//356 322//322 343//343
f 356//356 364//364 322//322
f 404//404 475//475 506//506
f 554//554 506//506 565//565
f 506//506 496//496 546//546
f 506//506 546//546 565//565
f 731//731 729//729 759//759
f 729//729 731//731 705//705
f 729//729 705//705 677//677
f 677//677 664//664 608//608
f 608//608 587//587 647//647
f 608//608 647//647 677//677
f 781//781 778//778 786//786
f 781//781 786//786 866//866
f 781//781 810//810 804//804
f 778//778 781//781 804//804
f 837//837 830//830 804//804
f 810//810 781//781 866//866
f 705//705 762//762 732//732
f 705//705 732//732 661//661
f 762//762 804//804 797//797
f 732//732 695//695 661//661
f 695//695 732//732 707//707
f 608//608 567//567 587//587
f 759//759 778//778 762//762
f 643//643 664//664 668//668
f 608//608 559//559 567//567
f 608//608 643//643 559//559
f 661//661 695//695 707//707
f 522//522 559//559 661//661
f 420//420 498//498 522//522
f 420//420 391//391 397//397
f 522//522 411//411 420//420
f 487//487 464//464 411//411
f 487//487 411//411 522//522
f 391//391 420//420 411//411
f 547//547 522//522 601//601
f 464//464 487//487 531//531
f 448//448 465//465 417//417
f 739//739 758//758 785//785
f 702//702 729//729 654//654
f 417//417 429//429 448//448
f 417//417 435//435 429//429
f 394//394 393//393 409//409
f 393//393 394//394 382//382
f 315//315 329//329 371//371
f 225//225 236//236 222//222
f 193//193 222//222 183//183
f 176//176 194//194 193//193
f 176//176 167//167 168//168
f 176//176 173//173 167//167
f 183//183 173//173 176//176
f 152//152 161//161 167//167
f 155//155 149//149 173//173
f 155//155 130//130 133//133
f 155//155 139//139 149//149
f 155//155 133//133 139//139
f 214//214 207//207 208//208
f 208//208 286//286 239//239
f 207//207 188//188 208//208
f 139//139 168//168 149//149
f 130//130 155//155 117//117
f 108//108 139//139 130//130
f 117//117 108//108 130//130
f 194//194 225//225 193//193
f 176//176 168//168 225//225
f 149//149 168//168 152//152
f 130//130 139//139 133//133
f 167//167 161//161 168//168
f 173//173 149//149 152//152
f 173//173 152//152 167//167
f 161//161 152//152 168//168
f 183//183 176//176 193//193
f 176//176 225//225 194//194
f 214//214 239//239 207//207
f 218//218 205//205 239//239
f 239//239 205//205 207//207
f 205//205 229//229 155//155
f 229//229 205//205 218//218
f 229//229 218//218 239//239
f 155//155 184//184 177//177
f 155//155 229//229 184//184
f 177//177 184//184 186//186
f 186//186 170//170 177//177
f 205//205 155//155 188//188
f 205//205 188//188 207//207
f 105//105 155//155 177//177
f 159//159 186//186 160//160
f 160//160 186//186 213//213
f 105//105 170//170 186//186
f 101//101 108//108 104//104
f 113//113 101//101 80//80
f 80//80 101//101 104//104
f 94//94 80//80 104//104
f 94//94 104//104 105//105
f 111//111 105//105 160//160
f 70//70 80//80 94//94
f 98//98 70//70 94//94
f 70//70 74//74 84//84
f 111//111 84//84 74//74
f 111//111 74//74 90//90
f 58//58 57//57 66//66
f 84//84 57//57 70//70
f 58//58 66//66 84//84
f 66//66 57//57 84//84
f 98//98 90//90 70//70
f 90//90 74//74 70//70
f 233//233 180//180 226//226
f 213//213 250//250 226//226
f 113//113 143//143 195//195
f 180//180 144//144 160//160
f 309//309 263//263 262//262
f 262//262 210//210 144//144
f 262//262 144//144 233//233
f 121//121 144//144 147//147
f 210//210 227//227 201//201
f 269//269 315//315 295//295
f 210//210 263//263 269//269
f 210//210 269//269 227//227
f 329//329 315//315 269//269
f 178//178 175//175 198//198
f 178//178 198//198 201//201
f 175//175 210//210 198//198
f 178//178 201//201 211//211
f 158//158 145//145 147//147
f 178//178 158//158 175//175
f 166//166 158//158 178//178
f 164//164 166//166 178//178
f 158//158 166//166 164//164
f 211//211 228//228 178//178
f 187//187 165//165 164//164
f 158//158 164//164 145//145
f 187//187 164//164 178//178
f 147//147 145//145 121//121
f 158//158 147//147 175//175
f 201//201 227//227 211//211
f 47//47 50//50 84//84
f 57//57 50//50 42//42
f 58//58 50//50 57//57
f 50//50 41//41 42//42
f 47//47 43//43 41//41
f 50//50 47//47 41//41
f 39//39 34//34 41//41
f 39//39 41//41 43//43
f 39//39 43//43 33//33
f 33//33 34//34 39//39
f 33//33 43//43 30//30
f 34//34 33//33 38//38
f 41//41 34//34 38//38
f 30//30 38//38 33//33
f 57//57 80//80 70//70
f 93//93 42//42 38//38
f 99//99 75//75 84//84
f 99//99 84//84 121//121
f 121//121 87//87 44//44
f 44//44 32//32 30//30
f 44//44 27//27 31//31
f 44//44 31//31 32//32
f 38//38 30//30 32//32
f 27//27 20//20 31//31
f 20//20 25//25 21//21
f 15//15 20//20 21//21
f 26//26 21//21 35//35
f 35//35 21//21 25//25
f 35//35 25//25 20//20
f 44//44 35//35 27//27
f 35//35 20//20 27//27
f 115//115 121//121 145//145
f 44//44 30//30 43//43
f 315//315 322//322 295//295
f 322//322 284//284 295//295
f 257//257 284//284 275//275
f 258//258 284//284 257//257
f 224//224 257//257 275//275
f 257//257 247//247 249//249
f 247//247 258//258 257//257
f 247//247 257//257 249//249
f 257//257 224//224 247//247
f 247//247 284//284 258//258
f 275//275 293//293 305//305
f 275//275 305//305 266//266
f 275//275 284//284 293//293
f 275//275 203//203 165//165
f 197//197 163//163 217//217
f 217//217 307//307 327//327
f 197//197 234//234 220//220
f 21//21 26//26 15//15
f 28//28 24//24 26//26
f 10//10 15//15 24//24
f 28//28 10//10 24//24
f 24//24 17//17 26//26
f 24//24 15//15 17//17
f 92//92 61//61 65//65
f 107//107 92//92 106//106
f 137//137 163//163 140//140
f 56//56 92//92 67//67
f 67//67 13//13 56//56
f 132//132 137//137 140//140
f 132//132 163//163 107//107
f 52//52 83//83 22//22
f 106//106 132//132 107//107
f 391//391 350//350 339//339
f 421//421 427//427 191//191
f 327//327 350//350 391//391
f 411//411 378//378 391//391
f 378//378 327//327 368//368
f 378//378 368//368 391//391
f 340//340 302//302 358//358
f 302//302 327//327 358//358
f 327//327 391//391 368//368
f 327//327 378//378 358//358
f 327//327 302//302 234//234
f 234//234 261//261 220//220
f 264//264 230//230 244//244
f 302//302 264//264 244//244
f 215//215 230//230 264//264
f 215//215 220//220 230//230
f 244//244 230//230 220//220
f 261//261 244//244 220//220
f 302//302 244//244 261//261
f 261//261 234//234 302//302
f 358//358 380//380 419//419
f 358//358 419//419 384//384
f 419//419 380//380 411//411
f 323//323 299//299 324//324
f 215//215 264//264 237//237
f 264//264 299//299 237//237
f 136//136 95//95 96//96
f 163//163 215//215 153//153
f 100//100 72//72 103//103
f 153//153 237//237 103//103
f 72//72 67//67 103//103
f 153//153 103//103 97//97
f 103//103 237//237 223//223
f 141//141 103//103 223//223
f 141//141 223//223 182//182
f 141//141 91//91 72//72
f 141//141 72//72 100//100
f 100//100 103//103 141//141
f 13//13 10//10 14//14
f 19//19 10//10 16//16
f 14//14 19//19 13//13
f 13//13 5//5 4//4
f 13//13 11//11 10//10
f 5//5 9//9 7//7
f 4//4 5//5 2//2
f 3//3 6//6 4//4
f 7//7 12//12 8//8
f 7//7 8//8 6//6
f 4//4 7//7 1//1
f 3//3 1//1 7//7
f 7//7 6//6 3//3
f 3//3 4//4 1//1
f 7//7 4//4 2//2
f 7//7 2//2 5//5
f 5//5 13//13 9//9
f 7//7 9//9 13//13
f 45//45 7//7 13//13
f 10//10 19//19 14//14
f 29//29 18//18 23//23
f 12//12 36//36 6//6
f 46//46 72//72 53//53
f 53//53 72//72 12//12
f 40//40 37//37 18//18
f 96//96 18//18 55//55
f 55//55 18//18 37//37
f 18//18 29//29 40//40
f 49//49 51//51 54//54
f 54//54 48//48 37//37
f 51//51 59//59 54//54
f 49//49 59//59 51//51
f 48//48 54//54 55//55
f 54//54 62//62 55//55
f 59//59 40//40 73//73
f 60//60 68//68 91//91
f 60//60 91//91 73//73
f 8//8 12//12 6//6
f 60//60 40//40 68//68
f 91//91 68//68 72//72
f 29//29 68//68 40//40
f 7//7 45//45 12//12
f 224//224 228//228 247//247
f 164//164 165//165 145//145
f 64//64 20//20 15//15
f 16//16 10//10 28//28
f 19//19 16//16 28//28
f 10//10 11//11 22//22
f 970//970 935//935 978//978
f 914//914 970//970 962//962
f 914//914 962//962 958//958
f 971//971 966//966 959//959
f 978//978 949//949 980//980
f 981//981 982//982 978//978
f 980//980 982//982 978//978
f 978//978 982//982 981//981
f 982//982 980//980 978//978
f 971//971 978//978 966//966
f 959//959 978//978 971//971
f 978//978 959//959 970//970
f 986//986 964//964 988//988
f 992//992 995//995 987//987
f 974//974 993//993 995//995
f 974//974 995//995 992//992
f 976//976 930//930 984//984
f 930//930 976//976 974//974
f 974//974 968//968 930//930
f 930//930 968//968 964//964
f 974//974 992//992 968//968
f 987//987 966//966 986//986
f 988//988 992//992 987//987
f 988//988 987//987 986//986
f 992//992 988//988 964//964
f 980//980 986//986 978//978
f 968//968 992//992 964//964
f 949//949 986//986 980//980
f 937//937 908//908 940//940
f 937//937 940//940 956//956
f 956//956 908//908 937//937
f 943//943 908//908 956//956
f 955//955 943//943 956//956
f 918//918 908//908 943//943
f 871//871 912//912 877//877
f 918//918 871//871 866//866
f 877//877 912//912 887//887
f 912//912 943//943 947//947
f 912//912 910//910 869//869
f 955//955 956//956 987//987
f 997//997 996//996 991//991
f 996//996 987//987 993//993
f 969//969 957//957 955//955
f 976//976 998//998 997//997
f 974//974 976//976 997//997
f 974//974 997//997 991//991
f 955//955 987//987 969//969
f 946//946 938//938 955//955
f 946//946 945//945 933//933
f 946//946 933//933 938//938
f 910//910 919//919 938//938
f 938//938 919//919 912//912
f 933//933 910//910 936//936
f 938//938 933//933 936//936
f 938//938 912//912 947//947
f 947//947 943//943 955//955
f 955//955 938//938 947//947
f 984//984 989//989 976//976
f 1000//1000 990//990 999//999
f 976//976 989//989 1000//1000
f 984//984 1000//1000 989//989
f 1000//1000 984//984 990//990
f 984//984 994//994 990//990
f 997//997 998//998 969//969
f 994//994 998//998 999//999
f 969//969 994//994 977//977
f 985//985 977//977 984//984
f 967//967 977//977 983//983
f 977//977 967//967 979//979
f 967//967 983//983 985//985
f 985//985 983//983 977//977
f 974//974 991//991 993//993
f 991//991 996//996 993//993
f 999//999 998//998 1000//1000
f 976//976 1000//1000 998//998
f 985//985 984//984 967//967
f 999//999 990//990 994//994
f 928//928 945//945 969//969
f 975//975 979//979 967//967
f 972//972 973//973 975//975
f 973//973 972//972 975//975
f 972//972 965//965 975//975
f 961//961 963//963 965//965
f 961//961 965//965 972//972
f 967//967 921//921 961//961
f 975//975 967//967 972//972
f 967//967 961//961 972//972
f 963//963 960//960 965//965
f 921//921 954//954 960//960
f 961//961 921//921 960//960
f 961//961 960//960 963//963
f 931//931 926//926 965//965
f 941//941 954//954 951//951
f 941//941 944//944 954//954
f 954//954 944//944 934//934
f 913//913 902//902 941//941
f 915//915 911//911 927//927
f 929//929 902//902 899//899
f 929//929 899//899 915//915
f 934//934 929//929 927//927
f 915//915 927//927 929//929
f 902//902 929//929 934//934
f 902//902 934//934 941//941
f 941//941 934//934 944//944
f 909//909 905//905 922//922
f 905//905 890//890 900//900
f 905//905 900//900 922//922
f 873//873 850//850 890//890
f 905//905 873//873 890//890
f 911//911 915//915 906//906
f 899//899 906//906 915//915
f 903//903 911//911 906//906
f 896//896 911//911 903//903
f 899//899 903//903 906//906
f 899//899 888//888 895//895
f 899//899 896//896 903//903
f 899//899 895//895 896//896
f 888//888 899//899 867//867
f 888//888 896//896 893//893
f 885//885 896//896 888//888
f 885//885 884//884 896//896
f 896//896 895//895 893//893
f 888//888 893//893 895//895
f 909//909 911//911 905//905
f 911//911 909//909 927//927
f 751//751 867//867 899//899
f 878//878 867//867 885//885
f 883//883 876//876 884//884
f 883//883 884//884 885//885
f 883//883 885//885 867//867
f 876//876 883//883 867//867
f 868//868 859//859 884//884
f 867//867 827//827 861//861
f 867//867 861//861 868//868
f 876//876 868//868 884//884
f 853//853 859//859 868//868
f 853//853 832//832 859//859
f 827//827 821//821 851//851
f 821//821 838//838 846//846
f 832//832 851//851 846//846
f 832//832 846//846 838//838
f 838//838 811//811 832//832
f 828//828 820//820 811//811
f 821//821 846//846 851//851
f 821//821 828//828 838//838
f 828//828 836//836 838//838
f 836//836 828//828 838//838
f 828//828 811//811 838//838
f 820//820 813//813 800//800
f 821//821 820//820 828//828
f 827//827 851//851 853//853
f 851//851 832//832 853//853
f 821//821 805//805 813//813
f 821//821 827//827 792//792
f 821//821 792//792 805//805
f 800//800 792//792 788//788
f 820//820 800//800 790//790
f 820//820 790//790 811//811
f 800//800 788//788 790//790
f 774//774 773//773 788//788
f 773//773 771//771 788//788
f 788//788 776//776 790//790
f 788//788 771//771 776//776
f 773//773 777//777 771//771
f 777//777 764//764 769//769
f 777//777 769//769 771//771
f 769//769 764//764 771//771
f 764//764 754//754 771//771
f 755//755 752//752 754//754
f 755//755 754//754 764//764
f 671//671 743//743 752//752
f 671//671 755//755 764//764
f 827//827 788//788 792//792
f 774//774 764//764 773//773
f 773//773 764//764 777//777
f 805//805 803//803 800//800
f 800//800 803//803 805//805
f 800//800 805//805 792//792
f 820//820 821//821 813//813
f 813//813 805//805 800//800
f 861//861 827//827 853//853
f 861//861 853//853 868//868
f 878//878 885//885 888//888
f 867//867 878//878 888//888
f 930//930 967//967 984//984
f 934//934 931//931 965//965
f 941//941 921//921 913//913
f 979//979 975//975 977//977
f 871//871 830//830 837//837
f 877//877 869//869 871//871
f 877//877 887//887 869//869
f 830//830 869//869 849//849
f 849//849 852//852 830//830
f 869//869 852//852 849//849
f 707//707 732//732 736//736
f 782//782 823//823 806//806
f 847//847 782//782 812//812
f 782//782 847//847 823//823
f 801//801 830//830 797//797
f 736//736 703//703 675//675
f 782//782 722//722 703//703
f 685//685 703//703 722//722
f 685//685 722//722 742//742
f 618//618 601//601 624//624
f 618//618 622//622 601//601
f 622//622 670//670 675//675
f 622//622 618//618 624//624
f 622//622 624//624 670//670
f 685//685 675//675 703//703
f 601//601 552//552 569//569
f 526//526 519//519 469//469
f 526//526 469//469 531//531
f 526//526 552//552 519//519
f 667//667 640//640 685//685
f 685//685 698//698 667//667
f 543//543 599//599 600//600
f 543//543 519//519 552//552
f 880//880 907//907 904//904
f 823//823 847//847 880//880
f 749//749 782//782 760//760
f 760//760 780//780 809//809
f 808//808 809//809 822//822
f 808//808 802//802 746//746
f 698//698 742//742 782//782
f 808//808 746//746 772//772
f 718//718 699//699 738//738
f 699//699 746//746 738//738
f 714//714 772//772 746//746
f 667//667 633//633 644//644
f 633//633 667//667 678//678
f 633//633 571//571 644//644
f 633//633 626//626 615//615
f 571//571 633//633 615//615
f 615//615 626//626 651//651
f 772//772 714//714 716//716
f 772//772 716//716 717//717
f 615//615 582//582 571//571
f 678//678 714//714 673//673
f 626//626 678//678 651//651
f 582//582 615//615 558//558
f 563//563 582//582 558//558
f 651//651 673//673 699//699
f 651//651 699//699 680//680
f 678//678 673//673 651//651
f 585//585 615//615 606//606
f 640//640 644//644 571//571
f 862//862 808//808 848//848
f 825//825 799//799 850//850
f 825//825 850//850 845//845
f 900//900 890//890 856//856
f 799//799 770//770 850//850
f 737//737 770//770 718//718
f 737//737 718//718 746//746
f 796//796 850//850 770//770
f 737//737 802//802 770//770
f 701//701 688//688 687//687
f 679//679 688//688 701//701
f 688//688 679//679 687//687
f 825//825 845//845 818//818
f 723//723 818//818 842//842
f 723//723 842//842 832//832
f 637//637 690//690 621//621
f 627//627 690//690 637//637
f 704//704 713//713 715//715
f 690//690 713//713 704//704
f 690//690 627//627 679//679
f 606//606 680//680 645//645
f 715//715 790//790 776//776
f 734//734 721//721 754//754
f 743//743 734//734 754//754
f 721//721 697//697 754//754
f 419//419 411//411 486//486
f 469//469 444//444 387//387
f 237//237 299//299 323//323
f 344//344 387//387 388//388
f 300//300 344//344 291//291
f 291//291 388//388 386//386
f 410//410 386//386 388//388
f 388//388 291//291 344//344
f 291//291 386//386 326//326
f 246//246 181//181 182//182
f 245//245 246//246 291//291
f 242//242 245//245 291//291
f 246//246 237//237 300//300
f 246//246 245//245 242//242
f 162//162 182//182 181//181
f 162//162 181//181 73//73
f 287//287 254//254 326//326
f 274//274 253//253 270//270
f 221//221 254//254 253//253
f 292//292 287//287 318//318
f 274//274 248//248 260//260
f 274//274 292//292 248//248
f 260//260 253//253 274//274
f 260//260 248//248 253//253
f 287//287 270//270 253//253
f 287//287 253//253 254//254
f 221//221 253//253 248//248
f 274//274 270//270 287//287
f 274//274 287//287 292//292
f 131//131 221//221 243//243
f 518//518 505//505 537//537
f 497//497 571//571 537//537
f 497//497 537//537 505//505
f 539//539 537//537 563//563
f 539//539 518//518 537//537
f 386//386 444//444 431//431
f 558//558 585//585 545//545
f 585//585 606//606 545//545
f 518//518 539//539 540//540
f 518//518 540//540 433//433
f 433//433 558//558 407//407
f 407//407 373//373 403//403
f 407//407 403//403 406//406
f 395//395 373//373 433//433
f 351//351 433//433 370//370
f 395//395 403//403 373//373
f 298//298 243//243 276//276
f 318//318 326//326 316//316
f 243//243 316//316 351//351
f 243//243 351//351 276//276
f 298//298 351//351 373//373
f 444//444 386//386 410//410
f 326//326 386//386 316//316
f 63//63 69//69 76//76
f 78//78 69//69 63//63
f 78//78 63//63 73//73
f 76//76 69//69 78//78
f 76//76 78//78 77//77
f 89//89 76//76 81//81
f 89//89 81//81 85//85
f 85//85 81//81 102//102
f 81//81 79//79 102//102
f 85//85 110//110 89//89
f 76//76 89//89 96//96
f 77//77 81//81 76//76
f 77//77 78//78 79//79
f 79//79 78//78 102//102
f 77//77 79//79 81//81
f 73//73 114//114 102//102
f 102//102 109//109 110//110
f 112//112 116//116 110//110
f 123//123 124//124 110//110
f 123//123 110//110 120//120
f 119//119 118//118 123//123
f 127//127 119//119 120//120
f 126//126 118//118 119//119
f 126//126 119//119 127//127
f 125//125 126//126 127//127
f 120//120 128//128 122//122
f 122//122 128//128 127//127
f 122//122 127//127 120//120
f 123//123 120//120 119//119
f 126//126 123//123 118//118
f 129//129 136//136 110//110
f 116//116 128//128 120//120
f 116//116 120//120 110//110
f 129//129 124//124 123//123
f 131//131 116//116 109//109
f 135//135 146//146 128//128
f 135//135 128//128 131//131
f 135//135 131//131 146//146
f 110//110 85//85 102//102
f 110//110 109//109 112//112
f 116//116 112//112 109//109
f 116//116 131//131 128//128
f 142//142 150//150 126//126
f 142//142 126//126 125//125
f 142//142 127//127 146//146
f 157//157 150//150 142//142
f 150//150 157//157 148//148
f 157//157 142//142 146//146
f 171//171 185//185 179//179
f 171//171 179//179 174//174
f 171//171 174//174 150//150
f 171//171 172//172 190//190
f 151//151 171//171 150//150
f 151//151 150//150 148//148
f 179//179 150//150 174//174
f 156//156 148//148 157//157
f 172//172 200//200 190//190
f 200//200 172//172 169//169
f 200//200 169//169 156//156
f 171//171 156//156 169//169
f 148//148 156//156 151//151
f 156//156 171//171 151//151
f 169//169 172//172 171//171
f 185//185 171//171 190//190
f 189//189 199//199 192//192
f 190//190 189//189 192//192
f 189//189 209//209 196//196
f 189//189 190//190 209//209
f 192//192 199//199 185//185
f 192//192 185//185 190//190
f 204//204 199//199 202//202
f 199//199 189//189 196//196
f 196//196 202//202 199//199
f 209//209 202//202 196//196
f 219//219 206//206 202//202
f 219//219 202//202 252//252
f 219//219 212//212 206//206
f 202//202 212//212 219//219
f 202//202 219//219 204//204
f 202//202 206//206 212//212
f 125//125 127//127 142//142
f 123//123 126//126 150//150
f 619//619 598//598 515//515
f 494//494 470//470 516//516
f 591//591 645//645 610//610
f 591//591 610//610 589//589
f 598//598 597//597 516//516
f 555//555 606//606 645//645
f 589//589 610//610 627//627
f 515//515 471//471 488//488
f 515//515 488//488 480//480
f 471//471 480//480 488//488
f 471//471 441//441 458//458
f 458//458 480//480 471//471
f 471//471 501//501 470//470
f 471//471 515//515 501//501
f 251//251 240//240 259//259
f 267//267 251//251 259//259
f 251//251 267//267 273//273
f 251//251 273//273 240//240
f 337//337 341//341 241//241
f 268//268 289//289 273//273
f 268//268 273//273 267//267
f 273//273 289//289 241//241
f 268//268 267//267 289//289
f 423//423 400//400 447//447
f 447//447 440//440 423//423
f 400//400 381//381 437//437
f 425//425 381//381 363//363
f 381//381 400//400 423//423
f 447//447 400//400 437//437
f 372//372 460//460 341//341
f 337//337 372//372 341//341
f 321//321 354//354 337//337
f 337//337 363//363 365//365
f 359//359 337//337 349//349
f 337//337 365//365 372//372
f 349//349 337//337 354//354
f 363//363 359//359 362//362
f 363//363 362//362 365//365
f 362//362 363//363 365//365
f 362//362 359//359 363//363
f 349//349 354//354 363//363
f 337//337 359//359 363//363
f 359//359 349//349 363//363
f 319//319 354//354 321//321
f 289//289 319//319 311//311
f 321//321 311//311 319//319
f 374//374 363//363 381//381
f 460//460 372//372 381//381
f 337//337 311//311 321//321
f 374//374 372//372 363//363
f 374//374 381//381 372//372
f 363//363 372//372 365//365
f 346//346 375//375 312//312
f 441//441 470//470 385//385
f 375//375 441//441 385//385
f 331//331 319//319 259//259
f 385//385 470//470 425//425
f 354//354 385//385 363//363
f 363//363 385//385 425//425
f 331//331 385//385 354//354
f 331//331 375//375 385//385
f 709//709 697//697 721//721
f 671//671 709//709 725//725
f 725//725 709//709 721//721
f 676//676 609//609 697//697
f 683//683 697//697 693//693
f 683//683 676//676 697//697
f 709//709 696//696 697//697
f 696//696 683//683 693//693
f 696//696 693//693 697//697
f 683//683 696//696 671//671
f 666//666 676//676 683//683
f 666//666 671//671 653//653
f 653//653 660//660 666//666
f 660//660 676//676 666//666
f 628//628 609//609 653//653
f 642//642 631//631 628//628
f 642//642 628//628 653//653
f 653//653 676//676 660//660
f 609//609 662//662 697//697
f 598//598 609//609 597//597
f 609//609 598//598 629//629
f 662//662 609//609 629//629
f 609//609 604//604 588//588
f 616//616 628//628 631//631
f 616//616 631//631 642//642
f 594//594 604//604 628//628
f 594//594 628//628 616//616
f 628//628 604//604 609//609
f 594//594 588//588 604//604
f 588//588 594//594 572//572
f 572//572 561//561 609//609
f 572//572 594//594 561//561
f 529//529 530//530 561//561
f 561//561 671//671 529//529
f 572//572 609//609 588//588
f 516//516 597//597 609//609
f 609//609 530//530 516//516
f 609//609 561//561 551//551
f 530//530 609//609 551//551
f 460//460 507//507 671//671
f 551//551 561//561 530//530
f 513//513 507//507 460//460
f 513//513 529//529 507//507
f 510//510 490//490 478//478
f 461//461 494//494 478//478
f 510//510 478//478 494//494
f 510//510 494//494 516//516
f 447//447 494//494 461//461
f 516//516 517//517 513//513
f 516//516 513//513 510//510
f 530//530 529//529 513//513
f 530//530 513//513 517//517
f 510//510 513//513 490//490
f 447//447 461//461 423//423
f 479//479 490//490 513//513
f 479//479 513//513 460//460
f 479//479 478//478 490//490
f 478//478 423//423 461//461
f 423//423 440//440 447//447
f 517//517 516//516 530//530
f 259//259 240//240 238//238
f 375//375 458//458 441//441
f 252//252 232//232 219//219
f 232//232 241//241 219//219
f 241//241 232//232 238//238
f 241//241 238//238 240//240
f 238//238 259//259 240//240
f 238//238 240//240 259//259
f 962//962 970//970 940//940
f 962//962 940//940 950//950
f 962//962 950//950 958//958
f 486//486 531//531 469//469
f 59//59 73//73 63//63
f 59//59 63//63 54//54
f 54//54 63//63 76//76
f 54//54 76//76 62//62
f 277//277 222//222 255//255
f 229//229 272//272 278//278
f 236//236 255//255 222//222
f 250//250 280//280 262//262
f 658//658 621//621 690//690
f 671//671 725//725 734//734
f 734//734 725//725 721//721
f 627//627 610//610 645//645
f 662//662 715//715 686//686
f 566//566 595//595 611//611
f 188//188 155//155 173//173
f 117//117 104//104 108//108
f 195//195 108//108 113//113
f 901//901 862//862 926//926
f 743//743 754//754 752//752
f 734//734 743//743 671//671
