# convertido de flygym/NeuroMechFly (l_pedicel)
v -0.01938 0.02616 -0.05977
v -0.01860 0.02816 -0.06180
v -0.01854 0.02757 -0.04713
v -0.01776 0.02860 -0.03445
v -0.01766 0.02154 -0.04664
v -0.01702 0.02102 -0.04082
v -0.01687 0.02628 -0.03063
v -0.01623 0.02316 -0.06478
v -0.01568 0.03252 -0.05550
v -0.01530 0.02296 -0.02636
v -0.01512 0.01627 -0.03715
v -0.01458 0.02745 -0.06647
v -0.01442 0.03099 -0.02520
v -0.01432 0.02135 -0.02185
v -0.01418 0.03363 -0.02902
v -0.01380 0.01457 -0.05128
v -0.01379 0.03451 -0.04866
v -0.01370 0.01983 -0.02002
v -0.01330 0.01281 -0.03395
v -0.01267 0.03216 -0.06592
v -0.01240 0.03470 -0.02263
v -0.01229 0.03603 -0.03901
v -0.01175 0.03542 -0.05665
v -0.01165 0.01648 -0.06916
v -0.01107 0.01560 -0.01207
v -0.01101 0.00779 -0.03284
v -0.01087 0.00765 -0.03953
v -0.01081 0.01378 -0.01338
v -0.01050 0.00752 -0.05565
v -0.00980 0.01549 -0.00788
v -0.00948 0.00769 -0.06159
v -0.00943 0.02563 -0.01457
v -0.00935 0.00486 -0.02704
v -0.00930 0.03883 -0.03368
v -0.00914 0.01233 -0.00722
v -0.00893 0.01813 0.00322
v -0.00873 0.03984 -0.02403
v -0.00835 0.03889 -0.04286
v -0.00817 0.00943 -0.06999
v -0.00813 0.03358 -0.01700
v -0.00804 0.02870 -0.00284
v -0.00798 0.02107 0.01818
v -0.00796 0.02045 0.02842
v -0.00779 0.00743 -0.00998
v -0.00773 0.01571 0.00905
v -0.00764 0.02838 -0.07269
v -0.00752 0.03842 -0.05668
v -0.00750 0.00030 -0.02345
v -0.00750 0.00954 -0.00258
v -0.00750 0.03408 -0.01528
v -0.00744 0.01922 0.01820
v -0.00730 0.00073 -0.05099
v -0.00725 0.03774 -0.01716
v -0.00702 0.02955 -0.07316
v -0.00680 0.04146 -0.02039
v -0.00661 0.02783 0.01915
v -0.00642 0.03854 -0.05904
v -0.00620 0.01826 0.03089
v -0.00608 0.02378 -0.07556
v -0.00596 0.02977 0.01633
v -0.00593 -0.00396 -0.01712
v -0.00570 0.03347 0.00064
v -0.00516 0.01244 -0.07687
v -0.00491 -0.00671 -0.01417
v -0.00456 0.01516 0.02479
v -0.00450 -0.00003 0.00635
v -0.00442 0.00524 0.01556
v -0.00436 0.00666 -0.07617
v -0.00418 -0.00478 -0.04922
v -0.00413 -0.00367 -0.05320
v -0.00405 0.04192 -0.00878
v -0.00394 -0.00924 -0.00841
v -0.00382 0.03565 -0.06747
v -0.00381 -0.00338 0.00580
v -0.00378 0.00179 -0.07211
v -0.00376 0.00526 0.01871
v -0.00372 -0.00694 -0.04164
v -0.00367 0.03904 0.00096
v -0.00365 0.01140 0.02372
v -0.00344 0.03172 0.01613
v -0.00337 -0.00388 -0.05637
v -0.00325 -0.00818 -0.03640
v -0.00314 0.00151 0.01761
v -0.00308 -0.00818 0.00279
v -0.00300 -0.01188 -0.00677
v -0.00296 0.04353 -0.00942
v -0.00272 -0.00099 -0.06953
v -0.00267 0.04205 -0.05509
v -0.00263 0.03620 0.00487
v -0.00249 -0.00906 -0.04383
v -0.00219 0.01562 0.03469
v -0.00192 -0.01037 -0.04274
v -0.00188 0.04328 -0.04975
v -0.00186 0.04568 -0.02421
v -0.00154 0.01703 0.03574
v -0.00143 -0.01201 -0.04134
v -0.00136 0.03722 0.00720
v -0.00122 0.00823 -0.07680
v -0.00113 -0.01553 0.00256
v -0.00031 -0.01594 -0.02151
v -0.00030 -0.01705 0.00097
v -0.00024 -0.01251 0.01554
v 0.00006 -0.01747 -0.01327
v 0.00010 0.03461 -0.07563
v 0.00014 0.02703 0.02636
v 0.00019 -0.00601 -0.07055
v 0.00041 0.02329 -0.07574
v 0.00052 -0.01848 -0.01118
v 0.00081 0.00836 0.03572
v 0.00084 0.04630 -0.04353
v 0.00085 0.04258 -0.06193
v 0.00102 0.03988 -0.06792
v 0.00131 0.04645 -0.01244
v 0.00170 -0.01864 0.00403
v 0.00182 -0.01471 0.02005
v 0.00245 -0.00346 0.04168
v 0.00247 -0.02503 -0.03781
v 0.00261 -0.01763 0.01275
v 0.00279 -0.00199 0.03426
v 0.00289 0.00364 0.04144
v 0.00295 0.04964 -0.02980
v 0.00301 -0.02608 -0.03934
v 0.00306 0.02434 0.03124
v 0.00310 0.04667 -0.05277
v 0.00357 -0.02407 -0.02049
v 0.00362 0.04851 -0.01913
v 0.00363 0.03954 0.00775
v 0.00374 -0.01530 0.02418
v 0.00383 0.03782 -0.07640
v 0.00385 -0.02261 -0.01377
v 0.00410 -0.00378 0.03560
v 0.00411 0.04426 -0.00278
v 0.00429 0.04932 -0.04219
v 0.00460 0.01285 0.03949
v 0.00477 0.03082 0.02366
v 0.00494 -0.02863 -0.04158
v 0.00500 -0.01487 -0.07025
v 0.00508 -0.00706 -0.07155
v 0.00535 -0.01847 0.02231
v 0.00561 0.03561 0.01746
v 0.00563 0.04747 -0.00880
v 0.00645 0.04618 -0.06525
v 0.00659 -0.02266 -0.06865
v 0.00685 0.04446 -0.00061
v 0.00687 -0.02103 -0.06182
v 0.00690 0.01490 -0.07631
v 0.00715 -0.01795 0.02874
v 0.00715 0.04166 -0.07581
v 0.00742 -0.02308 0.01243
v 0.00799 0.02460 0.03419
v 0.00815 0.05063 -0.01399
v 0.00816 -0.02657 -0.06846
v 0.00816 -0.00767 0.04135
v 0.00845 -0.00791 0.04242
v 0.00848 0.02847 0.03013
v 0.00871 0.05273 -0.02218
v 0.00875 -0.02074 0.02902
v 0.00878 0.05459 -0.03085
v 0.00889 -0.03397 -0.03737
v 0.00896 -0.02704 -0.00577
v 0.00899 -0.02664 -0.05760
v 0.00918 0.05084 -0.05260
v 0.00978 -0.03275 -0.06698
v 0.00985 0.05581 -0.03067
v 0.01061 -0.01019 0.04242
v 0.01089 -0.03566 -0.03223
v 0.01097 0.05607 -0.03265
v 0.01108 0.05310 -0.04809
v 0.01116 0.02562 0.03456
v 0.01125 0.00404 0.04335
v 0.01219 0.05371 -0.01802
v 0.01219 -0.01192 -0.07281
v 0.01249 -0.02040 -0.06714
v 0.01252 -0.03762 -0.04915
v 0.01288 -0.02086 0.03775
v 0.01296 -0.03895 -0.06865
v 0.01310 0.05666 -0.02810
v 0.01317 -0.02826 0.01609
v 0.01324 -0.03188 -0.01098
v 0.01334 0.04985 -0.07006
v 0.01345 -0.01342 -0.07219
v 0.01351 -0.02607 0.03026
v 0.01356 0.05109 -0.00907
v 0.01360 0.05869 -0.03096
v 0.01362 -0.02784 0.02124
v 0.01366 0.04686 -0.07701
v 0.01378 -0.04052 -0.06311
v 0.01404 -0.02781 0.02370
v 0.01405 0.01879 0.03911
v 0.01414 0.02538 -0.07689
v 0.01425 0.01294 0.04265
v 0.01429 0.05395 -0.01397
v 0.01449 -0.04159 -0.04637
v 0.01461 -0.03282 -0.00725
v 0.01478 0.01553 -0.07700
v 0.01510 -0.05044 -0.07149
v 0.01511 -0.03143 0.00672
v 0.01534 -0.02642 0.03515
v 0.01535 -0.04460 -0.07246
v 0.01556 0.02124 -0.07686
v 0.01598 0.05474 -0.05565
v 0.01614 0.00970 0.04405
v 0.01616 0.03939 0.02029
v 0.01619 -0.02671 -0.06386
v 0.01639 0.05567 -0.01529
v 0.01640 0.06248 -0.03436
v 0.01652 -0.03101 0.01621
v 0.01669 0.04497 -0.07908
v 0.01685 0.05835 -0.04359
v 0.01690 0.00729 -0.07643
v 0.01701 0.03118 0.03175
v 0.01711 -0.03438 -0.00099
v 0.01739 -0.03562 -0.00839
v 0.01740 -0.04582 -0.04789
v 0.01742 -0.04466 -0.03427
v 0.01758 0.05782 -0.04627
v 0.01765 0.04191 0.01634
v 0.01793 0.05511 -0.05945
v 0.01820 0.05139 -0.00432
v 0.01827 0.06221 -0.03689
v 0.01832 0.01275 -0.07673
v 0.01834 -0.01134 0.04231
v 0.01855 0.04523 -0.07963
v 0.01870 -0.03843 -0.01483
v 0.01884 0.04771 0.00409
v 0.01912 -0.03004 0.02798
v 0.01922 0.04104 0.02113
v 0.01944 -0.06172 -0.06621
v 0.01962 0.01312 0.04262
v 0.01967 0.01935 0.03837
v 0.01972 0.04867 0.00277
v 0.01973 -0.00433 -0.07201
v 0.01975 0.05804 -0.01462
v 0.01995 0.03129 -0.07824
v 0.02014 0.04980 -0.07781
v 0.02016 -0.03812 -0.00927
v 0.02034 -0.04808 -0.03398
v 0.02035 -0.02895 0.03318
v 0.02043 -0.06186 -0.06482
v 0.02045 0.03506 0.02889
v 0.02049 -0.05355 -0.05826
v 0.02092 0.05887 -0.04989
v 0.02099 0.04857 0.00445
v 0.02101 -0.01679 -0.06570
v 0.02104 -0.05271 -0.05546
v 0.02111 -0.00520 0.04417
v 0.02132 0.05502 -0.00761
v 0.02137 0.03742 -0.07951
v 0.02142 0.05793 -0.05629
v 0.02158 -0.04283 -0.01809
v 0.02212 -0.05048 -0.07276
v 0.02225 -0.04923 -0.03154
v 0.02229 -0.03135 0.03042
v 0.02230 0.04448 0.01508
v 0.02233 0.05978 -0.01529
v 0.02260 0.04296 0.02400
v 0.02264 0.06035 -0.02646
v 0.02291 0.05564 -0.07054
v 0.02294 0.05456 -0.07339
v 0.02305 -0.03830 0.00040
v 0.02341 -0.05898 -0.05789
v 0.02361 -0.04082 -0.00683
v 0.02424 -0.05310 -0.04383
v 0.02439 0.06193 -0.04377
v 0.02462 -0.04365 -0.01184
v 0.02491 0.05469 -0.00271
v 0.02492 0.06082 -0.02425
v 0.02527 -0.04818 -0.02265
v 0.02563 -0.00911 -0.06839
v 0.02568 -0.03308 0.02863
v 0.02579 0.04794 0.01132
v 0.02582 0.00892 -0.07511
v 0.02593 -0.00608 0.04333
v 0.02604 0.02380 0.03449
v 0.02639 -0.06524 -0.06098
v 0.02640 0.04554 -0.08083
v 0.02643 0.03165 -0.07734
v 0.02658 0.03447 0.03025
v 0.02676 -0.05723 -0.05201
v 0.02731 0.06236 -0.03183
v 0.02732 0.02106 -0.07609
v 0.02749 0.04578 0.01685
v 0.02808 0.04587 0.02858
v 0.02810 0.06385 -0.01431
v 0.02811 -0.04980 -0.07280
v 0.02851 -0.05156 -0.02353
v 0.02868 0.05914 -0.06977
v 0.02871 0.05199 0.00705
v 0.02879 -0.04838 -0.01322
v 0.02882 -0.05599 -0.03818
v 0.02898 -0.06003 -0.05244
v 0.02900 -0.03737 0.02172
v 0.02910 0.05381 -0.07772
v 0.02927 -0.03992 0.01511
v 0.02961 0.06046 -0.06516
v 0.02961 -0.03033 -0.06210
v 0.02970 -0.04261 -0.06806
v 0.02982 -0.04113 0.01112
v 0.02999 0.05052 -0.07968
v 0.03003 0.04507 0.01730
v 0.03006 0.04523 0.02388
v 0.03031 -0.04550 -0.00145
v 0.03036 0.06345 -0.05041
v 0.03068 0.05194 -0.07920
v 0.03084 -0.03222 0.02804
v 0.03155 0.05654 0.00169
v 0.03162 -0.05927 -0.07587
v 0.03164 -0.01742 0.03902
v 0.03192 0.02897 0.03035
v 0.03208 -0.02163 -0.06226
v 0.03212 0.01264 0.04456
v 0.03214 -0.05406 -0.02528
v 0.03230 -0.05615 -0.03309
v 0.03247 -0.04068 0.01624
v 0.03269 0.00995 0.04451
v 0.03278 0.05889 -0.07227
v 0.03297 0.05928 -0.00193
v 0.03302 0.06351 -0.00889
v 0.03313 -0.01371 0.04050
v 0.03323 -0.01988 0.03697
v 0.03349 0.04971 0.01388
v 0.03356 0.01921 0.03729
v 0.03374 -0.04414 0.00656
v 0.03380 0.05965 -0.00206
v 0.03382 0.06698 -0.01348
v 0.03395 0.05513 0.00808
v 0.03402 -0.05081 -0.01229
v 0.03405 0.06251 -0.06136
v 0.03416 0.03486 -0.07702
v 0.03417 -0.04610 0.00227
v 0.03431 0.06560 -0.04728
v 0.03436 0.05097 -0.07936
v 0.03440 0.06600 -0.04349
v 0.03482 -0.06467 -0.07337
v 0.03511 0.01555 0.04317
v 0.03532 -0.03417 -0.06198
v 0.03539 0.03766 0.02578
v 0.03565 -0.02613 -0.06179
v 0.03653 -0.01613 -0.06498
v 0.03662 -0.06690 -0.05556
v 0.03720 0.03750 0.02344
v 0.03747 -0.01623 0.03836
v 0.03748 0.04363 -0.07840
v 0.03756 -0.03772 0.01749
v 0.03759 0.06581 -0.02044
v 0.03780 0.06585 -0.01339
v 0.03808 -0.06204 -0.04530
v 0.03824 0.03771 0.02311
v 0.03829 0.06548 -0.02525
v 0.03919 -0.03556 0.01946
v 0.03924 -0.02461 0.03177
v 0.03924 0.02330 0.03394
v 0.03925 0.06623 -0.05085
v 0.03936 0.03648 -0.07683
v 0.03946 0.04978 0.01316
v 0.03959 -0.04158 0.01190
v 0.04003 0.04239 0.01845
v 0.04014 0.06534 -0.01529
v 0.04023 -0.01825 -0.06433
v 0.04028 -0.05491 -0.01662
v 0.04083 0.06003 -0.07164
v 0.04091 0.06701 -0.04831
v 0.04106 0.06775 -0.04085
v 0.04112 0.06266 -0.01113
v 0.04134 -0.04596 0.00505
v 0.04175 0.00345 0.04121
v 0.04230 -0.03603 -0.06298
v 0.04231 -0.07186 -0.06686
v 0.04250 -0.04922 -0.00028
v 0.04266 0.02047 0.03807
v 0.04274 0.06102 0.00729
v 0.04301 0.01359 -0.07394
v 0.04325 -0.00816 0.03914
v 0.04335 0.00860 -0.07269
v 0.04345 -0.06891 -0.05289
v 0.04347 -0.05237 -0.00640
v 0.04352 -0.02680 0.02827
v 0.04374 -0.05515 -0.01427
v 0.04396 0.05269 0.00973
v 0.04430 0.06342 -0.06789
v 0.04439 -0.05565 -0.01558
v 0.04470 -0.07277 -0.07729
v 0.04518 0.01431 0.04661
v 0.04525 0.03666 0.02195
v 0.04531 -0.05749 -0.07594
v 0.04532 0.00532 0.04105
v 0.04555 -0.05754 -0.02600
v 0.04560 -0.02430 0.03018
v 0.04571 -0.06004 -0.07567
v 0.04584 0.02280 0.03509
v 0.04590 -0.07225 -0.06804
v 0.04597 -0.07038 -0.07817
v 0.04599 0.00208 0.04033
v 0.04613 -0.05409 -0.01256
v 0.04621 0.00651 -0.07165
v 0.04641 0.06495 -0.02118
v 0.04646 -0.06171 -0.03384
v 0.04652 0.01928 0.04313
v 0.04680 0.03767 -0.07686
v 0.04683 0.05755 0.00499
v 0.04685 0.05939 -0.00063
v 0.04732 0.05036 0.00835
v 0.04732 -0.02131 0.03095
v 0.04738 0.06420 -0.06178
v 0.04741 0.05150 -0.07840
v 0.04750 -0.04871 -0.00071
v 0.04767 -0.04117 0.00910
v 0.04776 0.01337 -0.07331
v 0.04785 0.02536 0.03207
v 0.04792 0.06668 -0.02805
v 0.04800 0.04534 -0.07898
v 0.04819 -0.02032 -0.06390
v 0.04821 0.02699 0.03001
v 0.04821 0.02780 -0.07527
v 0.04832 0.01231 -0.07305
v 0.04837 -0.01364 0.03361
v 0.04856 0.05685 -0.07437
v 0.04869 -0.04340 -0.06656
v 0.04877 0.06233 -0.01274
v 0.04889 -0.01403 -0.06546
v 0.04933 -0.00438 0.04148
v 0.04942 -0.03096 -0.06165
v 0.04968 -0.03259 0.01941
v 0.04996 0.04886 0.00710
v 0.05046 -0.05129 -0.00726
v 0.05056 0.04256 0.01302
v 0.05059 0.06724 -0.03551
v 0.05067 -0.02583 -0.06224
v 0.05079 0.06223 -0.01604
v 0.05080 0.02936 0.04226
v 0.05100 0.05799 -0.00535
v 0.05138 -0.06887 -0.07304
v 0.05180 0.01911 0.04611
v 0.05191 0.01035 -0.07224
v 0.05266 -0.05736 -0.01989
v 0.05275 0.06436 -0.02928
v 0.05300 0.04768 0.00718
v 0.05310 -0.01019 0.03700
v 0.05314 -0.07010 -0.06768
v 0.05360 0.04163 0.01367
v 0.05364 0.05894 -0.07237
v 0.05365 -0.00552 0.04200
v 0.05377 0.00796 -0.07130
v 0.05378 0.03163 0.04219
v 0.05382 0.02811 0.02720
v 0.05394 0.00809 0.03561
v 0.05405 -0.03687 0.01071
v 0.05411 -0.02914 0.02205
v 0.05414 0.03542 0.01951
v 0.05445 0.01265 -0.07236
v 0.05481 0.02993 0.04531
v 0.05487 -0.02778 0.02442
v 0.05489 0.05135 0.00096
v 0.05502 -0.04060 0.00537
v 0.05503 0.05839 -0.00966
v 0.05521 0.05640 -0.07421
v 0.05527 0.06464 -0.04676
v 0.05528 0.03969 -0.07632
v 0.05556 -0.04913 -0.00452
v 0.05557 -0.01336 0.03087
v 0.05582 0.04689 -0.07552
v 0.05623 -0.06863 -0.05987
v 0.05647 0.01169 -0.07194
v 0.05675 -0.05189 -0.01327
v 0.05704 0.06302 -0.03422
v 0.05705 -0.03326 -0.06015
v 0.05713 0.02728 0.02687
v 0.05714 -0.06486 -0.03618
v 0.05718 0.03014 0.03865
v 0.05719 -0.00584 0.04079
v 0.05736 0.01413 0.03463
v 0.05736 0.06229 -0.05930
v 0.05760 0.06077 -0.02413
v 0.05771 -0.06684 -0.04764
v 0.05782 -0.01165 0.03079
v 0.05784 -0.06031 -0.07501
v 0.05790 -0.00542 -0.06737
v 0.05790 0.00319 0.03218
v 0.05811 -0.05985 -0.02369
v 0.05840 0.01778 0.03834
v 0.05844 -0.06794 -0.05355
v 0.05875 -0.03275 0.01303
v 0.05887 -0.04590 -0.00108
v 0.05902 0.02626 0.03630
v 0.05922 0.03189 0.04551
v 0.05934 -0.00160 0.03241
v 0.05965 -0.05145 -0.01353
v 0.05968 0.06256 -0.05493
v 0.05984 0.03243 0.02210
v 0.06020 -0.04772 -0.00376
v 0.06029 0.05558 -0.00745
v 0.06033 0.06293 -0.04157
v 0.06045 0.05985 -0.06032
v 0.06066 0.06272 -0.04386
v 0.06077 0.05895 -0.01750
v 0.06080 -0.01410 0.02782
v 0.06122 -0.04893 -0.06992
v 0.06122 0.01979 0.02933
v 0.06125 -0.06515 -0.07181
v 0.06156 0.05826 -0.01359
v 0.06173 -0.00060 0.02897
v 0.06186 0.02721 -0.07391
v 0.06187 -0.06241 -0.02844
v 0.06201 0.00816 -0.07039
v 0.06204 -0.06756 -0.03350
v 0.06208 0.02283 0.02739
v 0.06217 0.03770 -0.07558
v 0.06221 -0.04079 0.00300
v 0.06225 0.05582 -0.06516
v 0.06236 -0.06833 -0.06453
v 0.06243 0.01493 -0.07181
v 0.06251 -0.02738 0.02267
v 0.06251 -0.02399 0.02788
v 0.06253 0.01763 0.02807
v 0.06277 0.05252 -0.07004
v 0.06283 0.04740 -0.07335
v 0.06307 0.04893 0.00404
v 0.06334 0.06193 -0.03871
v 0.06337 0.06151 -0.04976
v 0.06339 -0.03145 0.01191
v 0.06348 0.06171 -0.04364
v 0.06434 -0.02895 0.01454
v 0.06455 -0.06055 -0.07409
v 0.06470 0.04047 0.01513
v 0.06506 -0.04457 -0.00327
v 0.06572 0.06026 -0.05556
v 0.06622 -0.04181 -0.00031
v 0.06630 -0.02965 0.01215
v 0.06645 -0.05185 -0.01590
v 0.06677 0.04000 0.01681
v 0.06682 0.02158 0.02520
v 0.06698 -0.07295 -0.04591
v 0.06715 0.04033 0.01676
v 0.06748 -0.07509 -0.03573
v 0.06753 -0.02577 0.02508
v 0.06797 -0.01458 0.02119
v 0.06802 -0.01247 0.02190
v 0.06808 -0.06241 -0.07211
v 0.06815 -0.04550 -0.00746
v 0.06840 0.01561 -0.07114
v 0.06859 -0.02480 0.01770
v 0.06878 0.05316 -0.00574
v 0.06883 0.02303 -0.07248
v 0.06909 -0.00936 -0.06561
v 0.06918 0.05668 -0.01238
v 0.06925 0.03262 0.02127
v 0.06925 -0.05434 -0.02277
v 0.06927 -0.06257 -0.02873
v 0.06931 -0.03508 -0.06169
v 0.06933 -0.01905 0.02745
v 0.06978 0.04762 0.00308
v 0.07008 0.06023 -0.02038
v 0.07058 -0.04817 -0.01158
v 0.07089 -0.05226 -0.01779
v 0.07102 -0.06930 -0.04730
v 0.07125 -0.02091 0.01591
v 0.07147 -0.08159 -0.03987
v 0.07148 0.05856 -0.01746
v 0.07181 -0.01936 0.01861
v 0.07195 0.00125 0.02423
v 0.07217 0.02605 0.02277
v 0.07228 0.04432 0.00715
v 0.07232 -0.05836 -0.07238
v 0.07236 -0.02964 -0.06009
v 0.07257 -0.05902 -0.03905
v 0.07261 -0.05354 -0.02638
v 0.07280 0.04430 0.01328
v 0.07287 0.03202 0.02360
v 0.07287 0.06051 -0.02522
v 0.07343 -0.08243 -0.04800
v 0.07346 0.05917 -0.02091
v 0.07354 -0.05205 -0.07057
v 0.07357 -0.07303 -0.06092
v 0.07381 0.00101 0.02315
v 0.07418 -0.01535 0.01666
v 0.07430 -0.06917 -0.04179
v 0.07435 0.04806 -0.07231
v 0.07519 0.06059 -0.03551
v 0.07549 -0.07099 -0.03461
v 0.07566 -0.03258 -0.06175
v 0.07566 0.00227 0.02271
v 0.07569 -0.07303 -0.06187
v 0.07575 -0.04085 -0.00890
v 0.07579 0.04606 0.01232
v 0.07590 -0.03565 0.00047
v 0.07591 0.04154 -0.07413
v 0.07606 0.05444 -0.01457
v 0.07611 0.04988 0.01631
v 0.07628 -0.02352 0.02775
v 0.07632 -0.05521 -0.03807
v 0.07636 -0.05035 -0.01337
v 0.07638 0.04953 -0.06830
v 0.07676 0.04570 0.01047
v 0.07699 -0.06283 -0.06421
v 0.07712 0.01473 0.02235
v 0.07717 -0.00581 -0.06568
v 0.07724 0.05842 -0.04320
v 0.07735 0.05217 -0.06349
v 0.07749 0.05710 -0.05077
v 0.07752 -0.08170 -0.04370
v 0.07778 0.01422 -0.06964
v 0.07783 -0.05715 -0.04513
v 0.07816 -0.01553 -0.06367
v 0.07820 0.04614 0.02509
v 0.07845 -0.03148 0.00312
v 0.07904 0.03251 -0.07312
v 0.07913 -0.06164 -0.05486
v 0.07919 0.02193 0.02096
v 0.07922 0.02820 -0.07207
v 0.07930 0.04223 0.02722
v 0.07930 -0.04158 -0.01109
v 0.07936 0.05250 0.02059
v 0.07942 -0.05471 -0.07125
v 0.07953 0.05249 -0.01530
v 0.07981 0.04317 -0.07051
v 0.07986 0.03621 -0.07307
v 0.07987 -0.06099 -0.06203
v 0.08005 0.05549 -0.02460
v 0.08036 0.00311 0.02275
v 0.08059 -0.00991 -0.06496
v 0.08060 -0.03656 -0.06604
v 0.08060 -0.02887 0.00471
v 0.08070 0.05505 -0.05660
v 0.08089 0.05028 -0.06235
v 0.08100 0.02500 0.02094
v 0.08100 0.01408 -0.06928
v 0.08114 0.05658 -0.03389
v 0.08143 0.05531 -0.05437
v 0.08148 -0.03455 0.00066
v 0.08156 -0.03638 -0.00786
v 0.08164 -0.01178 0.01272
v 0.08190 0.05258 0.02478
v 0.08192 0.04868 -0.01038
v 0.08197 -0.05847 -0.06509
v 0.08211 -0.05832 -0.05505
v 0.08243 -0.02697 -0.06153
v 0.08252 -0.05900 -0.06132
v 0.08287 0.05447 -0.05281
v 0.08288 0.05486 -0.04607
v 0.08304 -0.02721 0.00480
v 0.08309 -0.03433 -0.06560
v 0.08336 0.05321 -0.05583
v 0.08336 -0.05154 -0.03968
v 0.08364 -0.01351 0.01034
v 0.08364 0.04650 -0.00779
v 0.08371 0.05644 0.01536
v 0.08395 0.04120 0.00547
v 0.08405 0.03259 0.02349
v 0.08406 0.03950 0.00039
v 0.08428 -0.04044 -0.06927
v 0.08430 -0.05255 -0.01377
v 0.08436 0.04423 -0.00525
v 0.08442 -0.05575 -0.05192
v 0.08459 -0.04954 -0.03363
v 0.08462 -0.04842 -0.02649
v 0.08475 -0.02335 0.00376
v 0.08497 0.05709 0.02507
v 0.08535 0.04820 0.02977
v 0.08549 0.01999 0.01356
v 0.08555 0.06065 0.01841
v 0.08558 -0.05236 -0.02189
v 0.08597 0.05223 -0.02904
v 0.08601 -0.00532 0.01141
v 0.08608 -0.03806 -0.01667
v 0.08617 0.01205 -0.06897
v 0.08631 -0.03481 -0.01295
v 0.08647 0.03455 -0.06915
v 0.08659 0.04607 -0.05942
v 0.08667 -0.04749 -0.02263
v 0.08677 0.04388 0.00722
v 0.08684 0.05870 0.02608
v 0.08692 0.03686 0.02518
v 0.08694 0.02227 -0.06933
v 0.08705 -0.01424 0.00785
v 0.08731 0.04706 -0.05727
v 0.08767 0.04078 -0.00758
v 0.08781 0.05089 -0.02907
v 0.08792 -0.04459 -0.02526
v 0.08796 0.01529 0.01581
v 0.08800 -0.02765 -0.06528
v 0.08801 -0.00173 0.01225
v 0.08806 0.03038 0.01823
v 0.08811 0.00128 0.02049
v 0.08815 -0.05329 -0.06915
v 0.08870 0.05647 0.01253
v 0.08874 0.01494 0.00590
v 0.08880 0.02907 0.00607
v 0.08885 -0.01826 -0.06287
v 0.08897 0.01455 -0.06872
v 0.08901 0.03117 0.00360
v 0.08909 0.06574 0.02031
v 0.08921 0.04914 -0.04667
v 0.08927 -0.00832 -0.06615
v 0.08932 0.03764 -0.00706
v 0.08946 -0.03326 -0.06871
v 0.08947 -0.00585 0.01044
v 0.08953 -0.02100 0.00101
v 0.08953 0.03388 -0.00028
v 0.08983 0.00781 0.00483
v 0.08985 0.00032 0.01070
v 0.08987 0.06700 0.02148
v 0.08994 0.03147 0.01501
v 0.09017 0.00769 -0.06850
v 0.09029 0.04514 -0.01764
v 0.09038 -0.00136 0.00566
v 0.09090 0.02385 0.00294
v 0.09091 0.03294 0.01725
v 0.09092 0.00774 0.02397
v 0.09092 0.03971 -0.06042
v 0.09094 0.05365 0.03011
v 0.09162 0.00730 0.02441
v 0.09179 -0.03460 0.00209
v 0.09196 0.03731 -0.01184
v 0.09212 -0.05217 -0.06240
v 0.09212 -0.03215 -0.01158
v 0.09225 -0.01670 0.00059
v 0.09239 -0.02232 -0.00937
v 0.09241 0.04614 -0.02410
v 0.09245 0.05185 0.01059
v 0.09253 0.06815 0.02812
v 0.09262 0.04836 -0.03409
v 0.09263 -0.02762 -0.01367
v 0.09270 -0.03379 -0.01973
v 0.09274 -0.04516 -0.03281
v 0.09274 -0.01719 -0.00292
v 0.09279 0.04472 -0.02253
v 0.09280 -0.04707 -0.04361
v 0.09281 -0.02375 -0.00263
v 0.09287 -0.04462 -0.03198
v 0.09302 0.04787 -0.03339
v 0.09311 0.03891 -0.01614
v 0.09312 0.03419 -0.06320
v 0.09321 0.04150 0.00944
v 0.09328 -0.02997 -0.01748
v 0.09344 0.04730 -0.03617
v 0.09381 0.00970 0.01271
v 0.09390 0.04310 0.02471
v 0.09423 -0.00186 -0.00266
v 0.09428 0.04347 -0.02640
v 0.09449 -0.04717 -0.06948
v 0.09450 -0.02722 -0.06917
v 0.09487 -0.00212 -0.06803
v 0.09488 -0.01341 -0.06509
v 0.09496 0.01614 -0.00059
v 0.09511 0.04074 0.02048
v 0.09527 0.01263 0.01991
v 0.09535 -0.03991 -0.02739
v 0.09536 -0.05009 -0.06058
v 0.09538 0.05735 0.03098
v 0.09549 0.07265 0.01925
v 0.09550 0.07405 0.02783
v 0.09569 0.03204 -0.06213
v 0.09583 0.01286 0.01834
v 0.09589 -0.03417 -0.02517
v 0.09597 -0.01583 -0.01075
v 0.09603 0.04307 -0.03579
v 0.09619 -0.02895 -0.00036
v 0.09626 0.03666 -0.05471
v 0.09634 0.03626 -0.02028
v 0.09652 0.00762 -0.00411
v 0.09657 -0.01175 -0.00850
v 0.09678 0.00317 0.02239
v 0.09688 -0.04519 -0.04301
v 0.09697 -0.00572 -0.00695
v 0.09700 -0.03287 -0.00899
v 0.09701 -0.04550 -0.04672
v 0.09707 0.01555 -0.00254
v 0.09713 0.03295 -0.01211
v 0.09720 0.03806 -0.05014
v 0.09722 -0.00714 -0.06522
v 0.09738 0.05967 0.03147
v 0.09755 0.02023 -0.06542
v 0.09795 0.06011 0.01395
v 0.09806 0.01524 -0.00415
v 0.09825 0.05026 0.01402
v 0.09836 -0.04193 -0.07026
v 0.09837 -0.01262 -0.00248
v 0.09850 0.03138 -0.00825
v 0.09857 -0.02413 -0.07003
v 0.09867 0.02795 0.00028
v 0.09887 -0.00585 -0.00115
v 0.09908 0.03781 -0.04104
v 0.09912 0.06123 0.03128
v 0.09920 0.04882 0.02507
v 0.09921 -0.03629 0.00110
v 0.09926 0.07981 0.02325
v 0.09934 -0.04614 -0.05636
v 0.09935 0.00857 0.02405
v 0.09938 0.02684 -0.06157
v 0.09942 -0.00743 0.00810
v 0.09967 0.00121 -0.01196
v 0.09984 0.00395 -0.01270
v 0.09985 0.02714 -0.01966
v 0.09992 0.00283 0.02233
v 0.09996 0.05123 0.02484
v 0.10005 0.07427 0.03173
v 0.10011 0.01621 -0.06537
v 0.10022 0.02941 -0.02518
v 0.10025 -0.03040 -0.00410
v 0.10056 0.08104 0.02917
v 0.10069 -0.01402 0.00828
v 0.10088 0.03025 -0.01224
v 0.10089 0.02849 -0.00058
v 0.10110 -0.00714 -0.01144
v 0.10122 -0.04504 -0.06223
v 0.10156 0.05328 0.01956
v 0.10161 0.02834 -0.03254
v 0.10177 0.00693 0.01345
v 0.10189 -0.00232 -0.06697
v 0.10199 -0.03923 -0.06998
v 0.10210 -0.04496 -0.04494
v 0.10211 -0.04291 -0.05493
v 0.10214 0.03153 -0.04324
v 0.10218 0.01154 -0.01716
v 0.10228 -0.03039 -0.03380
v 0.10239 -0.01031 -0.06782
v 0.10244 -0.04122 -0.04744
v 0.10244 0.05851 0.01565
v 0.10253 0.03200 -0.04796
v 0.10280 -0.02182 -0.02214
v 0.10290 0.01587 -0.01894
v 0.10310 -0.01447 0.00832
v 0.10310 0.02625 -0.01642
v 0.10319 0.01583 -0.01492
v 0.10350 0.06761 0.01664
v 0.10367 0.02347 -0.02718
v 0.10379 0.02905 -0.05019
v 0.10382 -0.03453 0.00128
v 0.10396 -0.04205 -0.02945
v 0.10400 0.01860 -0.06263
v 0.10446 0.08687 0.02196
v 0.10486 0.02524 -0.05335
v 0.10492 0.00560 -0.01879
v 0.10533 0.01864 -0.00081
v 0.10551 0.02156 -0.03291
v 0.10559 0.06817 0.03087
v 0.10564 0.06005 0.02478
v 0.10568 -0.03157 -0.04188
v 0.10580 -0.00627 -0.01592
v 0.10590 -0.02184 -0.02677
v 0.10606 -0.03656 -0.06849
v 0.10612 0.02391 -0.04987
v 0.10620 -0.03535 -0.04652
v 0.10626 -0.03801 -0.00281
v 0.10626 0.00995 0.01933
v 0.10642 0.00756 -0.06371
v 0.10659 0.07239 0.03131
v 0.10678 -0.03803 -0.06506
v 0.10682 0.02738 -0.01418
v 0.10695 -0.02716 -0.04123
v 0.10726 -0.01615 0.00156
v 0.10740 0.02100 -0.05323
v 0.10752 -0.03718 -0.00093
v 0.10786 0.00925 -0.02380
v 0.10794 0.01294 -0.02850
v 0.10812 0.00083 -0.02095
v 0.10823 0.01252 -0.06216
v 0.10854 -0.02526 -0.06961
v 0.10861 -0.03560 -0.06321
v 0.10888 0.09398 0.02006
v 0.10898 0.06817 0.01857
v 0.10940 -0.02103 -0.03868
v 0.10966 -0.01857 -0.02797
v 0.10973 0.01661 -0.05443
v 0.10983 0.06856 0.02806
v 0.11001 0.01408 -0.03484
v 0.11003 -0.04492 -0.04508
v 0.11014 0.02007 -0.01525
v 0.11025 0.08154 0.03124
v 0.11030 0.09849 0.02413
v 0.11030 -0.01415 -0.06862
v 0.11032 -0.00975 0.00391
v 0.11037 -0.01607 -0.06898
v 0.11040 -0.02921 -0.05035
v 0.11052 0.01705 -0.00347
v 0.11059 0.07842 0.03120
v 0.11077 -0.01335 0.00032
v 0.11110 -0.00688 -0.02088
v 0.11130 0.00696 -0.06242
v 0.11154 0.00181 -0.06465
v 0.11160 -0.04040 -0.03250
v 0.11163 0.01665 -0.01168
v 0.11192 0.00532 -0.02685
v 0.11245 -0.02878 -0.06387
v 0.11253 -0.03623 -0.03798
v 0.11270 -0.00824 -0.02339
v 0.11309 -0.02431 -0.05132
v 0.11334 -0.04103 -0.04537
v 0.11360 0.07632 0.01920
v 0.11369 -0.01556 -0.03221
v 0.11374 0.00747 -0.03655
v 0.11375 0.02454 0.00077
v 0.11381 0.09280 0.03089
v 0.11389 -0.00027 -0.06515
v 0.11390 0.02143 0.00017
v 0.11391 -0.02218 -0.06575
v 0.11396 -0.01426 -0.02912
v 0.11431 0.00734 -0.05339
v 0.11431 -0.04576 -0.03501
v 0.11485 -0.01126 -0.06582
v 0.11507 0.00449 -0.02961
v 0.11528 -0.00600 -0.02388
v 0.11535 0.00336 -0.02840
v 0.11544 -0.00344 -0.06485
v 0.11559 -0.01550 -0.04437
v 0.11560 -0.01778 0.00424
v 0.11610 0.00542 0.02180
v 0.11631 0.10116 0.02533
v 0.11637 -0.02064 -0.06468
v 0.11644 0.00579 -0.03672
v 0.11646 0.09658 0.02731
v 0.11681 0.08231 0.02078
v 0.11688 0.00387 -0.04797
v 0.11692 -0.01736 -0.05783
v 0.11699 -0.01299 -0.04838
v 0.11713 0.00208 0.01920
v 0.11720 0.09021 0.02794
v 0.11752 0.00613 0.01673
v 0.11779 -0.01226 -0.05450
v 0.11800 -0.01579 0.00611
v 0.11800 -0.01362 0.00540
v 0.11836 0.00217 -0.04920
v 0.11852 -0.01415 -0.04521
v 0.11854 0.01641 -0.00558
v 0.11880 0.09117 0.01993
v 0.11891 0.00438 -0.04291
v 0.11903 -0.00748 -0.05128
v 0.11998 0.10130 0.02128
v 0.12077 0.02285 -0.01387
v 0.12078 0.02807 -0.00390
v 0.12104 0.09461 0.02234
v 0.12107 -0.00969 -0.04992
v 0.12183 -0.04813 -0.04002
v 0.12197 0.02546 -0.01159
v 0.12275 0.00075 -0.02988
v 0.12287 -0.01377 -0.03345
v 0.12297 -0.04198 -0.04026
v 0.12402 -0.04819 -0.04940
v 0.12437 -0.04812 -0.04094
v 0.12541 -0.04924 -0.04631
v 0.12552 0.00393 -0.04212
v 0.12581 -0.00526 -0.02834
v 0.12718 0.00012 -0.05064
v 0.12745 -0.04201 -0.04646
v 0.13006 -0.01408 -0.04210
v 0.13056 0.02508 -0.00792
v 0.13110 -0.00637 -0.03159
v 0.13161 -0.04797 -0.05150
v 0.13193 -0.00525 -0.05275
v 0.13237 0.02280 -0.01168
v 0.13253 0.00124 -0.03539
v 0.13269 -0.01332 -0.04787
v 0.13293 -0.00119 -0.03378
v 0.13336 -0.01339 -0.03755
v 0.13418 -0.04449 -0.04853
v 0.13458 0.01619 -0.00364
v 0.13473 0.01940 -0.00239
v 0.13482 -0.01359 -0.04619
v 0.13506 -0.04753 -0.04711
v 0.13523 0.00221 -0.04292
v 0.13541 0.02300 -0.00844
v 0.13703 -0.00521 -0.05430
v 0.13796 -0.04810 -0.05238
v 0.13800 -0.00017 -0.05197
v 0.13888 -0.00549 -0.03568
v 0.13945 -0.01129 -0.03871
v 0.14098 0.01607 -0.00717
v 0.14111 0.01767 -0.01133
v 0.14125 -0.01358 -0.05207
v 0.14322 -0.00691 -0.05909
v 0.14337 -0.00000 -0.05181
v 0.14355 0.01776 -0.00862
v 0.14406 -0.00079 -0.04200
v 0.14452 -0.01255 -0.04733
v 0.14610 -0.00887 -0.04082
v 0.14680 0.00053 -0.04874
v 0.14711 -0.00273 -0.05898
v 0.14726 -0.00682 -0.06222
v 0.14840 -0.01394 -0.05600
v 0.14994 -0.00820 -0.04416
v 0.15001 -0.00226 -0.06004
v 0.15069 -0.00801 -0.06479
v 0.15325 -0.01454 -0.05943
v 0.15359 -0.00363 -0.04837
v 0.15686 -0.00693 -0.07026
v 0.15696 -0.00343 -0.06675
v 0.15738 -0.00197 -0.06302
v 0.15757 -0.00846 -0.07014
v 0.15789 -0.01042 -0.05350
v 0.15812 -0.00248 -0.05562
v 0.16090 -0.00410 -0.05727
v 0.16224 -0.01327 -0.06135
v 0.16389 -0.01408 -0.06788
v 0.16529 -0.01200 -0.06218
v 0.16866 -0.00535 -0.06557
v 0.16924 -0.00497 -0.07757
v 0.16993 -0.01188 -0.07780
v 0.17156 -0.01091 -0.06717
v 0.17157 -0.00799 -0.08126
v 0.17367 -0.01095 -0.08028
v 0.17621 -0.01092 -0.07937
v 0.17755 -0.00703 -0.07788
vn -0.9987 -0.0365 -0.0365
vn -0.8038 0.4542 -0.3843
vn -0.9766 0.2108 0.0425
vn -0.9353 0.3474 0.0670
vn -0.9337 -0.3576 -0.0145
vn -0.9502 -0.2991 0.0878
vn -0.9733 0.0019 0.2296
vn -0.8864 -0.3160 -0.3382
vn -0.7693 0.6380 -0.0342
vn -0.9591 -0.2456 0.1410
vn -0.9197 -0.3919 0.0248
vn -0.6991 0.1886 -0.6897
vn -0.8814 0.2008 0.4276
vn -0.9566 -0.0996 0.2740
vn -0.8240 0.5610 0.0792
vn -0.9050 -0.4205 -0.0645
vn -0.5997 0.7982 -0.0568
vn -0.9541 -0.2250 0.1974
vn -0.9224 -0.3696 0.1118
vn -0.5691 0.7160 -0.4044
vn -0.8384 0.4023 0.3677
vn -0.7748 0.6319 0.0193
vn -0.5929 0.7806 -0.1979
vn -0.8270 -0.2245 -0.5155
vn -0.9794 -0.0623 0.1921
vn -0.9100 -0.4140 0.0245
vn -0.8987 -0.4385 -0.0056
vn -0.9311 -0.3384 0.1361
vn -0.9005 -0.4245 -0.0938
vn -0.9906 0.0306 0.1335
vn -0.8726 -0.4550 -0.1776
vn -0.9281 0.2212 0.2995
vn -0.9382 -0.3232 0.1236
vn -0.6477 0.7603 -0.0482
vn -0.9509 -0.2669 0.1567
vn -0.9966 -0.0073 0.0819
vn -0.6800 0.7326 -0.0304
vn -0.5832 0.8102 -0.0588
vn -0.8553 -0.4431 -0.2687
vn -0.8317 0.1910 0.5213
vn -0.9616 0.2551 0.1014
vn -0.9986 -0.0302 0.0435
vn -0.6924 0.5374 0.4815
vn -0.9579 -0.2633 0.1148
vn -0.9684 -0.2228 0.1122
vn -0.7232 0.1615 -0.6715
vn -0.5721 0.8080 -0.1411
vn -0.9298 -0.3672 0.0240
vn -0.9644 -0.2397 0.1115
vn -0.9452 0.2824 0.1640
vn -0.9507 -0.2736 0.1462
vn -0.8878 -0.4573 -0.0519
vn -0.8747 0.3285 0.3564
vn -0.6148 0.3055 -0.7271
vn -0.7138 0.6840 0.1502
vn -0.8437 0.4819 0.2365
vn -0.4952 0.7853 -0.3716
vn -0.8378 -0.5198 0.1667
vn -0.5063 0.0479 -0.8610
vn -0.9201 0.3811 0.0900
vn -0.9455 -0.3249 0.0239
vn -0.9266 0.3341 0.1726
vn -0.2037 0.0145 -0.9789
vn -0.9487 -0.3158 0.0182
vn -0.8988 -0.3839 0.2115
vn -0.9696 -0.2206 0.1063
vn -0.9525 -0.2381 0.1901
vn -0.7930 -0.2743 -0.5440
vn -0.8365 -0.5252 -0.1563
vn -0.8341 -0.5276 -0.1612
vn -0.9224 0.3409 0.1815
vn -0.9722 -0.2178 0.0858
vn -0.5068 0.7761 -0.3752
vn -0.9616 -0.2314 0.1477
vn -0.7404 -0.5244 -0.4205
vn -0.9254 -0.2629 0.2730
vn -0.9028 -0.4293 -0.0254
vn -0.5797 0.7409 0.3392
vn -0.9458 -0.2221 0.2371
vn -0.4210 0.7855 0.4536
vn -0.8483 -0.5086 -0.1473
vn -0.9151 -0.4017 -0.0338
vn -0.9475 -0.2322 0.2199
vn -0.9614 -0.2455 0.1244
vn -0.9198 -0.3923 0.0008
vn -0.5817 0.7779 0.2377
vn -0.7657 -0.4761 -0.4325
vn -0.5850 0.8042 -0.1054
vn -0.8656 0.1962 0.4607
vn -0.8759 -0.4722 -0.0993
vn -0.8904 -0.3458 0.2961
vn -0.8772 -0.4559 -0.1509
vn -0.6300 0.7711 -0.0924
vn -0.5837 0.8052 0.1044
vn -0.4905 0.4498 0.7464
vn -0.9264 -0.3613 -0.1060
vn -0.7194 0.6626 0.2085
vn -0.0507 -0.1751 -0.9832
vn -0.9358 -0.3347 0.1106
vn -0.9312 -0.3636 -0.0255
vn -0.7517 -0.6575 0.0510
vn -0.9141 -0.3364 0.2262
vn -0.9335 -0.3584 -0.0127
vn -0.3566 0.3406 -0.8699
vn -0.4076 0.7231 0.5576
vn -0.8187 -0.4844 -0.3082
vn -0.0493 0.0299 -0.9983
vn -0.7960 -0.6029 0.0545
vn -0.9279 -0.2541 0.2729
vn -0.6417 0.7627 -0.0805
vn -0.5948 0.7462 -0.2992
vn -0.6248 0.6894 -0.3665
vn -0.5470 0.8330 0.0831
vn -0.7313 -0.6745 0.1012
vn -0.8621 -0.4506 0.2316
vn -0.8563 -0.3987 0.3283
vn -0.9308 -0.3544 -0.0898
vn -0.7652 -0.6126 0.1978
vn -0.9425 -0.2280 0.2444
vn -0.5381 0.0495 0.8414
vn -0.6529 0.7537 -0.0754
vn -0.8342 -0.5511 0.0207
vn -0.4131 0.6663 0.6208
vn -0.5815 0.7976 -0.1603
vn -0.7896 -0.6043 0.1066
vn -0.5399 0.8313 0.1317
vn -0.3873 0.8383 0.3837
vn -0.8479 -0.3904 0.3586
vn -0.3938 0.3398 -0.8541
vn -0.7160 -0.6767 0.1717
vn -0.8724 -0.3958 0.2868
vn -0.3975 0.8470 0.3529
vn -0.6305 0.7693 -0.1037
vn -0.2805 0.3869 0.8784
vn -0.3849 0.7716 0.5065
vn -0.8313 -0.5212 -0.1930
vn -0.7850 -0.4764 -0.3960
vn -0.3329 -0.3391 -0.8799
vn -0.7508 -0.6400 0.1634
vn -0.3974 0.7749 0.4916
vn -0.3911 0.8524 0.3472
vn -0.5926 0.7686 -0.2409
vn -0.6425 -0.2821 -0.7125
vn -0.3755 0.8517 0.3655
vn -0.9075 -0.4111 -0.0865
vn -0.0570 0.0480 -0.9972
vn -0.8232 -0.4090 0.3938
vn -0.6358 0.6879 -0.3501
vn -0.7168 -0.6876 0.1159
vn -0.2961 0.5509 0.7802
vn -0.4600 0.8556 0.2374
vn -0.8805 -0.3332 -0.3372
vn -0.7975 -0.4210 0.4320
vn -0.6183 -0.2941 0.7288
vn -0.3739 0.7474 0.5493
vn -0.5267 0.8275 0.1945
vn -0.7959 -0.5277 0.2968
vn -0.5998 0.7903 0.1253
vn -0.8033 -0.5954 0.0121
vn -0.7113 -0.6985 0.0788
vn -0.9164 -0.3687 -0.1557
vn -0.5510 0.8149 -0.1799
vn -0.9272 -0.3299 -0.1772
vn -0.4874 0.8654 0.1163
vn -0.1720 -0.1805 0.9684
vn -0.7519 -0.6325 0.1860
vn -0.6355 0.7592 -0.1405
vn -0.5632 0.8082 -0.1720
vn -0.1634 0.5326 0.8304
vn -0.1648 -0.0355 0.9857
vn -0.4793 0.8624 0.1632
vn -0.0342 -0.2533 -0.9668
vn 0.3283 -0.2681 -0.9057
vn -0.8875 -0.4594 -0.0352
vn -0.5856 -0.4956 0.6414
vn 0.0357 0.3310 -0.9430
vn -0.4894 0.8328 0.2586
vn -0.6784 -0.7264 0.1096
vn -0.7095 -0.6979 0.0978
vn -0.5437 0.7875 -0.2902
vn 0.5346 -0.4566 -0.7111
vn -0.7522 -0.6131 0.2414
vn -0.4165 0.8259 0.3801
vn -0.7068 0.6636 0.2450
vn -0.6207 -0.7704 0.1454
vn -0.3444 0.2757 -0.8974
vn -0.9100 -0.4036 0.0948
vn -0.6652 -0.7298 0.1578
vn -0.1351 0.4947 0.8585
vn -0.1406 -0.0271 -0.9897
vn -0.2014 0.3865 0.9001
vn -0.4927 0.8137 0.3085
vn -0.8172 -0.5762 0.0121
vn -0.7005 -0.7063 0.1021
vn 0.0351 -0.0452 -0.9984
vn -0.9313 -0.3566 -0.0746
vn -0.6777 -0.7279 0.1047
vn -0.2340 -0.6853 0.6896
vn 0.0283 0.3561 -0.9340
vn -0.1483 0.0013 -0.9889
vn -0.5386 0.8222 -0.1841
vn -0.1012 0.0881 0.9910
vn -0.4008 0.8080 0.4318
vn 0.2872 -0.0005 -0.9579
vn -0.5625 0.7896 0.2453
vn -0.3500 0.9229 0.1604
vn -0.5703 -0.8061 0.1583
vn -0.4763 -0.0155 -0.8792
vn -0.5629 0.7836 -0.2629
vn 0.0803 -0.1867 -0.9791
vn 0.0001 0.5264 0.8502
vn -0.6169 -0.7769 0.1257
vn -0.6561 -0.7413 0.1415
vn -0.7916 -0.6022 0.1038
vn -0.7822 -0.6201 0.0607
vn -0.4992 0.8424 -0.2026
vn -0.4117 0.8455 0.3402
vn -0.5154 0.8367 -0.1851
vn -0.4719 0.7766 0.4174
vn -0.3725 0.8783 -0.2997
vn 0.0918 -0.0448 -0.9948
vn 0.0248 -0.4096 0.9119
vn -0.1960 0.0377 -0.9799
vn -0.7207 -0.6595 0.2138
vn -0.3742 0.8505 0.3697
vn -0.5138 -0.8264 0.2304
vn -0.5800 0.7134 0.3934
vn -0.7456 -0.4719 -0.4706
vn -0.0076 0.6138 0.7894
vn 0.0930 0.5236 0.8469
vn -0.4398 0.8088 0.3905
vn 0.2152 -0.3004 -0.9292
vn -0.5044 0.8113 0.2956
vn -0.0446 -0.1175 -0.9921
vn -0.3609 0.6502 -0.6686
vn -0.6642 -0.7190 0.2047
vn -0.7547 -0.6467 0.1108
vn -0.0060 -0.6076 0.7942
vn -0.5471 -0.8274 0.1267
vn -0.4304 0.6499 0.6264
vn -0.8786 -0.3977 0.2642
vn -0.4408 0.8833 -0.1594
vn -0.4432 0.8084 0.3875
vn 0.2160 -0.3553 -0.9095
vn -0.7572 -0.6377 0.1416
vn -0.0201 -0.1006 0.9947
vn -0.4885 0.7638 0.4218
vn -0.0121 -0.1733 -0.9848
vn -0.4668 0.8669 -0.1746
vn -0.6811 -0.6787 0.2748
vn -0.2069 -0.0483 -0.9772
vn -0.6938 -0.6885 0.2110
vn -0.4264 -0.8597 0.2812
vn -0.4017 0.8617 0.3100
vn -0.5680 0.8203 -0.0678
vn -0.5263 0.8065 0.2695
vn -0.3619 0.9017 0.2365
vn -0.4786 0.8289 -0.2896
vn -0.3493 0.7909 -0.5026
vn -0.6310 -0.7522 0.1900
vn -0.7109 -0.4328 0.5544
vn -0.6814 -0.6950 0.2293
vn -0.6364 -0.7581 0.1424
vn -0.4823 0.7997 -0.3576
vn -0.6951 -0.6770 0.2418
vn -0.4909 0.7662 0.4146
vn -0.3741 0.9262 -0.0474
vn -0.6733 -0.6909 0.2633
vn 0.1107 -0.3525 -0.9292
vn 0.0581 -0.7300 0.6810
vn -0.4318 0.8047 0.4073
vn 0.1661 -0.3339 -0.9279
vn 0.1937 -0.1630 0.9674
vn 0.1063 0.5486 0.8293
vn -0.5074 -0.8604 -0.0477
vn 0.0722 -0.0332 -0.9968
vn 0.1559 -0.1607 -0.9746
vn 0.1747 0.2229 0.9591
vn -0.7053 -0.6770 0.2103
vn -0.2262 0.9611 0.1588
vn 0.1006 -0.0842 -0.9914
vn -0.3094 0.8663 0.3922
vn 0.0285 0.5053 0.8624
vn -0.4609 0.8874 0.0090
vn 0.1072 0.4317 -0.8956
vn -0.5377 -0.8043 0.2530
vn -0.3067 0.8719 -0.3816
vn -0.4953 0.7683 0.4054
vn -0.6049 -0.7534 0.2579
vn -0.5085 -0.8332 0.2174
vn -0.5045 -0.7669 0.3966
vn -0.2140 -0.8755 0.4332
vn -0.1085 0.6979 -0.7079
vn -0.5052 -0.8336 0.2232
vn -0.3896 0.9015 -0.1885
vn 0.1642 0.1769 -0.9704
vn 0.1501 0.4838 -0.8622
vn -0.5510 -0.8139 0.1843
vn -0.1487 0.3640 -0.9194
vn -0.4499 0.8623 0.2324
vn 0.2873 0.8665 0.4083
vn -0.5159 -0.8141 0.2665
vn -0.3830 0.9036 -0.1921
vn 0.0089 0.5132 -0.8582
vn 0.2489 -0.7009 0.6684
vn -0.4881 0.7779 0.3957
vn -0.1582 0.0426 -0.9865
vn 0.0563 -0.4681 0.8819
vn 0.0901 0.4829 0.8710
vn 0.0743 -0.2453 -0.9666
vn -0.0349 0.2319 0.9721
vn -0.3454 -0.9128 0.2179
vn -0.3028 -0.9043 0.3008
vn 0.1083 -0.8602 0.4983
vn 0.1203 -0.1643 0.9790
vn -0.1462 0.8110 -0.5664
vn -0.3041 0.8145 0.4941
vn -0.3504 0.8003 0.4866
vn 0.1163 -0.3051 0.9452
vn 0.1994 -0.5878 0.7840
vn -0.0056 0.7180 0.6960
vn -0.0417 0.6866 0.7258
vn -0.1711 -0.9102 0.3772
vn -0.0254 0.9734 0.2277
vn -0.1103 0.9630 0.2461
vn -0.4404 0.7542 0.4871
vn -0.3846 -0.8745 0.2955
vn -0.2568 0.9441 -0.2068
vn 0.0771 -0.1234 -0.9894
vn -0.2676 -0.8894 0.3706
vn -0.2869 0.9446 -0.1597
vn 0.1098 -0.0374 -0.9933
vn -0.2270 0.9738 0.0130
vn -0.4889 -0.3542 -0.7972
vn -0.2375 0.6738 0.6997
vn 0.0309 0.2800 -0.9595
vn 0.3576 0.4510 0.8177
vn -0.2161 -0.0769 -0.9733
vn -0.0380 -0.4551 -0.8896
vn -0.3770 -0.8321 0.4069
vn 0.4088 0.6394 0.6512
vn 0.3269 -0.3643 0.8720
vn 0.0016 -0.1925 -0.9813
vn 0.2757 -0.7450 0.6074
vn -0.1331 0.9888 -0.0670
vn 0.4783 0.8708 0.1135
vn -0.3592 -0.8577 0.3678
vn 0.2042 0.6383 0.7422
vn -0.2495 0.9666 0.0581
vn 0.2628 -0.7485 0.6089
vn 0.2097 -0.5994 0.7725
vn -0.0226 0.5767 0.8167
vn -0.1846 0.9619 -0.2014
vn 0.0438 -0.1390 -0.9893
vn 0.3618 0.4958 0.7895
vn 0.1784 -0.8101 0.5585
vn 0.3532 0.6441 0.6785
vn 0.1167 0.9533 0.2786
vn -0.0042 -0.2434 -0.9699
vn -0.3376 -0.9028 0.2663
vn 0.0144 0.6785 -0.7345
vn 0.1086 0.9849 -0.1348
vn -0.1687 0.9836 0.0645
vn 0.2190 0.8832 0.4148
vn 0.0534 -0.8401 0.5398
vn 0.0720 -0.2784 0.9578
vn 0.0509 0.3299 -0.9426
vn -0.2972 -0.9430 0.1500
vn -0.0653 -0.8760 0.4779
vn -0.2187 0.8529 0.4741
vn -0.0465 0.8552 0.5161
vn 0.0911 -0.1238 -0.9881
vn 0.1624 -0.2973 0.9409
vn 0.1008 -0.3070 -0.9464
vn -0.0368 -0.9696 0.2420
vn -0.1181 -0.9274 0.3550
vn 0.3122 -0.7420 0.5932
vn -0.1592 -0.9271 0.3393
vn 0.4563 0.4022 0.7938
vn 0.0143 0.9353 -0.3535
vn -0.0539 -0.9606 0.2725
vn -0.3428 -0.8909 -0.2980
vn 0.2806 -0.2884 0.9155
vn 0.2483 0.6611 0.7080
vn -0.0009 0.3782 -0.9257
vn 0.5002 -0.3692 0.7833
vn -0.2527 -0.9034 0.3464
vn 0.2303 -0.6422 0.7311
vn 0.1114 0.1756 -0.9781
vn -0.4280 0.8155 0.3895
vn 0.1482 -0.9770 0.1533
vn 0.1020 -0.0913 -0.9906
vn 0.2498 0.2633 0.9318
vn 0.2057 -0.9204 0.3326
vn 0.0670 -0.2885 -0.9551
vn 0.3072 0.9237 0.2289
vn -0.3051 -0.8939 0.3285
vn -0.5236 0.5692 0.6339
vn 0.0578 -0.1713 -0.9835
vn 0.6183 0.5536 0.5579
vn 0.2189 0.9620 0.1632
vn 0.5412 0.3092 0.7819
vn 0.1330 -0.3343 0.9330
vn 0.1487 0.9767 -0.1551
vn 0.1360 0.4429 -0.8862
vn 0.2168 -0.7888 0.5752
vn 0.2896 -0.7635 0.5772
vn 0.1019 -0.1529 -0.9830
vn -0.0350 0.8310 0.5551
vn 0.1079 0.9822 0.1540
vn 0.1321 -0.0799 -0.9880
vn 0.0958 -0.1398 -0.9855
vn 0.2412 0.6824 0.6900
vn 0.0922 -0.1404 -0.9858
vn 0.1125 -0.2289 -0.9669
vn 0.3093 -0.4205 0.8530
vn 0.0184 0.6549 -0.7555
vn 0.0535 0.5001 -0.8643
vn 0.2181 0.9386 0.2674
vn 0.0501 -0.2682 -0.9620
vn -0.1268 -0.0816 0.9886
vn 0.2055 -0.0977 -0.9738
vn 0.2664 -0.7647 0.5867
vn 0.4829 0.5494 0.6819
vn 0.2066 -0.9247 0.3197
vn 0.3229 0.6608 0.6776
vn 0.2544 0.9671 -0.0066
vn 0.0750 -0.2405 -0.9677
vn 0.3847 0.9066 0.1738
vn -0.7487 0.6576 0.0833
vn 0.4194 0.8622 0.2841
vn 0.6484 -0.6307 -0.4263
vn 0.3125 -0.2205 0.9240
vn 0.1145 -0.2345 -0.9654
vn -0.0982 -0.9361 0.3377
vn 0.5284 0.7889 0.3137
vn 0.1095 0.7861 0.6083
vn 0.1760 -0.7603 0.6253
vn 0.3602 -0.8027 -0.4754
vn -0.0013 0.7090 0.7052
vn 0.2968 0.8512 -0.4329
vn 0.4249 -0.0154 0.9051
vn 0.0875 -0.2568 -0.9625
vn -0.2650 0.9622 -0.0634
vn 0.1545 0.6929 0.7043
vn 0.6266 -0.0926 0.7738
vn 0.3613 -0.7408 0.5663
vn 0.2699 -0.8917 0.3633
vn 0.1686 0.6955 0.6985
vn 0.1143 -0.1694 -0.9789
vn -0.4387 0.3098 0.8435
vn 0.1546 -0.7691 0.6202
vn 0.3352 0.7812 0.5267
vn 0.2722 -0.7181 0.6405
vn 0.4101 0.8471 0.3380
vn 0.4623 0.4960 -0.7350
vn 0.2444 0.9626 -0.1173
vn 0.2242 0.0088 -0.9745
vn 0.1785 -0.8857 0.4287
vn 0.4194 -0.0542 0.9062
vn 0.3503 0.1203 -0.9289
vn 0.1360 -0.9756 0.1725
vn 0.1341 -0.2367 -0.9623
vn 0.1705 -0.8619 0.4775
vn 0.4555 0.8647 0.2118
vn 0.0449 0.2505 -0.9671
vn 0.3428 0.8216 0.4554
vn -0.4275 -0.8792 0.2102
vn 0.3278 0.9054 -0.2698
vn 0.8763 -0.2032 0.4369
vn 0.8102 -0.2054 0.5490
vn 0.3239 0.8805 -0.3460
vn 0.3518 0.9175 0.1855
vn -0.1519 -0.9878 0.0341
vn 0.6594 -0.4450 0.6059
vn 0.2021 0.1542 -0.9672
vn 0.0550 -0.2674 -0.9620
vn 0.7158 -0.0167 0.6981
vn 0.0408 -0.8623 0.5047
vn 0.8167 -0.3359 0.4693
vn -0.1415 -0.9838 0.1102
vn 0.3667 -0.7450 0.5572
vn 0.2125 -0.7085 0.6730
vn 0.9451 0.0857 0.3153
vn 0.8526 0.0169 0.5223
vn 0.8088 0.0657 0.5844
vn 0.1909 -0.8951 0.4028
vn 0.2410 0.9637 -0.1148
vn 0.0844 0.5827 0.8083
vn 0.2766 -0.8454 0.4569
vn 0.1709 0.8569 0.4864
vn 0.3057 0.9486 0.0817
vn 0.4517 0.8038 -0.3870
vn 0.3504 0.9356 -0.0430
vn 0.0459 0.9889 0.1415
vn 0.4460 0.1907 0.8745
vn 0.0318 0.4261 -0.9041
vn 0.9399 0.1906 0.2833
vn 0.0985 -0.6328 -0.7680
vn 0.1148 0.9293 0.3510
vn 0.5315 -0.0238 0.8467
vn 0.1006 -0.1620 -0.9817
vn -0.0555 -0.7600 0.6475
vn 0.1223 -0.2137 -0.9692
vn -0.1959 -0.6659 0.7198
vn 0.3424 0.3254 0.8814
vn 0.0966 -0.0757 -0.9924
vn 0.2833 -0.6946 0.6612
vn 0.2803 0.8216 -0.4964
vn 0.1234 -0.9173 -0.3785
vn 0.1252 -0.1995 -0.9719
vn 0.2218 -0.8868 0.4055
vn 0.1693 -0.3475 0.9223
vn 0.6821 -0.0193 0.7310
vn 0.3603 0.7422 -0.5651
vn 0.1833 0.2802 -0.9423
vn 0.1373 0.8241 0.5496
vn 0.0359 0.9922 0.1195
vn 0.3506 0.9353 -0.0477
vn 0.3436 -0.6834 0.6441
vn 0.2707 0.9538 -0.1304
vn 0.4192 -0.8192 0.3914
vn 0.1221 0.0049 -0.9925
vn 0.0145 0.7731 0.6342
vn 0.3981 -0.7301 0.5554
vn 0.3129 0.8950 -0.3178
vn 0.4190 -0.7102 0.5658
vn 0.4425 -0.5875 0.6775
vn 0.2465 -0.8099 0.5322
vn -0.0561 0.5941 0.8024
vn 0.4362 0.0535 0.8983
vn -0.6835 -0.6260 -0.3754
vn -0.6424 0.5386 0.5451
vn -0.2475 -0.5334 0.8088
vn 0.1979 -0.9609 0.1938
vn 0.6924 0.4324 0.5775
vn 0.5653 -0.2480 0.7867
vn 0.3508 -0.7047 -0.6167
vn 0.4872 -0.6628 0.5686
vn 0.1298 -0.2024 -0.9707
vn 0.5963 -0.7894 -0.1456
vn 0.2964 0.8264 0.4787
vn 0.1086 -0.1710 -0.9793
vn 0.0747 -0.2284 -0.9707
vn 0.2437 0.8628 0.4429
vn -0.1019 0.3632 0.9261
vn 0.3070 -0.8616 0.4042
vn 0.5681 -0.3555 0.7422
vn -0.0337 0.4612 -0.8867
vn 0.4366 0.5538 0.7090
vn 0.3690 0.7969 0.4784
vn 0.0659 0.9611 0.2682
vn 0.2086 -0.7862 0.5817
vn -0.1703 -0.8544 0.4908
vn 0.7380 -0.6665 -0.1057
vn 0.5531 -0.4789 0.6817
vn -0.5118 -0.8189 0.2597
vn 0.3306 0.8482 0.4137
vn 0.9621 0.2651 0.0642
vn 0.4126 -0.0385 0.9101
vn 0.2524 0.1680 0.9529
vn 0.1244 0.9449 0.3029
vn 0.6393 -0.2281 -0.7343
vn -0.0326 -0.0955 -0.9949
vn 0.9163 -0.2883 0.2781
vn 0.4395 -0.8961 0.0623
vn -0.6125 0.7630 -0.2068
vn -0.1392 -0.1747 0.9747
vn 0.1866 0.9756 0.1155
vn -0.2490 -0.5080 -0.8246
vn 0.5010 0.8029 0.3229
vn -0.0319 0.3471 -0.9373
vn -0.1859 -0.9452 -0.2682
vn 0.4256 -0.2682 0.8643
vn 0.6184 -0.2717 0.7374
vn 0.9211 0.2600 -0.2897
vn 0.2542 0.5493 -0.7960
vn 0.3080 0.9495 -0.0604
vn 0.6706 -0.2003 0.7143
vn -0.2806 0.4002 -0.8724
vn 0.3931 -0.3364 0.8557
vn 0.9408 -0.2376 0.2417
vn 0.3817 -0.6202 0.6853
vn -0.2332 0.8661 -0.4422
vn 0.3889 -0.7387 0.5504
vn 0.1721 0.1518 -0.9733
vn 0.4345 0.7880 0.4363
vn -0.6738 0.6726 -0.3061
vn 0.8024 -0.4449 0.3978
vn 0.5211 -0.8066 0.2790
vn -0.0832 -0.6808 0.7278
vn 0.4292 0.7405 -0.5172
vn 0.1776 0.8901 -0.4197
vn 0.6168 -0.6196 -0.4854
vn 0.2139 0.2517 0.9439
vn -0.0092 -0.1843 -0.9828
vn 0.4602 0.8812 -0.1079
vn 0.2847 0.8198 -0.4968
vn 0.2573 0.9498 -0.1781
vn 0.9854 -0.0995 -0.1383
vn 0.1092 -0.1859 -0.9765
vn 0.5305 -0.7830 0.3246
vn 0.0178 -0.2397 -0.9707
vn -0.7459 0.3645 0.5575
vn 0.3594 -0.6081 0.7078
vn 0.1220 -0.1452 -0.9818
vn 0.7491 -0.6226 0.2261
vn 0.4652 -0.1048 0.8790
vn 0.1853 -0.1821 -0.9657
vn -0.4948 0.1086 0.8622
vn 0.7910 -0.1760 0.5859
vn -0.7601 0.5648 0.3213
vn -0.0036 -0.1171 -0.9931
vn 0.5686 0.7666 0.2984
vn 0.6336 0.4593 -0.6226
vn 0.4578 0.0702 -0.8863
vn 0.6218 -0.7803 -0.0671
vn 0.5718 0.7889 0.2250
vn 0.1761 0.0077 0.9843
vn -0.0812 -0.2093 -0.9745
vn -0.3466 0.4216 -0.8379
vn 0.3281 -0.6293 0.7045
vn 0.3294 0.9047 -0.2701
vn 0.6364 0.5611 -0.5293
vn 0.4713 -0.2186 0.8544
vn 0.0692 -0.0401 -0.9968
vn 0.5686 0.8201 0.0647
vn 0.4665 0.8747 -0.1315
vn 0.0112 -0.8047 0.5935
vn 0.2981 -0.9197 0.2556
vn 0.5469 -0.3226 0.7726
vn -0.5367 0.5732 0.6191
vn 0.5153 0.7760 0.3638
vn 0.4048 -0.7464 -0.5282
vn 0.6534 -0.7053 0.2751
vn -0.2093 0.0712 -0.9753
vn 0.5919 -0.8059 0.0120
vn 0.6022 0.7916 -0.1036
vn 0.5761 0.8157 -0.0524
vn 0.3037 -0.3332 0.8926
vn -0.3761 0.4011 -0.8353
vn 0.7314 0.6115 -0.3018
vn 0.4961 -0.8294 0.2568
vn 0.5409 -0.4103 0.7342
vn 0.5145 0.7209 0.4644
vn -0.6386 0.6423 -0.4239
vn 0.2246 0.7777 -0.5872
vn 0.2738 -0.6805 0.6797
vn 0.5972 0.7285 0.3356
vn -0.2371 0.3027 -0.9231
vn 0.5521 -0.5462 0.6300
vn 0.7361 0.5324 0.4181
vn 0.5556 -0.8002 0.2260
vn 0.4519 -0.8717 0.1896
vn 0.5260 -0.8462 -0.0847
vn 0.5548 -0.2381 0.7971
vn -0.9536 0.2110 0.2147
vn -0.1878 -0.0167 0.9821
vn 0.8713 -0.0575 0.4874
vn -0.7194 0.6833 -0.1244
vn 0.3637 -0.9068 -0.2132
vn 0.5772 0.7956 0.1839
vn 0.4288 -0.2306 0.8735
vn 0.6614 -0.5428 0.5177
vn 0.0094 -0.1510 -0.9885
vn 0.4129 -0.9014 0.1303
vn 0.5916 0.1642 -0.7894
vn 0.6715 0.5448 -0.5024
vn 0.9442 -0.3194 -0.0804
vn -0.0148 0.4345 -0.9006
vn -0.6269 0.3408 0.7006
vn 0.2829 -0.4385 0.8530
vn 0.3565 0.0280 -0.9339
vn 0.2649 -0.5216 0.8110
vn 0.7295 0.5562 -0.3981
vn 0.7488 0.5338 0.3928
vn 0.5875 0.7916 0.1678
vn 0.7613 -0.3744 0.5294
vn 0.6010 0.7992 0.0064
vn -0.4963 0.3174 -0.8081
vn 0.5226 -0.5581 0.6446
vn 0.7102 -0.4471 0.5438
vn 0.0460 -0.6713 0.7398
vn 0.5305 -0.7489 -0.3970
vn -0.2088 0.4581 -0.8640
vn 0.8927 0.0951 0.4406
vn 0.9544 -0.0971 0.2824
vn -0.2247 -0.0301 -0.9740
vn 0.2502 0.0001 -0.9682
vn 0.9092 0.3483 0.2280
vn -0.5554 0.4602 -0.6927
vn 0.7539 0.6263 -0.1984
vn -0.0322 -0.2177 -0.9755
vn 0.7223 0.5908 0.3595
vn -0.4125 0.3205 -0.8527
vn 0.4148 -0.0545 0.9083
vn 0.6498 0.0102 0.7600
vn 0.6959 0.5979 0.3978
vn 0.9862 0.0823 0.1439
vn 0.5572 -0.7936 -0.2443
vn -0.7213 0.6844 0.1067
vn 0.6700 -0.7424 0.0033
vn 0.1071 -0.0254 -0.9939
vn 0.7309 0.5688 0.3772
vn 0.7906 0.4648 0.3986
vn 0.4752 -0.1503 0.8669
vn 0.8587 -0.4864 0.1615
vn -0.0871 0.2169 0.9723
vn 0.6844 0.5340 -0.4964
vn -0.0130 -0.1171 0.9930
vn 0.0396 -0.4870 0.8725
vn 0.1202 -0.7097 0.6942
vn 0.6581 0.5847 0.4743
vn 0.5698 -0.8217 0.0061
vn 0.6325 -0.6046 -0.4841
vn 0.3675 -0.9147 0.1682
vn 0.9463 -0.1069 0.3051
vn 0.6135 0.7467 0.2570
vn 0.0631 0.2202 -0.9734
vn -0.7303 0.3560 0.5830
vn 0.5980 0.8007 0.0352
vn 0.9218 0.0614 -0.3829
vn 0.6568 -0.5021 0.5626
vn 0.4761 -0.8612 0.1780
vn 0.8252 -0.5475 0.1389
vn 0.8418 0.4501 0.2980
vn 0.5166 -0.8239 0.2328
vn 0.7708 0.6231 0.1328
vn 0.1930 -0.9271 0.3213
vn 0.8553 0.5025 0.1267
vn 0.8369 0.5307 0.1339
vn 0.6459 0.4661 -0.6046
vn 0.7518 -0.0998 -0.6518
vn 0.7339 -0.5309 0.4237
vn 0.7483 0.6487 -0.1385
vn 0.3972 0.7885 -0.4696
vn 0.5921 -0.6036 0.5339
vn 0.8375 0.3751 0.3974
vn 0.8868 0.4334 0.1605
vn 0.5139 -0.5282 -0.6760
vn -0.4906 0.2609 -0.8314
vn 0.1785 -0.0233 -0.9837
vn -0.5360 0.2320 -0.8117
vn 0.7098 0.0357 0.7035
vn 0.8588 -0.5048 0.0872
vn 0.1960 0.8751 0.4424
vn 0.4168 -0.5862 0.6947
vn 0.5895 -0.8002 0.1104
vn -0.2359 -0.0589 0.9700
vn -0.4329 0.3983 -0.8087
vn -0.8329 0.4989 0.2395
vn 0.6593 0.3746 -0.6519
vn 0.4622 0.8420 -0.2781
vn 0.7178 -0.0869 0.6908
vn 0.6912 -0.3935 0.6061
vn 0.9050 0.4031 0.1355
vn 0.7234 0.6485 0.2367
vn 0.7526 0.5460 -0.3681
vn 0.8932 0.4139 0.1758
vn 0.8601 -0.1312 0.4930
vn 0.8140 -0.3921 0.4285
vn -0.1088 -0.2957 0.9491
vn -0.0175 -0.9974 0.0706
vn 0.9450 0.0416 0.3243
vn 0.7665 -0.1756 -0.6178
vn 0.5370 -0.8425 0.0430
vn 0.5071 -0.3605 0.7829
vn 0.7066 0.6802 0.1951
vn 0.7717 0.5947 -0.2255
vn -0.2180 -0.0166 -0.9758
vn 0.2851 -0.2894 0.9138
vn 0.4213 0.3004 -0.8557
vn -0.0209 0.3581 -0.9334
vn 0.3358 -0.9000 0.2778
vn 0.8834 -0.4332 -0.1789
vn 0.1893 -0.1481 -0.9707
vn 0.5491 -0.5193 -0.6549
vn 0.2526 0.9671 -0.0298
vn -0.0831 0.1087 -0.9906
vn 0.1828 0.4421 0.8782
vn 0.6394 0.7058 -0.3050
vn 0.8733 0.4870 0.0128
vn 0.3654 -0.2893 0.8847
vn 0.5969 -0.4721 0.6488
vn 0.0530 -0.9073 0.4171
vn -0.8436 0.5365 -0.0228
vn 0.6057 -0.7757 0.1773
vn 0.1055 0.2312 0.9672
vn 0.6758 0.4394 -0.5919
vn 0.3386 0.5648 0.7526
vn 0.7084 0.1584 0.6878
vn 0.8446 0.0420 0.5337
vn 0.9136 0.3968 -0.0887
vn 0.1678 -0.9699 0.1765
vn 0.9329 -0.0537 0.3562
vn -0.2257 0.1165 0.9672
vn 0.3184 0.0821 -0.9444
vn 0.9015 0.3736 0.2186
vn 0.6053 0.7447 -0.2813
vn -0.6052 0.6468 0.4641
vn -0.0291 0.0164 0.9994
vn 0.4554 0.7370 -0.4994
vn 0.0652 0.9264 0.3708
vn 0.7048 -0.0169 0.7092
vn 0.7252 -0.6734 -0.1437
vn 0.8670 -0.4811 0.1296
vn 0.9015 0.4107 0.1366
vn 0.4466 -0.1486 -0.8823
vn 0.0825 0.0505 -0.9953
vn 0.2662 -0.2181 -0.9389
vn 0.0550 -0.7762 -0.6281
vn 0.7538 -0.6456 0.1223
vn 0.9251 0.3534 0.1385
vn 0.8522 0.0934 0.5149
vn 0.7962 -0.1548 0.5849
vn -0.0466 0.1681 -0.9847
vn 0.5580 -0.5796 -0.5939
vn 0.7364 -0.2184 -0.6403
vn 0.8212 0.5495 -0.1538
vn 0.6909 -0.4387 0.5747
vn 0.9420 0.2610 0.2112
vn 0.0411 -0.8579 0.5122
vn 0.6583 0.3471 -0.6679
vn 0.6981 -0.7133 -0.0623
vn 0.0948 0.2354 -0.9673
vn 0.8847 0.3775 0.2737
vn 0.8714 0.4816 -0.0934
vn 0.7846 0.5780 0.2243
vn 0.3472 -0.1990 0.9164
vn 0.6821 0.4369 -0.5864
vn -0.7190 0.5780 0.3860
vn 0.7856 0.4917 -0.3755
vn 0.7393 0.1807 0.6487
vn 0.1401 -0.3222 0.9363
vn 0.8860 0.4493 0.1147
vn 0.3790 -0.3135 0.8707
vn 0.7800 -0.5721 0.2535
vn 0.9797 -0.1118 0.1663
vn 0.6745 0.1584 0.7211
vn 0.6983 -0.6039 0.3842
vn 0.7011 -0.4242 -0.5732
vn 0.9175 0.3954 0.0421
vn 0.9441 -0.3145 -0.0992
vn 0.3444 -0.8636 -0.3681
vn 0.2533 0.9673 -0.0135
vn 0.2013 0.1755 -0.9637
vn 0.2641 -0.1604 0.9511
vn 0.7493 -0.6127 -0.2514
vn 0.1790 0.6447 -0.7432
vn 0.8445 -0.4019 0.3540
vn -0.0579 -0.9057 -0.4200
vn 0.8673 0.4666 -0.1736
vn 0.0000 0.0000 0.0000
vn 0.8153 0.3544 0.4580
vn 0.8600 0.3988 0.3182
vn 0.7241 0.2506 0.6425
vn 0.6560 0.3873 -0.6478
vn 0.2819 -0.0375 -0.9587
vn 0.8352 -0.5455 0.0700
vn -0.3168 0.2560 -0.9133
vn 0.8332 -0.4056 -0.3759
vn 0.8404 -0.5180 0.1594
vn 0.6877 -0.5180 0.5087
vn 0.8721 0.4861 -0.0565
vn 0.9018 -0.3250 0.2847
vn 0.8657 0.4883 0.1100
vn -0.2364 -0.7488 -0.6192
vn 0.2726 -0.2697 -0.9235
vn -0.4113 0.4377 0.7995
vn -0.4285 0.7892 0.4400
vn 0.1889 0.1780 -0.9657
vn 0.4136 0.8271 -0.3805
vn 0.2517 0.0464 -0.9667
vn 0.8704 -0.4426 0.2155
vn 0.1118 -0.7452 0.6573
vn 0.4357 -0.1423 0.8888
vn 0.3745 0.1571 -0.9138
vn 0.6893 0.1074 0.7164
vn 0.8017 0.4211 -0.4242
vn 0.1050 0.2755 -0.9555
vn 0.5459 0.3493 0.7616
vn 0.3943 -0.6920 -0.6047
vn 0.7108 0.4169 0.5664
vn 0.8847 -0.4334 -0.1714
vn 0.5813 0.7984 0.1572
vn 0.6159 -0.4580 0.6410
vn 0.8829 -0.4195 0.2112
vn 0.1101 0.4284 -0.8968
vn 0.5499 -0.0980 -0.8295
vn 0.6666 -0.7183 0.1993
vn 0.8008 0.5678 0.1906
vn 0.1557 0.0451 0.9868
vn 0.3835 0.0055 0.9235
vn 0.2986 0.2557 -0.9195
vn 0.0744 -0.3758 0.9237
vn 0.6421 -0.3756 -0.6683
vn 0.4453 -0.6142 0.6515
vn 0.8687 0.4317 -0.2429
vn 0.0267 -0.9271 0.3739
vn 0.5606 0.0223 -0.8278
vn 0.5718 0.7644 0.2979
vn 0.4405 0.2952 0.8478
vn 0.4145 0.5503 0.7248
vn 0.9242 0.1605 -0.3465
vn 0.5054 -0.8560 0.1088
vn 0.0496 -0.9981 -0.0365
vn 0.3181 0.2125 0.9239
vn 0.0000 0.0000 0.0000
vn 0.9344 -0.1649 -0.3159
vn 0.3208 0.9303 0.1775
vn 0.2989 0.4349 0.8495
vn 0.7767 -0.4669 0.4227
vn 0.8416 0.5399 0.0171
vn 0.9343 -0.3281 0.1396
vn 0.8778 -0.4720 -0.0820
vn 0.0799 -0.9479 -0.3082
vn 0.7847 -0.1046 0.6109
vn 0.4423 0.6204 -0.6477
vn 0.9896 -0.1242 -0.0718
vn 0.1989 -0.3669 0.9087
vn 0.6776 0.5277 0.5122
vn 0.7466 0.4441 -0.4953
vn 0.2200 -0.7750 -0.5925
vn 0.1309 -0.9914 -0.0005
vn 0.4434 -0.0645 -0.8940
vn 0.0837 0.9438 -0.3197
vn 0.9528 -0.0086 -0.3036
vn 0.1930 0.7491 -0.6337
vn 0.1927 -0.0439 -0.9803
vn 0.2267 0.9361 0.2689
vn 0.9437 -0.0393 0.3284
vn -0.0445 -0.4567 -0.8885
vn 0.1496 -0.9064 0.3951
vn 0.1293 0.7314 -0.6695
vn 0.3324 0.7324 0.5942
vn 0.2332 -0.8949 0.3804
vn 0.5299 0.3333 0.7798
vn -0.2545 -0.5251 -0.8121
vn 0.5333 -0.2577 0.8057
vn 0.0589 -0.9983 0.0055
vn 0.1372 0.9798 -0.1455
vn 0.4292 -0.1848 0.8841
vn -0.0827 0.5842 -0.8074
vn 0.2965 0.9113 -0.2859
vn 0.0825 -0.9880 -0.1306
vn 0.4122 0.9048 0.1069
vn 0.4658 -0.1586 0.8706
vn 0.0281 0.1548 -0.9876
vn -0.2191 -0.3423 -0.9137
vn 0.2470 0.8347 -0.4922
vn 0.3328 0.8376 0.4332
vn -0.0367 -0.7192 -0.6939
vn 0.4055 0.3461 0.8460
vn 0.3356 -0.6921 0.6391
vn 0.4951 0.7366 -0.4607
vn 0.0320 -0.9239 0.3812
vn 0.3921 0.5317 0.7507
vn 0.1447 -0.9832 0.1113
vn 0.5866 -0.5674 0.5779
vn 0.2076 0.9781 -0.0145
vn 0.4896 0.8521 0.1850
vn -0.4190 0.0965 -0.9029
vn 0.0000 0.0000 0.0000
vn -0.0130 0.8264 -0.5629
vn 0.5277 0.0102 0.8494
vn 0.3112 -0.8541 0.4166
vn 0.1268 -0.9884 -0.0832
vn 0.0735 -0.4495 -0.8903
vn -0.5170 -0.7676 -0.3788
vn -0.5759 -0.1239 -0.8081
vn -0.0063 0.9719 -0.2355
vn 0.7130 0.4683 0.5219
vn 0.5543 0.5158 0.6532
vn 0.3178 -0.9331 0.1684
vn 0.6104 -0.3045 0.7312
vn 0.2596 0.9639 0.0596
vn -0.5305 0.6046 -0.5942
vn -0.6348 0.1859 -0.7499
vn -0.3491 -0.8236 -0.4471
vn 0.7672 -0.2397 0.5949
vn -0.2909 0.7469 -0.5979
vn -0.5108 -0.6141 -0.6016
vn -0.0566 -0.9975 0.0412
vn 0.7519 -0.0107 0.6592
vn -0.5873 0.0383 -0.8085
vn -0.1493 0.9365 -0.3173
vn 0.0676 0.9818 -0.1773
vn -0.4975 -0.6716 -0.5490
vn 0.2431 -0.6943 0.6774
vn 0.2765 0.9442 0.1790
vn 0.7588 0.2623 0.5962
vn 0.6472 -0.4484 0.6165
vn -0.0799 -0.9700 -0.2294
vn 0.5492 -0.4815 0.6831
vn 0.5203 0.7744 0.3600
vn -0.1542 0.8846 -0.4402
vn -0.1608 -0.8619 -0.4809
vn 0.6963 -0.6323 0.3396
vn -0.1911 0.2839 -0.9396
vn 0.1856 -0.3079 -0.9331
vn 0.4834 -0.7516 0.4488
vn 0.9333 0.3391 0.1185
f 228//228 196//196 251//251
f 228//228 239//239 241//241
f 228//228 241//241 196//196
f 239//239 261//261 241//241
f 214//214 252//252 237//237
f 214//214 245//245 252//252
f 245//245 263//263 252//252
f 98//98 210//210 232//232
f 172//172 98//98 232//232
f 75//75 68//68 98//98
f 81//81 70//70 52//52
f 69//69 90//90 52//52
f 70//70 69//69 52//52
f 31//31 52//52 29//29
f 77//77 82//82 48//48
f 77//77 48//48 26//26
f 82//82 61//61 48//48
f 48//48 33//33 26//26
f 152//152 145//145 143//143
f 176//176 187//187 163//163
f 152//152 143//143 173//173
f 176//176 173//173 204//204
f 174//174 136//136 161//161
f 152//152 161//161 145//145
f 187//187 174//174 163//163
f 163//163 174//174 161//161
f 163//163 152//152 173//173
f 163//163 173//173 176//176
f 163//163 161//161 152//152
f 193//193 215//215 159//159
f 193//193 237//237 215//215
f 166//166 252//252 224//224
f 130//130 166//166 224//224
f 136//136 159//159 122//122
f 159//159 166//166 122//122
f 166//166 130//130 125//125
f 122//122 166//166 125//125
f 122//122 125//125 117//117
f 159//159 215//215 166//166
f 215//215 237//237 166//166
f 137//137 106//106 138//138
f 232//232 244//244 173//173
f 106//106 31//31 87//87
f 137//137 92//92 90//90
f 106//106 90//90 81//81
f 106//106 81//81 31//31
f 106//106 137//137 90//90
f 96//96 117//117 100//100
f 81//81 90//90 70//70
f 70//70 90//90 69//69
f 31//31 75//75 87//87
f 31//31 81//81 52//52
f 77//77 92//92 96//96
f 77//77 96//96 82//82
f 61//61 96//96 100//100
f 82//82 96//96 61//61
f 143//143 145//145 137//137
f 244//244 204//204 173//173
f 161//161 92//92 145//145
f 145//145 92//92 137//137
f 143//143 137//137 173//173
f 117//117 103//103 100//100
f 52//52 26//26 27//27
f 90//90 77//77 26//26
f 90//90 26//26 52//52
f 161//161 117//117 96//96
f 136//136 122//122 161//161
f 161//161 122//122 117//117
f 193//193 159//159 174//174
f 136//136 174//174 159//159
f 161//161 96//96 92//92
f 90//90 92//92 77//77
f 392//392 385//385 389//389
f 334//334 385//385 392//392
f 334//334 307//307 385//385
f 392//392 476//476 432//432
f 392//392 389//389 476//476
f 389//389 385//385 476//476
f 275//275 239//239 307//307
f 334//334 382//382 275//275
f 307//307 334//334 275//275
f 382//382 368//368 275//275
f 347//347 291//291 340//340
f 275//275 340//340 291//291
f 368//368 375//375 340//340
f 368//368 391//391 375//375
f 275//275 368//368 340//340
f 312//312 387//387 435//435
f 312//312 435//435 381//381
f 290//290 397//397 313//313
f 252//252 290//290 312//312
f 252//252 312//312 286//286
f 290//290 313//313 312//312
f 397//397 479//479 387//387
f 313//313 397//397 387//387
f 313//313 387//387 312//312
f 570//570 532//532 555//555
f 573//573 510//510 594//594
f 538//538 594//594 510//510
f 439//439 538//538 510//510
f 439//439 499//499 538//538
f 555//555 474//474 481//481
f 481//481 573//573 555//555
f 594//594 572//572 613//613
f 462//462 510//510 481//481
f 594//594 555//555 582//582
f 594//594 607//607 555//555
f 510//510 573//573 481//481
f 468//468 505//505 397//397
f 565//565 579//579 576//576
f 565//565 547//547 548//548
f 503//503 548//548 547//547
f 590//590 566//566 565//565
f 397//397 505//505 503//503
f 565//565 548//548 579//579
f 566//566 547//547 565//565
f 505//505 579//579 548//548
f 505//505 548//548 503//503
f 547//547 479//479 503//503
f 391//391 510//510 462//462
f 439//439 510//510 391//391
f 462//462 481//481 375//375
f 375//375 481//481 474//474
f 391//391 462//462 375//375
f 474//474 468//468 375//375
f 397//397 503//503 479//479
f 479//479 435//435 387//387
f 573//573 594//594 582//582
f 582//582 555//555 573//573
f 557//557 534//534 468//468
f 534//534 505//505 468//468
f 576//576 579//579 600//600
f 534//534 579//579 505//505
f 579//579 557//557 600//600
f 557//557 579//579 534//534
f 557//557 468//468 532//532
f 347//347 340//340 468//468
f 347//347 468//468 397//397
f 375//375 468//468 340//340
f 291//291 290//290 279//279
f 291//291 347//347 397//397
f 291//291 397//397 290//290
f 532//532 570//570 557//557
f 576//576 600//600 555//555
f 555//555 600//600 570//570
f 570//570 600//600 557//557
f 565//565 602//602 590//590
f 565//565 576//576 555//555
f 474//474 555//555 532//532
f 474//474 532//532 468//468
f 359//359 412//412 367//367
f 297//297 367//367 307//307
f 297//297 336//336 367//367
f 338//338 310//310 359//359
f 296//296 310//310 336//336
f 336//336 310//310 338//338
f 336//336 338//338 359//359
f 336//336 359//359 367//367
f 269//269 339//339 310//310
f 339//339 269//269 359//359
f 395//395 420//420 359//359
f 359//359 374//374 395//395
f 269//269 374//374 359//359
f 466//466 428//428 564//564
f 580//580 572//572 549//549
f 418//418 466//466 549//549
f 466//466 564//564 549//549
f 549//549 564//564 580//580
f 544//544 596//596 603//603
f 544//544 603//603 428//428
f 443//443 544//544 477//477
f 443//443 504//504 544//544
f 544//544 665//665 596//596
f 422//422 466//466 367//367
f 422//422 367//367 428//428
f 367//367 412//412 428//428
f 422//422 428//428 466//466
f 420//420 477//477 544//544
f 420//420 395//395 443//443
f 420//420 443//443 477//477
f 359//359 420//420 412//412
f 310//310 339//339 359//359
f 428//428 420//420 544//544
f 428//428 603//603 564//564
f 412//412 420//420 428//428
f 251//251 285//285 307//307
f 228//228 307//307 239//239
f 279//279 245//245 241//241
f 245//245 279//279 290//290
f 239//239 275//275 291//291
f 239//239 291//291 261//261
f 228//228 251//251 307//307
f 291//291 279//279 241//241
f 291//291 241//241 261//261
f 290//290 252//252 263//263
f 286//286 268//268 252//252
f 245//245 290//290 263//263
f 210//210 272//272 232//232
f 176//176 336//336 297//297
f 199//199 176//176 297//297
f 204//204 244//244 310//310
f 204//204 310//310 296//296
f 176//176 204//204 296//296
f 176//176 296//296 336//336
f 232//232 269//269 244//244
f 244//244 269//269 310//310
f 199//199 196//196 176//176
f 196//196 241//241 187//187
f 196//196 187//187 176//176
f 245//245 214//214 193//193
f 245//245 193//193 174//174
f 241//241 245//245 174//174
f 241//241 174//174 187//187
f 237//237 252//252 166//166
f 252//252 268//268 250//250
f 252//252 250//250 224//224
f 214//214 237//237 193//193
f 251//251 199//199 297//297
f 367//367 418//418 385//385
f 418//418 367//367 466//466
f 572//572 418//418 549//549
f 497//497 418//418 572//572
f 68//68 31//31 39//39
f 75//75 31//31 68//68
f 137//137 138//138 172//172
f 98//98 172//172 138//138
f 98//98 138//138 106//106
f 98//98 87//87 75//75
f 181//181 232//232 173//173
f 172//172 181//181 173//173
f 172//172 232//232 181//181
f 98//98 106//106 87//87
f 137//137 172//172 173//173
f 382//382 439//439 391//391
f 382//382 391//391 368//368
f 251//251 297//297 285//285
f 382//382 334//334 392//392
f 307//307 367//367 385//385
f 297//297 307//307 285//285
f 476//476 439//439 432//432
f 523//523 499//499 439//439
f 523//523 439//439 476//476
f 418//418 497//497 476//476
f 538//538 563//563 594//594
f 523//523 572//572 538//538
f 572//572 563//563 538//538
f 563//563 572//572 594//594
f 523//523 538//538 499//499
f 497//497 572//572 523//523
f 497//497 523//523 476//476
f 392//392 439//439 382//382
f 392//392 432//432 439//439
f 418//418 476//476 385//385
f 272//272 374//374 269//269
f 374//374 434//434 443//443
f 374//374 443//443 395//395
f 232//232 272//272 269//269
f 196//196 199//199 251//251
f 61//61 66//66 44//44
f 64//64 72//72 66//66
f 64//64 66//66 61//61
f 84//84 74//74 66//66
f 44//44 66//66 49//49
f 72//72 84//84 66//66
f 108//108 130//130 160//160
f 224//224 213//213 194//194
f 179//179 224//224 194//194
f 224//224 236//236 213//213
f 212//212 260//260 298//298
f 130//130 179//179 160//160
f 224//224 179//179 130//130
f 212//212 197//197 149//149
f 160//160 149//149 114//114
f 108//108 160//160 114//114
f 108//108 114//114 101//101
f 194//194 213//213 212//212
f 236//236 260//260 212//212
f 213//213 236//236 212//212
f 194//194 212//212 149//149
f 194//194 149//149 179//179
f 160//160 179//179 149//149
f 182//182 188//188 198//198
f 182//182 198//198 175//175
f 188//188 226//226 238//238
f 188//188 238//238 198//198
f 149//149 188//188 139//139
f 149//149 178//178 185//185
f 185//185 188//188 149//149
f 157//157 182//182 175//175
f 207//207 226//226 185//185
f 207//207 185//185 178//178
f 253//253 238//238 226//226
f 188//188 182//182 157//157
f 188//188 185//185 226//226
f 139//139 188//188 157//157
f 85//85 99//99 84//84
f 128//128 153//153 131//131
f 119//119 120//120 109//109
f 115//115 128//128 131//131
f 115//115 131//131 102//102
f 83//83 102//102 119//119
f 83//83 119//119 109//109
f 83//83 109//109 76//76
f 102//102 131//131 119//119
f 64//64 85//85 72//72
f 72//72 85//85 84//84
f 83//83 76//76 67//67
f 108//108 85//85 103//103
f 101//101 114//114 99//99
f 108//108 101//101 99//99
f 108//108 99//99 85//85
f 118//118 149//149 102//102
f 139//139 128//128 115//115
f 149//149 139//139 115//115
f 149//149 115//115 102//102
f 157//157 147//147 128//128
f 147//147 153//153 128//128
f 157//157 175//175 153//153
f 147//147 157//157 153//153
f 139//139 157//157 128//128
f 66//66 83//83 67//67
f 66//66 67//67 51//51
f 114//114 149//149 118//118
f 212//212 298//298 207//207
f 197//197 212//212 207//207
f 197//197 178//178 149//149
f 197//197 207//207 178//178
f 84//84 83//83 74//74
f 99//99 102//102 83//83
f 99//99 83//83 84//84
f 114//114 118//118 102//102
f 114//114 102//102 99//99
f 66//66 74//74 83//83
f 165//165 154//154 153//153
f 222//222 246//246 165//165
f 246//246 202//202 170//170
f 170//170 202//202 120//120
f 154//154 120//120 153//153
f 153//153 120//120 116//116
f 246//246 170//170 165//165
f 165//165 170//170 120//120
f 165//165 120//120 154//154
f 222//222 165//165 175//175
f 289//289 327//327 302//302
f 378//378 394//394 376//376
f 406//406 365//365 369//369
f 360//360 378//378 327//327
f 327//327 378//378 376//376
f 376//376 302//302 327//327
f 369//369 365//365 330//330
f 376//376 369//369 330//330
f 302//302 376//376 330//330
f 376//376 406//406 369//369
f 435//435 464//464 381//381
f 529//529 487//487 464//464
f 464//464 487//487 490//490
f 490//490 483//483 406//406
f 553//553 583//583 539//539
f 554//554 591//591 553//553
f 553//553 539//539 490//490
f 487//487 553//553 490//490
f 529//529 553//553 487//487
f 459//459 490//490 406//406
f 381//381 464//464 378//378
f 425//425 490//490 459//459
f 425//425 459//459 376//376
f 394//394 378//378 464//464
f 394//394 464//464 376//376
f 464//464 490//490 425//425
f 464//464 425//425 376//376
f 376//376 459//459 406//406
f 302//302 323//323 298//298
f 294//294 314//314 292//292
f 305//305 320//320 270//270
f 320//320 308//308 238//238
f 350//350 344//344 356//356
f 356//356 423//423 350//350
f 403//403 416//416 388//388
f 314//314 350//350 305//305
f 314//314 356//356 344//344
f 344//344 350//350 314//314
f 320//320 388//388 342//342
f 388//388 351//351 305//305
f 351//351 388//388 320//320
f 351//351 320//320 305//305
f 423//423 388//388 350//350
f 350//350 388//388 377//377
f 377//377 388//388 305//305
f 292//292 314//314 305//305
f 292//292 305//305 270//270
f 305//305 350//350 377//377
f 416//416 373//373 342//342
f 527//527 520//520 508//508
f 508//508 520//520 454//454
f 585//585 605//605 520//520
f 585//585 520//520 527//527
f 583//583 527//527 539//539
f 583//583 630//630 585//585
f 583//583 585//585 527//527
f 525//525 539//539 527//527
f 525//525 527//527 508//508
f 520//520 482//482 447//447
f 556//556 522//522 528//528
f 556//556 541//541 522//522
f 556//556 559//559 541//541
f 535//535 589//589 513//513
f 589//589 550//550 513//513
f 522//522 541//541 512//512
f 520//520 522//522 482//482
f 512//512 448//448 522//522
f 448//448 512//512 452//452
f 512//512 541//541 535//535
f 550//550 589//589 559//559
f 541//541 559//559 589//589
f 541//541 589//589 535//535
f 512//512 535//535 513//513
f 528//528 522//522 520//520
f 460//460 496//496 475//475
f 478//478 446//446 486//486
f 631//631 537//537 575//575
f 575//575 537//537 536//536
f 537//537 486//486 475//475
f 537//537 475//475 496//496
f 531//531 501//501 560//560
f 581//581 574//574 537//537
f 631//631 581//581 537//537
f 486//486 501//501 478//478
f 581//581 560//560 574//574
f 574//574 560//560 537//537
f 536//536 537//537 496//496
f 537//537 560//560 501//501
f 537//537 501//501 486//486
f 407//407 454//454 447//447
f 454//454 407//407 406//406
f 423//423 447//447 482//482
f 423//423 522//522 448//448
f 423//423 482//482 522//522
f 388//388 512//512 513//513
f 452//452 512//512 388//388
f 513//513 403//403 388//388
f 423//423 448//448 452//452
f 423//423 452//452 388//388
f 416//416 475//475 438//438
f 416//416 438//438 373//373
f 460//460 475//475 416//416
f 442//442 486//486 446//446
f 416//416 342//342 388//388
f 631//631 575//575 556//556
f 575//575 559//559 556//556
f 559//559 575//575 536//536
f 550//550 496//496 513//513
f 513//513 496//496 460//460
f 536//536 496//496 550//550
f 536//536 550//550 559//559
f 298//298 323//323 314//314
f 298//298 314//314 294//294
f 365//365 407//407 356//356
f 407//407 423//423 356//356
f 323//323 365//365 356//356
f 323//323 356//356 314//314
f 454//454 520//520 447//447
f 605//605 556//556 528//528
f 520//520 605//605 528//528
f 407//407 447//447 423//423
f 513//513 460//460 416//416
f 513//513 416//416 403//403
f 393//393 386//386 366//366
f 342//342 373//373 273//273
f 342//342 273//273 319//319
f 366//366 383//383 315//315
f 273//273 315//315 311//311
f 421//421 393//393 366//366
f 421//421 366//366 373//373
f 373//373 366//366 315//315
f 373//373 315//315 273//273
f 421//421 442//442 393//393
f 236//236 268//268 265//265
f 236//236 265//265 262//262
f 260//260 262//262 302//302
f 260//260 302//302 298//298
f 236//236 262//262 260//260
f 207//207 298//298 294//294
f 226//226 294//294 292//292
f 292//292 270//270 226//226
f 207//207 294//294 226//226
f 270//270 320//320 238//238
f 226//226 270//270 253//253
f 270//270 238//238 253//253
f 308//308 319//319 222//222
f 319//319 273//273 246//246
f 222//222 319//319 246//246
f 273//273 311//311 246//246
f 311//311 202//202 246//246
f 289//289 265//265 268//268
f 289//289 302//302 262//262
f 289//289 262//262 265//265
f 330//330 323//323 302//302
f 330//330 365//365 323//323
f 406//406 407//407 365//365
f 591//591 583//583 553//553
f 483//483 454//454 406//406
f 490//490 508//508 483//483
f 508//508 454//454 483//483
f 525//525 508//508 490//490
f 539//539 525//525 490//490
f 308//308 222//222 238//238
f 198//198 238//238 222//222
f 198//198 222//222 175//175
f 131//131 153//153 116//116
f 119//119 116//116 120//120
f 119//119 131//131 116//116
f 153//153 175//175 165//165
f 446//446 386//386 393//393
f 438//438 475//475 442//442
f 475//475 486//486 470//470
f 475//475 470//470 442//442
f 442//442 470//470 486//486
f 342//342 319//319 308//308
f 342//342 308//308 320//320
f 373//373 438//438 442//442
f 373//373 442//442 421//421
f 393//393 442//442 446//446
f 59//59 46//46 54//54
f 98//98 107//107 146//146
f 104//104 129//129 190//190
f 210//210 195//195 221//221
f 98//98 146//146 195//195
f 146//146 200//200 195//195
f 59//59 107//107 98//98
f 107//107 59//59 104//104
f 107//107 104//104 190//190
f 107//107 190//190 146//146
f 200//200 190//190 234//234
f 200//200 234//234 195//195
f 146//146 190//190 200//200
f 186//186 235//235 223//223
f 186//186 223//223 208//208
f 63//63 59//59 98//98
f 54//54 104//104 59//59
f 190//190 186//186 208//208
f 248//248 234//234 223//223
f 190//190 208//208 223//223
f 190//190 223//223 234//234
f 129//129 148//148 186//186
f 129//129 186//186 190//190
f 24//24 31//31 8//8
f 24//24 39//39 31//31
f 12//12 2//2 20//20
f 12//12 20//20 54//54
f 3//3 9//9 1//1
f 8//8 1//1 2//2
f 8//8 12//12 54//54
f 5//5 3//3 1//1
f 8//8 31//31 16//16
f 8//8 16//16 5//5
f 20//20 9//9 23//23
f 2//2 9//9 20//20
f 1//1 8//8 5//5
f 1//1 9//9 2//2
f 8//8 2//2 12//12
f 15//15 22//22 4//4
f 15//15 34//34 22//22
f 32//32 13//13 14//14
f 7//7 14//14 13//13
f 13//13 40//40 21//21
f 7//7 15//15 4//4
f 14//14 18//18 32//32
f 10//10 14//14 7//7
f 19//19 18//18 14//14
f 11//11 19//19 14//14
f 6//6 14//14 10//10
f 11//11 14//14 6//6
f 7//7 13//13 15//15
f 15//15 21//21 37//37
f 15//15 13//13 21//21
f 6//6 10//10 7//7
f 6//6 7//7 4//4
f 17//17 88//88 47//47
f 34//34 37//37 110//110
f 124//124 168//168 162//162
f 88//88 93//93 124//124
f 201//201 168//168 216//216
f 216//216 242//242 249//249
f 216//216 249//249 201//201
f 142//142 180//180 148//148
f 180//180 142//142 218//218
f 180//180 218//218 258//258
f 162//162 168//168 201//201
f 124//124 162//162 142//142
f 111//111 88//88 124//124
f 111//111 124//124 142//142
f 201//201 249//249 218//218
f 201//201 218//218 142//142
f 162//162 201//201 142//142
f 121//121 167//167 133//133
f 121//121 133//133 110//110
f 37//37 55//55 94//94
f 184//184 206//206 167//167
f 167//167 206//206 209//209
f 209//209 206//206 220//220
f 171//171 233//233 257//257
f 171//171 257//257 177//177
f 158//158 164//164 167//167
f 177//177 164//164 158//158
f 156//156 171//171 177//177
f 167//167 121//121 158//158
f 94//94 177//177 158//158
f 126//126 177//177 94//94
f 126//126 171//171 156//156
f 126//126 156//156 177//177
f 121//121 37//37 94//94
f 177//177 184//184 167//167
f 177//177 257//257 206//206
f 184//184 177//177 206//206
f 121//121 94//94 158//158
f 164//164 177//177 167//167
f 20//20 73//73 104//104
f 47//47 88//88 111//111
f 47//47 111//111 57//57
f 110//110 93//93 34//34
f 37//37 121//121 110//110
f 73//73 20//20 57//57
f 23//23 9//9 47//47
f 9//9 17//17 47//47
f 20//20 23//23 47//47
f 20//20 47//47 57//57
f 73//73 112//112 104//104
f 73//73 111//111 112//112
f 53//53 55//55 21//21
f 21//21 55//55 37//37
f 15//15 37//37 34//34
f 16//16 11//11 6//6
f 16//16 6//6 5//5
f 17//17 22//22 34//34
f 22//22 17//17 9//9
f 9//9 4//4 22//22
f 5//5 6//6 4//4
f 5//5 4//4 3//3
f 4//4 9//9 3//3
f 88//88 34//34 93//93
f 38//38 34//34 88//88
f 110//110 133//133 124//124
f 110//110 124//124 93//93
f 168//168 167//167 209//209
f 209//209 216//216 168//168
f 124//124 133//133 167//167
f 124//124 167//167 168//168
f 17//17 34//34 38//38
f 17//17 38//38 88//88
f 73//73 57//57 111//111
f 210//210 281//281 372//372
f 329//329 354//354 372//372
f 372//372 354//354 399//399
f 372//372 399//399 414//414
f 281//281 329//329 372//372
f 281//281 277//277 329//329
f 372//372 414//414 408//408
f 299//299 332//332 276//276
f 332//332 405//405 411//411
f 343//343 411//411 399//399
f 343//343 332//332 411//411
f 405//405 361//361 417//417
f 293//293 316//316 361//361
f 332//332 304//304 293//293
f 299//299 235//235 293//293
f 299//299 293//293 304//304
f 299//299 304//304 332//332
f 293//293 361//361 405//405
f 293//293 405//405 332//332
f 507//507 399//399 458//458
f 502//502 507//507 606//606
f 502//502 606//606 543//543
f 450//450 507//507 502//502
f 450//450 502//502 543//543
f 458//458 461//461 516//516
f 516//516 577//577 586//586
f 461//461 456//456 516//516
f 415//415 408//408 450//450
f 414//414 399//399 507//507
f 408//408 414//414 507//507
f 408//408 507//507 450//450
f 411//411 405//405 461//461
f 411//411 461//461 458//458
f 405//405 417//417 456//456
f 417//417 441//441 456//456
f 405//405 456//456 461//461
f 329//329 332//332 343//343
f 277//277 276//276 332//332
f 277//277 332//332 329//329
f 354//354 343//343 399//399
f 329//329 343//343 354//354
f 507//507 458//458 516//516
f 606//606 586//586 616//616
f 507//507 516//516 586//586
f 507//507 586//586 606//606
f 399//399 411//411 458//458
f 295//295 380//380 287//287
f 303//303 331//331 353//353
f 328//328 353//353 380//380
f 353//353 404//404 380//380
f 295//295 328//328 380//380
f 249//249 303//303 295//295
f 295//295 303//303 328//328
f 303//303 353//353 328//328
f 349//349 280//280 267//267
f 345//345 349//349 267//267
f 257//257 267//267 280//280
f 544//544 540//540 601//601
f 540//540 609//609 601//601
f 441//441 380//380 493//493
f 493//493 509//509 515//515
f 362//362 457//457 488//488
f 488//488 494//494 521//521
f 521//521 519//519 488//488
f 457//457 494//494 488//488
f 515//515 592//592 577//577
f 521//521 599//599 623//623
f 521//521 623//623 526//526
f 493//493 526//526 509//509
f 519//519 521//521 526//526
f 519//519 526//526 488//488
f 515//515 509//509 598//598
f 515//515 598//598 592//592
f 404//404 488//488 472//472
f 526//526 493//493 472//472
f 488//488 526//526 472//472
f 526//526 598//598 509//509
f 526//526 623//623 598//598
f 494//494 492//492 521//521
f 578//578 521//521 492//492
f 552//552 571//571 569//569
f 571//571 552//552 558//558
f 518//518 578//578 492//492
f 495//495 552//552 569//569
f 473//473 495//495 492//492
f 473//473 492//492 465//465
f 495//495 569//569 518//518
f 569//569 578//578 518//518
f 495//495 518//518 492//492
f 380//380 472//472 493//493
f 404//404 472//472 380//380
f 362//362 488//488 404//404
f 396//396 465//465 436//436
f 396//396 436//436 410//410
f 473//473 465//465 396//396
f 473//473 396//396 429//429
f 303//303 264//264 220//220
f 220//220 333//333 303//303
f 333//333 331//331 303//303
f 492//492 494//494 457//457
f 578//578 597//597 599//599
f 521//521 578//578 599//599
f 349//349 410//410 363//363
f 410//410 427//427 363//363
f 333//333 363//363 362//362
f 363//363 427//427 362//362
f 333//333 362//362 331//331
f 221//221 195//195 281//281
f 210//210 221//221 281//281
f 248//248 276//276 277//277
f 248//248 277//277 234//234
f 195//195 234//234 277//277
f 195//195 277//277 281//281
f 248//248 223//223 276//276
f 235//235 299//299 276//276
f 223//223 235//235 276//276
f 259//259 293//293 235//235
f 218//218 295//295 258//258
f 258//258 295//295 287//287
f 242//242 216//216 303//303
f 242//242 303//303 249//249
f 249//249 295//295 218//218
f 209//209 220//220 264//264
f 206//206 280//280 333//333
f 206//206 333//333 220//220
f 233//233 267//267 257//257
f 257//257 280//280 206//206
f 209//209 264//264 303//303
f 209//209 303//303 216//216
f 353//353 331//331 362//362
f 353//353 362//362 404//404
f 280//280 363//363 333//333
f 349//349 345//345 410//410
f 410//410 345//345 396//396
f 280//280 349//349 363//363
f 427//427 410//410 465//465
f 427//427 465//465 492//492
f 410//410 436//436 465//465
f 427//427 492//492 457//457
f 362//362 427//427 457//457
f 59//59 24//24 8//8
f 46//46 8//8 54//54
f 59//59 8//8 46//46
f 129//129 111//111 142//142
f 142//142 148//148 129//129
f 112//112 111//111 129//129
f 180//180 235//235 186//186
f 258//258 259//259 235//235
f 235//235 180//180 258//258
f 148//148 180//180 186//186
f 104//104 112//112 129//129
f 20//20 104//104 54//54
f 258//258 287//287 293//293
f 380//380 361//361 316//316
f 287//287 380//380 316//316
f 287//287 316//316 293//293
f 380//380 441//441 417//417
f 380//380 417//417 361//361
f 450//450 463//463 443//443
f 450//450 511//511 463//463
f 543//543 540//540 511//511
f 606//606 609//609 540//540
f 606//606 540//540 543//543
f 450//450 543//543 511//511
f 441//441 493//493 456//456
f 456//456 515//515 516//516
f 493//493 515//515 456//456
f 515//515 577//577 516//516
f 258//258 293//293 259//259
f 25//25 35//35 30//30
f 25//25 30//30 41//41
f 40//40 32//32 50//50
f 25//25 41//41 32//32
f 36//36 60//60 41//41
f 35//35 36//36 30//30
f 30//30 36//36 41//41
f 41//41 50//50 32//32
f 50//50 41//41 62//62
f 42//42 51//51 58//58
f 42//42 58//58 43//43
f 65//65 58//58 51//51
f 42//42 43//43 56//56
f 134//134 150//150 95//95
f 155//155 140//140 135//135
f 135//135 140//140 80//80
f 150//150 211//211 155//155
f 211//211 240//240 155//155
f 189//189 150//150 134//134
f 240//240 203//203 140//140
f 169//169 211//211 150//150
f 95//95 105//105 43//43
f 123//123 95//95 150//150
f 123//123 150//150 155//155
f 123//123 155//155 105//105
f 123//123 105//105 95//95
f 211//211 230//230 274//274
f 230//230 211//211 189//189
f 105//105 155//155 135//135
f 105//105 135//135 80//80
f 155//155 240//240 140//140
f 189//189 211//211 169//169
f 189//189 169//169 150//150
f 86//86 141//141 151//151
f 86//86 151//151 113//113
f 132//132 141//141 86//86
f 127//127 144//144 78//78
f 144//144 132//132 78//78
f 97//97 127//127 78//78
f 225//225 243//243 231//231
f 144//144 225//225 231//231
f 141//141 183//183 151//151
f 203//203 225//225 127//127
f 144//144 231//231 183//183
f 127//127 225//225 144//144
f 183//183 192//192 151//151
f 219//219 247//247 233//233
f 183//183 233//233 192//192
f 219//219 233//233 183//183
f 132//132 144//144 141//141
f 78//78 132//132 86//86
f 231//231 219//219 183//183
f 219//219 231//231 247//247
f 144//144 183//183 141//141
f 217//217 227//227 254//254
f 203//203 227//227 217//217
f 240//240 256//256 227//227
f 60//60 97//97 41//41
f 41//41 97//97 89//89
f 41//41 89//89 62//62
f 95//95 43//43 58//58
f 65//65 91//91 58//58
f 91//91 95//95 58//58
f 105//105 80//80 56//56
f 56//56 80//80 60//60
f 65//65 79//79 91//91
f 43//43 105//105 56//56
f 62//62 86//86 71//71
f 50//50 62//62 71//71
f 62//62 78//78 86//86
f 89//89 97//97 78//78
f 140//140 127//127 80//80
f 203//203 240//240 227//227
f 45//45 51//51 42//42
f 45//45 42//42 36//36
f 36//36 42//42 56//56
f 36//36 56//56 60//60
f 97//97 60//60 80//80
f 80//80 127//127 97//97
f 203//203 217//217 225//225
f 254//254 243//243 225//225
f 217//217 254//254 225//225
f 140//140 203//203 127//127
f 89//89 78//78 62//62
f 134//134 95//95 120//120
f 202//202 229//229 191//191
f 191//191 189//189 134//134
f 309//309 337//337 278//278
f 341//341 409//409 413//413
f 322//322 390//390 352//352
f 409//409 341//341 337//337
f 409//409 337//337 309//309
f 322//322 309//309 274//274
f 390//390 409//409 309//309
f 390//390 309//309 352//352
f 341//341 413//413 384//384
f 341//341 384//384 348//348
f 352//352 309//309 322//322
f 233//233 318//318 284//284
f 317//317 324//324 318//318
f 317//317 306//306 324//324
f 371//371 324//324 306//306
f 326//326 371//371 306//306
f 288//288 326//326 306//306
f 371//371 400//400 401//401
f 324//324 419//419 364//364
f 324//324 364//364 318//318
f 321//321 371//371 326//326
f 371//371 401//401 324//324
f 424//424 400//400 402//402
f 402//402 400//400 379//379
f 266//266 306//306 318//318
f 306//306 317//317 318//318
f 401//401 400//400 431//431
f 324//324 401//401 419//419
f 301//301 321//321 300//300
f 282//282 301//301 300//300
f 300//300 321//321 282//282
f 256//256 283//283 301//301
f 301//301 283//283 337//337
f 337//337 283//283 278//278
f 426//426 424//424 355//355
f 357//357 449//449 426//426
f 357//357 426//426 355//355
f 357//357 301//301 341//341
f 357//357 355//355 321//321
f 301//301 357//357 321//321
f 337//337 341//341 301//301
f 256//256 301//301 282//282
f 514//514 471//471 478//478
f 498//498 471//471 514//514
f 498//498 480//480 471//471
f 409//409 469//469 467//467
f 568//568 546//546 561//561
f 531//531 506//506 498//498
f 531//531 498//498 514//514
f 546//546 530//530 489//489
f 489//489 530//530 524//524
f 561//561 546//546 489//489
f 561//561 489//489 467//467
f 608//608 568//568 561//561
f 467//467 498//498 506//506
f 469//469 484//484 498//498
f 467//467 469//469 498//498
f 445//445 489//489 449//449
f 445//445 467//467 489//489
f 531//531 560//560 561//561
f 506//506 561//561 467//467
f 531//531 561//561 506//506
f 437//437 517//517 453//453
f 455//455 491//491 500//500
f 542//542 587//587 545//545
f 437//437 562//562 517//517
f 562//562 551//551 517//517
f 517//517 551//551 453//453
f 524//524 562//562 437//437
f 491//491 542//542 545//545
f 491//491 545//545 500//500
f 400//400 453//453 455//455
f 453//453 491//491 455//455
f 551//551 645//645 542//542
f 453//453 542//542 491//491
f 551//551 542//542 453//453
f 524//524 437//437 440//440
f 530//530 533//533 524//524
f 533//533 562//562 524//524
f 533//533 567//567 562//562
f 610//610 588//588 533//533
f 588//588 584//584 567//567
f 533//533 588//588 567//567
f 610//610 604//604 588//588
f 467//467 445//445 413//413
f 390//390 469//469 409//409
f 409//409 467//467 413//413
f 413//413 445//445 449//449
f 413//413 449//449 384//384
f 424//424 437//437 453//453
f 401//401 455//455 419//419
f 455//455 401//401 431//431
f 400//400 455//455 431//431
f 453//453 400//400 424//424
f 449//449 440//440 426//426
f 357//357 348//348 384//384
f 384//384 449//449 357//357
f 348//348 357//357 341//341
f 489//489 524//524 449//449
f 449//449 524//524 440//440
f 530//530 546//546 533//533
f 568//568 610//610 533//533
f 568//568 533//533 546//546
f 271//271 282//282 288//288
f 282//282 326//326 288//288
f 355//355 424//424 402//402
f 355//355 402//402 379//379
f 321//321 355//355 371//371
f 400//400 355//355 379//379
f 355//355 400//400 371//371
f 326//326 282//282 321//321
f 426//426 440//440 437//437
f 562//562 567//567 584//584
f 562//562 584//584 593//593
f 426//426 437//437 424//424
f 315//315 335//335 311//311
f 335//335 322//322 311//311
f 383//383 433//433 398//398
f 383//383 398//398 335//335
f 335//335 398//398 370//370
f 335//335 370//370 322//322
f 480//480 485//485 433//433
f 451//451 485//485 444//444
f 444//444 485//485 469//469
f 469//469 485//485 480//480
f 485//485 451//451 433//433
f 433//433 451//451 398//398
f 383//383 480//480 433//433
f 430//430 444//444 469//469
f 451//451 444//444 430//430
f 451//451 430//430 398//398
f 325//325 346//346 345//345
f 274//274 309//309 211//211
f 278//278 240//240 211//211
f 211//211 309//309 278//278
f 271//271 288//288 243//243
f 243//243 288//288 231//231
f 247//247 318//318 233//233
f 266//266 318//318 247//247
f 233//233 284//284 255//255
f 231//231 306//306 266//266
f 231//231 266//266 247//247
f 288//288 306//306 231//231
f 254//254 282//282 271//271
f 227//227 256//256 254//254
f 256//256 282//282 254//254
f 240//240 283//283 256//256
f 254//254 271//271 243//243
f 278//278 283//283 240//240
f 229//229 311//311 322//322
f 284//284 318//318 325//325
f 345//345 346//346 364//364
f 345//345 364//364 358//358
f 364//364 346//346 325//325
f 364//364 325//325 318//318
f 191//191 229//229 230//230
f 191//191 230//230 189//189
f 370//370 398//398 390//390
f 390//390 430//430 469//469
f 390//390 398//398 430//430
f 322//322 370//370 390//390
f 484//484 469//469 480//480
f 484//484 480//480 498//498
f 229//229 322//322 274//274
f 229//229 274//274 230//230
f 684//684 714//714 637//637
f 748//748 727//727 653//653
f 684//684 748//748 714//714
f 805//805 748//748 684//684
f 740//740 805//805 684//684
f 684//684 613//613 740//740
f 727//727 787//787 766//766
f 748//748 787//787 727//727
f 634//634 613//613 684//684
f 684//684 637//637 617//617
f 684//684 617//617 634//634
f 617//617 637//637 635//635
f 617//617 635//635 607//607
f 637//637 714//714 653//653
f 635//635 637//637 653//653
f 748//748 805//805 787//787
f 714//714 748//748 653//653
f 643//643 654//654 590//590
f 727//727 654//654 643//643
f 727//727 724//724 654//654
f 727//727 643//643 602//602
f 655//655 669//669 661//661
f 727//727 763//763 729//729
f 727//727 729//729 724//724
f 654//654 724//724 729//729
f 654//654 729//729 655//655
f 763//763 933//933 899//899
f 763//763 899//899 729//729
f 653//653 727//727 602//602
f 766//766 811//811 763//763
f 766//766 763//763 727//727
f 867//867 938//938 933//933
f 938//938 940//940 939//939
f 938//938 948//948 959//959
f 940//940 938//938 959//959
f 940//940 959//959 939//939
f 938//938 939//939 933//933
f 811//811 867//867 933//933
f 811//811 933//933 763//763
f 650//650 621//621 641//641
f 650//650 641//641 695//695
f 636//636 688//688 680//680
f 810//810 841//841 805//805
f 776//776 779//779 810//810
f 843//843 817//817 812//812
f 613//613 695//695 779//779
f 613//613 779//779 776//776
f 695//695 680//680 741//741
f 680//680 688//688 741//741
f 641//641 680//680 695//695
f 641//641 564//564 636//636
f 641//641 636//636 680//680
f 843//843 812//812 805//805
f 695//695 741//741 779//779
f 723//723 666//666 678//678
f 829//829 754//754 747//747
f 815//815 734//734 754//754
f 840//840 820//820 734//734
f 840//840 734//734 815//815
f 747//747 754//754 723//723
f 747//747 723//723 678//678
f 754//754 734//734 723//723
f 829//829 815//815 754//754
f 729//729 747//747 678//678
f 815//815 829//829 881//881
f 729//729 829//829 747//747
f 890//890 840//840 815//815
f 890//890 815//815 838//838
f 603//603 620//620 693//693
f 603//603 693//693 688//688
f 742//742 846//846 809//809
f 688//688 770//770 743//743
f 693//693 742//742 770//770
f 688//688 693//693 770//770
f 693//693 665//665 703//703
f 770//770 742//742 809//809
f 770//770 809//809 816//816
f 693//693 703//703 742//742
f 841//841 884//884 859//859
f 841//841 859//859 848//848
f 859//859 874//874 843//843
f 896//896 909//909 884//884
f 858//858 909//909 896//896
f 858//858 896//896 884//884
f 841//841 858//858 884//884
f 884//884 887//887 874//874
f 909//909 914//914 887//887
f 884//884 909//909 887//887
f 884//884 874//874 859//859
f 887//887 862//862 850//850
f 937//937 944//944 885//885
f 885//885 933//933 937//937
f 890//890 863//863 840//840
f 900//900 904//904 909//909
f 871//871 904//904 900//900
f 927//927 915//915 919//919
f 879//879 880//880 846//846
f 880//880 879//879 894//894
f 898//898 913//913 922//922
f 932//932 949//949 952//952
f 943//943 964//964 949//949
f 923//923 915//915 932//932
f 915//915 927//927 932//932
f 871//871 846//846 880//880
f 871//871 880//880 894//894
f 871//871 894//894 904//904
f 904//904 922//922 927//927
f 922//922 932//932 927//927
f 932//932 922//922 943//943
f 932//932 943//943 949//949
f 904//904 919//919 909//909
f 927//927 919//919 904//904
f 879//879 922//922 904//904
f 879//879 904//904 894//894
f 898//898 922//922 879//879
f 886//886 902//902 878//878
f 878//878 902//902 883//883
f 883//883 833//833 856//856
f 903//903 901//901 883//883
f 945//945 954//954 936//936
f 910//910 951//951 941//941
f 951//951 960//960 941//941
f 905//905 945//945 936//936
f 905//905 936//936 890//890
f 886//886 942//942 902//902
f 942//942 886//886 897//897
f 910//910 941//941 926//926
f 935//935 910//910 903//903
f 947//947 953//953 951//951
f 878//878 883//883 856//856
f 902//902 903//903 883//883
f 935//935 903//903 942//942
f 936//936 897//897 890//890
f 883//883 891//891 855//855
f 901//901 903//903 910//910
f 883//883 901//901 910//910
f 883//883 910//910 891//891
f 947//947 942//942 954//954
f 954//954 942//942 936//936
f 935//935 942//942 951//951
f 910//910 935//935 951//951
f 951//951 942//942 947//947
f 936//936 942//942 897//897
f 942//942 903//903 902//902
f 805//805 848//848 859//859
f 841//841 848//848 805//805
f 859//859 843//843 805//805
f 811//811 817//817 888//888
f 817//817 843//843 888//888
f 810//810 779//779 858//858
f 810//810 858//858 841//841
f 885//885 838//838 815//815
f 815//815 881//881 885//885
f 838//838 874//874 850//850
f 838//838 850//850 862//862
f 862//862 890//890 838//838
f 863//863 820//820 840//840
f 820//820 863//863 886//886
f 816//816 871//871 873//873
f 816//816 809//809 846//846
f 816//816 846//846 871//871
f 883//883 854//854 814//814
f 883//883 814//814 833//833
f 636//636 603//603 688//688
f 741//741 743//743 770//770
f 741//741 770//770 779//779
f 779//779 816//816 858//858
f 770//770 816//816 779//779
f 688//688 743//743 741//741
f 873//873 871//871 909//909
f 858//858 873//873 909//909
f 909//909 871//871 900//900
f 914//914 919//919 887//887
f 919//919 915//915 887//887
f 909//909 919//919 914//914
f 905//905 890//890 862//862
f 897//897 886//886 863//863
f 890//890 897//897 863//863
f 843//843 885//885 888//888
f 885//885 944//944 888//888
f 887//887 850//850 874//874
f 887//887 905//905 862//862
f 874//874 838//838 843//843
f 915//915 923//923 905//905
f 910//910 926//926 922//922
f 913//913 891//891 910//910
f 913//913 910//910 922//922
f 932//932 952//952 945//945
f 926//926 941//941 943//943
f 941//941 960//960 964//964
f 941//941 964//964 943//943
f 923//923 932//932 945//945
f 923//923 945//945 905//905
f 926//926 943//943 922//922
f 915//915 905//905 887//887
f 838//838 885//885 843//843
f 858//858 816//816 873//873
f 999//999 1000//1000 997//997
f 997//997 996//996 999//999
f 997//997 1001//1001 1002//1002
f 1000//1000 1001//1001 997//997
f 996//996 1002//1002 999//999
f 1000//1000 999//999 1002//1002
f 1000//1000 1002//1002 1001//1001
f 985//985 996//996 997//997
f 988//988 985//985 997//997
f 949//949 962//962 969//969
f 949//949 969//969 974//974
f 969//969 979//979 974//974
f 969//969 962//962 970//970
f 969//969 970//970 979//979
f 993//993 983//983 988//988
f 983//983 982//982 985//985
f 978//978 985//985 982//982
f 983//983 993//993 992//992
f 978//978 986//986 985//985
f 983//983 985//985 988//988
f 979//979 983//983 974//974
f 983//983 989//989 984//984
f 983//983 984//984 974//974
f 984//984 980//980 974//974
f 984//984 990//990 971//971
f 978//978 982//982 983//983
f 984//984 976//976 973//973
f 976//976 984//984 971//971
f 978//978 981//981 987//987
f 986//986 978//978 987//987
f 962//962 964//964 971//971
f 970//970 962//962 971//971
f 991//991 990//990 984//984
f 970//970 971//971 978//978
f 978//978 979//979 970//970
f 983//983 992//992 989//989
f 971//971 990//990 987//987
f 971//971 987//987 981//981
f 978//978 971//971 977//977
f 987//987 990//990 991//991
f 978//978 983//983 979//979
f 971//971 981//981 977//977
f 978//978 977//977 981//981
f 975//975 965//965 966//966
f 965//965 973//973 951//951
f 973//973 965//965 975//975
f 980//980 973//973 975//975
f 993//993 998//998 994//994
f 998//998 995//995 994//994
f 995//995 992//992 994//994
f 993//993 994//994 992//992
f 992//992 991//991 984//984
f 992//992 984//984 989//989
f 991//991 992//992 995//995
f 986//986 987//987 995//995
f 986//986 995//995 996//996
f 995//995 987//987 991//991
f 974//974 966//966 958//958
f 974//974 975//975 966//966
f 960//960 951//951 971//971
f 951//951 973//973 976//976
f 951//951 976//976 971//971
f 974//974 980//980 975//975
f 973//973 980//980 984//984
f 963//963 959//959 948//948
f 948//948 959//959 963//963
f 952//952 974//974 958//958
f 952//952 949//949 974//974
f 949//949 964//964 962//962
f 945//945 958//958 966//966
f 966//966 954//954 945//945
f 954//954 966//966 965//965
f 965//965 947//947 954//954
f 965//965 951//951 953//953
f 965//965 953//953 947//947
f 952//952 958//958 945//945
f 960//960 971//971 964//964
f 650//650 695//695 613//613
f 776//776 805//805 740//740
f 805//805 776//776 810//810
f 812//812 817//817 766//766
f 812//812 766//766 787//787
f 766//766 817//817 811//811
f 805//805 812//812 787//787
f 613//613 776//776 740//740
f 867//867 888//888 938//938
f 938//938 888//888 944//944
f 938//938 944//944 948//948
f 729//729 678//678 655//655
f 678//678 669//669 655//655
f 899//899 881//881 829//829
f 899//899 829//829 729//729
f 933//933 885//885 881//881
f 933//933 881//881 899//899
f 944//944 937//937 939//939
f 937//937 933//933 939//939
f 959//959 944//944 939//939
f 811//811 888//888 867//867
f 955//955 944//944 959//959
f 997//997 998//998 993//993
f 1002//1002 995//995 998//998
f 1002//1002 998//998 997//997
f 996//996 995//995 1002//1002
f 988//988 997//997 993//993
f 985//985 986//986 996//996
f 948//948 944//944 955//955
f 948//948 955//955 959//959
f 666//666 630//630 611//611
f 664//664 666//666 611//611
f 629//629 712//712 640//640
f 605//605 640//640 622//622
f 656//656 712//712 697//697
f 785//785 828//828 757//757
f 844//844 828//828 785//785
f 666//666 715//715 765//765
f 717//717 765//765 722//722
f 757//757 728//728 697//697
f 722//722 765//765 715//715
f 629//629 640//640 605//605
f 712//712 656//656 640//640
f 630//630 666//666 712//712
f 630//630 712//712 629//629
f 828//828 844//844 765//765
f 765//765 844//844 785//785
f 717//717 728//728 757//757
f 717//717 757//757 765//765
f 757//757 828//828 799//799
f 757//757 799//799 765//765
f 799//799 828//828 765//765
f 666//666 765//765 785//785
f 666//666 785//785 712//712
f 697//697 728//728 717//717
f 717//717 761//761 725//725
f 717//717 725//725 697//697
f 785//785 757//757 697//697
f 785//785 697//697 712//712
f 699//699 700//700 705//705
f 878//878 804//804 761//761
f 761//761 804//804 764//764
f 716//716 777//777 822//822
f 777//777 851//851 822//822
f 822//822 790//790 801//801
f 791//791 764//764 804//804
f 792//792 760//760 764//764
f 792//792 764//764 791//791
f 674//674 822//822 801//801
f 801//801 790//790 674//674
f 696//696 790//790 705//705
f 716//716 822//822 674//674
f 790//790 696//696 674//674
f 738//738 699//699 705//705
f 791//791 804//804 839//839
f 839//839 792//792 791//791
f 738//738 790//790 781//781
f 738//738 705//705 790//790
f 764//764 781//781 777//777
f 781//781 764//764 738//738
f 764//764 777//777 761//761
f 760//760 767//767 699//699
f 760//760 699//699 738//738
f 760//760 738//738 764//764
f 700//700 683//683 681//681
f 683//683 708//708 595//595
f 683//683 595//595 619//619
f 700//700 699//699 808//808
f 808//808 916//916 794//794
f 700//700 808//808 794//794
f 794//794 788//788 762//762
f 683//683 794//794 762//762
f 700//700 794//794 683//683
f 683//683 711//711 708//708
f 683//683 762//762 788//788
f 683//683 788//788 711//711
f 711//711 788//788 708//708
f 872//872 921//921 877//877
f 918//918 907//907 916//916
f 845//845 907//907 918//918
f 916//916 808//808 918//918
f 828//828 853//853 844//844
f 853//853 828//828 844//844
f 777//777 872//872 877//877
f 851//851 777//777 877//877
f 822//822 906//906 920//920
f 920//920 921//921 822//822
f 851//851 906//906 822//822
f 790//790 872//872 781//781
f 777//777 781//781 872//872
f 921//921 872//872 790//790
f 921//921 790//790 822//822
f 794//794 916//916 907//907
f 788//788 907//907 845//845
f 845//845 918//918 808//808
f 907//907 788//788 794//794
f 755//755 761//761 717//717
f 674//674 644//644 656//656
f 716//716 674//674 697//697
f 697//697 674//674 656//656
f 761//761 777//777 725//725
f 725//725 777//777 716//716
f 725//725 716//716 697//697
f 906//906 921//921 920//920
f 851//851 877//877 921//921
f 851//851 921//921 906//906
f 663//663 696//696 681//681
f 696//696 631//631 644//644
f 696//696 644//644 674//674
f 696//696 663//663 631//631
f 681//681 705//705 700//700
f 705//705 681//681 696//696
f 609//609 616//616 673//673
f 673//673 616//616 667//667
f 732//732 752//752 667//667
f 797//797 772//772 830//830
f 752//752 789//789 772//772
f 752//752 758//758 827//827
f 819//819 827//827 758//758
f 689//689 673//673 797//797
f 673//673 667//667 752//752
f 772//772 789//789 830//830
f 832//832 827//827 842//842
f 832//832 830//830 789//789
f 752//752 827//827 832//832
f 752//752 832//832 789//789
f 673//673 752//752 772//772
f 673//673 772//772 797//797
f 807//807 827//827 813//813
f 782//782 807//807 813//813
f 759//759 768//768 793//793
f 759//759 793//793 798//798
f 827//827 807//807 835//835
f 826//826 798//798 821//821
f 798//798 793//793 821//821
f 798//798 826//826 807//807
f 759//759 798//798 807//807
f 807//807 826//826 835//835
f 615//615 709//709 732//732
f 624//624 709//709 615//615
f 624//624 668//668 709//709
f 642//642 769//769 675//675
f 638//638 692//692 642//642
f 769//769 642//642 692//692
f 624//624 623//623 642//642
f 628//628 638//638 642//642
f 675//675 758//758 709//709
f 668//668 675//675 709//709
f 675//675 668//668 624//624
f 642//642 675//675 624//624
f 735//735 756//756 782//782
f 735//735 730//730 756//756
f 730//730 718//718 739//739
f 739//739 726//726 759//759
f 718//718 726//726 739//739
f 721//721 730//730 735//735
f 704//704 726//726 718//718
f 639//639 627//627 721//721
f 639//639 721//721 735//735
f 662//662 718//718 677//677
f 618//618 614//614 718//718
f 718//718 662//662 618//618
f 721//721 718//718 730//730
f 677//677 718//718 721//721
f 677//677 721//721 627//627
f 618//618 662//662 627//627
f 730//730 739//739 756//756
f 627//627 662//662 677//677
f 857//857 852//852 864//864
f 835//835 855//855 866//866
f 830//830 857//857 797//797
f 846//846 797//797 857//857
f 830//830 852//852 857//857
f 842//842 852//852 832//832
f 832//832 852//852 830//830
f 855//855 821//821 854//854
f 855//855 826//826 821//821
f 826//826 855//855 835//835
f 615//615 667//667 616//616
f 667//667 615//615 732//732
f 758//758 675//675 769//769
f 769//769 819//819 758//758
f 709//709 758//758 752//752
f 732//732 709//709 752//752
f 782//782 756//756 807//807
f 756//756 739//739 759//759
f 756//756 759//759 807//807
f 813//813 827//827 819//819
f 819//819 782//782 813//813
f 782//782 819//819 769//769
f 827//827 835//835 842//842
f 735//735 782//782 769//769
f 692//692 735//735 769//769
f 638//638 639//639 735//735
f 638//638 735//735 692//692
f 864//864 866//866 913//913
f 835//835 866//866 864//864
f 852//852 835//835 864//864
f 835//835 852//852 842//842
f 606//606 616//616 609//609
f 586//586 615//615 616//616
f 706//706 690//690 687//687
f 690//690 698//698 649//649
f 767//767 834//834 706//706
f 767//767 706//706 744//744
f 774//774 834//834 767//767
f 802//802 768//768 778//778
f 823//823 768//768 802//802
f 744//744 706//706 686//686
f 694//694 768//768 713//713
f 706//706 687//687 686//686
f 834//834 780//780 690//690
f 834//834 690//690 706//706
f 690//690 780//780 778//778
f 768//768 698//698 690//690
f 768//768 690//690 778//778
f 780//780 803//803 778//778
f 698//698 768//768 694//694
f 679//679 595//595 746//746
f 659//659 608//608 595//595
f 679//679 659//659 595//595
f 682//682 648//648 568//568
f 682//682 568//568 625//625
f 682//682 625//625 659//659
f 702//702 707//707 682//682
f 707//707 648//648 682//682
f 753//753 746//746 808//808
f 746//746 753//753 679//679
f 659//659 625//625 608//608
f 568//568 648//648 672//672
f 568//568 672//672 610//610
f 648//648 707//707 672//672
f 645//645 676//676 704//704
f 676//676 645//645 652//652
f 670//670 685//685 733//733
f 645//645 649//649 652//652
f 649//649 676//676 652//652
f 610//610 672//672 658//658
f 784//784 658//658 672//672
f 660//660 646//646 612//612
f 646//646 660//660 685//685
f 671//671 657//657 658//658
f 733//733 775//775 745//745
f 775//775 784//784 745//745
f 818//818 837//837 806//806
f 771//771 837//837 783//783
f 737//737 784//784 672//672
f 660//660 773//773 685//685
f 660//660 691//691 773//773
f 749//749 671//671 710//710
f 749//749 720//720 671//671
f 588//588 612//612 646//646
f 588//588 646//646 685//685
f 818//818 806//806 775//775
f 733//733 773//773 818//818
f 733//733 818//818 775//775
f 775//775 806//806 784//784
f 658//658 632//632 612//612
f 658//658 710//710 671//671
f 771//771 749//749 784//784
f 795//795 771//771 784//784
f 660//660 658//658 657//657
f 632//632 658//658 660//660
f 660//660 671//671 720//720
f 720//720 691//691 660//660
f 660//660 657//657 671//671
f 745//745 784//784 737//737
f 784//784 806//806 795//795
f 806//806 771//771 795//795
f 806//806 837//837 771//771
f 612//612 632//632 660//660
f 745//745 737//737 672//672
f 719//719 685//685 773//773
f 719//719 773//773 733//733
f 784//784 749//749 710//710
f 784//784 710//710 658//658
f 824//824 868//868 882//882
f 824//824 882//882 924//924
f 868//868 929//929 924//924
f 882//882 868//868 924//924
f 849//849 778//778 929//929
f 778//778 930//930 929//929
f 929//929 968//968 956//956
f 929//929 956//956 924//924
f 930//930 946//946 950//950
f 930//930 950//950 934//934
f 930//930 934//934 929//929
f 868//868 849//849 929//929
f 968//968 934//934 950//950
f 957//957 930//930 956//956
f 924//924 892//892 895//895
f 924//924 895//895 875//875
f 803//803 780//780 930//930
f 780//780 892//892 930//930
f 930//930 957//957 946//946
f 924//924 956//956 892//892
f 929//929 934//934 968//968
f 956//956 930//930 892//892
f 774//774 924//924 875//875
f 774//774 875//875 834//834
f 824//824 823//823 868//868
f 824//824 924//924 774//774
f 834//834 875//875 895//895
f 802//802 849//849 868//868
f 802//802 868//868 823//823
f 778//778 849//849 802//802
f 803//803 930//930 778//778
f 895//895 892//892 780//780
f 895//895 780//780 834//834
f 704//704 713//713 768//768
f 704//704 676//676 694//694
f 704//704 694//694 713//713
f 647//647 670//670 690//690
f 690//690 670//670 733//733
f 647//647 690//690 649//649
f 698//698 676//676 649//649
f 676//676 698//698 694//694
f 768//768 731//731 704//704
f 733//733 745//745 707//707
f 745//745 672//672 707//707
f 686//686 659//659 679//679
f 687//687 682//682 659//659
f 687//687 690//690 682//682
f 690//690 707//707 702//702
f 690//690 702//702 682//682
f 687//687 659//659 686//686
f 588//588 685//685 670//670
f 588//588 670//670 647//647
f 685//685 719//719 733//733
f 733//733 707//707 690//690
f 773//773 750//750 825//825
f 889//889 825//825 750//750
f 720//720 796//796 751//751
f 796//796 800//800 751//751
f 701//701 750//750 691//691
f 750//750 786//786 831//831
f 750//750 751//751 800//800
f 750//750 720//720 751//751
f 786//786 800//800 831//831
f 750//750 800//800 786//786
f 720//720 750//750 701//701
f 876//876 847//847 865//865
f 860//860 925//925 889//889
f 912//912 893//893 889//889
f 889//889 925//925 912//912
f 893//893 869//869 876//876
f 865//865 893//893 876//876
f 837//837 861//861 865//865
f 889//889 865//865 861//861
f 912//912 917//917 893//893
f 925//925 917//917 912//912
f 893//893 865//865 889//889
f 925//925 931//931 917//917
f 931//931 928//928 911//911
f 928//928 908//908 911//911
f 928//928 911//911 908//908
f 870//870 911//911 928//928
f 889//889 750//750 860//860
f 889//889 861//861 825//825
f 836//836 865//865 847//847
f 847//847 876//876 796//796
f 847//847 796//796 836//836
f 869//869 800//800 796//796
f 869//869 893//893 831//831
f 869//869 831//831 800//800
f 750//750 831//831 860//860
f 876//876 869//869 796//796
f 928//928 931//931 925//925
f 860//860 870//870 928//928
f 860//860 928//928 925//925
f 893//893 870//870 860//860
f 917//917 911//911 870//870
f 917//917 870//870 893//893
f 831//831 893//893 860//860
f 931//931 911//911 917//917
f 961//961 972//972 968//968
f 968//968 972//972 967//967
f 967//967 972//972 956//956
f 957//957 972//972 961//961
f 957//957 961//961 946//946
f 968//968 967//967 956//956
f 946//946 961//961 968//968
f 946//946 968//968 950//950
f 956//956 972//972 957//957
f 773//773 825//825 818//818
f 771//771 720//720 749//749
f 771//771 783//783 796//796
f 771//771 796//796 720//720
f 836//836 796//796 783//783
f 691//691 720//720 701//701
f 691//691 750//750 773//773
f 861//861 837//837 818//818
f 865//865 836//836 837//837
f 818//818 825//825 861//861
f 837//837 836//836 783//783
f 594//594 634//634 617//617
f 607//607 565//565 555//555
f 565//565 607//607 635//635
f 572//572 650//650 613//613
f 602//602 635//635 653//653
f 594//594 617//617 607//607
f 594//594 613//613 634//634
f 635//635 602//602 565//565
f 590//590 602//602 643//643
f 547//547 661//661 651//651
f 566//566 661//661 547//547
f 654//654 655//655 566//566
f 566//566 655//655 661//661
f 590//590 654//654 566//566
f 580//580 641//641 621//621
f 580//580 621//621 572//572
f 572//572 621//621 650//650
f 564//564 603//603 636//636
f 580//580 564//564 641//641
f 596//596 693//693 620//620
f 603//603 596//596 620//620
f 601//601 665//665 544//544
f 596//596 665//665 693//693
f 611//611 630//630 583//583
f 556//556 640//640 656//656
f 622//622 640//640 556//556
f 622//622 556//556 605//605
f 630//630 629//629 585//585
f 629//629 605//605 585//585
f 631//631 663//663 681//681
f 581//581 683//683 619//619
f 681//681 683//683 581//581
f 619//619 595//595 581//581
f 681//681 581//581 631//631
f 556//556 656//656 644//644
f 644//644 631//631 556//556
f 651//651 611//611 583//583
f 651//651 583//583 591//591
f 601//601 673//673 626//626
f 601//601 609//609 673//673
f 592//592 615//615 577//577
f 592//592 624//624 615//615
f 598//598 624//624 592//592
f 623//623 628//628 642//642
f 599//599 638//638 628//628
f 599//599 628//628 623//623
f 598//598 623//623 624//624
f 578//578 627//627 639//639
f 578//578 639//639 597//597
f 571//571 618//618 569//569
f 571//571 614//614 618//618
f 569//569 618//618 627//627
f 569//569 627//627 578//578
f 597//597 639//639 638//638
f 597//597 638//638 599//599
f 577//577 615//615 586//586
f 595//595 608//608 561//561
f 625//625 568//568 608//608
f 645//645 633//633 542//542
f 542//542 633//633 587//587
f 562//562 647//647 649//649
f 649//649 645//645 551//551
f 649//649 551//551 562//562
f 562//562 593//593 647//647
f 633//633 614//614 587//587
f 610//610 658//658 604//604
f 604//604 658//658 612//612
f 604//604 612//612 588//588
f 584//584 588//588 647//647
f 584//584 647//647 593//593
f 68//68 59//59 63//63
f 98//98 195//195 210//210
f 68//68 63//63 98//98
f 272//272 210//210 372//372
f 374//374 372//372 408//408
f 374//374 415//415 450//450
f 374//374 408//408 415//415
f 272//272 372//372 374//374
f 374//374 450//450 434//434
f 29//29 52//52 16//16
f 31//31 29//29 16//16
f 27//27 26//26 19//19
f 27//27 19//19 11//11
f 33//33 25//25 18//18
f 26//26 33//33 18//18
f 26//26 18//18 19//19
f 52//52 27//27 11//11
f 52//52 11//11 16//16
f 443//443 463//463 511//511
f 443//443 511//511 504//504
f 504//504 511//511 540//540
f 504//504 540//540 544//544
f 68//68 39//39 24//24
f 68//68 24//24 59//59
f 450//450 443//443 434//434
f 665//665 626//626 673//673
f 689//689 703//703 665//665
f 665//665 673//673 689//689
f 742//742 797//797 846//846
f 703//703 689//689 797//797
f 703//703 797//797 742//742
f 857//857 879//879 846//846
f 879//879 857//857 864//864
f 864//864 913//913 898//898
f 864//864 898//898 879//879
f 854//854 821//821 814//814
f 891//891 866//866 855//855
f 855//855 854//854 883//883
f 913//913 866//866 891//891
f 44//44 25//25 28//28
f 44//44 49//49 35//35
f 44//44 35//35 25//25
f 66//66 45//45 36//36
f 66//66 36//36 49//49
f 66//66 51//51 45//45
f 49//49 36//36 35//35
f 67//67 76//76 65//65
f 67//67 65//65 51//51
f 76//76 109//109 91//91
f 109//109 95//95 91//91
f 76//76 91//91 79//79
f 76//76 79//79 65//65
f 581//581 595//595 561//561
f 581//581 561//561 560//560
f 501//501 514//514 478//478
f 446//446 471//471 480//480
f 478//478 471//471 446//446
f 531//531 514//514 501//501
f 120//120 191//191 134//134
f 202//202 191//191 120//120
f 386//386 383//383 366//366
f 383//383 335//335 315//315
f 446//446 480//480 383//383
f 446//446 383//383 386//386
f 109//109 120//120 95//95
f 311//311 229//229 202//202
f 814//814 824//824 792//792
f 824//824 774//774 760//760
f 824//824 760//760 792//792
f 686//686 679//679 699//699
f 767//767 744//744 699//699
f 774//774 767//767 760//760
f 699//699 744//744 686//686
f 708//708 746//746 595//595
f 736//736 679//679 808//808
f 736//736 808//808 699//699
f 808//808 679//679 753//753
f 746//746 788//788 845//845
f 746//746 845//845 808//808
f 788//788 746//746 708//708
f 679//679 736//736 699//699
f 48//48 61//61 44//44
f 48//48 44//44 33//33
f 117//117 108//108 103//103
f 125//125 130//130 108//108
f 117//117 125//125 108//108
f 224//224 250//250 236//236
f 100//100 103//103 85//85
f 100//100 85//85 64//64
f 61//61 100//100 64//64
f 268//268 286//286 289//289
f 312//312 360//360 327//327
f 312//312 327//327 286//286
f 286//286 327//327 289//289
f 381//381 360//360 312//312
f 381//381 378//378 360//360
f 479//479 529//529 464//464
f 435//435 479//479 464//464
f 547//547 554//554 553//553
f 547//547 553//553 529//529
f 547//547 591//591 554//554
f 479//479 547//547 529//529
f 250//250 268//268 236//236
f 18//18 25//25 32//32
f 13//13 32//32 40//40
f 40//40 50//50 21//21
f 50//50 53//53 21//21
f 55//55 71//71 86//86
f 55//55 86//86 113//113
f 55//55 113//113 94//94
f 113//113 151//151 126//126
f 113//113 126//126 94//94
f 171//171 192//192 205//205
f 205//205 192//192 233//233
f 205//205 233//233 171//171
f 126//126 151//151 171//171
f 151//151 192//192 171//171
f 53//53 50//50 71//71
f 53//53 71//71 55//55
f 284//284 345//345 267//267
f 358//358 364//364 396//396
f 396//396 419//419 429//429
f 364//364 419//419 396//396
f 419//419 455//455 473//473
f 455//455 500//500 495//495
f 455//455 495//495 473//473
f 500//500 545//545 552//552
f 552//552 545//545 558//558
f 545//545 587//587 571//571
f 545//545 571//571 558//558
f 500//500 552//552 495//495
f 429//429 419//419 473//473
f 345//345 284//284 325//325
f 345//345 358//358 396//396
f 255//255 284//284 267//267
f 255//255 267//267 233//233
f 669//669 651//651 661//661
f 651//651 669//669 678//678
f 734//734 715//715 666//666
f 734//734 666//666 723//723
f 666//666 664//664 678//678
f 678//678 664//664 611//611
f 734//734 717//717 722//722
f 820//820 755//755 717//717
f 820//820 717//717 734//734
f 734//734 722//722 715//715
f 878//878 761//761 886//886
f 886//886 761//761 755//755
f 856//856 792//792 878//878
f 792//792 833//833 814//814
f 833//833 792//792 856//856
f 878//878 792//792 839//839
f 886//886 755//755 820//820
f 878//878 839//839 804//804
f 678//678 611//611 651//651
f 821//821 824//824 814//814
f 821//821 823//823 824//824
f 768//768 823//823 793//793
f 793//793 823//823 821//821
f 614//614 633//633 718//718
f 633//633 645//645 704//704
f 633//633 704//704 718//718
f 704//704 731//731 759//759
f 704//704 759//759 726//726
f 759//759 731//731 768//768
f 33//33 44//44 28//28
f 33//33 28//28 25//25
f 547//547 651//651 591//591
f 587//587 614//614 571//571
f 601//601 626//626 665//665
