# convertido de flygym/NeuroMechFly (l_wing)
v -0.67860 0.85564 0.34370
v -0.67568 0.98460 0.36248
v -0.67174 0.90973 0.34956
v -0.66799 1.07311 0.36433
v -0.66748 0.76464 0.32460
v -0.66698 1.11888 0.35908
v -0.66585 0.92705 0.36428
v -0.66493 0.72806 0.32080
v -0.66369 1.06025 0.36026
v -0.66288 0.86172 0.35211
v -0.66161 1.02966 0.37098
v -0.66079 0.70049 0.31663
v -0.66019 0.74762 0.31553
v -0.65962 1.16268 0.34753
v -0.65351 1.22095 0.34105
v -0.65266 1.15284 0.35888
v -0.65045 1.25286 0.33604
v -0.64772 0.66751 0.30607
v -0.63791 0.61464 0.31622
v -0.63422 1.31047 0.31824
v -0.63297 0.74177 0.34007
v -0.62904 1.31488 0.33042
v -0.62811 0.93989 0.36040
v -0.62625 0.58399 0.30787
v -0.62097 1.19651 0.33934
v -0.61807 0.79589 0.33042
v -0.61604 0.97767 0.34065
v -0.61411 1.08079 0.34805
v -0.61227 0.54513 0.30865
v -0.61046 1.39512 0.31380
v -0.60931 1.40698 0.30524
v -0.60579 0.52999 0.29943
v -0.60578 0.77080 0.34355
v -0.60454 0.58431 0.30362
v -0.60317 1.42343 0.29072
v -0.59387 0.56080 0.31524
v -0.59144 1.46252 0.27952
v -0.58490 1.49580 0.26950
v -0.58411 0.96046 0.33875
v -0.58365 0.49630 0.30103
v -0.58336 1.49546 0.28908
v -0.57322 1.13229 0.29733
v -0.56998 1.53344 0.26683
v -0.56919 0.46519 0.28997
v -0.56841 1.05267 0.31852
v -0.56406 0.78282 0.32206
v -0.56369 0.64879 0.30927
v -0.56145 1.44289 0.27969
v -0.56016 1.62563 0.23853
v -0.55134 0.44265 0.28023
v -0.55041 0.90558 0.32110
v -0.55027 1.14863 0.29920
v -0.55021 0.96669 0.31355
v -0.54289 0.97230 0.28823
v -0.54287 0.85204 0.30424
v -0.54256 1.57830 0.22448
v -0.54230 0.80551 0.32998
v -0.54204 1.66457 0.22858
v -0.53792 1.70629 0.20880
v -0.53499 1.37597 0.24971
v -0.53367 0.92585 0.28985
v -0.52686 0.60032 0.31414
v -0.52475 1.75235 0.19767
v -0.52288 0.76787 0.31915
v -0.52027 1.74704 0.20395
v -0.51906 0.77701 0.29997
v -0.51885 1.02946 0.26969
v -0.51816 1.29508 0.26042
v -0.51388 0.55133 0.28990
v -0.51269 1.20557 0.26652
v -0.50890 1.05466 0.27856
v -0.50881 1.15295 0.25754
v -0.50641 1.79842 0.17508
v -0.50574 0.40732 0.26716
v -0.50346 0.48205 0.28514
v -0.50333 1.04599 0.25775
v -0.50091 1.57448 0.21134
v -0.49845 0.95031 0.28784
v -0.49593 1.35249 0.24613
v -0.49516 0.38116 0.25811
v -0.49437 0.65704 0.28804
v -0.49399 1.40031 0.22799
v -0.49124 1.18657 0.23973
v -0.49120 0.38182 0.25245
v -0.49113 1.80002 0.18006
v -0.48857 1.00655 0.25859
v -0.48794 0.69966 0.30413
v -0.47259 1.64086 0.18645
v -0.47211 0.78451 0.27572
v -0.47164 1.18197 0.23037
v -0.46950 1.88952 0.13998
v -0.46905 1.64207 0.17147
v -0.46815 1.84103 0.15492
v -0.46556 0.45394 0.25166
v -0.46512 0.84366 0.28505
v -0.46345 0.51415 0.28709
v -0.46299 1.25779 0.24022
v -0.46098 1.13393 0.25428
v -0.46091 1.07261 0.25125
v -0.45881 0.84411 0.28113
v -0.45625 1.48210 0.17613
v -0.45497 1.05340 0.23275
v -0.45337 1.01637 0.25368
v -0.45282 1.92325 0.13253
v -0.45259 0.69463 0.27037
v -0.45213 0.73155 0.28890
v -0.45106 0.83768 0.25959
v -0.44956 1.24517 0.22132
v -0.44291 1.39869 0.20032
v -0.44237 1.55381 0.16039
v -0.44204 0.47928 0.27816
v -0.44010 0.64628 0.27894
v -0.43798 0.34342 0.23659
v -0.43614 1.34674 0.20345
v -0.43450 0.38866 0.22154
v -0.43427 1.53699 0.17318
v -0.43422 1.95020 0.12115
v -0.43336 0.78269 0.27525
v -0.42492 1.10428 0.21578
v -0.42324 0.70017 0.27306
v -0.42154 1.95477 0.09586
v -0.42089 1.97142 0.10425
v -0.42064 1.39298 0.16841
v -0.42005 1.26792 0.19942
v -0.41987 1.66029 0.14975
v -0.41888 1.22121 0.20286
v -0.41868 1.34071 0.20450
v -0.41575 1.29721 0.21882
v -0.41528 0.95366 0.24354
v -0.41371 0.83442 0.26103
v -0.41298 0.43971 0.26059
v -0.41226 1.69661 0.12475
v -0.40584 0.73028 0.24151
v -0.40569 0.67216 0.24678
v -0.40179 0.93609 0.22361
v -0.40099 0.56682 0.24154
v -0.40095 1.15082 0.19343
v -0.39996 1.83263 0.10330
v -0.39908 0.68999 0.26162
v -0.39895 0.46004 0.24570
v -0.39345 2.02526 0.07691
v -0.39263 0.39509 0.23810
v -0.39200 1.84626 0.11126
v -0.39182 0.51360 0.25574
v -0.38723 0.97473 0.20950
v -0.38722 0.81137 0.22745
v -0.38311 0.84799 0.22322
v -0.38245 0.31238 0.21233
v -0.38224 2.03631 0.08156
v -0.38118 0.55469 0.23418
v -0.37805 0.80375 0.24205
v -0.37760 0.84580 0.23848
v -0.37749 1.91253 0.09918
v -0.37718 1.34185 0.14706
v -0.37632 0.73823 0.22240
v -0.37481 0.60576 0.24877
v -0.37323 1.21396 0.19716
v -0.37136 2.05009 0.06351
v -0.37096 0.44962 0.22848
v -0.36874 0.68814 0.21714
v -0.36861 0.60271 0.22598
v -0.36852 0.38170 0.20337
v -0.36565 1.17547 0.16676
v -0.36523 0.31482 0.21826
v -0.36409 1.61231 0.12621
v -0.36205 1.35261 0.15233
v -0.36044 0.30756 0.19931
v -0.35923 1.57208 0.11617
v -0.35652 0.56580 0.24159
v -0.35216 2.05423 0.06762
v -0.35061 0.84874 0.22037
v -0.35033 1.38455 0.13400
v -0.34987 0.79352 0.20593
v -0.34957 0.67578 0.22834
v -0.34827 0.37092 0.21464
v -0.34691 1.40724 0.14154
v -0.34648 0.72263 0.20317
v -0.34122 0.90816 0.18665
v -0.33894 1.47698 0.13432
v -0.33889 0.40558 0.22105
v -0.33807 1.13261 0.17754
v -0.33523 1.08076 0.18477
v -0.33459 2.10010 0.04393
v -0.33206 0.64697 0.21963
v -0.33062 0.92739 0.19554
v -0.32467 0.74370 0.20799
v -0.32316 1.25302 0.13445
v -0.32262 1.67705 0.10446
v -0.32125 1.09706 0.17265
v -0.31922 1.10684 0.14249
v -0.31398 1.96422 0.06869
v -0.31393 1.72018 0.09714
v -0.31319 1.11250 0.15508
v -0.31274 0.49397 0.20092
v -0.31050 1.18777 0.12903
v -0.31037 1.23301 0.14636
v -0.30949 0.46996 0.22208
v -0.30758 0.98025 0.15556
v -0.30748 0.56068 0.18895
v -0.30638 1.56978 0.11641
v -0.30518 1.65412 0.09174
v -0.30432 1.46545 0.11860
v -0.30359 0.54436 0.20801
v -0.30248 2.13304 0.02309
v -0.29991 1.01399 0.17147
v -0.29940 1.14327 0.13800
v -0.29804 2.04739 0.03617
v -0.29793 1.05009 0.15831
v -0.29770 0.38309 0.17892
v -0.29714 0.91049 0.17627
v -0.29702 1.49229 0.12589
v -0.29674 0.27845 0.17161
v -0.29608 0.38837 0.19991
v -0.29607 1.45702 0.13124
v -0.29396 0.82280 0.18654
v -0.29216 1.82709 0.07392
v -0.29160 1.72187 0.08122
v -0.28885 1.05283 0.14409
v -0.28683 1.10479 0.12538
v -0.28191 2.15939 0.02730
v -0.28127 0.88205 0.14785
v -0.28103 1.83333 0.08330
v -0.27540 0.27110 0.17504
v -0.27488 1.42123 0.12955
v -0.27253 0.92668 0.16575
v -0.27220 1.92159 0.05999
v -0.27127 0.29020 0.17919
v -0.26859 0.54192 0.19092
v -0.26756 2.01407 0.04510
v -0.26306 0.41884 0.17419
v -0.26088 1.26422 0.13853
v -0.25954 0.30983 0.17511
v -0.25952 0.96389 0.12128
v -0.25914 2.03733 0.02666
v -0.25798 0.90818 0.14937
v -0.25483 1.08914 0.13507
v -0.25402 1.97072 0.03814
v -0.25401 2.17115 0.00864
v -0.25296 0.69238 0.17342
v -0.25220 0.86956 0.15481
v -0.25217 0.63152 0.16080
v -0.25104 0.35840 0.20741
v -0.25060 0.31590 0.18248
v -0.24901 0.70350 0.14657
v -0.24634 0.39360 0.18441
v -0.24545 0.70030 0.14137
v -0.24523 0.37348 0.15832
v -0.24367 0.22216 0.16927
v -0.24364 2.03484 0.03633
v -0.24314 1.17343 0.13473
v -0.24294 1.76317 0.07529
v -0.24248 0.27962 0.17222
v -0.23688 0.49061 0.15871
v -0.23612 2.19329 0.01614
v -0.23556 0.28751 0.14547
v -0.23472 0.97737 0.13389
v -0.23261 0.77834 0.15438
v -0.23050 0.49417 0.15808
v -0.22976 0.99534 0.13305
v -0.22906 0.39186 0.14168
v -0.22688 0.59346 0.17142
v -0.22647 1.08404 0.12189
v -0.22483 0.28191 0.16386
v -0.22259 0.40832 0.21594
v -0.22010 0.24246 0.16633
v -0.21832 0.26071 0.19290
v -0.21792 0.62205 0.13290
v -0.21722 0.19907 0.16420
v -0.21532 1.48973 0.09181
v -0.21493 0.26490 0.19202
v -0.21349 1.30478 0.12950
v -0.21230 1.61952 0.09176
v -0.21142 0.76755 0.10998
v -0.20961 0.66300 0.15579
v -0.20903 1.77268 0.05430
v -0.20867 0.77811 0.12484
v -0.20860 0.29256 0.12009
v -0.20797 1.94135 0.04277
v -0.20740 0.20499 0.12486
v -0.20690 0.49517 0.16354
v -0.20491 1.37004 0.11928
v -0.20437 1.15768 0.10927
v -0.20406 0.64365 0.14924
v -0.20287 0.21434 0.15364
v -0.20248 2.22305 0.00807
v -0.20226 0.37116 0.15653
v -0.20208 0.37666 0.20592
v -0.20077 2.23506 0.00404
v -0.19918 0.50946 0.16000
v -0.19911 0.51023 0.16138
v -0.19715 1.12506 0.11016
v -0.19672 0.42728 0.13592
v -0.19544 0.25136 0.10631
v -0.19463 0.34857 0.20050
v -0.19193 1.01683 0.11987
v -0.19139 0.19620 0.09620
v -0.19099 1.77299 0.06624
v -0.18962 0.57578 0.15027
v -0.18710 0.68400 0.11772
v -0.18680 0.88055 0.12547
v -0.18669 0.31949 0.12234
v -0.18473 1.32328 0.10599
v -0.18429 0.50186 0.15484
v -0.18424 0.85901 0.12798
v -0.18217 1.48964 0.09608
v -0.18210 2.05311 0.03259
v -0.18186 0.24267 0.17010
v -0.18112 1.96946 0.04241
v -0.17966 1.17450 0.11635
v -0.17880 0.55816 0.10678
v -0.17807 1.43698 0.09104
v -0.17618 0.14459 0.15511
v -0.17549 1.90821 0.05248
v -0.17383 0.43425 0.14855
v -0.17232 0.31545 0.20809
v -0.17200 0.38462 0.16217
v -0.17121 1.25338 0.11276
v -0.17043 1.66919 0.06534
v -0.16630 0.49592 0.14366
v -0.16607 0.32487 0.19757
v -0.16584 1.95470 0.03075
v -0.16403 0.27023 0.17525
v -0.16309 1.15032 0.10297
v -0.16306 0.12395 0.10518
v -0.16127 0.34161 0.12242
v -0.16053 0.17345 0.13150
v -0.16001 0.33239 0.11241
v -0.15994 1.63249 0.08671
v -0.15989 0.57825 0.11466
v -0.15817 1.06294 0.09843
v -0.15796 1.72770 0.05542
v -0.15765 1.83492 0.06048
v -0.15219 0.21083 0.18823
v -0.15213 0.14061 0.04223
v -0.15210 0.31989 0.10771
v -0.15112 0.22649 0.10936
v -0.15016 0.15002 0.12845
v -0.14748 0.50039 0.09727
v -0.14709 0.08523 0.08424
v -0.14493 1.66479 0.08020
v -0.14455 0.85438 0.10687
v -0.14429 0.99512 0.10250
v -0.14413 1.61299 0.06725
v -0.14390 1.94603 0.04760
v -0.14387 2.26454 -0.01325
v -0.14319 1.55521 0.09046
v -0.14142 0.13593 0.07856
v -0.14104 0.80326 0.12388
v -0.14080 1.22045 0.10612
v -0.14053 0.44658 0.11153
v -0.13985 0.07920 0.11696
v -0.13930 0.14847 0.14012
v -0.13907 0.05069 0.03491
v -0.13808 1.78913 0.05883
v -0.13753 0.18274 0.06153
v -0.13708 1.51597 0.09552
v -0.13613 1.99461 0.03326
v -0.13567 0.07100 0.06877
v -0.13478 0.11766 0.12255
v -0.13393 1.58787 0.07933
v -0.13190 0.13382 0.08629
v -0.13121 0.19749 0.14081
v -0.13099 0.28282 0.19459
v -0.12903 0.37852 0.10917
v -0.12870 1.66852 0.07484
v -0.12826 -0.02150 0.01236
v -0.12660 1.32519 0.10862
v -0.12655 1.51474 0.07911
v -0.12399 0.63606 0.11549
v -0.12273 2.16620 -0.00350
v -0.12272 0.16361 0.04335
v -0.12169 0.08754 0.01406
v -0.12144 2.05722 0.01785
v -0.12076 0.26554 0.12312
v -0.12076 0.23473 0.09866
v -0.12051 0.05511 0.11613
v -0.12016 0.25638 0.18280
v -0.11858 1.11065 0.12133
v -0.11813 2.18515 -0.01553
v -0.11797 -0.00094 0.01975
v -0.11755 0.64551 0.09653
v -0.11706 1.93039 0.03234
v -0.11557 0.10571 0.14204
v -0.11524 -0.00885 0.06950
v -0.11253 0.02014 0.04876
v -0.11246 0.02530 0.01860
v -0.11239 0.01360 0.02042
v -0.11159 0.18394 0.07486
v -0.11054 -0.05832 0.03083
v -0.10993 1.47338 0.08295
v -0.10953 0.23068 0.18114
v -0.10874 0.14722 0.11395
v -0.10854 0.79559 0.10104
v -0.10847 -0.04895 0.05075
v -0.10759 0.17644 0.07940
v -0.10754 1.23157 0.11836
v -0.10677 0.26490 0.11395
v -0.10661 0.06700 0.13302
v -0.10630 1.51471 0.08998
v -0.10614 0.13139 0.16447
v -0.10598 1.37051 0.09710
v -0.10586 0.03321 0.11266
v -0.10524 0.42148 0.08242
v -0.10493 -0.05795 0.03621
v -0.10434 -0.04629 0.01017
v -0.10396 0.82638 0.09874
v -0.10369 1.52251 0.08224
v -0.10313 0.19101 0.17852
v -0.10291 1.99019 0.02419
v -0.10251 1.91322 0.02791
v -0.10211 0.07693 0.10944
v -0.10134 0.40073 0.11125
v -0.10132 0.07316 0.09929
v -0.10020 0.19897 0.16303
v -0.09999 -0.04115 0.05362
v -0.09958 2.07175 0.00458
v -0.09906 0.12897 0.03569
v -0.09846 1.01447 0.12296
v -0.09818 0.01193 0.01281
v -0.09656 2.23291 -0.02695
v -0.09476 0.08293 0.07516
v -0.09344 2.18397 -0.01315
v -0.09240 2.17724 -0.01102
v -0.09216 -0.03367 0.01543
v -0.09213 0.56834 0.09811
v -0.09200 1.12045 0.10796
v -0.09192 0.16178 0.12051
v -0.09166 0.62693 0.10337
v -0.09047 0.14720 0.16592
v -0.08978 1.17353 0.11887
v -0.08972 0.16568 0.03873
v -0.08951 -0.02363 0.06452
v -0.08917 0.15294 0.03513
v -0.08911 0.21607 0.17129
v -0.08907 0.01345 0.10314
v -0.08835 -0.04706 0.00635
v -0.08815 2.18118 -0.01447
v -0.08776 0.19575 0.08998
v -0.08765 0.15870 0.09893
v -0.08740 2.26515 -0.01941
v -0.08695 1.88437 0.04639
v -0.08658 0.08233 0.08455
v -0.08545 2.18731 -0.01098
v -0.08499 1.34635 0.10914
v -0.08473 2.18308 -0.01374
v -0.08384 0.14762 0.06608
v -0.08384 0.18927 0.17799
v -0.08324 0.17628 0.16743
v -0.08284 2.18004 -0.00765
v -0.08278 2.16977 -0.01166
v -0.08277 0.05724 0.01009
v -0.08232 0.33582 0.07868
v -0.08214 0.78439 0.10211
v -0.08211 0.42514 0.08707
v -0.07922 0.51853 0.10951
v -0.07918 0.03625 0.09257
v -0.07835 0.08718 0.14281
v -0.07816 2.16758 -0.00510
v -0.07812 2.21667 -0.01789
v -0.07805 2.13893 -0.00509
v -0.07786 0.42402 0.10560
v -0.07725 2.09732 0.00042
v -0.07722 1.95826 0.02219
v -0.07644 0.20056 0.17200
v -0.07630 2.13476 -0.00455
v -0.07607 2.17722 -0.01306
v -0.07573 2.17717 -0.01267
v -0.07564 0.45654 0.08808
v -0.07541 2.20759 -0.01523
v -0.07529 1.96750 0.03300
v -0.07523 2.19252 -0.01689
v -0.07465 2.17952 -0.00697
v -0.07352 0.33588 0.10578
v -0.07331 2.20196 -0.01717
v -0.07318 2.16920 -0.00975
v -0.07314 2.28392 -0.04016
v -0.07268 2.19805 -0.01091
v -0.07141 0.16489 0.16508
v -0.07119 0.04959 0.12074
v -0.07065 2.18617 -0.00868
v -0.06950 2.18389 -0.00935
v -0.06950 2.17540 -0.00657
v -0.06898 0.06294 0.07731
v -0.06885 2.10100 0.00796
v -0.06882 2.23444 -0.02154
v -0.06799 -0.06602 -0.00359
v -0.06727 0.06217 0.05171
v -0.06680 0.07403 0.06916
v -0.06673 2.18451 -0.00688
v -0.06623 0.80322 0.12158
v -0.06621 2.22683 -0.01790
v -0.06555 -0.01375 -0.02324
v -0.06510 -0.04473 0.06435
v -0.06455 -0.02628 0.05972
v -0.06348 0.12158 0.14431
v -0.06235 2.21524 -0.01710
v -0.06210 2.20500 -0.01602
v -0.06189 2.21699 -0.01538
v -0.06118 0.17327 0.03807
v -0.06092 0.34780 0.07222
v -0.06001 0.12645 0.15138
v -0.05943 0.71380 0.11916
v -0.05929 -0.08208 -0.01712
v -0.05914 2.20857 -0.01487
v -0.05908 0.44656 0.10177
v -0.05889 0.11725 0.14904
v -0.05843 1.69547 0.07669
v -0.05835 -0.05170 0.05011
v -0.05834 2.18721 -0.00882
v -0.05781 -0.04958 -0.01748
v -0.05775 -0.02372 0.05846
v -0.05749 0.03784 0.05858
v -0.05737 0.25094 0.09868
v -0.05683 -0.02241 0.06302
v -0.05669 2.15951 -0.00435
v -0.05655 0.09835 0.13615
v -0.05655 2.19894 -0.01250
v -0.05537 2.23564 -0.01788
v -0.05442 -0.02915 0.05413
v -0.05437 0.80169 0.10075
v -0.05385 2.23826 -0.02811
v -0.05335 -0.06741 0.00235
v -0.05326 2.19473 -0.01400
v -0.05319 2.21157 -0.01838
v -0.05279 -0.03637 0.04762
v -0.05248 2.21997 -0.02155
v -0.05207 -0.01118 0.06558
v -0.05149 1.78262 0.06344
v -0.05131 1.53632 0.09289
v -0.05109 2.20265 -0.01354
v -0.05104 1.82240 0.06144
v -0.04991 -0.08471 0.04567
v -0.04959 2.21870 -0.01829
v -0.04921 2.21259 -0.01908
v -0.04892 0.16730 0.03104
v -0.04855 2.07594 0.01842
v -0.04791 1.34215 0.10333
v -0.04739 2.19203 -0.01015
v -0.04735 0.17924 0.08975
v -0.04629 0.61515 0.10795
v -0.04559 -0.00090 0.05055
v -0.04497 0.07193 0.06780
v -0.04405 1.71172 0.06434
v -0.04211 1.85842 0.05137
v -0.04135 0.38827 0.09927
v -0.04127 1.86098 0.05207
v -0.04124 2.25307 -0.03482
v -0.04103 2.12194 -0.00152
v -0.04055 0.16035 0.02881
v -0.04029 -0.09405 0.00143
v -0.04023 2.21240 -0.01662
v -0.04016 2.09109 0.00979
v -0.03699 0.48286 0.10796
v -0.03684 2.22454 -0.02111
v -0.03675 0.06423 0.05106
v -0.03614 0.30993 0.06345
v -0.03540 -0.00942 0.04742
v -0.03531 1.56186 0.07616
v -0.03499 2.18997 -0.01678
v -0.03461 0.04989 -0.00762
v -0.03362 2.21984 -0.01662
v -0.03312 2.24220 -0.02651
v -0.03283 2.23635 -0.03175
v -0.03244 2.25093 -0.03356
v -0.03199 2.15723 -0.00742
v -0.03195 2.19446 -0.01499
v -0.03137 1.86209 0.04848
v -0.03122 0.79169 0.12077
v -0.03061 2.23305 -0.02513
v -0.02987 0.01020 -0.04436
v -0.02939 2.25358 -0.03739
v -0.02888 0.24918 0.07262
v -0.02803 2.18994 -0.01666
v -0.02801 2.16744 -0.00914
v -0.02793 2.20044 -0.01753
v -0.02748 0.15033 0.03362
v -0.02627 2.22452 -0.02153
v -0.02626 2.24325 -0.02867
v -0.02603 2.13725 0.00285
v -0.02601 0.87899 0.10764
v -0.02597 0.05335 0.06031
v -0.02594 0.08589 0.02519
v -0.02569 2.19514 -0.01651
v -0.02559 0.68249 0.11933
v -0.02555 2.15156 -0.00748
v -0.02534 2.09780 0.00703
v -0.02491 2.19260 -0.01430
v -0.02443 0.07253 0.05900
v -0.02436 0.18705 0.06698
v -0.02375 2.18401 -0.01392
v -0.02371 0.07106 0.05916
v -0.02365 0.07121 0.05962
v -0.02346 2.16525 -0.01151
v -0.02322 2.15274 -0.00588
v -0.02283 2.17349 -0.01262
v -0.02275 0.06221 0.05867
v -0.02231 0.09915 0.00954
v -0.02218 2.18932 -0.01763
v -0.02158 0.98203 0.08918
v -0.02155 0.12189 0.03232
v -0.02046 2.16592 -0.00780
v -0.01995 0.29715 0.08148
v -0.01966 2.09838 0.00552
v -0.01957 2.22172 -0.02102
v -0.01949 0.18564 0.06041
v -0.01922 -0.05049 -0.06157
v -0.01897 2.27774 -0.03798
v -0.01802 0.06699 0.05777
v -0.01731 0.06284 -0.01895
v -0.01671 0.98584 0.10239
v -0.01664 0.01996 0.03871
v -0.01568 2.18171 -0.01728
v -0.01521 0.37589 0.08480
v -0.01503 1.82203 0.04696
v -0.01454 2.18694 -0.01641
v -0.01410 2.23637 -0.03225
v -0.01400 2.17145 -0.01453
v -0.01234 0.10909 0.07393
v -0.01023 1.45833 0.09198
v -0.00994 2.16151 -0.01300
v -0.00974 2.07866 0.00858
v -0.00959 2.22844 -0.03193
v -0.00942 0.35574 0.09212
v -0.00898 2.17253 -0.01382
v -0.00805 0.10285 -0.00215
v -0.00801 2.15402 -0.01115
v -0.00687 2.19074 -0.02107
v -0.00685 2.22848 -0.02867
v -0.00643 2.11912 -0.00142
v -0.00614 2.19474 -0.02475
v -0.00585 2.16876 -0.01287
v -0.00516 2.17166 -0.01906
v -0.00498 2.15824 -0.01364
v -0.00485 2.18166 -0.01659
v -0.00477 2.14890 -0.01243
v -0.00450 1.45271 0.07966
v -0.00366 1.72060 0.06857
v -0.00326 2.03033 0.01673
v -0.00311 2.14960 -0.01327
v -0.00301 2.18454 -0.02346
v -0.00230 2.15141 -0.01321
v -0.00213 1.24087 0.10063
v -0.00195 2.15780 -0.01170
v -0.00185 1.06640 0.08463
v -0.00095 2.19985 -0.02599
v 0.00006 0.37261 0.12496
v 0.00145 0.19522 0.10110
v 0.00171 0.50676 0.07225
v 0.00193 2.19449 -0.02768
v 0.00239 0.52691 0.10178
v 0.00308 2.19555 -0.02872
v 0.00326 0.09705 0.06792
v 0.00446 -0.06485 0.02051
v 0.00461 0.14746 0.08051
v 0.00461 2.20086 -0.02447
v 0.00620 0.14843 0.07981
v 0.00624 0.14910 0.07934
v 0.00641 1.64468 0.06748
v 0.01049 0.13647 0.07462
v 0.01123 2.30073 -0.06375
v 0.01198 0.05395 0.02486
v 0.01299 0.42129 0.13670
v 0.01338 0.19126 0.02019
v 0.01367 0.26821 0.11251
v 0.01395 2.05702 0.00875
v 0.01414 0.32904 0.12304
v 0.01526 -0.06483 -0.03846
v 0.01771 0.53871 0.12800
v 0.01808 2.20107 -0.04109
v 0.01811 0.27257 0.05013
v 0.01922 0.91866 0.10219
v 0.02132 1.46408 0.08031
v 0.02222 -0.04149 0.01602
v 0.02381 1.32672 0.07338
v 0.02547 0.34827 0.07248
v 0.02676 -0.08614 0.01127
v 0.02719 2.11200 -0.00352
v 0.02763 0.99942 0.10395
v 0.02848 0.21516 0.08821
v 0.03009 0.09948 0.01889
v 0.03107 0.14999 0.04373
v 0.03143 0.26174 0.07440
v 0.03257 -0.10524 -0.01943
v 0.03265 0.39511 0.08918
v 0.03265 0.03800 -0.04218
v 0.03329 0.13782 0.03177
v 0.03379 0.50461 0.11118
v 0.03904 0.08473 -0.02100
v 0.03961 0.26978 0.07130
v 0.03966 1.14657 0.09666
v 0.03973 1.27893 0.08796
v 0.03991 0.12340 -0.00485
v 0.03999 0.41195 0.13242
v 0.04168 1.96953 0.02144
v 0.04235 0.60134 0.07308
v 0.04250 0.17481 0.05178
v 0.04460 0.01354 -0.03963
v 0.04464 0.09775 0.01753
v 0.04468 1.87691 0.03655
v 0.04503 1.41396 0.07823
v 0.04522 1.36644 0.06347
v 0.04584 -0.07036 -0.02364
v 0.04657 2.07515 -0.00579
v 0.04711 -0.03103 -0.02882
v 0.04725 2.28860 -0.06335
v 0.04752 1.54994 0.06985
v 0.04919 0.56198 0.11079
v 0.04929 0.66582 0.09932
v 0.04932 0.21622 0.02739
v 0.04980 1.78396 0.03537
v 0.05125 1.69705 0.05721
v 0.05164 0.43420 0.09272
v 0.05280 0.38746 0.09490
v 0.05294 0.22688 0.02063
v 0.05479 1.05506 0.07297
v 0.05486 0.39982 0.10032
v 0.05755 0.28354 0.04766
v 0.05849 0.59195 0.13078
v 0.05908 1.14595 0.08978
v 0.06030 1.50761 0.07751
v 0.06049 1.39900 0.06050
v 0.06430 0.86101 0.09314
v 0.06478 1.97161 0.02707
v 0.06578 1.79215 0.05333
v 0.06590 0.03474 0.00036
v 0.06680 0.79136 0.08515
v 0.06814 0.24226 0.04698
v 0.06848 1.82449 0.02247
v 0.06858 0.05578 -0.01659
v 0.06993 0.50525 0.11639
v 0.07053 0.22709 0.02314
v 0.07061 1.84960 0.04238
v 0.07072 0.38210 0.07496
v 0.07180 0.74230 0.09141
v 0.07357 1.47111 0.05616
v 0.07418 0.08438 -0.01752
v 0.07525 1.09317 0.07958
v 0.07641 1.46269 0.07300
v 0.07693 1.30344 0.07758
v 0.07730 0.97972 0.07205
v 0.07759 0.52075 0.11434
v 0.07871 2.08776 0.00099
v 0.08040 0.04858 -0.00672
v 0.08049 0.08323 0.01057
v 0.08069 1.18413 0.07798
v 0.08264 1.70957 0.03806
v 0.08341 0.29329 0.05121
v 0.08378 1.72758 0.05476
v 0.08568 1.51600 0.06578
v 0.08588 1.58258 0.06405
v 0.08632 1.14705 0.06386
v 0.08636 0.09887 0.00493
v 0.08682 0.12537 0.02524
v 0.08858 0.46522 0.11705
v 0.08864 0.15689 0.04401
v 0.08974 1.57441 0.04799
v 0.08999 0.10755 0.01164
v 0.09054 2.11585 -0.01397
v 0.09056 0.10825 -0.01377
v 0.09108 0.32249 0.08579
v 0.09133 2.27111 -0.05549
v 0.09216 0.13544 -0.00330
v 0.09227 0.07761 -0.00152
v 0.09267 0.29690 0.05564
v 0.09297 0.79266 0.06078
v 0.09590 0.13656 0.03418
v 0.09697 0.52882 0.14198
v 0.09820 1.47867 0.06848
v 0.09878 1.94213 0.01703
v 0.09980 1.96245 0.02900
v 0.10048 0.14146 0.03221
v 0.10119 0.25828 0.04439
v 0.10405 2.11324 -0.00162
v 0.10532 0.27679 0.03922
v 0.11202 0.29290 0.03993
v 0.11414 2.26137 -0.03835
v 0.11661 0.33126 0.05165
v 0.11709 1.28821 0.06379
v 0.11786 0.22041 0.01930
v 0.11824 0.69885 0.09554
v 0.12091 0.26759 0.05173
v 0.12253 0.38450 0.06640
v 0.12441 0.27952 0.07812
v 0.12516 0.43674 0.10220
v 0.12702 0.88470 0.06388
v 0.13246 0.56845 0.10774
v 0.13482 0.62185 0.13016
v 0.13530 2.08569 0.00822
v 0.13621 1.68220 0.05290
v 0.13891 0.32698 0.05767
v 0.14024 0.87555 0.07306
v 0.14026 0.45106 0.08264
v 0.14192 0.97504 0.06052
v 0.14240 0.97762 0.08147
v 0.14420 2.23752 -0.04383
v 0.14439 1.91796 0.03567
v 0.14465 1.90911 0.02737
v 0.14968 1.82885 0.03244
v 0.15256 0.37952 0.09939
v 0.15437 0.60526 0.13695
v 0.15483 0.59863 0.13730
v 0.15534 1.66893 0.06853
v 0.15635 0.59894 0.13550
v 0.15640 0.59896 0.13565
v 0.15915 1.65039 0.05675
v 0.15963 1.16356 0.06556
v 0.16469 1.40238 0.07729
v 0.16521 2.19916 -0.01548
v 0.16584 0.92228 0.09038
v 0.16905 0.40105 0.08174
v 0.16906 1.43755 0.07689
v 0.17383 0.45765 0.09224
v 0.17465 0.83248 0.10073
v 0.17688 1.01510 0.06801
v 0.17756 0.57433 0.13314
v 0.17956 0.59151 0.13280
v 0.18153 0.50690 0.08343
v 0.18165 1.13903 0.05040
v 0.18671 0.60722 0.15543
v 0.19267 2.19567 -0.01640
v 0.19777 0.51518 0.13026
v 0.19990 0.71762 0.10640
v 0.20035 2.19038 -0.02857
v 0.20042 0.61849 0.10252
v 0.20084 0.57154 0.12284
v 0.20098 0.54609 0.14476
v 0.20156 1.41037 0.07203
v 0.20424 1.21392 0.04794
v 0.20440 1.34345 0.05471
v 0.20530 1.28823 0.07446
v 0.20623 1.78075 0.04540
v 0.20896 1.69666 0.05954
v 0.21229 1.28872 0.07053
v 0.21449 0.56161 0.11420
v 0.21501 1.81098 0.05249
v 0.21645 0.72136 0.13653
v 0.21765 1.18759 0.06506
v 0.22828 1.34014 0.04520
v 0.23110 0.82464 0.09957
v 0.23273 0.80169 0.13061
v 0.23509 1.47101 0.04992
v 0.23663 2.14001 -0.02766
v 0.23867 0.86518 0.11853
v 0.24080 1.68143 0.05350
v 0.24308 1.39513 0.06456
v 0.24577 1.23916 0.08472
v 0.24696 0.70977 0.11611
v 0.24709 0.72158 0.14225
v 0.24807 0.93271 0.09219
v 0.25161 1.05640 0.09629
v 0.25670 1.49066 0.03791
v 0.25926 2.03041 -0.00208
v 0.26565 1.45572 0.06628
v 0.26996 0.99354 0.11179
v 0.27155 2.10713 -0.00273
v 0.27416 0.78563 0.13826
v 0.27430 1.60447 0.03686
v 0.27685 1.03489 0.09052
v 0.28148 0.80857 0.11590
v 0.28815 0.88947 0.10144
v 0.29016 2.08383 -0.00584
v 0.29387 1.58009 0.05313
v 0.29827 1.96622 0.01753
v 0.30100 1.37627 0.06612
v 0.30392 1.71865 0.02634
v 0.30777 1.06466 0.09613
v 0.31169 0.93958 0.13412
v 0.31379 0.91897 0.11930
v 0.32386 1.04880 0.13279
v 0.32765 1.30135 0.09790
v 0.32871 1.55869 0.05196
v 0.32885 2.03277 -0.00535
v 0.33651 1.20851 0.08935
v 0.34095 1.99378 0.01382
v 0.34126 1.97579 -0.00498
v 0.34607 1.82444 0.02077
v 0.34936 1.07741 0.10296
v 0.35268 1.78941 0.04439
v 0.35478 1.19645 0.12417
v 0.35511 1.18735 0.08883
v 0.35808 1.94813 -0.00347
v 0.35848 1.92221 0.00346
v 0.36137 1.85286 0.01325
v 0.36411 1.63918 0.06737
v 0.36550 1.82461 0.04479
v 0.37548 1.22272 0.11669
v 0.37617 1.33901 0.07930
v 0.37787 1.92024 0.01304
v 0.37945 1.89207 0.03160
v 0.38336 1.89074 0.01478
v 0.38729 1.37788 0.10650
v 0.39313 1.44124 0.09718
v 0.39331 1.34107 0.08935
v 0.39756 1.80753 0.02844
v 0.39913 1.45690 0.07203
v 0.40065 1.60038 0.04869
v 0.40076 1.48634 0.09605
v 0.40321 1.63111 0.06999
v 0.40504 1.74389 0.04419
vn 0.0000 0.0000 0.0000
vn -0.9646 0.0087 0.2637
vn -0.3915 0.0396 -0.9193
vn -0.9237 0.0694 0.3767
vn -0.6780 -0.2388 0.6952
vn -0.5937 -0.0070 -0.8047
vn -0.1505 -0.1181 0.9815
vn -0.6663 0.0259 0.7452
vn -0.4884 -0.0338 -0.8720
vn 0.0697 -0.0456 0.9965
vn 0.2468 0.0309 0.9686
vn -0.7883 -0.1925 0.5843
vn -0.1436 0.2248 -0.9638
vn -0.6320 -0.2036 -0.7477
vn -0.6180 -0.0371 -0.7853
vn 0.3645 0.1006 0.9257
vn -0.6478 -0.0572 -0.7597
vn -0.0412 0.1054 -0.9936
vn -0.1711 -0.1701 0.9705
vn -0.5864 -0.0584 -0.8079
vn 0.0301 -0.1241 0.9918
vn 0.4775 0.0912 0.8739
vn 0.3363 -0.1077 0.9356
vn -0.4104 -0.0555 -0.9102
vn 0.4293 0.0951 0.8981
vn -0.0876 0.1144 -0.9896
vn -0.4151 -0.0242 -0.9094
vn 0.4745 0.0773 0.8768
vn -0.4044 -0.2888 0.8678
vn 0.4920 0.0837 0.8666
vn -0.8041 0.4563 0.3811
vn -0.2912 0.1075 -0.9506
vn 0.1526 -0.0609 0.9864
vn -0.1765 -0.0666 -0.9821
vn -0.6529 0.0194 -0.7572
vn 0.0747 -0.1941 0.9781
vn -0.6413 -0.0608 -0.7649
vn -0.6499 -0.1323 -0.7485
vn 0.4114 0.0211 0.9112
vn -0.3407 -0.3215 0.8835
vn 0.4975 0.1755 0.8495
vn -0.5285 -0.0629 -0.8466
vn 0.5230 0.1751 0.8342
vn -0.6445 -0.4211 -0.6382
vn 0.5330 0.0952 0.8407
vn -0.3275 0.0257 -0.9445
vn -0.1070 0.1303 -0.9857
vn 0.4965 0.1426 0.8563
vn -0.9172 0.0919 -0.3877
vn -0.3478 -0.0119 -0.9375
vn 0.4863 0.1032 0.8677
vn 0.5157 0.0820 0.8528
vn 0.5170 0.0985 0.8503
vn -0.4819 -0.0936 -0.8712
vn -0.4863 -0.0839 -0.8698
vn -0.6042 -0.0934 -0.7913
vn 0.3190 0.0093 0.9477
vn 0.4921 0.1305 0.8607
vn -0.5940 -0.0749 -0.8009
vn -0.4871 -0.0591 -0.8713
vn -0.4945 -0.1162 -0.8614
vn 0.2186 -0.0763 0.9728
vn -0.8562 0.4086 0.3161
vn 0.3204 -0.0661 0.9450
vn 0.4936 0.1446 0.8576
vn -0.4717 -0.0816 -0.8780
vn -0.5399 -0.0751 -0.8384
vn 0.4933 0.0641 0.8675
vn -0.2716 0.0929 -0.9579
vn 0.5026 0.1108 0.8574
vn 0.5001 0.0542 0.8642
vn -0.4982 -0.1531 -0.8534
vn -0.6336 -0.0414 -0.7725
vn 0.1076 -0.2928 0.9501
vn 0.1436 -0.2571 0.9557
vn -0.4835 -0.0341 -0.8747
vn 0.5457 0.1148 0.8301
vn 0.4807 0.1053 0.8705
vn 0.4872 0.0677 0.8707
vn 0.0000 0.0000 0.0000
vn -0.3498 0.0541 -0.9353
vn -0.5432 -0.1543 -0.8253
vn -0.5251 -0.0956 -0.8457
vn -0.5431 -0.0211 -0.8394
vn -0.1203 0.5108 0.8513
vn -0.4437 -0.1154 -0.8887
vn 0.3128 -0.0272 0.9494
vn 0.5422 0.0877 0.8356
vn -0.4604 -0.0619 -0.8856
vn -0.3964 -0.0065 -0.9181
vn -0.6275 -0.0508 -0.7769
vn -0.5244 -0.0969 -0.8460
vn 0.4485 0.1335 0.8837
vn -0.2666 0.2110 -0.9404
vn 0.4556 0.1041 0.8841
vn 0.3399 -0.0625 0.9384
vn 0.4213 0.0260 0.9065
vn 0.4987 0.0845 0.8626
vn 0.4797 0.0778 0.8740
vn 0.4594 0.1223 0.8798
vn -0.5513 -0.1269 -0.8246
vn -0.4368 -0.1068 -0.8932
vn 0.4881 0.1239 0.8640
vn 0.1378 0.2196 0.9658
vn -0.4371 0.0060 -0.8994
vn 0.4671 0.0339 0.8835
vn -0.4616 -0.0887 -0.8826
vn -0.4441 -0.0486 -0.8947
vn 0.5357 0.1722 0.8267
vn -0.4647 -0.0860 -0.8813
vn 0.2298 -0.2183 0.9484
vn 0.3843 -0.0070 0.9232
vn -0.1888 -0.6711 0.7169
vn -0.6033 -0.2051 -0.7707
vn -0.3440 0.1396 -0.9286
vn 0.4850 0.1215 0.8661
vn 0.2677 0.3497 0.8978
vn 0.4517 0.0688 0.8895
vn -0.5099 -0.0898 -0.8555
vn 0.4801 -0.0070 0.8772
vn -0.3772 -0.0828 -0.9224
vn 0.1952 0.3099 0.9305
vn -0.5728 -0.1859 -0.7983
vn -0.5347 -0.0793 -0.8413
vn 0.4913 0.1032 0.8649
vn -0.5677 -0.0450 -0.8220
vn 0.5804 0.1652 0.7974
vn 0.4654 0.0786 0.8816
vn 0.4796 0.1171 0.8696
vn 0.4715 0.0943 0.8768
vn 0.4782 -0.1325 0.8682
vn -0.4430 -0.1053 -0.8903
vn -0.5190 -0.0534 -0.8531
vn -0.5019 -0.0413 -0.8639
vn -0.4612 -0.1103 -0.8804
vn -0.3853 -0.0563 -0.9211
vn -0.5267 -0.0662 -0.8474
vn -0.3824 -0.1163 -0.9166
vn 0.4770 -0.0381 0.8781
vn -0.3774 0.0561 -0.9243
vn -0.3773 -0.2076 -0.9025
vn 0.2682 -0.2086 0.9405
vn 0.3593 0.1089 0.9269
vn 0.3926 -0.0729 0.9168
vn -0.5247 -0.1199 -0.8428
vn -0.4958 -0.0315 -0.8678
vn -0.4780 -0.0978 -0.8729
vn 0.0000 0.0000 0.0000
vn 0.2336 0.2282 0.9452
vn -0.4447 -0.0285 -0.8952
vn 0.5317 0.0356 0.8462
vn 0.5037 0.1221 0.8552
vn 0.3517 0.1686 0.9208
vn -0.5628 -0.1972 -0.8027
vn -0.5443 -0.0205 -0.8387
vn 0.3846 0.0863 0.9190
vn 0.6361 0.1494 0.7570
vn -0.4869 -0.0176 -0.8733
vn -0.3286 0.2677 -0.9057
vn -0.5469 -0.0579 -0.8352
vn -0.4771 -0.0084 -0.8788
vn -0.2978 -0.0103 -0.9546
vn -0.5663 -0.0519 -0.8226
vn 0.3099 -0.2876 0.9062
vn 0.3658 0.1162 0.9234
vn 0.4064 0.1173 0.9061
vn -0.3632 -0.1975 -0.9106
vn -0.3154 -0.1168 -0.9417
vn 0.4660 0.0390 0.8839
vn 0.2904 0.2313 0.9285
vn 0.5475 0.1206 0.8281
vn -0.3059 -0.0794 -0.9487
vn -0.6031 -0.0489 -0.7961
vn 0.5013 0.0348 0.8646
vn 0.3414 -0.2279 0.9119
vn 0.4404 0.0480 0.8965
vn -0.5135 -0.0562 -0.8562
vn -0.5582 -0.0826 -0.8256
vn 0.3954 0.1292 0.9094
vn 0.3647 -0.2110 0.9069
vn 0.5061 0.0674 0.8598
vn 0.5096 0.1185 0.8522
vn 0.2760 0.3351 0.9009
vn 0.4858 0.0742 0.8709
vn 0.5142 0.0991 0.8519
vn 0.5117 0.0538 0.8575
vn -0.3616 -0.0527 -0.9309
vn 0.3463 0.1027 0.9325
vn 0.7104 0.1499 0.6877
vn -0.5131 -0.1016 -0.8523
vn 0.2796 0.1468 0.9488
vn 0.2877 0.1154 0.9507
vn 0.7217 0.1632 0.6727
vn -0.4751 -0.0413 -0.8790
vn -0.3411 -0.0608 -0.9381
vn 0.4370 0.0694 0.8968
vn 0.4145 -0.0587 0.9082
vn -0.5716 -0.1162 -0.8123
vn -0.5024 -0.0518 -0.8631
vn 0.2145 0.1172 0.9697
vn -0.2474 -0.1161 -0.9619
vn -0.2119 -0.1012 -0.9720
vn 0.5136 0.0782 0.8545
vn -0.2834 -0.0438 -0.9580
vn 0.5138 0.1079 0.8511
vn 0.3093 0.0552 0.9493
vn -0.3256 -0.1879 -0.9266
vn 0.7193 0.2515 0.6475
vn -0.3447 0.1559 -0.9257
vn 0.4556 0.0834 0.8863
vn 0.2049 0.1063 0.9730
vn -0.5970 -0.4164 -0.6857
vn 0.3156 -0.1751 0.9326
vn 0.1608 0.1007 0.9818
vn 0.5314 0.0766 0.8436
vn -0.2706 -0.1148 -0.9558
vn -0.2770 -0.0779 -0.9577
vn 0.4905 0.1489 0.8586
vn -0.2196 -0.0043 -0.9756
vn 0.0000 0.0000 0.0000
vn -0.4630 -0.0630 -0.8841
vn 0.2483 0.0583 0.9669
vn -0.1861 -0.2153 0.9587
vn 0.1979 0.1028 0.9748
vn 0.5309 0.1083 0.8405
vn 0.2394 0.1363 0.9613
vn -0.4795 -0.1175 0.8697
vn 0.4660 0.0375 0.8840
vn 0.3031 0.2538 0.9185
vn -0.4586 0.0447 -0.8875
vn 0.1855 0.0183 0.9825
vn 0.3426 -0.0670 0.9371
vn -0.2791 -0.0632 -0.9582
vn -0.1675 -0.1527 -0.9740
vn 0.4600 -0.0396 0.8871
vn 0.1043 0.0205 0.9943
vn -0.2686 -0.1623 -0.9495
vn -0.1164 -0.0363 -0.9925
vn 0.4735 0.0733 0.8777
vn 0.6304 0.1525 0.7611
vn -0.5075 -0.0475 -0.8604
vn -0.2915 -0.0369 0.9559
vn -0.0054 0.5544 -0.8323
vn -0.5567 -0.0928 -0.8256
vn 0.4464 -0.0518 0.8934
vn -0.6038 -0.0976 -0.7912
vn -0.4900 0.1370 -0.8609
vn -0.8656 -0.4798 0.1431
vn 0.0683 0.1323 0.9889
vn 0.2242 -0.0377 0.9738
vn 0.2212 0.0548 0.9737
vn 0.3310 0.2163 -0.9185
vn -0.4358 -0.0041 -0.9000
vn -0.0300 0.1968 0.9800
vn -0.4580 -0.0058 -0.8889
vn 0.1892 0.0059 0.9819
vn 0.5929 0.1066 0.7982
vn -0.5454 -0.1386 -0.8266
vn 0.1034 -0.0118 0.9946
vn -0.4020 0.0816 -0.9120
vn 0.4367 0.0590 0.8976
vn -0.1513 -0.0484 -0.9873
vn 0.3399 0.0326 0.9399
vn 0.0000 0.0000 0.0000
vn 0.5720 0.5263 -0.6291
vn -0.2737 -0.3020 0.9132
vn -0.5987 -0.0358 -0.8002
vn -0.2321 -0.3664 0.9010
vn -0.1906 -0.0953 -0.9770
vn -0.0954 -0.1909 0.9770
vn 0.2384 0.0502 0.9699
vn 0.1635 0.1396 0.9766
vn -0.3137 0.0084 -0.9495
vn 0.6500 0.1091 0.7521
vn -0.1341 -0.1188 -0.9838
vn 0.3502 0.0084 0.9366
vn -0.5202 0.0534 -0.8524
vn 0.1939 0.2018 0.9600
vn -0.7424 -0.5871 -0.3226
vn 0.4179 0.0276 0.9081
vn 0.1811 0.0949 0.9789
vn -0.2031 -0.0019 -0.9792
vn 0.5204 0.0897 0.8492
vn 0.6739 0.2854 0.6815
vn 0.1129 0.2860 0.9516
vn 0.3210 -0.0287 0.9467
vn 0.0000 0.0000 0.0000
vn -0.3070 -0.0723 -0.9490
vn 0.3741 -0.0605 0.9254
vn 0.4450 0.0907 0.8909
vn -0.2719 -0.1059 -0.9565
vn -0.5014 -0.0168 -0.8650
vn 0.1185 0.2588 -0.9586
vn 0.1286 0.3803 -0.9159
vn -0.1626 0.0066 -0.9867
vn -0.7645 -0.0305 -0.6439
vn 0.1676 0.1423 0.9755
vn 0.4968 0.0752 0.8646
vn 0.2108 0.0327 0.9770
vn 0.1891 0.0021 0.9820
vn -0.3859 0.1628 -0.9081
vn -0.1868 -0.0459 -0.9813
vn 0.4153 -0.0847 0.9057
vn 0.0179 -0.0100 0.9998
vn 0.1792 0.0985 0.9789
vn 0.1691 0.1402 0.9756
vn 0.1107 0.3142 -0.9429
vn 0.0546 0.1742 0.9832
vn 0.0704 0.0872 0.9937
vn -0.4239 -0.0715 -0.9029
vn -0.1850 -0.1056 -0.9771
vn -0.7050 -0.5895 0.3943
vn 0.0837 0.1364 0.9871
vn 0.5152 0.0379 0.8562
vn 0.0250 -0.1124 0.9934
vn 0.5395 0.0430 0.8409
vn 0.1526 0.0301 0.9878
vn -0.1671 -0.1470 -0.9749
vn 0.6683 0.0613 0.7413
vn 0.7071 0.5689 0.4200
vn -0.1382 -0.1376 -0.9808
vn 0.1348 0.2907 -0.9473
vn -0.0085 0.0268 -0.9996
vn -0.9389 -0.3252 -0.1130
vn -0.4292 0.0490 -0.9019
vn 0.3571 -0.0720 0.9313
vn -0.6417 0.2256 -0.7330
vn 0.1931 0.0945 0.9766
vn 0.3920 0.1008 0.9144
vn -0.0315 -0.0042 -0.9995
vn 0.0102 -0.1126 -0.9936
vn 0.0160 0.0582 0.9982
vn -0.0318 -0.2555 0.9663
vn -0.8444 -0.0566 -0.5327
vn -0.3219 -0.0294 -0.9463
vn -0.0367 0.4111 -0.9109
vn 0.7257 -0.4795 0.4934
vn -0.3541 -0.0296 -0.9347
vn -0.9260 -0.3776 -0.0000
vn 0.1244 0.1433 0.9818
vn -0.1647 -0.0077 -0.9863
vn -0.1832 -0.0082 -0.9830
vn -0.1068 -0.1145 -0.9877
vn 0.1579 0.1437 0.9769
vn 0.0520 0.3304 0.9424
vn 0.1579 0.0681 0.9851
vn 0.0000 0.0000 0.0000
vn 0.0561 0.0029 0.9984
vn -0.1345 -0.0488 -0.9897
vn 0.3710 -0.0547 0.9270
vn -0.6382 -0.5389 0.5498
vn 0.2615 0.4344 -0.8619
vn -0.8911 -0.3161 -0.3256
vn 0.0334 0.1000 0.9944
vn -0.0211 0.6667 -0.7450
vn 0.1328 0.1242 0.9833
vn 0.1424 0.2685 0.9527
vn -0.7841 -0.5610 0.2653
vn 0.6943 0.5833 -0.4215
vn 0.0664 0.1265 0.9897
vn 0.7265 0.0559 0.6849
vn 0.3165 -0.0254 0.9482
vn 0.2365 -0.0507 0.9703
vn 0.5232 0.0968 0.8467
vn -0.0409 0.1102 0.9931
vn -0.3614 0.6341 -0.6836
vn 0.0788 0.0700 0.9944
vn -0.0533 -0.0876 -0.9947
vn 0.1113 -0.0147 0.9937
vn 0.1980 0.1571 0.9675
vn -0.0190 0.4221 -0.9064
vn -0.3578 0.0705 -0.9311
vn 0.0799 0.1740 0.9815
vn 0.5392 0.0752 0.8388
vn -0.2668 -0.0133 -0.9637
vn -0.7050 -0.6087 0.3639
vn 0.4184 0.4109 -0.8100
vn 0.1257 0.0186 0.9919
vn -0.2310 -0.1829 -0.9556
vn -0.4603 0.1037 -0.8817
vn -0.0637 0.0141 -0.9979
vn -0.3719 0.0697 0.9257
vn -0.2477 -0.5872 0.7706
vn -0.8779 -0.3403 0.3368
vn -0.8711 -0.4911 -0.0098
vn -0.7098 -0.1485 -0.6886
vn -0.6780 -0.6498 -0.3437
vn 0.2445 0.6457 -0.7234
vn 0.0000 0.0000 -0.0000
vn 0.0009 -0.0857 -0.9963
vn 0.2641 -0.0711 0.9619
vn 0.2264 -0.9339 0.2766
vn -0.0746 0.0228 -0.9970
vn -0.0000 0.0000 0.0000
vn 0.2736 0.5987 -0.7528
vn 0.0430 0.1199 0.9919
vn 0.2834 0.0264 0.9586
vn -0.2312 -0.4244 0.8755
vn -0.0085 0.1576 0.9875
vn -0.0391 -0.3850 0.9221
vn -0.1186 -0.0434 -0.9920
vn -0.1284 -0.3822 0.9151
vn -0.3389 0.0043 -0.9408
vn -0.2485 -0.7975 0.5498
vn -0.6170 -0.7314 -0.2903
vn -0.0154 0.0894 -0.9959
vn -0.0205 -0.1940 -0.9808
vn 0.1771 -0.0927 0.9798
vn 0.1002 0.2155 0.9713
vn 0.0154 -0.1178 -0.9929
vn 0.6826 0.4449 -0.5798
vn 0.0752 -0.0063 0.9971
vn 0.8029 0.5293 0.2741
vn 0.1876 0.3139 -0.9307
vn -0.4163 -0.4336 0.7992
vn -0.0945 -0.1340 -0.9865
vn 0.0008 0.4083 -0.9129
vn 0.1349 -0.0090 0.9908
vn -0.7674 -0.0249 -0.6407
vn -0.1834 -0.1507 -0.9714
vn 0.7096 0.3587 0.6065
vn 0.0977 -0.3061 -0.9470
vn 0.1480 0.5751 0.8046
vn -0.9564 0.0370 -0.2896
vn -0.1825 0.0361 -0.9825
vn -0.0841 0.0194 -0.9963
vn 0.5142 -0.1406 0.8461
vn 0.1033 0.0137 -0.9946
vn 0.2083 -0.2571 0.9437
vn 0.1119 0.0521 0.9924
vn 0.0000 0.0000 0.0000
vn -0.6594 -0.6232 0.4204
vn -0.2118 0.6378 -0.7405
vn 0.5140 0.2427 0.8227
vn 0.0642 -0.5731 0.8169
vn 0.0000 0.0000 0.0000
vn 0.1405 0.2296 0.9631
vn -0.2425 0.4273 -0.8710
vn 0.5143 -0.8083 0.2866
vn 0.1607 0.2531 0.9540
vn 0.0748 0.1939 0.9782
vn 0.4758 0.6745 0.5645
vn 0.5974 -0.5219 0.6088
vn 0.1052 0.0259 0.9941
vn 0.6728 -0.5623 -0.4808
vn 0.1419 -0.4344 0.8895
vn 0.6959 0.0330 0.7174
vn 0.3956 0.3527 -0.8480
vn 0.2732 -0.0895 0.9578
vn 0.3685 0.0403 -0.9287
vn -0.1967 0.1609 -0.9672
vn -0.2990 -0.1011 -0.9489
vn -0.1823 0.0396 -0.9824
vn 0.0157 0.1464 -0.9891
vn 0.1078 -0.0219 0.9939
vn 0.9436 0.1057 0.3137
vn 0.1108 -0.4981 0.8600
vn -0.0914 0.5248 0.8463
vn 0.1998 0.1504 0.9682
vn 0.2178 0.2507 0.9433
vn 0.1250 -0.0160 0.9920
vn 0.0902 -0.1954 -0.9766
vn 0.0469 -0.1836 -0.9819
vn 0.9777 0.1576 -0.1386
vn 0.1559 -0.1267 -0.9796
vn 0.0000 0.0000 0.0000
vn 0.2106 -0.7290 0.6513
vn -0.1908 0.0806 -0.9783
vn 0.0740 0.0726 0.9946
vn 0.0537 0.1522 0.9869
vn 0.2081 -0.1272 -0.9698
vn -0.2901 0.1196 0.9495
vn 0.0301 -0.0142 0.9994
vn -0.0291 0.1469 0.9887
vn 0.1138 -0.0543 -0.9920
vn -0.2912 0.3716 -0.8815
vn 0.0677 0.2585 0.9636
vn 0.5118 -0.1711 0.8419
vn 0.7873 -0.2092 0.5800
vn 0.1305 0.1481 0.9803
vn -0.0710 0.5358 0.8414
vn -0.3442 0.2410 0.9074
vn 0.8136 0.3146 0.4889
vn -0.1107 0.2832 0.9527
vn 0.0050 -0.5787 0.8155
vn -0.5490 -0.7077 -0.4447
vn 0.3290 0.0205 0.9441
vn 0.5698 0.6860 -0.4525
vn -0.0355 0.2454 0.9688
vn 0.0434 0.1460 0.9883
vn 0.9849 -0.0817 0.1529
vn -0.6478 0.1538 -0.7461
vn 0.1222 -0.7749 0.6202
vn -0.0611 -0.6679 0.7417
vn 0.5195 0.4085 -0.7505
vn -0.5205 -0.2392 -0.8197
vn -0.0251 0.1688 0.9853
vn -0.1182 0.4168 0.9013
vn -0.0000 -0.0000 0.0000
vn 0.1774 0.0118 -0.9841
vn 0.0000 0.0000 0.0000
vn 0.0197 -0.0477 0.9987
vn -0.6571 -0.4991 -0.5649
vn -0.0461 0.2493 0.9673
vn 0.0792 -0.0948 0.9923
vn 0.3797 -0.2034 0.9025
vn 0.0715 0.0970 0.9927
vn 0.0000 0.0000 0.0000
vn 0.1577 0.3075 0.9384
vn -0.6992 -0.0628 -0.7122
vn 0.0000 0.0000 0.0000
vn 0.6224 -0.0378 0.7818
vn 0.0589 -0.0919 0.9940
vn 0.2759 -0.3338 0.9014
vn -0.2110 0.4294 0.8781
vn 0.5911 -0.2215 -0.7756
vn -0.4777 0.1123 0.8713
vn 0.0827 0.1926 0.9778
vn 0.5262 -0.5378 -0.6587
vn -0.1786 0.0119 -0.9838
vn -0.8101 0.0090 -0.5862
vn -0.5335 -0.6284 -0.5661
vn -0.9005 0.2884 -0.3255
vn -0.7104 0.5036 -0.4917
vn 0.2248 -0.3707 0.9012
vn -0.7401 -0.4233 -0.5225
vn 0.3161 0.3469 0.8830
vn 0.0493 0.1331 0.9899
vn 0.0766 0.0876 0.9932
vn 0.3769 0.2327 0.8965
vn 0.0247 0.1542 0.9877
vn 0.0000 0.0000 0.0000
vn 0.0767 0.1182 0.9900
vn 0.0450 0.1520 0.9873
vn -0.0000 -0.0000 0.0000
vn 0.0518 0.1742 0.9833
vn 0.2041 0.0707 0.9764
vn -0.0301 0.2403 0.9702
vn 0.1834 -0.2087 0.9606
vn -0.0465 -0.0446 0.9979
vn 0.5895 -0.1804 0.7874
vn -0.5863 0.1022 0.8036
vn -0.0484 -0.1048 -0.9933
vn 0.7058 0.6620 0.2524
vn -0.2738 -0.0304 0.9613
vn 0.1326 0.3442 0.9295
vn 0.2563 -0.5078 -0.8225
vn 0.0021 -0.2103 -0.9776
vn 0.0000 0.0000 0.0000
vn -0.2422 -0.9672 0.0768
vn -0.1762 0.1873 0.9664
vn 0.1311 -0.1698 -0.9767
vn -0.0777 -0.0129 0.9969
vn 0.1064 0.5668 0.8170
vn -0.3275 0.1769 0.9281
vn -0.1306 -0.2796 -0.9512
vn 0.3975 -0.1109 0.9109
vn -0.1430 -0.0840 -0.9861
vn -0.1799 -0.2420 -0.9534
vn -0.4124 0.4294 -0.8034
vn 0.2223 0.1815 0.9579
vn 0.2344 0.4506 0.8614
vn -0.1349 -0.1701 -0.9762
vn 0.2257 0.6820 0.6956
vn -0.1483 -0.1274 -0.9807
vn 0.1962 0.0363 0.9799
vn -0.1785 -0.1454 -0.9731
vn 0.1554 0.0133 0.9878
vn 0.1453 0.4393 0.8865
vn -0.2298 0.2048 -0.9515
vn -0.1616 -0.3558 -0.9205
vn -0.3090 0.0173 -0.9509
vn 0.0210 0.2111 0.9772
vn 0.1701 0.0882 0.9815
vn -0.4911 -0.0108 -0.8710
vn -0.3502 0.4870 -0.8002
vn 0.2236 0.4714 0.8531
vn 0.0658 0.5842 0.8090
vn 0.0993 0.2455 0.9643
vn 0.0914 0.0294 0.9954
vn 0.3125 -0.5168 0.7970
vn -0.1008 0.4965 -0.8621
vn -0.2685 -0.2037 -0.9415
vn 0.1486 -0.0319 0.9884
vn -0.0967 -0.0923 -0.9910
vn 0.0195 -0.1045 -0.9943
vn 0.3435 0.1921 0.9193
vn -0.0073 -0.2610 0.9653
vn -0.3795 0.1203 -0.9173
vn 0.2069 0.2074 0.9561
vn 0.2600 -0.0749 0.9627
vn 0.0512 0.1364 0.9893
vn -0.3680 -0.2195 -0.9036
vn -0.8633 0.3144 0.3949
vn -0.3411 -0.0677 -0.9376
vn 0.2124 0.0328 0.9766
vn -0.9136 0.2243 -0.3392
vn -0.2432 0.4367 -0.8661
vn -0.1346 -0.0336 -0.9903
vn -0.2789 0.1179 -0.9531
vn 0.1884 0.1998 0.9616
vn -0.1321 0.1554 -0.9790
vn -0.1680 -0.2147 -0.9621
vn 0.3500 0.3405 0.8727
vn -0.5802 0.3764 -0.7223
vn -0.1516 -0.2920 -0.9443
vn 0.0709 0.4293 0.9003
vn 0.7009 -0.0064 0.7132
vn -0.3420 0.4551 -0.8221
vn 0.1938 -0.0073 0.9810
vn 0.4461 -0.0259 0.8946
vn -0.2708 -0.6476 -0.7122
vn 0.2854 0.0566 -0.9567
vn -0.0350 -0.1267 -0.9913
vn 0.4392 0.2692 0.8571
vn -0.1989 -0.2365 -0.9511
vn -0.5842 0.1435 -0.7988
vn 0.0319 -0.3595 0.9326
vn 0.1505 0.0599 0.9868
vn 0.3296 -0.7597 -0.5606
vn -0.0626 -0.0749 -0.9952
vn -0.5215 -0.2393 -0.8190
vn -0.1008 0.2046 -0.9736
vn 0.1667 0.2330 0.9581
vn -0.3598 0.3657 -0.8584
vn 0.8678 -0.4829 0.1172
vn 0.2799 0.2173 0.9351
vn 0.1233 0.2685 0.9554
vn -0.2296 -0.3214 -0.9187
vn -0.4652 -0.1761 -0.8675
vn 0.3056 0.2571 0.9168
vn -0.2636 -0.2469 -0.9325
vn -0.3795 -0.3558 -0.8541
vn 0.2162 0.2825 0.9346
vn -0.4368 -0.2974 -0.8490
vn -0.1640 -0.0527 -0.9851
vn 0.1714 0.1347 0.9759
vn 0.1302 -0.2672 -0.9548
vn 0.5257 -0.2646 0.8085
vn -0.3943 -0.3270 -0.8588
vn -0.3247 -0.2772 -0.9043
vn 0.1483 0.0581 0.9872
vn -0.5329 -0.1449 -0.8337
vn -0.1728 -0.0130 -0.9849
vn -0.5829 -0.2947 -0.7572
vn -0.3378 -0.1421 0.9304
vn 0.1045 -0.2330 0.9668
vn 0.1218 -0.0488 -0.9914
vn 0.5873 0.0607 0.8071
vn -0.1657 0.0965 0.9814
vn -0.6189 -0.0450 -0.7842
vn 0.7397 -0.2683 0.6171
vn 0.2077 -0.5193 0.8290
vn 0.0331 -0.3004 0.9532
vn 0.0348 0.2116 0.9767
vn 0.6297 -0.0771 0.7730
vn 0.8112 -0.1330 0.5695
vn 0.1724 0.1074 0.9792
vn 0.7508 -0.4184 0.5111
vn -0.2718 -0.1244 -0.9543
vn 0.4233 -0.2125 0.8807
vn -0.2371 -0.0071 0.9714
vn -0.3421 0.3402 -0.8759
vn 0.3413 -0.0991 0.9347
vn 0.0433 0.1749 0.9836
vn 0.1480 -0.2303 0.9618
vn 0.4479 -0.1980 -0.8719
vn -0.3899 0.1356 0.9108
vn -0.2159 -0.2713 -0.9380
vn -0.3751 0.2868 -0.8815
vn 0.2066 0.0234 0.9781
vn 0.2462 0.0782 0.9661
vn 0.7247 -0.1608 0.6700
vn -0.1588 -0.0270 -0.9869
vn -0.3030 0.3014 -0.9041
vn 0.7052 -0.1858 0.6843
vn 0.0284 0.2350 0.9716
vn 0.2684 -0.0007 0.9633
vn 0.7017 -0.2232 0.6765
vn 0.6363 -0.2824 0.7179
vn 0.6583 -0.3267 0.6781
vn 0.8448 -0.0829 0.5286
vn 0.0726 -0.9589 -0.2743
vn -0.3650 0.3347 -0.8688
vn 0.2304 0.0994 -0.9680
vn 0.1013 -0.4407 0.8919
vn 0.4709 -0.0895 -0.8776
vn -0.0835 0.3766 -0.9226
vn 0.2011 -0.2284 0.9526
vn 0.1918 0.0185 0.9813
vn 0.2498 0.0581 0.9666
vn -0.1101 0.3361 -0.9354
vn 0.4113 -0.2845 0.8660
vn 0.0411 0.1524 0.9875
vn 0.0862 -0.0674 -0.9940
vn 0.4312 -0.3049 0.8492
vn 0.8137 0.2700 0.5148
vn -0.2010 0.2055 0.9578
vn 0.0571 0.1747 0.9830
vn 0.1874 0.0450 0.9813
vn 0.0161 -0.1833 -0.9829
vn 0.9794 -0.1354 0.1497
vn -0.0874 -0.1814 -0.9795
vn 0.5724 0.0353 -0.8192
vn 0.0731 -0.1651 -0.9836
vn 0.1533 0.0765 0.9852
vn 0.3452 -0.2423 -0.9067
vn -0.0622 0.0680 0.9957
vn -0.1713 0.3492 -0.9213
vn -0.1315 -0.1130 -0.9849
vn 0.1331 0.0734 0.9884
vn -0.2174 0.3100 -0.9256
vn 0.4398 -0.2240 0.8697
vn 0.0000 0.0000 0.0000
vn -0.1395 -0.0201 -0.9900
vn 0.4118 -0.6924 0.5925
vn -0.0153 0.2280 -0.9735
vn -0.2918 0.2123 0.9326
vn 0.4213 -0.0092 0.9069
vn 0.0832 0.0635 0.9945
vn -0.0774 -0.0486 -0.9958
vn 0.0166 0.0130 0.9998
vn -0.0583 0.1678 0.9841
vn 0.0860 0.1144 0.9897
vn 0.5791 -0.2365 0.7802
vn 0.0403 0.0646 0.9971
vn 0.0615 0.3332 -0.9408
vn -0.0735 -0.1358 -0.9880
vn 0.7214 -0.4563 -0.5210
vn -0.1307 0.2073 -0.9695
vn -0.0771 0.4007 -0.9130
vn -0.0261 0.1173 0.9928
vn -0.1180 0.2468 -0.9619
vn -0.1040 0.1543 0.9825
vn -0.1380 -0.0397 -0.9896
vn 0.4673 0.0811 -0.8804
vn 0.2309 0.0369 0.9723
vn 0.0526 0.0233 0.9983
vn 0.0784 0.0230 0.9967
vn -0.1719 -0.0339 -0.9845
vn 0.0234 -0.0897 -0.9957
vn -0.0243 0.2038 0.9787
vn -0.0000 -0.0000 0.0000
vn 0.4229 -0.3923 0.8169
vn 0.0809 0.0194 0.9965
vn -0.0631 -0.0763 -0.9951
vn 0.0000 0.0000 0.0000
vn -0.0282 0.0926 0.9953
vn 0.1596 0.0609 0.9853
vn -0.0430 0.0522 0.9977
vn -0.1118 -0.0093 -0.9937
vn 0.9079 -0.1110 -0.4043
vn 0.1789 -0.3447 0.9215
vn 0.3148 -0.2288 0.9212
vn 0.6268 -0.1194 0.7699
vn 0.1769 -0.0812 -0.9809
vn 0.8828 0.2029 -0.4237
vn 0.0521 -0.2601 -0.9642
vn 0.4175 0.2135 -0.8832
vn -0.0566 -0.1662 0.9845
vn 0.4802 0.7201 -0.5009
vn 0.2773 0.2083 -0.9379
vn 0.9460 -0.3133 -0.0826
vn -0.2075 0.2070 -0.9561
vn -0.0484 -0.0321 -0.9983
vn 0.6146 -0.5358 0.5789
vn 0.0612 -0.0882 0.9942
vn -0.0584 0.0789 0.9952
vn 0.1695 -0.0958 -0.9809
vn 0.0146 0.1600 0.9870
vn 0.8145 0.4951 -0.3024
vn -0.1451 0.4630 -0.8744
vn -0.0615 0.2283 0.9716
vn 0.0390 0.1689 -0.9849
vn 0.0000 0.0000 0.0000
vn 0.0193 0.3329 0.9427
vn -0.0459 0.1372 -0.9895
vn -0.1344 -0.0066 -0.9909
vn 0.9666 -0.2053 0.1532
vn 0.2468 -0.0983 -0.9641
vn 0.8106 -0.0166 -0.5854
vn 0.0134 0.2156 -0.9764
vn 0.3740 -0.3838 0.8443
vn 0.1882 -0.2580 0.9476
vn 0.3034 -0.1242 -0.9447
vn 0.0157 -0.0223 -0.9996
vn -0.0374 0.0490 0.9981
vn 0.0382 0.1742 0.9840
vn 0.1358 -0.1345 -0.9816
vn 0.7634 -0.0852 -0.6403
vn 0.2917 -0.1526 -0.9442
vn -0.1241 0.2529 -0.9595
vn -0.0956 0.0053 -0.9954
vn -0.0255 0.0546 0.9982
vn 0.5773 0.5375 -0.6147
vn 0.0447 0.1984 0.9791
vn -0.0379 -0.1842 -0.9822
vn 0.1419 -0.0706 -0.9874
vn 0.3721 -0.2122 0.9036
vn -0.0547 0.2022 0.9778
vn 0.1338 -0.0217 0.9908
vn 0.0593 0.0516 0.9969
vn 0.2498 0.0683 0.9659
vn 0.0000 0.0000 0.0000
vn -0.0424 -0.0038 -0.9991
vn -0.1556 -0.0022 -0.9878
vn 0.0443 -0.0064 0.9990
vn -0.0659 0.2444 0.9674
vn -0.2486 0.1045 0.9630
vn 0.7378 -0.0187 -0.6747
vn 0.0207 0.0439 0.9988
vn 0.9155 -0.4021 0.0151
vn -0.1644 0.1188 0.9792
vn 0.3122 -0.0910 -0.9456
vn 0.1519 -0.2200 0.9636
vn 0.2795 -0.1505 0.9483
vn 0.3644 0.0539 -0.9297
vn 0.0945 -0.0656 -0.9934
vn 0.0000 0.0000 0.0000
vn 0.1551 0.2989 0.9416
vn 0.6168 -0.6122 0.4948
vn 0.1476 -0.0361 -0.9884
vn 0.0899 -0.1285 -0.9876
vn 0.3679 -0.1704 -0.9141
vn 0.7344 0.2355 -0.6365
vn 0.4786 0.0889 0.8735
vn 0.1595 -0.0086 0.9872
vn 0.0023 -0.0264 -0.9996
vn -0.1566 -0.0182 -0.9875
vn -0.0311 0.0283 0.9991
vn -0.0848 -0.1014 -0.9912
vn 0.0677 0.0685 0.9953
vn -0.1994 0.1223 0.9723
vn 0.6265 0.2819 -0.7266
vn 0.0084 0.1132 0.9935
vn -0.2007 0.1413 0.9694
vn 0.2804 -0.0983 -0.9548
vn 0.0631 -0.0657 -0.9958
vn 0.2036 -0.1288 -0.9706
vn -0.2160 0.1879 0.9581
vn -0.0940 -0.0478 -0.9944
vn 0.0070 -0.2030 -0.9792
vn -0.2584 0.0919 0.9617
vn 0.0954 0.0148 0.9953
vn -0.0256 0.0698 0.9972
vn -0.2723 0.0920 0.9578
vn 0.9191 -0.3866 -0.0766
vn 0.5894 -0.2834 0.7565
vn 0.2251 -0.0827 -0.9708
vn -0.2728 0.0837 0.9584
vn 0.0759 -0.0534 -0.9957
vn 0.0001 -0.0080 -1.0000
vn -0.2479 0.1274 0.9604
vn -0.4358 0.1330 0.8902
vn 0.0000 0.0000 0.0000
vn 0.2600 0.1843 0.9479
vn -0.0937 -0.0223 -0.9954
vn 0.2181 -0.0781 -0.9728
vn 0.7880 -0.2340 -0.5695
vn 0.4368 -0.1463 -0.8876
vn 0.1955 0.2293 0.9535
vn -0.0575 0.0822 0.9950
vn 0.0297 0.2049 0.9783
vn 0.2030 -0.1120 -0.9728
vn -0.0323 -0.0895 -0.9955
vn 0.2139 -0.0801 -0.9736
vn 0.4592 -0.1625 0.8733
vn 0.8963 -0.1486 -0.4178
vn -0.1497 0.0743 0.9859
vn -0.2409 0.1261 0.9623
vn 0.1297 -0.1056 -0.9859
vn 0.8428 0.3957 -0.3648
vn 0.1873 -0.0915 -0.9780
vn 0.4300 0.3253 0.8422
vn -0.0421 -0.1578 -0.9866
vn 0.1526 -0.1604 -0.9752
vn 0.7223 -0.1810 -0.6675
vn 0.0086 0.0650 0.9979
vn -0.1871 0.0828 0.9788
vn 0.6025 -0.1410 -0.7856
vn 0.9353 0.2633 -0.2365
vn -0.0681 -0.1234 -0.9900
vn 0.3392 -0.1241 -0.9325
vn -0.1951 0.0956 0.9761
vn 0.1460 0.1134 0.9828
vn 0.6790 -0.0440 0.7328
vn 0.3038 -0.1190 -0.9453
vn 0.7558 0.6427 0.1252
vn 0.1386 0.2151 0.9667
vn 0.6928 -0.1719 -0.7003
vn 0.0112 0.0979 0.9951
vn -0.1949 0.1351 0.9715
vn 0.7853 -0.1219 -0.6070
vn 0.2364 -0.0938 -0.9671
vn 0.5059 -0.1498 -0.8495
vn 0.3479 -0.1103 -0.9310
vn 0.9965 -0.0224 0.0809
vn 0.0615 0.1387 0.9884
vn 0.6520 0.1486 0.7435
f 887//887 893//893 873//873
f 622//622 660//660 669//669
f 669//669 703//703 640//640
f 641//641 703//703 629//629
f 467//467 450//450 466//466
f 607//607 660//660 476//476
f 459//459 440//440 370//370
f 370//370 477//477 459//459
f 440//440 607//607 476//476
f 742//742 773//773 677//677
f 77//77 165//165 125//125
f 297//297 313//313 226//226
f 815//815 816//816 800//800
f 767//767 801//801 800//800
f 753//753 757//757 759//759
f 653//653 676//676 702//702
f 683//683 676//676 653//653
f 673//673 653//653 702//702
f 659//659 681//681 657//657
f 657//657 647//647 654//654
f 303//303 289//289 280//280
f 303//303 319//319 290//290
f 303//303 280//280 319//319
f 314//314 280//280 228//228
f 277//277 296//296 248//248
f 227//227 248//248 242//242
f 212//212 167//167 209//209
f 512//512 661//661 581//581
f 512//512 555//555 487//487
f 519//519 415//415 541//541
f 362//362 337//337 427//427
f 790//790 777//777 782//782
f 319//319 298//298 290//290
f 39//39 53//53 45//45
f 28//28 39//39 45//45
f 87//87 21//21 62//62
f 480//480 504//504 477//477
f 472//472 489//489 481//481
f 471//471 481//481 497//497
f 889//889 883//883 890//890
f 882//882 888//888 890//890
f 888//888 889//889 890//890
f 889//889 894//894 883//883
f 885//885 899//899 894//894
f 883//883 894//894 876//876
f 876//876 894//894 865//865
f 876//876 882//882 883//883
f 885//885 894//894 889//889
f 899//899 898//898 896//896
f 898//898 884//884 862//862
f 878//878 884//884 898//898
f 878//878 898//898 899//899
f 831//831 882//882 865//865
f 885//885 835//835 878//878
f 865//865 894//894 871//871
f 871//871 894//894 896//896
f 878//878 862//862 884//884
f 865//865 857//857 831//831
f 878//878 844//844 862//862
f 831//831 857//857 805//805
f 832//832 844//844 878//878
f 899//899 885//885 878//878
f 882//882 876//876 865//865
f 899//899 896//896 894//894
f 874//874 889//889 882//882
f 896//896 898//898 897//897
f 864//864 851//851 871//871
f 871//871 896//896 864//864
f 864//864 896//896 895//895
f 857//857 871//871 851//851
f 871//871 857//857 865//865
f 832//832 802//802 862//862
f 845//845 853//853 862//862
f 862//862 802//802 845//845
f 802//802 750//750 811//811
f 851//851 841//841 857//857
f 891//891 887//887 895//895
f 845//845 891//891 892//892
f 891//891 845//845 870//870
f 887//887 864//864 895//895
f 830//830 833//833 845//845
f 838//838 851//851 864//864
f 851//851 778//778 841//841
f 811//811 827//827 845//845
f 811//811 807//807 827//827
f 830//830 845//845 807//807
f 811//811 738//738 807//807
f 768//768 738//738 811//811
f 857//857 841//841 735//735
f 892//892 862//862 853//853
f 811//811 845//845 802//802
f 880//880 893//893 886//886
f 880//880 873//873 893//893
f 886//886 877//877 880//880
f 877//877 873//873 880//880
f 877//877 886//886 879//879
f 866//866 873//873 877//877
f 869//869 879//879 850//850
f 860//860 877//877 867//867
f 849//849 858//858 877//877
f 869//869 850//850 854//854
f 870//870 879//879 886//886
f 846//846 870//870 833//833
f 873//873 864//864 887//887
f 837//837 828//828 838//838
f 845//845 833//833 870//870
f 846//846 830//830 850//850
f 837//837 873//873 858//858
f 850//850 879//879 846//846
f 830//830 846//846 833//833
f 806//806 838//838 828//828
f 846//846 879//879 870//870
f 738//738 830//830 807//807
f 830//830 738//738 739//739
f 778//778 829//829 838//838
f 721//721 841//841 701//701
f 778//778 674//674 841//841
f 701//701 841//841 674//674
f 830//830 739//739 745//745
f 739//739 691//691 745//745
f 700//700 691//691 739//739
f 644//644 674//674 778//778
f 849//849 837//837 858//858
f 830//830 745//745 794//794
f 818//818 806//806 828//828
f 794//794 850//850 830//830
f 814//814 818//818 837//837
f 849//849 814//814 837//837
f 818//818 793//793 806//806
f 793//793 715//715 806//806
f 794//794 745//745 737//737
f 719//719 745//745 690//690
f 642//642 690//690 691//691
f 349//349 674//674 644//644
f 806//806 715//715 751//751
f 690//690 737//737 719//719
f 430//430 378//378 690//690
f 349//349 644//644 426//426
f 642//642 430//430 690//690
f 806//806 751//751 778//778
f 864//864 873//873 837//837
f 829//829 778//778 851//851
f 738//738 700//700 739//739
f 823//823 861//861 842//842
f 855//855 820//820 861//861
f 855//855 861//861 820//820
f 875//875 861//861 872//872
f 863//863 874//874 861//861
f 861//861 796//796 863//863
f 861//861 820//820 788//788
f 788//788 770//770 861//861
f 875//875 852//852 861//861
f 842//842 703//703 823//823
f 820//820 861//861 823//823
f 773//773 788//788 820//820
f 820//820 776//776 808//808
f 823//823 703//703 758//758
f 823//823 758//758 705//705
f 770//770 788//788 742//742
f 861//861 703//703 842//842
f 820//820 808//808 773//773
f 705//705 761//761 795//795
f 776//776 761//761 705//705
f 660//660 705//705 669//669
f 607//607 628//628 655//655
f 776//776 607//607 655//655
f 563//563 578//578 616//616
f 703//703 669//669 705//705
f 773//773 776//776 677//677
f 703//703 641//641 640//640
f 632//632 640//640 641//641
f 634//634 677//677 655//655
f 634//634 579//579 677//677
f 626//626 641//641 635//635
f 579//579 634//634 643//643
f 629//629 626//626 635//635
f 643//643 641//641 579//579
f 604//604 622//622 630//630
f 630//630 575//575 604//604
f 615//615 604//604 624//624
f 598//598 615//615 627//627
f 630//630 622//622 645//645
f 561//561 551//551 554//554
f 518//518 504//504 533//533
f 518//518 526//526 533//533
f 559//559 523//523 530//530
f 504//504 496//496 533//533
f 523//523 497//497 530//530
f 530//530 551//551 538//538
f 523//523 559//559 538//538
f 585//585 548//548 565//565
f 548//548 515//515 565//565
f 593//593 585//585 601//601
f 559//559 515//515 538//538
f 515//515 559//559 574//574
f 515//515 574//574 509//509
f 538//538 523//523 515//515
f 509//509 574//574 538//538
f 471//471 481//481 467//467
f 509//509 481//481 489//489
f 467//467 466//466 450//450
f 515//515 509//509 489//489
f 472//472 477//477 467//467
f 509//509 515//515 475//475
f 595//595 574//574 590//590
f 559//559 523//523 538//538
f 538//538 523//523 559//559
f 554//554 604//604 559//559
f 559//559 566//566 538//538
f 538//538 590//590 559//559
f 594//594 585//585 579//579
f 579//579 585//585 515//515
f 677//677 776//776 655//655
f 628//628 604//604 655//655
f 554//554 577//577 604//604
f 645//645 622//622 669//669
f 669//669 651//651 645//645
f 640//640 651//651 669//669
f 640//640 627//627 630//630
f 631//631 620//620 643//643
f 579//579 626//626 601//601
f 420//420 476//476 547//547
f 420//420 379//379 288//288
f 288//288 345//345 420//420
f 518//518 562//562 440//440
f 459//459 485//485 440//440
f 485//485 518//518 491//491
f 370//370 440//440 345//345
f 477//477 370//370 443//443
f 370//370 423//423 422//422
f 420//420 471//471 422//422
f 422//422 443//443 370//370
f 471//471 459//459 474//474
f 370//370 345//345 285//285
f 288//288 285//285 345//345
f 547//547 521//521 485//485
f 518//518 440//440 485//485
f 607//607 776//776 705//705
f 607//607 705//705 660//660
f 498//498 491//491 518//518
f 370//370 449//449 423//423
f 571//571 660//660 616//616
f 564//564 571//571 607//607
f 547//547 485//485 420//420
f 420//420 485//485 459//459
f 875//875 882//882 797//797
f 852//852 875//875 703//703
f 852//852 703//703 861//861
f 797//797 703//703 875//875
f 861//861 770//770 796//796
f 703//703 705//705 758//758
f 723//723 770//770 742//742
f 742//742 665//665 723//723
f 769//769 703//703 797//797
f 723//723 732//732 770//770
f 694//694 723//723 665//665
f 699//699 723//723 694//694
f 638//638 703//703 567//567
f 728//728 797//797 798//798
f 789//789 746//746 831//831
f 831//831 728//728 798//798
f 728//728 831//831 710//710
f 711//711 748//748 724//724
f 835//835 732//732 748//748
f 831//831 798//798 797//797
f 703//703 769//769 728//728
f 703//703 728//728 567//567
f 770//770 732//732 835//835
f 724//724 748//748 732//732
f 724//724 732//732 699//699
f 724//724 699//699 528//528
f 546//546 441//441 544//544
f 544//544 531//531 567//567
f 544//544 614//614 410//410
f 544//544 410//410 567//567
f 531//531 528//528 567//567
f 770//770 835//835 796//796
f 797//797 728//728 769//769
f 742//742 677//677 621//621
f 548//548 629//629 586//586
f 703//703 638//638 621//621
f 665//665 621//621 536//536
f 621//621 463//463 586//586
f 536//536 621//621 586//586
f 742//742 621//621 665//665
f 552//552 579//579 536//536
f 579//579 552//552 586//586
f 484//484 515//515 460//460
f 462//462 548//548 552//552
f 484//484 460//460 373//373
f 460//460 462//462 416//416
f 462//462 515//515 548//548
f 579//579 515//515 484//484
f 548//548 484//484 462//462
f 694//694 665//665 638//638
f 536//536 638//638 665//665
f 567//567 463//463 638//638
f 470//470 699//699 694//694
f 416//416 462//462 552//552
f 536//536 484//484 373//373
f 552//552 463//463 416//416
f 416//416 484//484 373//373
f 416//416 463//463 321//321
f 638//638 463//463 621//621
f 373//373 460//460 370//370
f 373//373 470//470 536//536
f 238//238 285//285 416//416
f 416//416 234//234 204//204
f 204//204 238//238 416//416
f 379//379 450//450 460//460
f 460//460 416//416 379//379
f 373//373 370//370 306//306
f 254//254 249//249 285//285
f 463//463 567//567 410//410
f 357//357 470//470 409//409
f 463//463 382//382 321//321
f 357//357 344//344 470//470
f 344//344 441//441 382//382
f 528//528 531//531 441//441
f 441//441 531//531 544//544
f 410//410 275//275 321//321
f 321//321 344//344 410//410
f 313//313 441//441 344//344
f 463//463 410//410 382//382
f 278//278 313//313 344//344
f 470//470 382//382 441//441
f 234//234 416//416 321//321
f 237//237 234//234 321//321
f 306//306 249//249 373//373
f 285//285 249//249 306//306
f 234//234 207//207 204//204
f 249//249 204//204 229//229
f 249//249 278//278 308//308
f 278//278 191//191 313//313
f 313//313 191//191 226//226
f 170//170 278//278 229//229
f 216//216 121//121 237//237
f 237//237 141//141 234//234
f 207//207 234//234 141//141
f 460//460 515//515 370//370
f 373//373 308//308 357//357
f 285//285 379//379 416//416
f 629//629 548//548 585//585
f 585//585 548//548 579//579
f 475//475 460//460 450//450
f 515//515 458//458 370//370
f 475//475 515//515 460//460
f 705//705 795//795 823//823
f 170//170 229//229 183//183
f 158//158 204//204 207//207
f 183//183 204//204 158//158
f 149//149 191//191 170//170
f 237//237 122//122 141//141
f 141//141 158//158 207//207
f 254//254 204//204 220//220
f 750//750 802//802 748//748
f 748//748 711//711 750//750
f 756//756 746//746 805//805
f 746//746 558//558 710//710
f 711//711 528//528 637//637
f 528//528 365//365 507//507
f 710//710 543//543 614//614
f 543//543 710//710 558//558
f 637//637 507//507 711//711
f 507//507 658//658 711//711
f 507//507 529//529 658//658
f 711//711 658//658 529//529
f 543//543 558//558 343//343
f 343//343 331//331 543//543
f 614//614 543//543 331//331
f 529//529 507//507 365//365
f 354//354 340//340 365//365
f 756//756 735//735 746//746
f 735//735 636//636 558//558
f 735//735 558//558 746//746
f 529//529 706//706 711//711
f 390//390 558//558 636//636
f 360//360 346//346 529//529
f 365//365 360//360 529//529
f 365//365 340//340 360//360
f 558//558 407//407 343//343
f 368//368 343//343 407//407
f 368//368 407//407 346//346
f 346//346 407//407 529//529
f 368//368 399//399 407//407
f 558//558 390//390 407//407
f 356//356 346//346 305//305
f 346//346 360//360 328//328
f 399//399 367//367 529//529
f 331//331 275//275 614//614
f 332//332 354//354 528//528
f 313//313 297//297 332//332
f 332//332 528//528 313//313
f 297//297 340//340 354//354
f 332//332 297//297 354//354
f 153//153 297//297 226//226
f 191//191 122//122 226//226
f 122//122 153//153 226//226
f 216//216 138//138 121//121
f 222//222 153//153 143//143
f 91//91 121//121 138//138
f 222//222 297//297 153//153
f 222//222 143//143 192//192
f 318//318 331//331 343//343
f 331//331 318//318 275//275
f 275//275 318//318 201//201
f 297//297 272//272 340//340
f 297//297 192//192 272//272
f 318//318 343//343 201//201
f 275//275 201//201 217//217
f 297//297 251//251 192//192
f 272//272 192//192 188//188
f 269//269 343//343 368//368
f 343//343 168//168 201//201
f 272//272 188//188 165//165
f 132//132 138//138 216//216
f 216//216 201//201 132//132
f 93//93 125//125 188//188
f 93//93 65//65 125//125
f 93//93 188//188 192//192
f 216//216 237//237 321//321
f 321//321 275//275 216//216
f 251//251 222//222 192//192
f 275//275 217//217 216//216
f 216//216 217//217 201//201
f 399//399 356//356 367//367
f 311//311 269//269 368//368
f 305//305 346//346 211//211
f 349//349 311//311 368//368
f 401//401 349//349 390//390
f 356//356 281//281 367//367
f 349//349 368//368 390//390
f 224//224 281//281 305//305
f 305//305 281//281 356//356
f 311//311 349//349 302//302
f 311//311 302//302 202//202
f 224//224 231//231 271//271
f 271//271 281//281 224//224
f 302//302 172//172 202//202
f 166//166 231//231 224//224
f 302//302 187//187 172//172
f 282//282 187//187 302//302
f 317//317 367//367 281//281
f 346//346 272//272 211//211
f 343//343 269//269 202//202
f 202//202 168//168 343//343
f 272//272 165//165 200//200
f 200//200 165//165 211//211
f 214//214 224//224 211//211
f 211//211 179//179 214//214
f 179//179 224//224 214//214
f 202//202 269//269 311//311
f 165//165 179//179 211//211
f 125//125 88//88 77//77
f 168//168 110//110 92//92
f 116//116 179//179 165//165
f 165//165 77//77 116//116
f 172//172 101//101 110//110
f 59//59 92//92 101//101
f 77//77 88//88 58//58
f 168//168 172//172 110//110
f 168//168 92//92 132//132
f 179//179 176//176 224//224
f 172//172 154//154 123//123
f 224//224 176//176 166//166
f 172//172 123//123 101//101
f 179//179 116//116 109//109
f 109//109 116//116 77//77
f 82//82 101//101 123//123
f 101//101 38//38 56//56
f 179//179 127//127 176//176
f 168//168 132//132 201//201
f 614//614 275//275 410//410
f 211//211 224//224 305//305
f 121//121 122//122 237//237
f 191//191 149//149 122//122
f 122//122 149//149 141//141
f 121//121 117//117 122//122
f 117//117 121//121 104//104
f 104//104 153//153 117//117
f 93//93 143//143 153//153
f 91//91 104//104 121//121
f 117//117 153//153 122//122
f 91//91 93//93 153//153
f 85//85 65//65 93//93
f 73//73 93//93 91//91
f 73//73 132//132 59//59
f 65//65 58//58 125//125
f 59//59 65//65 63//63
f 85//85 93//93 73//73
f 63//63 73//73 59//59
f 59//59 132//132 92//92
f 220//220 204//204 254//254
f 132//132 91//91 138//138
f 73//73 91//91 132//132
f 88//88 125//125 58//58
f 796//796 889//889 863//863
f 832//832 835//835 748//748
f 835//835 832//832 878//878
f 882//882 831//831 797//797
f 735//735 756//756 805//805
f 750//750 706//706 720//720
f 700//700 720//720 706//706
f 672//672 700//700 706//706
f 750//750 749//749 768//768
f 749//749 750//750 738//738
f 738//738 720//720 700//700
f 706//706 529//529 672//672
f 529//529 619//619 672//672
f 674//674 636//636 735//735
f 672//672 619//619 700//700
f 367//367 619//619 529//529
f 636//636 401//401 390//390
f 367//367 444//444 619//619
f 537//537 700//700 444//444
f 674//674 401//401 636//636
f 537//537 444//444 642//642
f 700//700 537//537 691//691
f 349//349 401//401 674//674
f 642//642 444//444 317//317
f 317//317 309//309 396//396
f 642//642 396//396 430//430
f 317//317 396//396 642//642
f 317//317 281//281 271//271
f 271//271 231//231 317//317
f 691//691 537//537 642//642
f 114//114 123//123 154//154
f 123//123 114//114 82//82
f 109//109 77//77 43//43
f 101//101 82//82 38//38
f 41//41 109//109 43//43
f 41//41 48//48 109//109
f 60//60 37//37 82//82
f 48//48 127//127 109//109
f 735//735 721//721 674//674
f 58//58 49//49 43//43
f 37//37 38//38 82//82
f 41//41 37//37 48//48
f 35//35 31//31 48//48
f 41//41 38//38 37//37
f 832//832 748//748 802//802
f 762//762 759//759 692//692
f 685//685 673//673 697//697
f 685//685 697//697 704//704
f 685//685 704//704 570//570
f 704//704 697//697 673//673
f 667//667 606//606 704//704
f 570//570 704//704 606//606
f 570//570 606//606 510//510
f 667//667 683//683 606//606
f 685//685 625//625 688//688
f 625//625 692//692 688//688
f 597//597 625//625 560//560
f 685//685 609//609 625//625
f 560//560 417//417 582//582
f 560//560 451//451 417//417
f 419//419 560//560 492//492
f 492//492 510//510 424//424
f 424//424 510//510 366//366
f 560//560 570//570 492//492
f 510//510 486//486 405//405
f 560//560 419//419 451//451
f 419//419 380//380 451//451
f 386//386 385//385 372//372
f 419//419 424//424 432//432
f 380//380 419//419 424//424
f 385//385 419//419 432//432
f 386//386 387//387 385//385
f 451//451 386//386 372//372
f 419//419 492//492 424//424
f 334//334 417//417 372//372
f 339//339 334//334 353//353
f 334//334 372//372 353//353
f 550//550 510//510 503//503
f 510//510 550//550 522//522
f 522//522 550//550 404//404
f 404//404 486//486 522//522
f 424//424 405//405 436//436
f 389//389 424//424 404//404
f 405//405 366//366 510//510
f 486//486 510//510 522//522
f 436//436 405//405 424//424
f 451//451 372//372 417//417
f 385//385 353//353 372//372
f 404//404 550//550 653//653
f 843//843 867//867 869//869
f 809//809 843//843 850//850
f 843//843 854//854 850//850
f 859//859 860//860 868//868
f 860//860 859//859 839//839
f 785//785 849//849 791//791
f 839//839 791//791 849//849
f 813//813 843//843 809//809
f 867//867 843//843 859//859
f 843//843 840//840 859//859
f 822//822 839//839 859//859
f 813//813 726//726 840//840
f 822//822 780//780 839//839
f 859//859 824//824 822//822
f 859//859 847//847 824//824
f 726//726 734//734 840//840
f 848//848 859//859 856//856
f 836//836 848//848 840//840
f 848//848 856//856 840//840
f 791//791 839//839 780//780
f 856//856 859//859 840//840
f 848//848 824//824 847//847
f 794//794 809//809 850//850
f 813//813 809//809 794//794
f 785//785 765//765 793//793
f 722//722 813//813 794//794
f 520//520 793//793 765//765
f 794//794 737//737 671//671
f 794//794 671//671 722//722
f 740//740 715//715 793//793
f 715//715 599//599 644//644
f 737//737 690//690 678//678
f 580//580 690//690 610//610
f 378//378 418//418 690//690
f 426//426 644//644 342//342
f 599//599 341//341 644//644
f 342//342 644//644 341//341
f 726//726 813//813 722//722
f 671//671 580//580 568//568
f 765//765 453//453 520//520
f 726//726 671//671 568//568
f 490//490 568//568 580//580
f 341//341 599//599 520//520
f 580//580 418//418 300//300
f 580//580 610//610 418//418
f 406//406 341//341 520//520
f 304//304 348//348 300//300
f 580//580 300//300 348//348
f 342//342 341//341 295//295
f 520//520 599//599 715//715
f 671//671 678//678 580//580
f 824//824 848//848 816//816
f 826//826 821//821 834//834
f 826//826 834//834 825//825
f 825//825 834//834 786//786
f 815//815 816//816 824//824
f 821//821 826//826 815//815
f 821//821 817//817 834//834
f 786//786 824//824 825//825
f 817//817 786//786 834//834
f 825//825 815//815 826//826
f 816//816 836//836 787//787
f 780//780 822//822 824//824
f 787//787 800//800 816//816
f 786//786 765//765 780//780
f 734//734 708//708 718//718
f 786//786 707//707 765//765
f 800//800 803//803 804//804
f 800//800 801//801 803//803
f 803//803 815//815 800//800
f 787//787 718//718 767//767
f 815//815 801//801 767//767
f 695//695 765//765 707//707
f 824//824 786//786 780//780
f 812//812 817//817 821//821
f 812//812 815//815 784//784
f 812//812 821//821 815//815
f 784//784 799//799 812//812
f 799//799 790//790 810//810
f 812//812 799//799 810//810
f 733//733 792//792 782//782
f 782//782 792//792 812//812
f 730//730 741//741 786//786
f 767//767 784//784 815//815
f 767//767 754//754 784//784
f 792//792 712//712 730//730
f 687//687 741//741 730//730
f 648//648 695//695 707//707
f 668//668 767//767 718//718
f 650//650 718//718 708//708
f 784//784 754//754 693//693
f 716//716 784//784 693//693
f 662//662 693//693 754//754
f 687//687 648//648 707//707
f 648//648 500//500 468//468
f 553//553 545//545 662//662
f 662//662 767//767 668//668
f 662//662 650//650 553//553
f 754//754 767//767 662//662
f 662//662 668//668 650//650
f 741//741 687//687 707//707
f 741//741 707//707 786//786
f 825//825 815//815 819//819
f 568//568 584//584 734//734
f 453//453 765//765 425//425
f 584//584 568//568 502//502
f 299//299 502//502 568//568
f 584//584 708//708 734//734
f 584//584 650//650 708//708
f 393//393 520//520 453//453
f 348//348 299//299 568//568
f 490//490 348//348 568//568
f 341//341 393//393 273//273
f 299//299 348//348 276//276
f 273//273 393//393 381//381
f 274//274 299//299 257//257
f 257//257 299//299 276//276
f 221//221 273//273 244//244
f 348//348 304//304 276//276
f 455//455 502//502 369//369
f 584//584 502//502 540//540
f 428//428 381//381 453//453
f 338//338 381//381 425//425
f 428//428 425//425 381//381
f 584//584 455//455 553//553
f 425//425 648//648 468//468
f 350//350 455//455 298//298
f 329//329 298//298 455//455
f 381//381 338//338 310//310
f 381//381 310//310 273//273
f 267//267 246//246 273//273
f 283//283 299//299 274//274
f 283//283 369//369 299//299
f 239//239 283//283 274//274
f 283//283 239//239 298//298
f 283//283 298//298 329//329
f 239//239 274//274 257//257
f 273//273 310//310 267//267
f 267//267 199//199 241//241
f 261//261 298//298 239//239
f 199//199 267//267 310//310
f 298//298 261//261 228//228
f 177//177 241//241 199//199
f 244//244 267//267 241//241
f 244//244 246//246 267//267
f 239//239 228//228 261//261
f 453//453 425//425 428//428
f 244//244 273//273 246//246
f 381//381 393//393 453//453
f 836//836 840//840 734//734
f 718//718 836//836 734//734
f 393//393 406//406 520//520
f 580//580 348//348 490//490
f 849//849 793//793 814//814
f 793//793 849//849 785//785
f 765//765 785//785 791//791
f 765//765 695//695 425//425
f 650//650 584//584 553//553
f 731//731 779//779 762//762
f 762//762 755//755 771//771
f 759//759 762//762 753//753
f 762//762 766//766 753//753
f 753//753 766//766 771//771
f 759//759 757//757 752//752
f 753//753 757//757 744//744
f 744//744 757//757 753//753
f 753//753 661//661 744//744
f 763//763 766//766 744//744
f 763//763 752//752 757//757
f 744//744 743//743 763//763
f 763//763 743//743 744//744
f 725//725 729//729 744//744
f 729//729 725//725 743//743
f 753//753 744//744 766//766
f 753//753 771//771 757//757
f 661//661 725//725 744//744
f 702//702 704//704 673//673
f 725//725 661//661 673//673
f 676//676 683//683 702//702
f 743//743 725//725 729//729
f 781//781 774//774 790//790
f 775//775 774//774 764//764
f 774//774 775//775 764//764
f 764//764 790//790 774//774
f 790//790 764//764 777//777
f 799//799 783//783 790//790
f 777//777 764//764 782//782
f 675//675 684//684 733//733
f 799//799 784//784 760//760
f 713//713 760//760 784//784
f 772//772 781//781 779//779
f 783//783 696//696 779//779
f 731//731 727//727 772//772
f 731//731 772//772 779//779
f 772//772 779//779 774//774
f 760//760 713//713 689//689
f 727//727 731//731 670//670
f 670//670 717//717 727//727
f 764//764 747//747 774//774
f 727//727 764//764 772//772
f 772//772 764//764 774//774
f 689//689 682//682 696//696
f 783//783 799//799 760//760
f 781//781 790//790 783//783
f 664//664 682//682 689//689
f 733//733 684//684 712//712
f 675//675 623//623 684//684
f 684//684 623//623 730//730
f 666//666 713//713 693//693
f 716//716 693//693 713//713
f 662//662 545//545 646//646
f 693//693 662//662 646//646
f 545//545 666//666 646//646
f 646//646 666//666 693//693
f 553//553 461//461 505//505
f 461//461 473//473 545//545
f 500//500 403//403 454//454
f 468//468 500//500 454//454
f 670//670 602//602 675//675
f 602//602 623//623 675//675
f 613//613 602//602 500//500
f 452//452 556//556 602//602
f 556//556 500//500 602//602
f 545//545 664//664 666//666
f 473//473 664//664 545//545
f 664//664 473//473 647//647
f 473//473 412//412 364//364
f 397//397 473//473 364//364
f 335//335 327//327 403//403
f 364//364 374//374 397//397
f 335//335 403//403 452//452
f 403//403 500//500 452//452
f 556//556 452//452 500//500
f 755//755 762//762 779//779
f 696//696 755//755 779//779
f 663//663 731//731 762//762
f 755//755 753//753 766//766
f 663//663 709//709 731//731
f 696//696 753//753 755//755
f 753//753 696//696 681//681
f 670//670 709//709 663//663
f 670//670 605//605 572//572
f 663//663 576//576 605//605
f 647//647 696//696 679//679
f 696//696 647//647 681//681
f 605//605 589//589 572//572
f 670//670 663//663 605//605
f 647//647 679//679 664//664
f 753//753 686//686 680//680
f 686//686 753//753 681//681
f 686//686 681//681 680//680
f 681//681 659//659 618//618
f 582//582 600//600 597//597
f 661//661 652//652 618//618
f 661//661 753//753 698//698
f 680//680 652//652 661//661
f 680//680 681//681 652//652
f 654//654 656//656 657//657
f 657//657 656//656 659//659
f 654//654 657//657 656//656
f 659//659 656//656 654//654
f 618//618 654//654 539//539
f 605//605 576//576 438//438
f 431//431 499//499 535//535
f 589//589 605//605 438//438
f 597//597 600//600 576//576
f 446//446 618//618 539//539
f 576//576 600//600 417//417
f 572//572 602//602 670//670
f 647//647 473//473 513//513
f 397//397 513//513 473//473
f 438//438 375//375 572//572
f 539//539 397//397 374//374
f 335//335 572//572 375//375
f 363//363 333//333 377//377
f 438//438 395//395 388//388
f 395//395 438//438 417//417
f 395//395 417//417 355//355
f 539//539 439//439 446//446
f 439//439 539//539 427//427
f 388//388 395//395 355//355
f 355//355 336//336 388//388
f 374//374 427//427 539//539
f 448//448 352//352 414//414
f 414//414 447//447 448//448
f 464//464 447//447 448//448
f 447//447 464//464 434//434
f 448//448 447//447 408//408
f 448//448 447//447 478//478
f 448//448 495//495 352//352
f 375//375 438//438 336//336
f 355//355 296//296 336//336
f 362//362 427//427 374//374
f 333//333 434//434 391//391
f 377//377 333//333 391//391
f 307//307 377//377 414//414
f 307//307 414//414 352//352
f 333//333 408//408 434//434
f 362//362 284//284 326//326
f 307//307 352//352 284//284
f 322//322 377//377 307//307
f 388//388 336//336 438//438
f 429//429 408//408 333//333
f 429//429 333//333 400//400
f 513//513 397//397 539//539
f 709//709 731//731 714//714
f 682//682 664//664 696//696
f 335//335 452//452 572//572
f 666//666 664//664 713//713
f 539//539 647//647 513//513
f 433//433 438//438 576//576
f 338//338 425//425 403//403
f 553//553 455//455 461//461
f 455//455 350//350 461//461
f 292//292 338//338 403//403
f 258//258 310//310 338//338
f 314//314 350//350 319//319
f 292//292 253//253 258//258
f 319//319 280//280 314//314
f 327//327 325//325 403//403
f 325//325 301//301 260//260
f 403//403 325//325 292//292
f 260//260 247//247 292//292
f 260//260 292//292 325//325
f 314//314 286//286 316//316
f 286//286 314//314 245//245
f 287//287 242//242 264//264
f 338//338 292//292 258//258
f 316//316 374//374 364//364
f 310//310 258//258 199//199
f 253//253 199//199 258//258
f 253//253 292//292 230//230
f 230//230 199//199 253//253
f 298//298 280//280 290//290
f 298//298 228//228 280//280
f 203//203 197//197 228//228
f 228//228 239//239 169//169
f 203//203 228//228 169//169
f 199//199 161//161 177//177
f 199//199 194//194 140//140
f 140//140 150//150 199//199
f 194//194 199//199 230//230
f 245//245 314//314 228//228
f 197//197 245//245 228//228
f 169//169 144//144 197//197
f 194//194 230//230 159//159
f 197//197 144//144 142//142
f 159//159 140//140 194//194
f 335//335 301//301 327//327
f 284//284 362//362 263//263
f 301//301 325//325 327//327
f 362//362 374//374 286//286
f 320//320 242//242 315//315
f 320//320 294//294 242//242
f 377//377 322//322 320//320
f 320//320 322//322 294//294
f 260//260 255//255 247//247
f 209//209 247//247 255//255
f 209//209 255//255 212//212
f 294//294 242//242 287//287
f 209//209 230//230 247//247
f 263//263 232//232 294//294
f 286//286 232//232 263//263
f 286//286 245//245 232//232
f 242//242 294//294 243//243
f 277//277 293//293 296//296
f 248//248 296//296 279//279
f 333//333 315//315 270//270
f 333//333 270//270 266//266
f 294//294 307//307 252//252
f 252//252 307//307 265//265
f 284//284 265//265 307//307
f 268//268 333//333 248//248
f 266//266 248//248 333//333
f 266//266 242//242 248//248
f 263//263 265//265 284//284
f 212//212 255//255 248//248
f 263//263 232//232 252//252
f 263//263 252//252 232//232
f 227//227 232//232 212//212
f 223//223 212//212 248//248
f 227//227 223//223 248//248
f 212//212 223//223 227//227
f 294//294 322//322 307//307
f 270//270 315//315 242//242
f 263//263 294//294 252//252
f 232//232 227//227 242//242
f 286//286 263//263 362//362
f 232//232 213//213 175//175
f 213//213 245//245 197//197
f 180//180 175//175 197//197
f 230//230 209//209 159//159
f 175//175 212//212 232//232
f 142//142 180//180 197//197
f 209//209 162//162 115//115
f 209//209 115//115 159//159
f 209//209 167//167 162//162
f 148//148 167//167 113//113
f 164//164 113//113 167//167
f 115//115 162//162 167//167
f 164//164 142//142 113//113
f 167//167 113//113 115//115
f 167//167 148//148 113//113
f 212//212 175//175 167//167
f 175//175 180//180 142//142
f 286//286 374//374 316//316
f 242//242 287//287 264//264
f 232//232 245//245 213//213
f 661//661 588//588 608//608
f 588//588 596//596 592//592
f 542//542 581//581 588//588
f 591//591 592//592 588//588
f 608//608 588//588 592//592
f 588//588 446//446 487//487
f 588//588 618//618 446//446
f 446//446 421//421 487//487
f 483//483 442//442 413//413
f 483//483 413//413 456//456
f 488//488 421//421 442//442
f 483//483 488//488 442//442
f 483//483 421//421 488//488
f 457//457 411//411 495//495
f 516//516 457//457 495//495
f 411//411 457//457 479//479
f 673//673 661//661 611//611
f 557//557 525//525 673//673
f 611//611 557//557 673//673
f 541//541 525//525 519//519
f 611//611 541//541 557//557
f 432//432 527//527 541//541
f 653//653 525//525 404//404
f 525//525 404//404 508//508
f 494//494 432//432 415//415
f 493//493 519//519 514//514
f 493//493 514//514 494//494
f 415//415 525//525 541//541
f 527//527 519//519 541//541
f 519//519 511//511 514//514
f 511//511 519//519 514//514
f 511//511 519//519 494//494
f 512//512 435//435 541//541
f 435//435 456//456 479//479
f 456//456 413//413 479//479
f 432//432 384//384 385//385
f 415//415 432//432 424//424
f 385//385 384//384 435//435
f 432//432 435//435 384//384
f 479//479 398//398 376//376
f 479//479 376//376 402//402
f 479//479 402//402 435//435
f 446//446 347//347 361//361
f 361//361 421//421 446//446
f 446//446 361//361 347//347
f 446//446 392//392 337//337
f 421//421 361//361 359//359
f 334//334 339//339 324//324
f 324//324 339//339 351//351
f 495//495 337//337 352//352
f 359//359 411//411 421//421
f 495//495 411//411 359//359
f 359//359 337//337 495//495
f 495//495 400//400 457//457
f 312//312 400//400 333//333
f 359//359 361//361 337//337
f 457//457 351//351 398//398
f 351//351 376//376 398//398
f 457//457 312//312 383//383
f 351//351 457//457 383//383
f 351//351 383//383 312//312
f 312//312 334//334 324//324
f 296//296 312//312 279//279
f 334//334 312//312 296//296
f 268//268 312//312 333//333
f 358//358 339//339 353//353
f 358//358 385//385 339//339
f 385//385 376//376 339//339
f 351//351 339//339 376//376
f 312//312 324//324 351//351
f 508//508 404//404 525//525
f 508//508 532//532 404//404
f 376//376 435//435 402//402
f 248//248 312//312 268//268
f 417//417 600//600 582//582
f 506//506 495//495 501//501
f 661//661 618//618 588//588
f 279//279 312//312 248//248
f 454//454 403//403 468//468
f 363//363 377//377 320//320
f 320//320 315//315 333//333
f 333//333 363//363 320//320
f 716//716 713//713 784//784
f 684//684 730//730 712//712
f 500//500 648//648 687//687
f 461//461 545//545 505//505
f 298//298 319//319 350//350
f 653//653 673//673 525//525
f 291//291 219//219 282//282
f 282//282 330//330 291//291
f 282//282 195//195 187//187
f 282//282 190//190 195//195
f 219//219 190//190 282//282
f 219//219 262//262 233//233
f 396//396 309//309 430//430
f 309//309 206//206 430//430
f 349//349 426//426 323//323
f 309//309 317//317 250//250
f 250//250 206//206 309//309
f 426//426 342//342 330//330
f 426//426 330//330 323//323
f 430//430 236//236 378//378
f 236//236 430//430 206//206
f 330//330 342//342 291//291
f 342//342 262//262 291//291
f 262//262 342//342 295//295
f 418//418 378//378 236//236
f 291//291 262//262 219//219
f 218//218 236//236 206//206
f 317//317 231//231 250//250
f 196//196 206//206 231//231
f 206//206 196//196 157//157
f 206//206 250//250 231//231
f 193//193 206//206 181//181
f 206//206 193//193 218//218
f 163//163 187//187 195//195
f 157//157 181//181 206//206
f 236//236 259//259 418//418
f 236//236 218//218 259//259
f 190//190 219//219 233//233
f 233//233 262//262 295//295
f 341//341 233//233 295//295
f 300//300 276//276 304//304
f 256//256 259//259 218//218
f 198//198 190//190 233//233
f 300//300 218//218 225//225
f 256//256 218//218 300//300
f 205//205 225//225 218//218
f 225//225 235//235 300//300
f 205//205 185//185 225//225
f 182//182 218//218 189//189
f 189//189 218//218 193//193
f 205//205 218//218 208//208
f 182//182 208//208 218//218
f 182//182 205//205 208//208
f 137//137 190//190 119//119
f 99//99 182//182 181//181
f 198//198 145//145 190//190
f 185//185 205//205 129//129
f 182//182 99//99 205//205
f 145//145 119//119 190//190
f 205//205 99//99 129//129
f 99//99 103//103 129//129
f 145//145 86//86 102//102
f 193//193 181//181 189//189
f 187//187 114//114 154//154
f 128//128 157//157 127//127
f 157//157 166//166 127//127
f 187//187 124//124 114//114
f 187//187 163//163 126//126
f 79//79 128//128 127//127
f 124//124 108//108 82//82
f 114//114 124//124 82//82
f 137//137 163//163 190//190
f 90//90 60//60 108//108
f 181//181 128//128 97//97
f 60//60 82//82 108//108
f 181//181 97//97 70//70
f 181//181 157//157 128//128
f 108//108 124//124 126//126
f 90//90 108//108 137//137
f 97//97 128//128 79//79
f 79//79 22//22 68//68
f 48//48 79//79 127//127
f 30//30 79//79 48//48
f 30//30 48//48 31//31
f 37//37 60//60 35//35
f 70//70 68//68 22//22
f 83//83 20//20 60//60
f 79//79 30//30 22//22
f 20//20 35//35 60//60
f 137//137 83//83 90//90
f 137//137 119//119 83//83
f 98//98 99//99 181//181
f 98//98 181//181 70//70
f 42//42 72//72 119//119
f 42//42 83//83 72//72
f 83//83 119//119 72//72
f 60//60 90//90 83//83
f 70//70 52//52 98//98
f 102//102 76//76 119//119
f 119//119 76//76 42//42
f 71//71 103//103 99//99
f 76//76 67//67 42//42
f 71//71 52//52 45//45
f 98//98 52//52 71//71
f 17//17 83//83 42//42
f 15//15 17//17 42//42
f 52//52 70//70 22//22
f 52//52 22//22 25//25
f 83//83 17//17 20//20
f 17//17 25//25 22//22
f 25//25 17//17 16//16
f 15//15 16//16 17//17
f 52//52 25//25 16//16
f 52//52 16//16 45//45
f 14//14 15//15 42//42
f 42//42 16//16 14//14
f 221//221 341//341 273//273
f 221//221 198//198 233//233
f 215//215 235//235 225//225
f 257//257 276//276 240//240
f 240//240 215//215 257//257
f 215//215 240//240 235//235
f 221//221 244//244 178//178
f 215//215 225//225 210//210
f 185//185 215//215 210//210
f 178//178 198//198 221//221
f 225//225 185//185 210//210
f 215//215 185//185 171//171
f 257//257 215//215 186//186
f 244//244 177//177 178//178
f 186//186 239//239 257//257
f 147//147 178//178 173//173
f 178//178 177//177 173//173
f 151//151 215//215 152//152
f 178//178 145//145 198//198
f 147//147 145//145 178//178
f 145//145 147//147 135//135
f 185//185 152//152 171//171
f 152//152 185//185 129//129
f 86//86 145//145 135//135
f 135//135 147//147 86//86
f 147//147 54//54 86//86
f 129//129 78//78 100//100
f 129//129 100//100 152//152
f 146//146 107//107 147//147
f 130//130 100//100 118//118
f 100//100 130//130 152//152
f 152//152 130//130 151//151
f 61//61 147//147 107//107
f 54//54 147//147 61//61
f 61//61 107//107 55//55
f 186//186 174//174 239//239
f 174//174 184//184 239//239
f 177//177 133//133 155//155
f 186//186 215//215 151//151
f 146//146 173//173 177//177
f 146//146 177//177 155//155
f 146//146 155//155 133//133
f 133//133 177//177 160//160
f 156//156 184//184 174//174
f 160//160 161//161 133//133
f 160//160 177//177 161//161
f 151//151 120//120 174//174
f 120//120 151//151 106//106
f 105//105 133//133 134//134
f 174//174 120//120 139//139
f 134//134 133//133 161//161
f 151//151 130//130 118//118
f 107//107 133//133 89//89
f 55//55 89//89 105//105
f 106//106 151//151 118//118
f 107//107 89//89 55//55
f 118//118 57//57 64//64
f 118//118 64//64 87//87
f 118//118 100//100 95//95
f 118//118 87//87 106//106
f 105//105 81//81 46//46
f 105//105 66//66 55//55
f 105//105 46//46 66//66
f 66//66 46//46 55//55
f 64//64 57//57 21//21
f 105//105 89//89 133//133
f 173//173 146//146 147//147
f 133//133 107//107 146//146
f 120//120 62//62 139//139
f 76//76 86//86 67//67
f 78//78 129//129 103//103
f 86//86 54//54 67//67
f 67//67 54//54 27//27
f 27//27 9//9 67//67
f 39//39 78//78 53//53
f 95//95 100//100 51//51
f 51//51 100//100 78//78
f 39//39 51//51 78//78
f 54//54 61//61 27//27
f 39//39 11//11 23//23
f 53//53 78//78 45//45
f 55//55 27//27 61//61
f 6//6 67//67 9//9
f 16//16 11//11 28//28
f 11//11 16//16 6//6
f 4//4 11//11 6//6
f 9//9 3//3 2//2
f 28//28 11//11 39//39
f 4//4 9//9 2//2
f 3//3 9//9 27//27
f 2//2 11//11 4//4
f 57//57 118//118 51//51
f 39//39 57//57 51//51
f 57//57 39//39 10//10
f 26//26 3//3 27//27
f 10//10 23//23 7//7
f 3//3 10//10 7//7
f 10//10 26//26 13//13
f 26//26 10//10 3//3
f 57//57 10//10 33//33
f 1//1 10//10 3//3
f 55//55 46//46 27//27
f 27//27 46//46 26//26
f 7//7 23//23 11//11
f 233//233 341//341 221//221
f 86//86 76//76 102//102
f 35//35 20//20 31//31
f 31//31 22//22 30//30
f 22//22 20//20 17//17
f 150//150 136//136 161//161
f 169//169 96//96 144//144
f 156//156 169//169 184//184
f 161//161 105//105 134//134
f 62//62 96//96 112//112
f 161//161 69//69 105//105
f 161//161 136//136 69//69
f 96//96 111//111 144//144
f 96//96 156//156 174//174
f 96//96 169//169 156//156
f 136//136 150//150 69//69
f 81//81 105//105 69//69
f 47//47 46//46 81//81
f 46//46 47//47 26//26
f 36//36 96//96 62//62
f 81//81 69//69 47//47
f 19//19 18//18 24//24
f 69//69 34//34 18//18
f 24//24 18//18 34//34
f 47//47 69//69 18//18
f 94//94 159//159 115//115
f 144//144 111//111 131//131
f 142//142 144//144 131//131
f 75//75 142//142 111//111
f 74//74 142//142 75//75
f 94//94 69//69 140//140
f 75//75 111//111 96//96
f 94//94 32//32 69//69
f 75//75 96//96 36//36
f 142//142 74//74 113//113
f 80//80 84//84 74//74
f 84//84 80//80 74//74
f 94//94 74//74 50//50
f 74//74 44//44 50//50
f 75//75 36//36 74//74
f 50//50 44//44 94//94
f 44//44 74//74 36//36
f 29//29 32//32 36//36
f 32//32 40//40 36//36
f 32//32 24//24 69//69
f 44//44 36//36 40//40
f 32//32 29//29 24//24
f 29//29 36//36 24//24
f 36//36 19//19 24//24
f 57//57 33//33 21//21
f 10//10 21//21 33//33
f 18//18 13//13 26//26
f 21//21 13//13 8//8
f 18//18 12//12 13//13
f 21//21 8//8 12//12
f 18//18 26//26 47//47
f 21//21 5//5 13//13
f 18//18 19//19 12//12
f 12//12 19//19 21//21
f 21//21 19//19 62//62
f 96//96 174//174 139//139
f 139//139 62//62 112//112
f 868//868 860//860 867//867
f 323//323 282//282 302//302
f 166//166 196//196 231//231
f 889//889 835//835 885//885
f 721//721 735//735 841//841
f 701//701 674//674 721//721
f 300//300 418//418 259//259
f 256//256 300//300 259//259
f 184//184 169//169 239//239
f 874//874 881//881 875//875
f 863//863 889//889 874//874
f 759//759 752//752 736//736
f 763//763 729//729 736//736
f 576//576 417//417 433//433
f 355//355 371//371 334//334
f 196//196 166//166 157//157
f 163//163 195//195 190//190
f 472//472 481//481 480//480
f 534//534 526//526 533//533
f 874//874 882//882 881//881
f 888//888 882//882 889//889
f 890//890 883//883 882//882
f 891//891 886//886 893//893
f 895//895 896//896 897//897
f 897//897 892//892 895//895
f 898//898 862//862 892//892
f 897//897 898//898 892//892
f 844//844 832//832 862//862
f 805//805 857//857 735//735
f 750//750 768//768 811//811
f 893//893 887//887 891//891
f 891//891 895//895 892//892
f 853//853 845//845 892//892
f 838//838 829//829 851//851
f 845//845 827//827 807//807
f 768//768 749//749 738//738
f 877//877 879//879 869//869
f 858//858 873//873 866//866
f 860//860 849//849 877//877
f 867//867 877//877 869//869
f 877//877 858//858 866//866
f 891//891 870//870 886//886
f 837//837 818//818 828//828
f 806//806 778//778 838//838
f 547//547 564//564 563//563
f 778//778 751//751 644//644
f 737//737 745//745 719//719
f 751//751 715//715 644//644
f 745//745 691//691 690//690
f 864//864 837//837 838//838
f 823//823 795//795 820//820
f 795//795 776//776 820//820
f 875//875 872//872 874//874
f 861//861 874//874 872//872
f 808//808 776//776 773//773
f 788//788 773//773 742//742
f 776//776 795//795 761//761
f 476//476 660//660 571//571
f 476//476 547//547 571//571
f 628//628 604//604 622//622
f 622//622 628//628 616//616
f 607//607 616//616 628//628
f 622//622 616//616 660//660
f 607//607 616//616 578//578
f 564//564 578//578 607//607
f 440//440 547//547 607//607
f 564//564 562//562 578//578
f 440//440 562//562 564//564
f 440//440 564//564 547//547
f 569//569 518//518 562//562
f 562//562 578//578 563//563
f 562//562 563//563 569//569
f 554//554 561//561 577//577
f 554//554 563//563 569//569
f 563//563 564//564 616//616
f 554//554 569//569 518//518
f 626//626 585//585 633//633
f 633//633 641//641 643//643
f 626//626 633//633 643//643
f 641//641 633//633 632//632
f 635//635 641//641 629//629
f 629//629 585//585 626//626
f 626//626 579//579 641//641
f 604//604 627//627 655//655
f 598//598 630//630 627//627
f 634//634 655//655 627//627
f 645//645 640//640 630//630
f 561//561 575//575 604//604
f 559//559 604//604 575//575
f 627//627 634//634 640//640
f 624//624 631//631 634//634
f 617//617 590//590 612//612
f 634//634 615//615 612//612
f 617//617 612//612 640//640
f 617//617 640//640 632//632
f 590//590 624//624 604//604
f 615//615 624//624 634//634
f 617//617 624//624 631//631
f 617//617 631//631 632//632
f 634//634 612//612 640//640
f 598//598 583//583 590//590
f 604//604 587//587 590//590
f 587//587 590//590 583//583
f 575//575 604//604 587//587
f 575//575 587//587 583//583
f 630//630 598//598 583//583
f 612//612 590//590 598//598
f 627//627 604//604 615//615
f 612//612 598//598 615//615
f 651//651 640//640 645//645
f 575//575 630//630 583//583
f 575//575 559//559 566//566
f 559//559 551//551 554//554
f 538//538 561//561 551//551
f 504//504 518//518 498//498
f 521//521 526//526 496//496
f 526//526 533//533 496//496
f 498//498 521//521 496//496
f 521//521 526//526 518//518
f 559//559 551//551 530//530
f 533//533 524//524 504//504
f 504//504 496//496 498//498
f 533//533 524//524 504//504
f 554//554 521//521 518//518
f 530//530 497//497 534//534
f 538//538 530//530 517//517
f 523//523 538//538 517//517
f 523//523 517//517 530//530
f 497//497 523//523 530//530
f 530//530 497//497 534//534
f 601//601 585//585 620//620
f 515//515 574//574 565//565
f 601//601 574//574 585//585
f 601//601 585//585 594//594
f 565//565 574//574 593//593
f 585//585 565//565 593//593
f 601//601 574//574 593//593
f 574//574 617//617 595//595
f 574//574 515//515 585//585
f 471//471 474//474 477//477
f 538//538 515//515 509//509
f 538//538 515//515 523//523
f 477//477 481//481 471//471
f 467//467 445//445 471//471
f 450//450 445//445 467//467
f 515//515 482//482 458//458
f 482//482 475//475 458//458
f 449//449 450//450 467//467
f 449//449 467//467 477//477
f 481//481 482//482 489//489
f 515//515 489//489 482//482
f 475//475 482//482 509//509
f 477//477 472//472 480//480
f 467//467 480//480 472//472
f 480//480 481//481 477//477
f 467//467 481//481 480//480
f 458//458 475//475 450//450
f 450//450 370//370 458//458
f 481//481 509//509 482//482
f 617//617 595//595 590//590
f 631//631 620//620 632//632
f 617//617 624//624 590//590
f 617//617 590//590 574//574
f 590//590 574//574 559//559
f 538//538 574//574 590//590
f 561//561 538//538 566//566
f 594//594 579//579 601//601
f 575//575 561//561 566//566
f 548//548 585//585 579//579
f 521//521 563//563 554//554
f 604//604 577//577 561//561
f 643//643 601//601 626//626
f 633//633 620//620 632//632
f 601//601 643//643 620//620
f 631//631 643//643 634//634
f 633//633 585//585 620//620
f 491//491 485//485 521//521
f 476//476 420//420 345//345
f 345//345 440//440 476//476
f 474//474 471//471 469//469
f 474//474 469//469 459//459
f 459//459 477//477 469//469
f 379//379 423//423 450//450
f 445//445 449//449 423//423
f 379//379 420//420 422//422
f 471//471 422//422 443//443
f 422//422 379//379 423//423
f 449//449 445//445 443//443
f 498//498 521//521 491//491
f 459//459 471//471 420//420
f 471//471 474//474 469//469
f 370//370 450//450 449//449
f 450//450 445//445 423//423
f 445//445 471//471 443//443
f 449//449 477//477 443//443
f 469//469 477//477 474//474
f 571//571 616//616 564//564
f 563//563 521//521 547//547
f 547//547 607//607 571//571
f 881//881 882//882 875//875
f 723//723 699//699 732//732
f 728//728 710//710 614//614
f 441//441 567//567 699//699
f 528//528 699//699 567//567
f 528//528 711//711 724//724
f 567//567 441//441 546//546
f 546//546 544//544 567//567
f 567//567 614//614 544//544
f 567//567 728//728 614//614
f 621//621 629//629 703//703
f 621//621 603//603 586//586
f 621//621 586//586 603//603
f 629//629 579//579 586//586
f 621//621 677//677 629//629
f 463//463 552//552 586//586
f 462//462 460//460 465//465
f 465//465 515//515 462//462
f 460//460 515//515 465//465
f 552//552 536//536 586//586
f 536//536 579//579 484//484
f 548//548 462//462 484//484
f 536//536 470//470 638//638
f 409//409 470//470 373//373
f 357//357 409//409 373//373
f 373//373 484//484 416//416
f 586//586 552//552 548//548
f 638//638 470//470 694//694
f 285//285 238//238 254//254
f 463//463 470//470 344//344
f 249//249 254//254 204//204
f 285//285 306//306 370//370
f 463//463 382//382 470//470
f 699//699 470//470 441//441
f 308//308 344//344 357//357
f 321//321 382//382 344//344
f 382//382 410//410 344//344
f 344//344 382//382 463//463
f 278//278 344//344 308//308
f 373//373 249//249 308//308
f 249//249 229//229 278//278
f 170//170 191//191 278//278
f 677//677 579//579 629//629
f 204//204 183//183 229//229
f 379//379 285//285 288//288
f 158//158 170//170 183//183
f 141//141 149//149 158//158
f 170//170 158//158 149//149
f 746//746 789//789 805//805
f 710//710 831//831 746//746
f 528//528 354//354 365//365
f 528//528 507//507 637//637
f 272//272 346//346 328//328
f 340//340 328//328 360//360
f 407//407 390//390 368//368
f 346//346 356//356 368//368
f 368//368 356//356 399//399
f 399//399 529//529 407//407
f 125//125 165//165 188//188
f 222//222 251//251 297//297
f 328//328 340//340 272//272
f 323//323 302//302 349//349
f 202//202 172//172 168//168
f 200//200 211//211 272//272
f 110//110 101//101 92//92
f 101//101 56//56 59//59
f 127//127 179//179 109//109
f 187//187 154//154 172//172
f 127//127 166//166 176//176
f 192//192 143//143 93//93
f 91//91 153//153 104//104
f 65//65 85//85 73//73
f 65//65 73//73 63//63
f 59//59 49//49 58//58
f 59//59 56//56 49//49
f 77//77 58//58 43//43
f 58//58 65//65 59//59
f 528//528 441//441 313//313
f 238//238 204//204 254//254
f 889//889 796//796 835//835
f 789//789 831//831 805//805
f 711//711 706//706 750//750
f 720//720 738//738 750//750
f 700//700 619//619 444//444
f 317//317 444//444 367//367
f 38//38 49//49 56//56
f 43//43 49//49 38//38
f 35//35 48//48 37//37
f 43//43 38//38 41//41
f 736//736 688//688 759//759
f 736//736 729//729 685//685
f 736//736 685//685 688//688
f 688//688 692//692 759//759
f 667//667 704//704 702//702
f 667//667 702//702 683//683
f 606//606 683//683 550//550
f 729//729 673//673 685//685
f 417//417 334//334 371//371
f 597//597 560//560 582//582
f 560//560 609//609 570//570
f 609//609 560//560 625//625
f 570//570 609//609 685//685
f 366//366 405//405 424//424
f 570//570 510//510 492//492
f 387//387 386//386 451//451
f 451//451 380//380 387//387
f 387//387 419//419 385//385
f 419//419 380//380 424//424
f 380//380 419//419 387//387
f 839//839 849//849 860//860
f 486//486 404//404 424//424
f 510//510 606//606 503//503
f 424//424 405//405 486//486
f 550//550 503//503 606//606
f 868//868 867//867 859//859
f 869//869 854//854 843//843
f 859//859 848//848 847//847
f 678//678 690//690 580//580
f 780//780 765//765 791//791
f 843//843 813//813 840//840
f 740//740 793//793 520//520
f 678//678 671//671 737//737
f 740//740 520//520 715//715
f 418//418 610//610 690//690
f 726//726 722//722 671//671
f 568//568 734//734 726//726
f 825//825 824//824 815//815
f 815//815 824//824 816//816
f 782//782 812//812 810//810
f 782//782 810//810 790//790
f 824//824 816//816 815//815
f 819//819 815//815 825//825
f 800//800 787//787 767//767
f 836//836 718//718 787//787
f 803//803 801//801 804//804
f 803//803 804//804 801//801
f 804//804 803//803 800//800
f 801//801 815//815 803//803
f 786//786 817//817 812//812
f 792//792 786//786 812//812
f 792//792 730//730 786//786
f 712//712 792//792 733//733
f 668//668 718//718 650//650
f 687//687 730//730 613//613
f 695//695 648//648 425//425
f 836//836 816//816 848//848
f 406//406 393//393 341//341
f 584//584 540//540 455//455
f 455//455 540//540 502//502
f 369//369 329//329 455//455
f 468//468 403//403 425//425
f 369//369 283//283 329//329
f 369//369 502//502 299//299
f 757//757 771//771 766//766
f 766//766 762//762 771//771
f 736//736 752//752 763//763
f 744//744 729//729 763//763
f 763//763 757//757 766//766
f 729//729 725//725 673//673
f 782//782 764//764 733//733
f 727//727 733//733 764//764
f 781//781 783//783 779//779
f 772//772 774//774 779//779
f 774//774 781//781 772//772
f 783//783 689//689 696//696
f 733//733 717//717 675//675
f 717//717 733//733 727//727
f 675//675 717//717 670//670
f 713//713 664//664 689//689
f 709//709 670//670 731//731
f 689//689 783//783 760//760
f 764//764 774//774 747//747
f 730//730 623//623 613//613
f 623//623 602//602 613//613
f 412//412 473//473 461//461
f 709//709 714//714 731//731
f 663//663 692//692 625//625
f 680//680 661//661 698//698
f 679//679 696//696 664//664
f 680//680 698//698 753//753
f 652//652 681//681 618//618
f 654//654 647//647 539//539
f 656//656 657//657 654//654
f 618//618 659//659 654//654
f 549//549 431//431 535//535
f 549//549 535//535 431//431
f 535//535 499//499 431//431
f 391//391 434//434 377//377
f 657//657 681//681 647//647
f 576//576 663//663 625//625
f 438//438 572//572 589//589
f 375//375 277//277 335//335
f 371//371 355//355 417//417
f 438//438 433//433 417//417
f 446//446 427//427 392//392
f 439//439 427//427 446//446
f 434//434 408//408 447//447
f 447//447 414//414 434//434
f 434//434 464//464 448//448
f 434//434 448//448 447//447
f 495//495 478//478 429//429
f 448//448 478//478 495//495
f 429//429 400//400 495//495
f 408//408 429//429 448//448
f 447//447 448//448 478//478
f 429//429 478//478 448//448
f 296//296 293//293 336//336
f 375//375 336//336 277//277
f 414//414 377//377 434//434
f 326//326 284//284 352//352
f 452//452 602//602 572//572
f 314//314 316//316 364//364
f 230//230 292//292 247//247
f 350//350 314//314 364//364
f 290//290 289//289 303//303
f 289//289 290//290 280//280
f 169//169 197//197 203//203
f 277//277 255//255 301//301
f 335//335 277//277 301//301
f 242//242 294//294 287//287
f 243//243 294//294 232//232
f 243//243 232//232 242//242
f 255//255 277//277 248//248
f 263//263 252//252 265//265
f 242//242 266//266 270//270
f 197//197 175//175 213//213
f 611//611 512//512 541//541
f 164//164 167//167 175//175
f 164//164 175//175 142//142
f 301//301 255//255 260//260
f 591//591 588//588 592//592
f 591//591 592//592 596//596
f 596//596 581//581 608//608
f 581//581 596//596 588//588
f 592//592 591//591 608//608
f 596//596 608//608 591//591
f 581//581 661//661 608//608
f 611//611 661//661 512//512
f 555//555 512//512 581//581
f 542//542 555//555 581//581
f 555//555 588//588 487//487
f 588//588 555//555 542//542
f 487//487 421//421 483//483
f 512//512 483//483 456//456
f 516//516 495//495 506//506
f 413//413 442//442 421//421
f 512//512 487//487 483//483
f 506//506 457//457 516//516
f 457//457 398//398 479//479
f 541//541 519//519 525//525
f 541//541 525//525 557//557
f 432//432 541//541 435//435
f 514//514 527//527 432//432
f 525//525 415//415 404//404
f 415//415 519//519 494//494
f 494//494 519//519 493//493
f 494//494 519//519 511//511
f 514//514 432//432 494//494
f 519//519 527//527 514//514
f 511//511 494//494 514//514
f 494//494 511//511 514//514
f 352//352 337//337 326//326
f 512//512 456//456 435//435
f 479//479 413//413 411//411
f 361//361 446//446 337//337
f 413//413 421//421 411//411
f 400//400 312//312 457//457
f 435//435 376//376 385//385
f 404//404 532//532 508//508
f 404//404 424//424 389//389
f 404//404 394//394 415//415
f 424//424 404//404 415//415
f 415//415 394//394 404//404
f 353//353 385//385 358//358
f 457//457 506//506 495//495
f 495//495 506//506 501//501
f 337//337 392//392 427//427
f 326//326 337//337 362//362
f 364//364 412//412 350//350
f 412//412 461//461 350//350
f 336//336 293//293 277//277
f 687//687 613//613 500//500
f 553//553 505//505 545//545
f 771//771 755//755 766//766
f 323//323 330//330 282//282
f 276//276 300//300 235//235
f 182//182 189//189 181//181
f 119//119 145//145 102//102
f 124//124 187//187 126//126
f 137//137 126//126 163//163
f 126//126 137//137 108//108
f 68//68 70//70 97//97
f 97//97 79//79 68//68
f 98//98 71//71 99//99
f 16//16 15//15 14//14
f 42//42 67//67 6//6
f 16//16 28//28 45//45
f 6//6 16//16 42//42
f 276//276 235//235 240//240
f 215//215 171//171 152//152
f 177//177 244//244 241//241
f 186//186 151//151 174//174
f 120//120 87//87 62//62
f 87//87 120//120 106//106
f 64//64 21//21 87//87
f 51//51 118//118 95//95
f 45//45 103//103 71//71
f 103//103 45//45 78//78
f 4//4 6//6 9//9
f 23//23 10//10 39//39
f 3//3 10//10 1//1
f 7//7 2//2 3//3
f 2//2 7//7 11//11
f 31//31 20//20 22//22
f 139//139 112//112 96//96
f 140//140 159//159 94//94
f 24//24 34//34 69//69
f 69//69 150//150 140//140
f 62//62 19//19 36//36
f 142//142 131//131 111//111
f 74//74 84//84 113//113
f 84//84 74//74 94//94
f 84//84 115//115 113//113
f 762//762 692//692 663//663
f 94//94 115//115 84//84
f 32//32 94//94 44//44
f 44//44 40//40 32//32
f 13//13 12//12 8//8
f 10//10 13//13 5//5
f 10//10 5//5 21//21
f 793//793 818//818 814//814
f 199//199 150//150 161//161
f 550//550 683//683 653//653
f 576//576 625//625 597//597
f 296//296 355//355 334//334
f 567//567 546//546 544//544
f 603//603 629//629 621//621
f 629//629 603//603 586//586
f 515//515 574//574 565//565
f 643//643 626//626 641//641
f 601//601 624//624 574//574
f 574//574 624//624 617//617
f 631//631 624//624 620//620
f 620//620 624//624 601//601
f 615//615 634//634 627//627
f 566//566 590//590 587//587
f 590//590 566//566 559//559
f 575//575 566//566 587//587
f 575//575 587//587 604//604
f 564//564 607//607 547//547
f 569//569 616//616 563//563
f 616//616 569//569 604//604
f 616//616 604//604 622//622
f 604//604 569//569 577//577
f 577//577 569//569 554//554
f 554//554 577//577 569//569
f 569//569 577//577 562//562
f 569//569 562//562 518//518
f 562//562 577//577 578//578
f 578//578 577//577 616//616
f 578//578 616//616 607//607
f 616//616 577//577 622//622
f 622//622 577//577 628//628
f 628//628 577//577 604//604
f 504//504 530//530 533//533
f 530//530 538//538 551//551
f 530//530 551//551 533//533
f 551//551 561//561 554//554
f 551//551 554//554 533//533
f 554//554 518//518 533//533
f 530//530 497//497 504//504
f 474//474 504//504 469//469
f 469//469 504//504 459//459
f 459//459 504//504 485//485
f 485//485 504//504 518//518
f 518//518 504//504 491//491
f 491//491 504//504 498//498
f 491//491 498//498 518//518
f 504//504 517//517 530//530
f 517//517 504//504 538//538
f 538//538 504//504 509//509
f 509//509 504//504 489//489
f 489//489 504//504 480//480
f 489//489 480//480 481//481
f 477//477 504//504 474//474
f 489//489 472//472 482//482
f 482//482 472//472 458//458
f 458//458 472//472 450//450
f 450//450 472//472 449//449
f 449//449 472//472 477//477
f 443//443 449//449 422//422
f 422//422 449//449 423//423
f 547//547 564//564 571//571
f 571//571 476//476 547//547
f 554//554 521//521 534//534
f 521//521 526//526 534//534
f 534//534 533//533 524//524
f 524//524 504//504 534//534
f 504//504 497//497 534//534
f 530//530 559//559 534//534
f 559//559 551//551 534//534
f 551//551 554//554 534//534
f 626//626 635//635 641//641
f 641//641 635//635 639//639
f 633//633 585//585 626//626
f 633//633 626//626 641//641
f 627//627 598//598 615//615
f 627//627 615//615 640//640
f 615//615 612//612 640//640
f 630//630 645//645 622//622
f 645//645 649//649 651//651
f 649//649 645//645 640//640
f 640//640 645//645 630//630
f 620//620 585//585 593//593
f 574//574 595//595 593//593
f 595//595 617//617 593//593
f 617//617 632//632 593//593
f 632//632 620//620 593//593
f 573//573 598//598 583//583
f 583//583 575//575 573//573
f 575//575 559//559 573//573
f 559//559 590//590 573//573
f 590//590 598//598 573//573
f 437//437 450//450 445//445
f 450//450 437//437 423//423
f 423//423 437//437 422//422
f 423//423 422//422 379//379
f 422//422 437//437 471//471
f 471//471 437//437 445//445
f 482//482 481//481 467//467
f 450//450 475//475 467//467
f 475//475 482//482 467//467
f 474//474 471//471 497//497
f 481//481 509//509 497//497
f 509//509 538//538 523//523
f 509//509 523//523 497//497
f 504//504 496//496 497//497
f 496//496 498//498 521//521
f 496//496 521//521 497//497
f 521//521 491//491 497//497
f 491//491 485//485 497//497
f 485//485 459//459 497//497
f 459//459 474//474 497//497
