# convertido de flygym/NeuroMechFly (lf_coxa)
v -0.06271 -0.00906 -0.30440
v -0.06254 -0.00885 -0.30466
v -0.06230 -0.00944 -0.30427
v -0.06229 -0.02824 -0.17395
v -0.06218 -0.02840 -0.17515
v -0.06157 -0.02578 -0.17345
v -0.06148 -0.01334 -0.29619
v -0.06143 -0.02236 -0.16488
v -0.06143 -0.03239 -0.15639
v -0.06140 -0.00929 -0.30446
v -0.06128 -0.02771 -0.17980
v -0.06124 -0.01445 -0.29419
v -0.06107 -0.01502 -0.30372
v -0.06093 -0.01497 -0.29248
v -0.06093 -0.01500 -0.29265
v -0.06073 -0.01506 -0.29236
v -0.06068 0.01472 -0.34907
v -0.06052 -0.01623 -0.28963
v -0.06036 0.01005 -0.34096
v -0.06009 0.00560 -0.33270
v -0.05998 -0.06041 -0.19973
v -0.05994 0.01100 -0.17167
v -0.05984 -0.03914 -0.18046
v -0.05961 -0.01878 -0.28529
v -0.05940 -0.02778 -0.19081
v -0.05911 -0.02725 -0.19131
v -0.05906 -0.03798 -0.16407
v -0.05879 -0.01922 -0.28110
v -0.05854 -0.01334 -0.29422
v -0.05847 -0.01324 -0.29413
v -0.05844 -0.01906 -0.28270
v -0.05839 -0.01909 -0.28078
v -0.05827 -0.00619 -0.31182
v -0.05826 -0.01985 -0.28178
v -0.05781 0.03237 -0.31457
v -0.05764 0.03462 -0.32496
v -0.05750 -0.02260 -0.28170
v -0.05732 -0.01448 -0.33330
v -0.05724 0.00045 -0.19112
v -0.05721 -0.00380 -0.15719
v -0.05718 -0.00397 -0.40007
v -0.05716 -0.02520 -0.19983
v -0.05694 0.00653 -0.34873
v -0.05693 0.01253 -0.35411
v -0.05690 0.00200 -0.32598
v -0.05683 -0.01222 -0.15181
v -0.05679 0.00111 -0.40024
v -0.05667 -0.01307 -0.29432
v -0.05656 -0.02744 -0.20120
v -0.05652 -0.00266 -0.40206
v -0.05648 -0.00646 -0.40202
v -0.05648 -0.00285 -0.40199
v -0.05644 -0.00502 -0.40333
v -0.05643 -0.00497 -0.40313
v -0.05641 -0.00777 -0.39971
v -0.05640 -0.00524 -0.40347
v -0.05635 -0.00547 -0.40360
v -0.05632 -0.00778 -0.39986
v -0.05618 -0.00551 -0.40341
v -0.05604 -0.02141 -0.27265
v -0.05592 0.00796 -0.39584
v -0.05577 -0.00911 -0.39732
v -0.05569 -0.00904 -0.39724
v -0.05567 -0.04072 -0.28313
v -0.05566 -0.01719 -0.19604
v -0.05560 -0.00219 -0.13301
v -0.05559 -0.01159 -0.29301
v -0.05549 -0.00913 -0.39692
v -0.05542 -0.00838 -0.39811
v -0.05541 -0.00925 -0.39666
v -0.05539 -0.01451 -0.29029
v -0.05516 -0.00428 -0.40355
v -0.05516 -0.03057 -0.25042
v -0.05514 -0.03521 -0.20053
v -0.05474 -0.00609 -0.20409
v -0.05471 -0.03051 -0.25265
v -0.05461 0.00211 -0.15473
v -0.05451 -0.05449 -0.23671
v -0.05445 -0.02899 -0.25577
v -0.05439 -0.02935 -0.25561
v -0.05435 -0.02911 -0.25516
v -0.05432 -0.00878 -0.28948
v -0.05430 -0.02897 -0.25592
v -0.05422 -0.02886 -0.25610
v -0.05419 0.03822 -0.32413
v -0.05398 -0.00881 -0.39975
v -0.05384 -0.03016 -0.22241
v -0.05382 -0.03012 -0.22229
v -0.05381 -0.03009 -0.22253
v -0.05378 -0.03020 -0.22299
v -0.05353 -0.02467 -0.14250
v -0.05344 -0.02683 -0.23009
v -0.05343 -0.03011 -0.22236
v -0.05340 0.03031 -0.37212
v -0.05340 -0.02726 -0.25918
v -0.05337 0.03017 -0.37183
v -0.05336 0.03020 -0.37189
v -0.05333 0.03011 -0.37206
v -0.05331 -0.01158 -0.39107
v -0.05296 0.03001 -0.30858
v -0.05277 -0.02320 -0.22155
v -0.05275 0.02444 -0.20376
v -0.05271 0.02878 -0.31018
v -0.05271 0.02315 -0.20846
v -0.05269 0.02713 -0.32057
v -0.05231 -0.00421 -0.12894
v -0.05228 0.02949 -0.36986
v -0.05207 0.01053 -0.29398
v -0.05199 0.01602 -0.38516
v -0.05192 -0.03385 -0.24115
v -0.05189 -0.01402 -0.38681
v -0.05188 0.02787 -0.37337
v -0.05185 0.01633 -0.38503
v -0.05180 -0.00300 -0.40613
v -0.05178 -0.03340 -0.35130
v -0.05171 0.01293 -0.24473
v -0.05170 0.00824 -0.38224
v -0.05160 -0.03975 -0.33791
v -0.05157 -0.04381 -0.32894
v -0.05151 -0.03221 -0.24342
v -0.05151 -0.03988 -0.33564
v -0.05146 -0.00296 -0.40642
v -0.05145 -0.04620 -0.32488
v -0.05138 -0.04410 -0.32857
v -0.05120 -0.01413 -0.38915
v -0.05118 0.03044 -0.31342
v -0.05113 -0.00425 -0.23176
v -0.05099 0.02018 -0.38099
v -0.05096 -0.01471 -0.23595
v -0.05060 -0.00263 -0.40528
v -0.05049 0.04109 -0.18016
v -0.05029 -0.07319 -0.20738
v -0.05022 -0.03913 -0.33632
v -0.05019 -0.00368 -0.40579
v -0.05017 0.01576 -0.22232
v -0.05013 -0.04351 -0.32913
v -0.05013 -0.00983 -0.38419
v -0.05001 -0.00408 -0.40551
v -0.04999 0.02887 -0.30992
v -0.04995 0.05509 -0.21916
v -0.04992 -0.01623 -0.38651
v -0.04981 -0.00472 -0.40525
v -0.04979 0.02881 -0.30973
v -0.04970 0.03513 -0.20138
v -0.04963 0.02825 -0.30784
v -0.04961 -0.02500 -0.26089
v -0.04957 0.02116 -0.35288
v -0.04944 0.02818 -0.30795
v -0.04941 0.02807 -0.30768
v -0.04941 0.02730 -0.31990
v -0.04937 -0.04933 -0.31871
v -0.04936 -0.00697 -0.29755
v -0.04931 0.01828 -0.38495
v -0.04917 0.02814 -0.31803
v -0.04916 -0.00120 -0.28592
v -0.04913 0.02795 -0.31808
v -0.04904 -0.03807 -0.14814
v -0.04902 0.02865 -0.30849
v -0.04902 0.02903 -0.30816
v -0.04894 0.02841 -0.30791
v -0.04891 0.02825 -0.30786
v -0.04888 -0.03565 -0.33487
v -0.04886 0.02878 -0.31680
v -0.04882 0.00076 -0.28075
v -0.04882 -0.03845 -0.33721
v -0.04879 0.02861 -0.30806
v -0.04877 -0.05042 -0.31624
v -0.04877 0.03045 -0.33734
v -0.04876 0.01119 -0.29294
v -0.04873 -0.04996 -0.31688
v -0.04871 0.02883 -0.31718
v -0.04865 -0.04996 -0.31701
v -0.04864 0.02844 -0.31741
v -0.04861 -0.02870 -0.34028
v -0.04859 0.03480 -0.36915
v -0.04856 0.01596 -0.29617
v -0.04854 0.02892 -0.31734
v -0.04851 0.03560 -0.36983
v -0.04839 -0.03771 -0.33955
v -0.04825 0.02790 -0.31106
v -0.04798 0.03632 -0.24279
v -0.04784 -0.01282 -0.35686
v -0.04776 0.03809 -0.36909
v -0.04768 -0.04084 -0.34203
v -0.04767 -0.03716 -0.34051
v -0.04741 0.01396 -0.12952
v -0.04741 0.03529 -0.36973
v -0.04740 -0.03949 -0.34811
v -0.04713 -0.01059 -0.40846
v -0.04713 -0.04623 -0.30376
v -0.04695 0.01120 -0.29857
v -0.04681 0.02484 -0.32803
v -0.04662 0.04559 -0.16227
v -0.04661 0.04743 -0.36108
v -0.04661 0.04375 -0.36502
v -0.04657 -0.05522 -0.30536
v -0.04657 -0.05383 -0.25622
v -0.04654 -0.05440 -0.30632
v -0.04646 -0.05362 -0.30817
v -0.04641 0.03527 -0.34206
v -0.04637 -0.03800 -0.34181
v -0.04635 -0.05540 -0.30446
v -0.04635 -0.05145 -0.30675
v -0.04633 -0.05441 -0.30639
v -0.04626 -0.05584 -0.30397
v -0.04623 -0.05488 -0.30566
v -0.04623 -0.05541 -0.30466
v -0.04620 -0.03674 -0.34230
v -0.04618 -0.05589 -0.30379
v -0.04618 -0.05563 -0.30423
v -0.04614 0.04229 -0.34543
v -0.04613 0.03166 -0.30611
v -0.04611 -0.03730 -0.34279
v -0.04605 -0.05403 -0.30726
v -0.04601 -0.03782 -0.34361
v -0.04586 0.03763 -0.32515
v -0.04563 -0.03798 -0.34354
v -0.04557 -0.03848 -0.34383
v -0.04551 -0.03897 -0.34282
v -0.04544 -0.05567 -0.30350
v -0.04534 -0.05695 -0.30029
v -0.04530 -0.03881 -0.34315
v -0.04527 0.02131 -0.12167
v -0.04519 -0.01958 -0.36479
v -0.04515 0.05166 -0.21945
v -0.04506 0.05179 -0.21868
v -0.04505 -0.03980 -0.34480
v -0.04503 -0.03954 -0.34502
v -0.04503 0.03285 -0.29150
v -0.04496 -0.03952 -0.34487
v -0.04493 -0.03993 -0.34477
v -0.04486 0.05187 -0.21878
v -0.04476 0.05199 -0.21874
v -0.04476 0.05194 -0.21853
v -0.04473 -0.04013 -0.34535
v -0.04458 0.05218 -0.21854
v -0.04434 -0.04087 -0.34575
v -0.04423 -0.06964 -0.24434
v -0.04421 -0.04313 -0.34644
v -0.04421 -0.05867 -0.29544
v -0.04421 -0.01138 -0.41097
v -0.04419 -0.01138 -0.41093
v -0.04406 -0.04136 -0.34580
v -0.04386 -0.04211 -0.34621
v -0.04385 0.05061 -0.35838
v -0.04384 0.05048 -0.35820
v -0.04378 0.05421 -0.21718
v -0.04344 -0.05989 -0.29366
v -0.04340 0.05261 -0.21644
v -0.04329 0.05174 -0.13519
v -0.04306 0.03979 -0.10716
v -0.04274 -0.05839 -0.29646
v -0.04251 0.05251 -0.22315
v -0.04245 -0.04379 -0.34623
v -0.04187 -0.05357 -0.30319
v -0.04172 0.05694 -0.22125
v -0.04158 0.05127 -0.35835
v -0.04151 0.05621 -0.22168
v -0.04147 0.05602 -0.22152
v -0.04109 0.05611 -0.22163
v -0.04107 -0.05924 -0.29017
v -0.04063 -0.07930 -0.21615
v -0.04037 0.05287 -0.35321
v -0.04005 -0.02139 -0.13079
v -0.03995 -0.03881 -0.34912
v -0.03967 0.05307 -0.35311
v -0.03960 0.05293 -0.35277
v -0.03957 -0.05756 -0.16350
v -0.03933 -0.01353 -0.41482
v -0.03879 0.00355 -0.40978
v -0.03879 0.05307 -0.35140
v -0.03860 -0.04910 -0.34694
v -0.03807 -0.04689 -0.15106
v -0.03746 -0.02823 -0.40982
v -0.03734 -0.03111 -0.39042
v -0.03730 -0.04896 -0.31503
v -0.03667 0.05014 -0.26794
v -0.03655 0.00274 -0.11450
v -0.03648 0.05553 -0.22221
v -0.03648 -0.07970 -0.25658
v -0.03620 -0.07546 -0.25922
v -0.03610 0.04802 -0.28301
v -0.03580 0.05334 -0.27602
v -0.03578 -0.08344 -0.23117
v -0.03541 -0.06645 -0.27629
v -0.03509 -0.05045 -0.35082
v -0.03497 0.02000 -0.40344
v -0.03483 0.05681 -0.20588
v -0.03434 -0.07438 -0.26142
v -0.03382 -0.03584 -0.38859
v -0.03358 -0.05004 -0.36028
v -0.03340 -0.03250 -0.41464
v -0.03338 -0.03545 -0.41181
v -0.03336 -0.04345 -0.13375
v -0.03310 -0.07264 -0.31215
v -0.03280 0.06102 -0.08786
v -0.03251 -0.07133 -0.32461
v -0.03184 -0.03144 -0.39796
v -0.03183 -0.05475 -0.33764
v -0.03182 0.05426 -0.34562
v -0.03153 -0.01655 -0.11428
v -0.03151 -0.07805 -0.32386
v -0.03150 -0.07965 -0.31761
v -0.03108 -0.06453 -0.31621
v -0.03105 0.06525 -0.11733
v -0.03058 0.01070 -0.41222
v -0.03045 -0.04285 -0.38402
v -0.03035 -0.05870 -0.31819
v -0.02857 -0.07831 -0.20699
v -0.02815 -0.05598 -0.34349
v -0.02804 0.05625 -0.28676
v -0.02685 -0.06220 -0.32539
v -0.02655 -0.06701 -0.32393
v -0.02614 0.05783 -0.25649
v -0.02599 0.06513 -0.18205
v -0.02589 -0.05008 -0.37818
v -0.02576 0.04840 -0.07866
v -0.02518 0.05967 -0.31307
v -0.02486 -0.04845 -0.38268
v -0.02481 0.02932 -0.40067
v -0.02463 0.05753 -0.32610
v -0.02443 -0.01941 -0.41709
v -0.02414 -0.01015 -0.41715
v -0.02336 -0.05775 -0.35851
v -0.02335 0.06576 -0.06799
v -0.02306 -0.03144 -0.41416
v -0.02302 0.05916 -0.28051
v -0.02269 0.06008 -0.22600
v -0.02217 0.07170 -0.10788
v -0.02207 -0.06031 -0.30505
v -0.02192 0.02539 -0.08496
v -0.02175 0.00972 -0.08880
v -0.02157 0.06049 -0.25080
v -0.02123 0.04082 -0.39281
v -0.02101 0.05683 -0.35465
v -0.02097 -0.04099 -0.12664
v -0.02079 0.02005 -0.40997
v -0.01969 0.07272 -0.11732
v -0.01919 0.06804 -0.05610
v -0.01917 -0.06727 -0.32359
v -0.01901 0.06300 -0.21954
v -0.01889 -0.08681 -0.23162
v -0.01736 -0.07009 -0.29949
v -0.01696 -0.03838 -0.40091
v -0.01669 0.06866 -0.04913
v -0.01562 0.06697 -0.17992
v -0.01517 0.04477 -0.02165
v -0.01503 0.00911 -0.07749
v -0.01478 0.07003 -0.04395
v -0.01461 -0.06384 -0.16330
v -0.01456 0.04889 -0.04501
v -0.01448 0.06949 -0.04503
v -0.01423 0.06592 -0.32366
v -0.01404 0.06408 -0.30082
v -0.01386 -0.05171 -0.38405
v -0.01366 -0.03044 -0.41015
v -0.01310 -0.00045 -0.41930
v -0.01293 0.06293 -0.01405
v -0.01290 -0.02287 -0.40999
v -0.01254 -0.07709 -0.25013
v -0.01249 0.06603 -0.04186
v -0.01222 0.06001 -0.36095
v -0.01176 0.06984 -0.04030
v -0.01168 -0.07497 -0.19210
v -0.01149 0.06954 -0.03959
v -0.01132 0.07023 -0.03898
v -0.01125 0.06934 -0.03950
v -0.01118 0.06986 -0.03908
v -0.00988 0.06941 -0.33049
v -0.00957 0.07109 -0.03890
v -0.00931 0.02153 -0.05565
v -0.00908 0.03326 -0.01767
v -0.00892 0.07893 -0.09277
v -0.00748 -0.05930 -0.35584
v -0.00711 0.07773 -0.07290
v -0.00695 0.07077 -0.02209
v -0.00687 0.06440 -0.28918
v -0.00686 0.05325 0.01068
v -0.00651 0.05401 0.01087
v -0.00624 0.05241 0.01401
v -0.00621 0.05284 0.01327
v -0.00616 0.05316 0.01300
v -0.00615 0.05305 0.01334
v -0.00609 0.04313 0.01909
v -0.00598 -0.06822 -0.32055
v -0.00598 -0.00476 -0.07630
v -0.00590 0.05192 0.01517
v -0.00585 0.05353 0.01457
v -0.00549 0.04956 0.01973
v -0.00547 0.05069 0.01724
v -0.00543 0.05069 0.01775
v -0.00542 0.06087 -0.00172
v -0.00540 0.05125 0.01859
v -0.00540 0.05270 -0.38012
v -0.00540 0.05071 0.01641
v -0.00539 0.05142 0.01472
v -0.00451 -0.05748 -0.14102
v -0.00435 0.07686 -0.13422
v -0.00411 0.04584 0.02567
v -0.00393 0.04551 0.02586
v -0.00382 0.04600 0.02504
v -0.00379 0.04803 0.01688
v -0.00372 0.04482 0.02463
v -0.00372 0.04580 0.02559
v -0.00359 0.04515 0.02433
v -0.00346 0.04470 0.02417
v -0.00336 -0.03508 -0.40876
v -0.00326 0.04437 0.02560
v -0.00270 0.05195 0.01019
v -0.00265 0.04435 0.02469
v -0.00256 -0.05875 -0.36538
v -0.00234 0.04396 0.02694
v -0.00234 0.04396 0.02678
v -0.00225 0.04371 0.02729
v -0.00219 0.04402 0.02680
v -0.00219 0.04391 0.02710
v -0.00208 0.04394 0.02697
v -0.00186 -0.07265 -0.30482
v -0.00176 0.04411 0.02962
v -0.00165 0.04388 0.02838
v -0.00165 0.04395 0.02940
v -0.00147 0.04298 0.02757
v -0.00137 0.04391 0.02806
v -0.00108 -0.08252 -0.24742
v -0.00089 0.04283 0.02897
v -0.00083 0.08109 -0.08554
v 0.00013 0.04334 0.02762
v 0.00039 0.04333 0.02852
v 0.00057 0.04140 0.02808
v 0.00059 -0.08181 -0.21109
v 0.00061 0.04329 0.02797
v 0.00089 0.06561 -0.28504
v 0.00089 0.04237 0.03039
v 0.00092 0.04240 0.03053
v 0.00103 0.06604 -0.30592
v 0.00109 0.04299 0.02923
v 0.00145 0.04301 0.03088
v 0.00162 0.03319 0.00753
v 0.00208 -0.07889 -0.26720
v 0.00210 -0.03239 -0.08855
v 0.00214 0.03465 -0.40006
v 0.00214 0.04183 0.03248
v 0.00239 0.07301 -0.02041
v 0.00286 0.06779 -0.00904
v 0.00329 -0.06731 -0.14638
v 0.00330 -0.08085 -0.19069
v 0.00331 -0.08092 -0.19161
v 0.00347 0.04197 0.03075
v 0.00348 -0.06810 -0.16521
v 0.00359 -0.08087 -0.19100
v 0.00393 -0.08081 -0.19054
v 0.00405 0.01799 -0.02506
v 0.00424 -0.08074 -0.19032
v 0.00434 0.04193 0.02947
v 0.00446 -0.08116 -0.19418
v 0.00449 -0.08085 -0.19160
v 0.00460 -0.08085 -0.19117
v 0.00465 -0.08090 -0.19205
v 0.00486 -0.04107 -0.39587
v 0.00503 -0.08094 -0.19074
v 0.00511 -0.08057 -0.19071
v 0.00518 -0.08144 -0.19487
v 0.00536 0.02330 -0.01433
v 0.00546 -0.08089 -0.19179
v 0.00553 -0.00502 -0.42711
v 0.00563 -0.08091 -0.19191
v 0.00596 0.06973 -0.33493
v 0.00601 0.06619 -0.22810
v 0.00622 -0.08091 -0.19154
v 0.00638 0.06518 -0.35820
v 0.00640 -0.08066 -0.18991
v 0.00653 -0.07563 -0.19127
v 0.00755 -0.08090 -0.19083
v 0.00756 -0.08030 -0.19030
v 0.00783 -0.08070 -0.19133
v 0.00794 -0.08141 -0.19560
v 0.00801 -0.08070 -0.19428
v 0.00805 -0.08144 -0.19319
v 0.00860 -0.06028 -0.34698
v 0.00881 -0.08123 -0.19602
v 0.00883 -0.03126 -0.40765
v 0.00896 -0.04437 -0.11183
v 0.00900 -0.02118 -0.08037
v 0.00901 -0.08065 -0.19430
v 0.00921 0.03219 0.00076
v 0.00949 -0.08090 -0.26198
v 0.00966 0.08115 -0.04331
v 0.00968 -0.08051 -0.19180
v 0.00977 -0.02069 -0.41082
v 0.00979 0.07860 -0.05383
v 0.01005 -0.07702 -0.29108
v 0.01017 -0.04306 -0.10400
v 0.01047 -0.08245 -0.20103
v 0.01064 0.08163 -0.12054
v 0.01075 -0.04385 -0.39747
v 0.01089 -0.05104 -0.12006
v 0.01098 0.01097 -0.04889
v 0.01120 -0.08063 -0.18786
v 0.01154 -0.07945 -0.19169
v 0.01154 -0.06378 -0.34694
v 0.01163 0.07628 -0.16779
v 0.01169 -0.07995 -0.18998
v 0.01186 -0.07999 -0.18857
v 0.01194 -0.07820 -0.26851
v 0.01208 -0.06487 -0.34630
v 0.01232 -0.06150 -0.33815
v 0.01267 -0.06461 -0.34633
v 0.01271 -0.00360 -0.42709
v 0.01315 0.07665 -0.15331
v 0.01330 -0.06447 -0.32832
v 0.01341 -0.08037 -0.23229
v 0.01357 -0.06547 -0.33079
v 0.01365 -0.08140 -0.20754
v 0.01390 -0.08080 -0.21431
v 0.01457 -0.06584 -0.34638
v 0.01461 0.04326 0.02927
v 0.01539 0.00301 -0.42554
v 0.01556 -0.08022 -0.24642
v 0.01566 0.04104 0.03014
v 0.01593 0.06830 -0.27234
v 0.01624 -0.07887 -0.18860
v 0.01718 -0.01684 -0.42163
v 0.01730 0.00161 -0.42567
v 0.01735 0.07183 -0.19398
v 0.01752 -0.07939 -0.21814
v 0.01804 -0.05618 -0.34825
v 0.01855 0.00308 -0.42531
v 0.01893 -0.02413 -0.41410
v 0.01935 -0.04254 -0.39664
v 0.02009 0.07931 -0.14712
v 0.02028 0.07974 -0.09589
v 0.02040 0.08131 -0.06382
v 0.02044 -0.04994 -0.11766
v 0.02058 0.07247 -0.02447
v 0.02103 0.04378 0.02532
v 0.02158 0.02937 -0.40774
v 0.02233 0.00594 -0.42366
v 0.02234 0.07270 -0.28752
v 0.02263 0.06800 -0.32942
v 0.02277 -0.04476 -0.37974
v 0.02317 0.00125 -0.05720
v 0.02321 0.07223 -0.31775
v 0.02344 0.04499 0.02214
v 0.02385 -0.06787 -0.31161
v 0.02387 0.06141 0.00622
v 0.02397 -0.04678 -0.36982
v 0.02422 0.03675 -0.39706
v 0.02449 0.07273 -0.20960
v 0.02504 0.05776 -0.38179
v 0.02531 0.07596 -0.30365
v 0.02581 0.04836 0.01700
v 0.02648 0.02952 -0.00850
v 0.02663 0.00694 -0.42201
v 0.02675 0.00956 -0.42096
v 0.02774 0.05438 0.01387
v 0.02779 -0.07058 -0.27921
v 0.02813 0.04844 0.01454
v 0.02847 0.04835 0.01418
v 0.02852 0.03907 -0.39705
v 0.02863 -0.02497 -0.41433
v 0.02866 0.04825 0.01396
v 0.02866 0.04791 0.01355
v 0.02878 0.04832 0.01384
v 0.02885 0.04827 0.01384
v 0.02912 -0.00716 -0.41957
v 0.02936 -0.06791 -0.15484
v 0.02961 0.04807 0.01294
v 0.02962 0.04539 0.00942
v 0.03124 -0.05891 -0.13867
v 0.03135 0.07002 -0.33674
v 0.03198 0.02667 -0.40678
v 0.03210 -0.03204 -0.40452
v 0.03284 0.05013 0.00569
v 0.03303 0.04992 0.00553
v 0.03308 -0.07022 -0.17826
v 0.03317 0.05023 0.00531
v 0.03324 -0.05072 -0.12001
v 0.03329 0.04997 0.00524
v 0.03352 0.04990 0.00519
v 0.03367 0.01170 -0.03823
v 0.03370 -0.05234 -0.34729
v 0.03445 0.07984 -0.10493
v 0.03465 -0.00644 -0.06485
v 0.03469 0.01378 -0.41102
v 0.03493 0.04951 -0.38631
v 0.03494 0.07640 -0.27410
v 0.03541 -0.06924 -0.23062
v 0.03559 -0.07043 -0.20758
v 0.03603 0.08235 -0.11591
v 0.03621 0.07360 -0.24638
v 0.03646 0.00136 -0.38999
v 0.03652 -0.04586 -0.11358
v 0.03747 0.05786 -0.36568
v 0.03788 -0.06964 -0.19401
v 0.03821 -0.00690 -0.39596
v 0.03886 -0.05440 -0.12304
v 0.03892 -0.06756 -0.27438
v 0.03897 0.07507 -0.22840
v 0.03922 -0.05548 -0.12594
v 0.03923 0.06000 -0.35872
v 0.03932 0.04774 -0.00302
v 0.03949 -0.05518 -0.12556
v 0.03951 -0.05507 -0.12548
v 0.03953 -0.05557 -0.12678
v 0.03957 -0.05401 -0.12314
v 0.03960 -0.05491 -0.12506
v 0.03961 -0.05746 -0.13108
v 0.03962 -0.05476 -0.12472
v 0.03965 -0.05429 -0.12380
v 0.03973 0.01793 -0.40595
v 0.03973 -0.05388 -0.12302
v 0.03981 -0.05571 -0.12747
v 0.03981 0.01801 -0.40582
v 0.03985 -0.05585 -0.12770
v 0.03992 0.00298 -0.38939
v 0.03996 -0.05575 -0.12743
v 0.03999 -0.05611 -0.12819
v 0.04013 -0.05434 -0.12408
v 0.04016 0.01821 -0.40546
v 0.04033 -0.04602 -0.11547
v 0.04037 -0.05369 -0.12469
v 0.04041 -0.05435 -0.12561
v 0.04050 0.06566 -0.04186
v 0.04052 -0.05421 -0.12537
v 0.04065 -0.05716 -0.13292
v 0.04079 0.01795 -0.40441
v 0.04082 -0.05486 -0.12649
v 0.04102 -0.05322 -0.12416
v 0.04104 -0.05728 -0.13334
v 0.04104 -0.05332 -0.12412
v 0.04106 -0.04078 -0.36205
v 0.04111 0.01844 -0.40398
v 0.04117 -0.02443 -0.08523
v 0.04130 0.01853 -0.40360
v 0.04144 0.07711 -0.18434
v 0.04152 0.01850 -0.40322
v 0.04160 -0.02755 -0.38495
v 0.04171 0.01884 -0.40278
v 0.04187 -0.06341 -0.25618
v 0.04194 0.03063 -0.00945
v 0.04195 0.07407 -0.33337
v 0.04207 0.07895 -0.16330
v 0.04212 -0.03159 -0.38119
v 0.04222 0.01810 -0.40198
v 0.04237 0.01922 -0.40107
v 0.04243 0.01879 -0.40125
v 0.04292 -0.03180 -0.38218
v 0.04298 0.01876 -0.40010
v 0.04299 0.01908 -0.40007
v 0.04308 -0.02184 -0.39642
v 0.04308 -0.05700 -0.13747
v 0.04310 0.01931 -0.39986
v 0.04316 0.01928 -0.39971
v 0.04362 -0.01638 -0.39576
v 0.04365 0.02000 -0.39873
v 0.04381 0.02000 -0.39858
v 0.04383 -0.04556 -0.11542
v 0.04385 -0.04539 -0.11291
v 0.04386 0.07405 -0.07279
v 0.04386 0.02020 -0.39840
v 0.04391 -0.04367 -0.11046
v 0.04399 0.02014 -0.39828
v 0.04399 -0.04454 -0.11238
v 0.04399 0.02033 -0.39812
v 0.04404 -0.04505 -0.11249
v 0.04410 -0.04342 -0.11024
v 0.04413 -0.04450 -0.11210
v 0.04413 -0.04456 -0.11232
v 0.04414 -0.04423 -0.11181
v 0.04415 0.02040 -0.39787
v 0.04419 -0.04395 -0.11144
v 0.04420 -0.04410 -0.11155
v 0.04421 0.02047 -0.39784
v 0.04421 0.02067 -0.39765
v 0.04425 -0.04387 -0.11169
v 0.04442 -0.04521 -0.11372
v 0.04449 -0.04542 -0.11464
v 0.04455 -0.04665 -0.11619
v 0.04456 0.02055 -0.39714
v 0.04459 -0.04299 -0.11068
v 0.04461 -0.04522 -0.11440
v 0.04472 0.02081 -0.39681
v 0.04474 0.02670 -0.01705
v 0.04480 -0.04495 -0.11445
v 0.04488 -0.04339 -0.11333
v 0.04495 -0.04357 -0.11255
v 0.04500 0.08033 -0.31678
v 0.04507 -0.04281 -0.11247
v 0.04516 -0.05786 -0.15814
v 0.04517 0.04235 -0.01936
v 0.04522 -0.04458 -0.11485
v 0.04533 0.08080 -0.26993
v 0.04535 0.01886 -0.39298
v 0.04537 -0.05939 -0.16292
v 0.04539 0.02441 -0.39411
v 0.04551 -0.04104 -0.11067
v 0.04559 -0.05015 -0.32832
v 0.04574 -0.06108 -0.22027
v 0.04576 -0.05495 -0.13840
v 0.04587 -0.04368 -0.11397
v 0.04591 -0.05585 -0.28661
v 0.04600 0.03710 -0.02916
v 0.04604 -0.04059 -0.10973
v 0.04609 0.07828 -0.13799
v 0.04627 -0.04678 -0.32826
v 0.04632 -0.03658 -0.10621
v 0.04635 -0.04019 -0.10959
v 0.04637 0.05500 -0.36491
v 0.04672 -0.05189 -0.31075
v 0.04689 -0.03886 -0.10881
v 0.04697 0.07742 -0.15400
v 0.04699 0.07925 -0.30447
v 0.04711 0.05977 -0.35873
v 0.04722 -0.04942 -0.31060
v 0.04726 -0.04113 -0.11215
v 0.04727 0.02414 -0.39304
v 0.04729 -0.02852 -0.09687
v 0.04734 0.05215 -0.04047
v 0.04742 -0.03547 -0.10431
v 0.04745 0.01852 -0.03745
v 0.04757 -0.03531 -0.10455
v 0.04759 -0.03148 -0.09632
v 0.04766 -0.00720 -0.06145
v 0.04767 -0.03142 -0.09589
v 0.04773 -0.03166 -0.09633
v 0.04782 -0.03361 -0.10221
v 0.04784 -0.05810 -0.27129
v 0.04798 -0.01344 -0.07022
v 0.04800 -0.03482 -0.10505
v 0.04802 -0.04329 -0.11786
v 0.04808 -0.00152 -0.05550
v 0.04817 -0.03117 -0.09728
v 0.04824 -0.03103 -0.09762
v 0.04842 -0.03274 -0.10256
v 0.04845 -0.03293 -0.10289
v 0.04862 -0.03141 -0.09976
v 0.04863 -0.02982 -0.09702
v 0.04868 -0.01593 -0.07347
v 0.04872 -0.01521 -0.07196
v 0.04872 -0.01510 -0.07172
v 0.04876 -0.03048 -0.09941
v 0.04880 -0.02837 -0.09720
v 0.04883 -0.02978 -0.09645
v 0.04884 -0.02932 -0.09582
v 0.04887 -0.02532 -0.09513
v 0.04888 0.07119 -0.34819
v 0.04888 -0.03123 -0.09954
v 0.04889 -0.02956 -0.09628
v 0.04890 -0.02832 -0.09733
v 0.04890 -0.02963 -0.09673
v 0.04899 -0.02900 -0.09545
v 0.04903 -0.01511 -0.07224
v 0.04904 -0.03171 -0.10129
v 0.04905 0.07855 -0.21423
v 0.04908 -0.00354 -0.38732
v 0.04913 -0.02901 -0.09627
v 0.04914 -0.02832 -0.09490
v 0.04915 -0.01542 -0.07248
v 0.04919 -0.03381 -0.10570
v 0.04920 -0.02917 -0.09683
v 0.04920 -0.02936 -0.09692
v 0.04928 -0.01563 -0.07248
v 0.04929 0.03318 -0.38750
v 0.04930 -0.02850 -0.09615
v 0.04958 -0.02903 -0.09899
v 0.04958 -0.02817 -0.09613
v 0.04960 -0.01381 -0.07088
v 0.04970 0.02905 -0.38923
v 0.04970 -0.05403 -0.25933
v 0.04975 -0.02749 -0.09704
v 0.04977 0.02946 -0.38900
v 0.04977 -0.02934 -0.09856
v 0.04983 0.02905 -0.38909
v 0.04992 0.07841 -0.24687
v 0.04992 -0.05830 -0.27941
v 0.04995 -0.02641 -0.09501
v 0.05000 0.02938 -0.38875
v 0.05002 -0.02244 -0.37189
v 0.05023 -0.02518 -0.09398
v 0.05031 -0.01693 -0.07584
v 0.05062 0.08152 -0.29976
v 0.05071 -0.02335 -0.09315
v 0.05072 -0.02282 -0.09198
v 0.05080 -0.02253 -0.09237
v 0.05105 -0.03302 -0.35074
v 0.05127 -0.02280 -0.09343
v 0.05143 0.08050 -0.32627
v 0.05211 0.02310 -0.38699
v 0.05282 0.07737 -0.19943
v 0.05283 -0.03399 -0.32519
v 0.05294 -0.05192 -0.23371
v 0.05306 -0.01655 -0.08844
v 0.05320 0.05049 -0.05223
v 0.05326 -0.03160 -0.11900
v 0.05344 -0.05371 -0.26814
v 0.05364 -0.02343 -0.10004
v 0.05371 0.06379 -0.35789
v 0.05388 0.03502 -0.38282
v 0.05389 0.08261 -0.28764
v 0.05434 -0.05142 -0.19570
v 0.05446 -0.04940 -0.28296
v 0.05448 -0.04438 -0.16934
v 0.05502 0.00880 -0.38319
v 0.05572 0.07755 -0.14710
v 0.05600 0.07215 -0.12534
v 0.05600 -0.00211 -0.37024
v 0.05621 -0.03546 -0.31056
v 0.05637 -0.02007 -0.36662
v 0.05641 0.08291 -0.26407
v 0.05644 0.07720 -0.22649
v 0.05668 0.01026 -0.07259
v 0.05711 0.04843 -0.06478
v 0.05807 0.08250 -0.29159
v 0.05827 0.07284 -0.34954
v 0.05830 0.05166 -0.07389
v 0.05835 -0.02743 -0.34824
v 0.05854 -0.04640 -0.23577
v 0.05880 -0.04081 -0.24408
v 0.05916 0.06172 -0.08956
v 0.05948 -0.02119 -0.15034
v 0.06094 0.03752 -0.09493
v 0.06128 0.02051 -0.38334
v 0.06155 -0.01670 -0.35457
v 0.06206 0.06918 -0.33994
v 0.06213 -0.02089 -0.16810
v 0.06227 -0.00020 -0.15250
v 0.06260 -0.03632 -0.22674
v 0.06277 0.07599 -0.31022
v 0.06279 -0.03653 -0.28830
v 0.06303 0.02036 -0.13886
v 0.06350 0.02246 -0.37612
v 0.06426 0.05676 -0.10725
v 0.06446 0.06758 -0.13627
v 0.06450 0.03509 -0.37555
v 0.06462 0.06350 -0.11276
v 0.06466 -0.01790 -0.18314
v 0.06480 0.07149 -0.15443
v 0.06480 -0.03126 -0.26288
v 0.06511 0.07147 -0.18946
v 0.06520 0.04455 -0.11046
v 0.06580 -0.03257 -0.28834
v 0.06585 0.07427 -0.22918
v 0.06609 0.06911 -0.32190
v 0.06621 0.06721 -0.34721
v 0.06622 0.01718 -0.36378
v 0.06665 -0.02061 -0.32032
v 0.06686 0.00044 -0.36206
v 0.06717 -0.02755 -0.29493
v 0.06754 -0.02683 -0.27341
v 0.06794 -0.00547 -0.18559
v 0.06796 0.03363 -0.35991
v 0.06908 -0.02643 -0.25463
v 0.06972 0.08008 -0.26445
v 0.07003 -0.02308 -0.30790
v 0.07038 0.06630 -0.17696
v 0.07066 -0.02336 -0.24583
v 0.07068 -0.00653 -0.33914
v 0.07084 -0.01886 -0.23685
v 0.07140 0.07547 -0.27836
v 0.07149 -0.01886 -0.28992
v 0.07156 -0.01717 -0.20699
v 0.07190 0.05066 -0.15373
v 0.07216 0.03756 -0.17593
v 0.07235 0.04681 -0.35002
v 0.07258 -0.01228 -0.31646
v 0.07298 0.00754 -0.18636
v 0.07375 0.06157 -0.29868
v 0.07493 0.06832 -0.23336
v 0.07500 0.05022 -0.33690
v 0.07544 -0.00692 -0.31963
v 0.07546 0.05703 -0.17898
v 0.07585 0.06464 -0.19236
v 0.07614 0.01135 -0.20240
v 0.07680 0.02754 -0.34645
v 0.07710 0.00298 -0.21990
v 0.07815 0.04595 -0.33089
v 0.07816 0.01520 -0.33697
v 0.07842 0.00732 -0.24702
v 0.07846 -0.00029 -0.28796
v 0.07878 0.00337 -0.22922
v 0.07920 0.06364 -0.27961
v 0.07954 0.06266 -0.21363
v 0.07973 0.07115 -0.26204
v 0.08025 0.00549 -0.29777
v 0.08161 0.03981 -0.20123
v 0.08171 0.03913 -0.34286
v 0.08182 0.05609 -0.23220
v 0.08228 0.04503 -0.29469
v 0.08247 0.04874 -0.28213
v 0.08263 0.03357 -0.32844
v 0.08268 0.00578 -0.27449
v 0.08326 0.06729 -0.24968
v 0.08363 0.04486 -0.30860
v 0.08375 0.01941 -0.26813
v 0.08383 0.02951 -0.22147
v 0.08428 0.01194 -0.23154
v 0.08455 0.01658 -0.29990
v 0.08497 0.02762 -0.30789
v 0.08539 0.03398 -0.31460
v 0.08553 0.02744 -0.29570
v 0.08566 0.01399 -0.29225
v 0.08602 0.02299 -0.24261
v 0.08634 0.04963 -0.25947
v 0.08743 0.03172 -0.24835
v 0.08903 0.01654 -0.24049
vn 0.0757 0.5683 0.8193
vn -0.1166 -0.4273 -0.8966
vn -0.5793 0.7037 0.4114
vn -0.2892 -0.4738 0.8318
vn -0.9841 -0.0368 -0.1735
vn -0.9768 -0.1254 0.1733
vn -0.8864 0.3657 0.2839
vn -0.9926 0.1202 0.0150
vn -0.9325 -0.1850 0.3100
vn -0.5795 0.8139 0.0413
vn -0.9914 0.1036 -0.0806
vn -0.9655 -0.2582 0.0332
vn -0.9794 -0.1821 -0.0869
vn 0.0000 0.0000 0.0000
vn -0.4108 0.8251 0.3879
vn -0.9877 0.0006 0.1564
vn -0.8993 0.4081 -0.1571
vn -0.3385 0.8364 0.4311
vn -0.8128 0.4959 0.3056
vn -0.9592 0.2165 0.1818
vn -0.9501 -0.2887 0.1182
vn -0.9802 0.1895 0.0571
vn -0.9236 -0.3412 0.1748
vn -0.9791 -0.1776 0.0995
vn -0.9735 0.1311 -0.1874
vn -0.9529 0.2558 -0.1628
vn -0.5499 -0.8082 0.2107
vn -0.9801 -0.1967 0.0265
vn 0.0000 0.0000 0.0000
vn -0.2014 0.9002 0.3862
vn -0.8341 0.4471 0.3231
vn -0.5388 0.7734 0.3341
vn -0.9160 0.3990 0.0428
vn -0.9411 -0.2330 0.2449
vn -0.6032 0.5449 0.5824
vn -0.6477 -0.1189 -0.7526
vn -0.9601 -0.1423 0.2408
vn -0.9441 -0.2618 -0.2005
vn -0.9912 0.0710 -0.1121
vn -0.9960 0.0687 0.0579
vn -0.9504 -0.0660 0.3039
vn -0.9674 0.1773 -0.1805
vn -0.9509 -0.2244 -0.2133
vn -0.9877 -0.0984 -0.1218
vn -0.8783 0.4133 0.2402
vn -0.9821 0.0698 0.1749
vn -0.5397 0.4197 -0.7297
vn -0.4132 0.8054 0.4251
vn -0.9583 -0.1720 -0.2283
vn -0.8478 0.1565 -0.5068
vn -0.7698 -0.5372 -0.3447
vn -0.8400 -0.2823 -0.4633
vn -0.5305 0.6316 -0.5654
vn -0.9026 0.3082 -0.3006
vn -0.8986 -0.1789 0.4005
vn -0.8053 0.0097 -0.5927
vn -0.6023 -0.5941 -0.5332
vn -0.1558 -0.8322 -0.5321
vn 0.6342 -0.6108 -0.4740
vn -0.9756 0.0357 0.2165
vn -0.8758 0.3927 -0.2806
vn -0.5983 -0.5779 -0.5550
vn -0.8237 -0.0557 0.5643
vn -0.9441 -0.3281 -0.0314
vn -0.9772 0.0748 -0.1990
vn -0.9294 -0.0508 0.3655
vn -0.8213 0.5619 -0.0988
vn -0.7095 0.5586 0.4297
vn -0.5699 -0.7079 -0.4173
vn 0.7781 0.4258 0.4618
vn -0.8098 0.5603 0.1739
vn -0.4142 -0.2567 -0.8732
vn -0.4263 0.8515 0.3052
vn -0.9857 0.1061 -0.1305
vn -0.9865 0.0222 -0.1624
vn -0.9593 -0.2730 0.0725
vn -0.9575 0.1749 0.2292
vn -0.9726 -0.1344 -0.1897
vn -0.9779 0.2079 -0.0223
vn -0.9066 -0.2760 -0.3192
vn -0.3735 0.8578 0.3530
vn -0.8237 0.5570 -0.1060
vn -0.7189 0.6374 -0.2773
vn -0.9410 0.3264 -0.0895
vn -0.2398 0.9498 0.2011
vn -0.7701 -0.5803 -0.2647
vn -0.9159 0.4014 -0.0051
vn -0.9159 0.4014 -0.0051
vn -0.9896 0.1315 0.0579
vn -0.9940 0.0545 -0.0946
vn -0.7418 -0.3361 0.5804
vn -0.9903 0.0998 -0.0971
vn -0.9962 0.0761 -0.0429
vn 0.0000 0.0000 0.0000
vn -0.9770 -0.1291 0.1697
vn 0.7656 0.6134 -0.1940
vn -0.9891 -0.0711 -0.1289
vn -0.7557 -0.6237 0.1997
vn -0.9454 -0.2710 0.1812
vn -0.0300 0.8718 0.4889
vn -0.9917 0.0443 -0.1204
vn -0.9741 0.2229 0.0370
vn -0.2741 -0.9446 0.1808
vn -0.9822 0.0871 -0.1665
vn -0.5633 -0.8243 -0.0573
vn -0.6963 -0.0041 0.7177
vn -0.9127 0.4068 0.0393
vn 0.0000 0.0000 0.0000
vn -0.7537 0.6219 -0.2125
vn -0.9881 -0.0161 -0.1528
vn -0.8808 -0.2457 0.4048
vn -0.8213 0.3936 -0.4130
vn -0.5181 0.6644 -0.5386
vn -0.5977 -0.5266 0.6045
vn -0.8349 0.3796 -0.3985
vn -0.9986 0.0431 -0.0292
vn -0.9994 -0.0220 -0.0283
vn -0.9409 -0.1265 0.3141
vn -0.9173 0.3421 0.2036
vn -0.9737 0.2280 -0.0021
vn -0.9076 -0.2603 -0.3296
vn 0.3792 0.5198 -0.7655
vn -0.9680 -0.2412 -0.0687
vn 0.1114 -0.8553 -0.5060
vn -0.7184 -0.6777 -0.1569
vn 0.2209 0.8252 0.5198
vn -0.9970 0.0648 -0.0424
vn -0.9766 0.1026 -0.1890
vn -0.9978 0.0041 -0.0663
vn -0.4385 0.2536 -0.8622
vn -0.8912 0.4508 -0.0503
vn -0.4764 -0.8482 0.2315
vn -0.6207 0.4969 -0.6065
vn -0.3354 -0.1997 -0.9207
vn -0.9896 0.1089 -0.0943
vn 0.3915 -0.7972 -0.4596
vn -0.9769 -0.1862 0.1048
vn 0.9353 0.3533 0.0220
vn 0.3168 -0.8180 -0.4802
vn -0.8423 0.4448 -0.3045
vn -0.7951 -0.6022 -0.0727
vn -0.5544 0.0953 -0.8268
vn 0.0242 -0.9968 0.0757
vn -0.9540 0.2898 -0.0765
vn -0.4777 -0.7774 0.4092
vn -0.9632 0.2342 0.1315
vn -0.8719 0.4605 0.1667
vn 0.2948 -0.6058 -0.7390
vn 0.0055 0.3491 0.9371
vn -0.9224 -0.3854 -0.0264
vn -0.8808 -0.4716 0.0424
vn -0.8699 0.4500 0.2017
vn -0.6991 0.5075 -0.5037
vn -0.8179 -0.3849 0.4277
vn -0.9959 0.0516 -0.0745
vn 0.0574 -0.9145 0.4004
vn -0.6117 -0.6477 0.4542
vn -0.5245 0.7183 -0.4571
vn 0.4014 0.9011 0.1639
vn -0.1709 0.4450 0.8791
vn -0.9338 0.0786 0.3491
vn -0.9699 0.1425 -0.1976
vn 0.0925 -0.9644 0.2476
vn -0.9964 0.0826 0.0182
vn -0.0432 -0.9136 -0.4044
vn -0.8390 -0.5353 -0.0971
vn -0.2643 -0.9216 -0.2844
vn -0.9842 0.1543 0.0866
vn -0.9912 0.1143 -0.0664
vn 0.3220 -0.8343 -0.4475
vn 0.8701 -0.2314 0.4352
vn 0.4887 -0.7477 -0.4495
vn -0.9914 0.0246 0.1289
vn -0.9353 -0.2662 -0.2330
vn -0.9462 0.2799 0.1626
vn -0.9362 0.1813 -0.3012
vn -0.9357 0.0359 -0.3509
vn -0.4812 0.1377 -0.8657
vn -0.9420 -0.0126 -0.3354
vn -0.9643 0.2315 0.1284
vn -0.9430 0.3269 -0.0625
vn -0.9090 -0.2853 -0.3038
vn -0.5407 0.5182 -0.6627
vn -0.4654 -0.8850 -0.0160
vn 0.0644 0.9001 0.4309
vn -0.8848 0.2023 0.4198
vn -0.7027 0.5047 -0.5015
vn -0.1446 -0.3481 -0.9262
vn -0.7580 -0.2430 -0.6053
vn -0.7799 -0.6259 -0.0096
vn -0.9993 0.0378 -0.0030
vn -0.9768 0.2042 0.0639
vn -0.8182 0.5749 0.0096
vn -0.8730 0.4747 0.1123
vn -0.6469 0.5897 -0.4835
vn -0.1823 -0.8433 -0.5055
vn -0.9105 -0.4017 -0.0977
vn -0.9914 -0.0204 -0.1290
vn -0.1916 -0.9296 -0.3149
vn -0.9794 0.1921 0.0625
vn -0.4274 -0.8862 -0.1789
vn -0.9526 0.1334 0.2733
vn -0.9324 -0.3595 0.0365
vn -0.2785 -0.8345 -0.4755
vn -0.9038 -0.4278 0.0025
vn 0.2431 -0.8718 -0.4253
vn 0.4446 -0.7716 -0.4551
vn -0.8493 -0.0455 -0.5259
vn 0.3860 -0.8525 -0.3525
vn 0.4926 -0.6052 -0.6254
vn -0.8473 0.5090 0.1513
vn -0.9334 0.3385 0.1194
vn -0.8787 0.2973 -0.3735
vn 0.0757 -0.8642 -0.4974
vn 0.6217 0.7213 -0.3053
vn -0.7423 0.6687 0.0423
vn -0.4625 0.6487 -0.6044
vn 0.0000 0.0000 0.0000
vn 0.6223 -0.3388 0.7057
vn 0.3389 -0.8301 -0.4428
vn -0.9735 -0.0254 0.2274
vn -0.7445 -0.6668 0.0338
vn -0.9457 -0.0511 0.3209
vn -0.9110 -0.4050 -0.0781
vn -0.9915 -0.1005 -0.0825
vn -0.8934 0.1187 0.4333
vn 0.9446 -0.0710 0.3205
vn -0.1963 0.5602 -0.8047
vn -0.9439 0.3243 -0.0619
vn -0.2071 0.5460 -0.8118
vn -0.7011 0.0144 -0.7129
vn -0.5050 0.8374 0.2093
vn 0.2559 -0.6071 0.7523
vn -0.7698 -0.2666 0.5799
vn -0.0241 0.4437 -0.8959
vn -0.8675 0.0831 0.4904
vn -0.1804 0.2438 -0.9529
vn -0.8317 -0.5100 -0.2193
vn -0.0086 -0.9800 0.1989
vn -0.9183 0.1488 0.3668
vn -0.5749 0.1938 -0.7949
vn -0.6676 -0.2874 -0.6868
vn -0.3833 0.6227 0.6821
vn -0.0976 -0.5198 -0.8487
vn 0.1830 0.5811 -0.7930
vn -0.1997 0.7215 -0.6630
vn 0.0145 0.5864 0.8099
vn 0.6514 -0.7092 -0.2697
vn -0.6731 0.6800 0.2906
vn -0.8421 0.5348 0.0692
vn -0.9341 0.0604 0.3519
vn 0.3713 -0.8234 -0.4292
vn -0.7423 0.6478 -0.1713
vn -0.8330 -0.5280 -0.1655
vn -0.0310 -0.8988 -0.4372
vn -0.2038 0.9325 -0.2981
vn -0.3010 0.8728 -0.3841
vn -0.0547 0.4113 -0.9099
vn 0.7735 0.3350 0.5380
vn 0.1504 0.8731 0.4638
vn -0.6093 -0.7748 -0.1688
vn -0.5411 -0.8404 0.0320
vn -0.7334 0.6475 0.2071
vn -0.6573 -0.4119 0.6311
vn -0.8790 -0.3602 -0.3125
vn 0.3126 0.8739 -0.3722
vn -0.2917 0.9453 0.1463
vn -0.4482 -0.7838 0.4298
vn -0.4622 0.0073 -0.8867
vn -0.4189 0.2918 -0.8599
vn -0.3627 0.9181 0.1601
vn -0.6913 -0.7198 -0.0635
vn -0.6672 -0.6698 0.3260
vn -0.7610 -0.6391 0.1115
vn -0.7744 -0.6266 -0.0876
vn -0.6127 -0.7790 -0.1337
vn -0.6929 0.7201 0.0372
vn -0.7882 -0.1274 0.6020
vn -0.3129 0.9481 -0.0561
vn -0.2442 -0.9117 -0.3305
vn -0.2766 -0.5840 -0.7632
vn -0.7807 0.6242 -0.0285
vn -0.6426 0.7647 -0.0466
vn -0.3646 -0.9254 0.1039
vn -0.4796 -0.8469 -0.2297
vn -0.6773 -0.7002 -0.2257
vn -0.5695 0.5752 -0.5872
vn -0.4712 0.8806 -0.0495
vn -0.2817 -0.8430 -0.4583
vn -0.7537 -0.5747 -0.3189
vn -0.8408 -0.5022 -0.2022
vn -0.4425 -0.2316 -0.8663
vn -0.3285 -0.9409 -0.0830
vn -0.5481 -0.6117 0.5705
vn -0.9037 -0.0356 0.4267
vn -0.8881 0.3100 0.3395
vn -0.8923 0.2433 -0.3803
vn -0.6686 -0.7403 -0.0706
vn -0.7160 -0.6962 -0.0516
vn -0.4682 0.8770 0.1077
vn -0.6856 -0.3762 0.6232
vn 0.5594 -0.8245 -0.0855
vn 0.5485 -0.7279 0.4115
vn -0.9355 0.3444 0.0784
vn -0.8070 0.5881 0.0527
vn -0.3216 0.3411 -0.8833
vn -0.6083 -0.6475 -0.4591
vn -0.8938 -0.3755 0.2450
vn -0.1496 -0.9323 0.3292
vn -0.6039 -0.7860 -0.1321
vn -0.6116 0.7639 -0.2059
vn -0.7784 -0.5809 -0.2381
vn -0.2628 0.1037 -0.9593
vn -0.5691 0.8181 -0.0829
vn -0.5575 0.8297 -0.0274
vn -0.4336 -0.8497 -0.3000
vn -0.8334 -0.2131 0.5100
vn -0.4930 0.8687 0.0488
vn -0.5712 -0.7026 -0.4244
vn -0.1775 0.6246 -0.7605
vn -0.6551 0.7555 -0.0028
vn 0.2732 -0.1202 -0.9544
vn -0.0887 0.0041 -0.9961
vn -0.3081 -0.9241 -0.2260
vn -0.9456 0.0886 0.3130
vn 0.2999 -0.5116 -0.8052
vn -0.3607 0.9315 0.0476
vn -0.2940 0.9542 -0.0553
vn -0.5375 0.8423 0.0407
vn -0.3731 -0.9240 -0.0837
vn -0.8343 -0.2127 0.5087
vn -0.8038 -0.2366 0.5458
vn -0.2555 0.9668 -0.0033
vn -0.3317 0.7416 -0.5832
vn -0.4029 0.8944 -0.1945
vn -0.2606 -0.8540 0.4503
vn -0.1588 0.5280 -0.8342
vn -0.2834 0.9560 -0.0754
vn -0.8790 0.3803 0.2875
vn -0.0479 -0.9847 -0.1674
vn -0.2452 0.9686 -0.0418
vn 0.0112 -0.9999 0.0027
vn -0.2571 -0.9523 -0.1646
vn -0.1644 -0.8652 -0.4738
vn -0.3456 0.9331 0.0996
vn -0.1926 0.9631 -0.1882
vn -0.9831 -0.1416 0.1161
vn -0.8809 -0.2535 0.3996
vn -0.5246 0.8321 0.1802
vn -0.3211 -0.9016 0.2900
vn -0.9695 -0.2059 0.1333
vn -0.5642 0.8256 -0.0096
vn -0.2695 0.9526 0.1408
vn -0.3881 0.9215 0.0167
vn -0.1216 -0.8672 -0.4829
vn 0.1253 -0.3728 -0.9194
vn -0.2746 0.0051 -0.9615
vn -0.9747 0.0901 0.2047
vn 0.0184 -0.3931 -0.9193
vn -0.0679 -0.9455 -0.3186
vn -0.8712 -0.0395 0.4893
vn -0.3140 0.8909 -0.3283
vn -0.8079 0.1368 0.5733
vn -0.0803 -0.9545 0.2871
vn -0.8577 -0.1088 0.5025
vn -0.6617 0.6839 0.3072
vn 0.2329 -0.6209 0.7485
vn 0.0920 -0.4970 0.8628
vn -0.3649 0.9173 -0.1592
vn -0.8066 0.5853 0.0825
vn -0.7824 -0.4735 0.4045
vn -0.8125 -0.5367 0.2275
vn -0.5452 0.8341 0.0837
vn 0.0966 -0.9686 -0.2290
vn -0.3547 0.9189 0.1728
vn -0.2784 0.9242 0.2612
vn -0.2701 0.9612 0.0565
vn -0.6154 0.6344 0.4679
vn 0.0000 0.0000 0.0000
vn -0.9344 0.1864 0.3036
vn -0.8454 0.4600 0.2713
vn 0.8869 0.4596 -0.0473
vn 0.0000 0.0000 0.0000
vn -0.9027 -0.4252 0.0658
vn -0.0712 -0.9625 -0.2617
vn -0.4662 -0.5760 0.6714
vn -0.0769 0.5377 0.8396
vn 0.7335 0.6766 0.0645
vn -0.3797 0.5228 0.7633
vn -0.9079 0.4189 -0.0147
vn -0.9182 0.3806 -0.1102
vn -0.2957 0.8358 0.4627
vn -0.8218 0.5047 0.2644
vn -0.1775 0.8172 -0.5484
vn -0.8315 0.0487 -0.5534
vn 0.8093 0.4298 0.4004
vn -0.3324 -0.8093 0.4843
vn -0.2941 0.9513 -0.0927
vn -0.9926 0.0873 -0.0848
vn -0.2272 -0.6811 0.6961
vn -0.0770 0.6979 -0.7120
vn 0.0632 0.8901 0.4513
vn -0.8035 0.5893 0.0844
vn 0.7806 0.6111 -0.1313
vn -0.8787 -0.0950 -0.4677
vn 0.3613 0.8256 -0.4335
vn 0.0469 -0.7710 -0.6350
vn -0.8352 0.0448 0.5481
vn -0.1552 0.8078 0.5687
vn -0.0735 0.8709 0.4859
vn 0.1755 -0.9325 -0.3155
vn -0.8761 -0.3413 0.3406
vn -0.8369 -0.1737 0.5191
vn -0.8169 -0.4663 0.3395
vn 0.2528 0.9675 -0.0078
vn -0.5585 0.8256 0.0798
vn -0.3331 0.8911 0.3081
vn -0.1868 -0.9645 -0.1866
vn -0.0727 0.7639 0.6413
vn -0.6754 0.6521 0.3443
vn -0.4175 0.8864 -0.2001
vn -0.7226 -0.5788 0.3780
vn 0.0855 0.9927 0.0852
vn -0.0354 -0.8795 -0.4746
vn -0.6917 -0.5441 0.4749
vn -0.0983 0.9922 -0.0764
vn 0.1859 0.9587 0.2154
vn 0.3907 0.9028 -0.1800
vn -0.2723 -0.8972 0.3477
vn 0.0666 -0.9812 0.1814
vn -0.2499 -0.9665 -0.0586
vn -0.2475 0.9685 0.0289
vn -0.4110 -0.8811 0.2340
vn -0.7841 -0.5243 0.3321
vn -0.2189 0.9757 -0.0048
vn 0.2539 0.9671 0.0185
vn 0.1680 0.9043 0.3925
vn -0.6816 -0.6933 0.2340
vn -0.1304 -0.9691 -0.2093
vn -0.3719 -0.6724 0.6400
vn -0.0603 0.6675 -0.7421
vn -0.2906 -0.7311 0.6173
vn -0.2148 0.9140 0.3443
vn -0.0712 0.8779 0.4735
vn -0.0864 -0.9295 0.3585
vn 0.0000 0.0000 0.0000
vn 0.0000 0.0000 0.0000
vn 0.4759 -0.8183 0.3223
vn -0.1347 -0.9407 0.3112
vn 0.0000 0.0000 0.0000
vn 0.0429 -0.8710 0.4894
vn -0.4398 -0.8263 0.3519
vn -0.2292 0.9226 -0.3102
vn 0.0002 0.6679 0.7442
vn -0.9584 0.2711 -0.0892
vn -0.4298 0.9003 -0.0691
vn -0.1205 -0.9832 0.1370
vn -0.0592 0.8779 -0.4752
vn 0.0899 -0.8508 -0.5178
vn 0.2292 -0.9226 0.3102
vn -0.1047 0.9929 -0.0564
vn -0.2768 -0.7995 -0.5331
vn -0.0376 -0.8437 0.5355
vn 0.2096 0.7657 -0.6080
vn -0.2588 -0.2116 -0.9425
vn -0.1265 -0.9761 0.1765
vn 0.0062 0.9998 0.0171
vn -0.2272 0.9724 -0.0522
vn -0.1078 -0.9809 0.1620
vn -0.0355 0.9598 -0.2786
vn -0.2822 -0.6711 0.6855
vn -0.0688 -0.9598 0.2720
vn -0.0992 -0.9805 0.1698
vn -0.1235 0.9913 0.0455
vn 0.0103 0.9996 -0.0261
vn -0.1285 -0.8228 -0.5536
vn -0.8570 0.4330 -0.2794
vn 0.1259 -0.9890 0.0780
vn 0.1788 -0.9350 -0.3062
vn 0.2708 -0.9539 0.1296
vn 0.0363 -0.4747 -0.8794
vn -0.3494 -0.8459 0.4030
vn -0.4145 -0.4673 0.7809
vn -0.0215 -0.8975 0.4405
vn 0.1961 -0.9345 0.2970
vn 0.0858 -0.9940 -0.0672
vn 0.1232 0.9719 0.2007
vn 0.6257 -0.6977 -0.3489
vn -0.1568 -0.6143 -0.7733
vn -0.3847 0.9024 -0.1942
vn 0.2418 -0.9662 -0.0896
vn 0.0998 -0.8400 0.5333
vn -0.3145 -0.9447 -0.0934
vn -0.1717 0.9815 0.0846
vn -0.1133 -0.8539 -0.5080
vn -0.1028 -0.8501 0.5166
vn -0.5206 -0.8439 0.1298
vn 0.1885 -0.9613 0.2008
vn -0.5019 -0.4070 0.7632
vn -0.1386 -0.2749 -0.9514
vn -0.1408 0.9805 -0.1369
vn -0.2435 0.9620 0.1233
vn -0.0915 0.9936 0.0656
vn 0.0764 -0.8892 -0.4511
vn -0.6757 -0.6946 0.2470
vn 0.1346 -0.9793 -0.1515
vn -0.2500 -0.5764 -0.7780
vn 0.3024 -0.1627 -0.9392
vn -0.0576 0.9909 -0.1216
vn 0.3229 -0.9102 -0.2595
vn 0.2766 -0.9607 0.0230
vn 0.0665 -0.9534 -0.2944
vn 0.3013 -0.9534 -0.0135
vn 0.3054 -0.9519 0.0263
vn 0.4447 -0.8176 -0.3656
vn -0.0646 0.8047 0.5902
vn -0.0950 0.5546 -0.8267
vn 0.3595 -0.9309 -0.0640
vn 0.2179 -0.9250 0.3112
vn -0.3458 0.9336 0.0936
vn 0.3333 -0.9264 0.1753
vn 0.0124 -0.5222 -0.8528
vn 0.3026 -0.0096 -0.9531
vn -0.2127 0.9713 -0.1061
vn 0.3238 -0.9456 -0.0313
vn 0.2010 -0.6632 -0.7210
vn 0.1429 0.3430 -0.9284
vn -0.2744 -0.5827 -0.7650
vn 0.5084 -0.8041 -0.3081
vn -0.0234 0.9992 -0.0327
vn 0.0186 0.9991 -0.0391
vn 0.0039 0.9974 0.0713
vn 0.0092 -0.7987 0.6016
vn 0.2499 0.9256 0.2843
vn 0.4788 0.5079 0.7161
vn -0.0213 0.6421 -0.7663
vn 0.2017 0.3568 -0.9121
vn -0.2867 0.9555 0.0692
vn -0.1484 0.9825 -0.1127
vn 0.3458 -0.8830 -0.3174
vn -0.1958 -0.8002 0.5668
vn -0.3536 0.9035 -0.2423
vn 0.6766 -0.6915 0.2530
vn 0.3476 -0.9062 -0.2408
vn 0.2828 0.8516 0.4414
vn 0.3802 -0.8874 -0.2606
vn -0.0472 0.7399 -0.6711
vn -0.2186 0.9755 -0.0265
vn 0.0320 0.8655 -0.4999
vn -0.2848 0.9586 0.0075
vn 0.8281 0.0908 0.5531
vn 0.2232 -0.7239 0.6528
vn 0.6154 0.0798 -0.7842
vn 0.1336 0.5604 -0.8174
vn 0.5791 0.5559 0.5963
vn 0.3620 -0.9214 -0.1416
vn 0.7277 0.0752 0.6818
vn 0.4921 -0.5994 0.6313
vn 0.1771 0.5967 -0.7826
vn 0.3369 -0.5507 -0.7637
vn 0.5817 -0.5805 0.5698
vn 0.5555 -0.7882 0.2649
vn 0.7076 0.1051 0.6987
vn 0.8342 0.1453 -0.5319
vn 0.6999 -0.1151 -0.7049
vn 0.1592 -0.9532 0.2572
vn 0.9802 0.1326 0.1469
vn 0.4099 -0.7230 0.5561
vn 0.0613 -0.9232 0.3795
vn -0.0998 0.9532 -0.2853
vn 0.5018 0.5313 -0.6826
vn 0.6121 -0.6978 -0.3720
vn 0.8501 0.3775 0.3671
vn 0.6297 0.4176 0.6550
vn 0.4691 -0.8679 0.1633
vn 0.6255 0.4612 0.6293
vn -0.0108 -0.8818 0.4714
vn 0.0000 0.0000 0.0000
vn 0.7949 0.3769 0.4756
vn 0.1456 -0.8691 0.4727
vn 0.5909 -0.7716 -0.2356
vn 0.3779 0.9195 0.1084
vn -0.1817 -0.7993 0.5727
vn 0.9127 -0.0099 -0.4084
vn 0.5056 0.6613 -0.5542
vn -0.3457 0.9381 0.0198
vn 0.5613 -0.8270 -0.0329
vn 0.5545 -0.8320 -0.0151
vn 0.0679 0.9976 0.0143
vn -0.2332 0.9721 0.0262
vn 0.8957 -0.1126 -0.4301
vn 0.1514 -0.7980 0.5833
vn 0.4778 0.7406 -0.4725
vn 0.5906 -0.8050 0.0564
vn 0.8907 0.3576 -0.2807
vn 0.0000 0.0000 0.0000
vn 0.5485 -0.8327 -0.0760
vn -0.2108 0.9753 -0.0661
vn 0.3677 -0.8829 0.2922
vn 0.1036 0.9339 -0.3421
vn 0.8595 0.2448 0.4488
vn 0.3995 -0.8566 0.3265
vn -0.9470 -0.1931 0.2567
vn -0.1042 -0.8512 0.5144
vn -0.7263 0.6386 -0.2543
vn -0.7106 0.6988 -0.0822
vn -0.1356 -0.9209 0.3655
vn -0.2325 0.8897 -0.3928
vn -0.7288 0.6505 -0.2136
vn 0.5776 0.2505 -0.7769
vn 0.6277 -0.5355 0.5650
vn 0.3925 -0.8543 0.3406
vn 0.5532 0.4233 -0.7175
vn -0.3949 -0.7942 0.4619
vn 0.4248 -0.1712 -0.8890
vn -0.1707 0.8244 -0.5397
vn 0.3890 -0.8403 0.3776
vn 0.5406 -0.7491 0.3829
vn 0.6524 0.5112 -0.5595
vn 0.1773 -0.8019 0.5706
vn 0.0703 -0.7641 0.6413
vn -0.7255 0.6741 -0.1386
vn 0.6733 0.6931 0.2576
vn -0.4094 0.7513 -0.5177
vn 0.1537 -0.9879 0.0189
vn 0.8309 -0.2597 -0.4921
vn 0.6777 -0.6752 0.2913
vn 0.0848 -0.7846 0.6141
vn 0.4223 -0.8895 0.1742
vn 0.9700 -0.1302 0.2053
vn 0.5101 -0.8007 -0.3140
vn 0.8546 -0.0265 -0.5187
vn 0.2230 -0.8207 0.5261
vn 0.6735 0.5733 -0.4666
vn -0.1085 0.9925 -0.0564
vn 0.8774 0.0938 -0.4706
vn 0.7915 -0.5256 -0.3119
vn 0.8639 0.2479 -0.4384
vn 0.5992 -0.8005 -0.0120
vn 0.3138 -0.4696 0.8253
vn -0.3045 0.8600 -0.4094
vn -0.1260 0.9840 -0.1263
vn 0.6206 -0.7021 -0.3491
vn 0.7310 -0.6266 -0.2701
vn 0.9005 0.0410 -0.4329
vn 0.8858 0.2100 -0.4139
vn 0.0000 0.0000 0.0000
vn 0.9367 -0.0938 -0.3374
vn 0.8578 0.0462 -0.5120
vn 0.8776 -0.2730 -0.3940
vn 0.2438 -0.9154 0.3202
vn 0.7231 0.4816 -0.4951
vn 0.9472 -0.0636 -0.3144
vn 0.9014 -0.2013 -0.3833
vn 0.6655 0.4066 -0.6259
vn 0.6469 0.4505 -0.6152
vn 0.0154 -0.6886 0.7250
vn -0.9548 -0.0192 -0.2966
vn 0.5353 0.8268 0.1726
vn 0.6107 0.5091 -0.6066
vn 0.5562 -0.4198 0.7172
vn 0.8840 -0.3392 -0.3217
vn -0.8611 0.4512 -0.2343
vn 0.7474 0.3243 -0.5798
vn 0.6846 -0.5832 0.4373
vn 0.0000 0.0000 0.0000
vn 0.6420 -0.6489 0.4083
vn 0.6819 -0.4947 0.5388
vn 0.6810 -0.6938 0.2343
vn 0.7866 0.2432 -0.5675
vn 0.6142 -0.7886 0.0302
vn -0.3837 0.5731 0.7241
vn 0.8197 0.2558 -0.5125
vn 0.8002 0.2642 -0.5384
vn -0.8737 0.4393 -0.2088
vn 0.0045 -0.9736 -0.2280
vn 0.6042 -0.6201 0.5004
vn 0.3398 -0.7685 0.5421
vn 0.8946 -0.3168 -0.3151
vn -0.8315 0.4836 -0.2734
vn 0.5496 -0.6893 0.4719
vn 0.5690 0.4302 -0.7008
vn 0.4522 -0.7376 0.5015
vn -0.8145 0.5553 -0.1679
vn 0.1244 -0.7908 0.5993
vn 0.9282 -0.0402 -0.3698
vn -0.2869 0.9428 -0.1701
vn -0.0006 -0.7849 0.6196
vn 0.6587 -0.7409 0.1311
vn 0.9450 0.2377 0.2246
vn 0.5718 -0.7044 0.4206
vn -0.3384 0.9368 0.0885
vn 0.7887 -0.4826 -0.3808
vn 0.7555 -0.6510 0.0729
vn 0.5695 0.4815 -0.6662
vn 0.1517 -0.7019 0.6959
vn 0.5483 -0.8018 -0.2377
vn 0.7592 -0.6503 -0.0259
vn 0.8749 -0.4694 0.1188
vn 0.6784 -0.6225 0.3903
vn 0.5879 -0.7787 -0.2193
vn 0.9758 0.0174 0.2180
vn 0.0873 -0.8188 0.5674
vn 0.4055 0.9094 0.0923
vn 0.8282 -0.2767 -0.4873
vn 0.2913 -0.7784 0.5561
vn 0.6698 -0.5769 0.4675
vn 0.1339 0.6587 -0.7404
vn 0.6589 -0.7385 -0.1432
vn 0.8468 -0.4505 0.2829
vn 0.0581 0.9971 -0.0491
vn -0.1122 0.9932 0.0298
vn -0.3126 0.7694 -0.5570
vn 0.0000 0.0000 0.0000
vn 0.7017 -0.5867 0.4042
vn 0.6146 -0.1732 -0.7696
vn 0.5968 -0.5647 0.5701
vn 0.9045 0.3061 0.2969
vn 0.4376 -0.7294 0.5259
vn 0.8341 -0.3595 0.4184
vn 0.8117 -0.0654 0.5804
vn -0.8950 0.3228 -0.3077
vn 0.6299 -0.6054 0.4865
vn -0.5034 0.5091 0.6982
vn 0.7224 -0.6912 -0.0207
vn 0.4756 -0.6933 0.5415
vn 0.7037 -0.7104 -0.0121
vn 0.1581 -0.6835 0.7126
vn 0.6578 -0.6340 0.4066
vn 0.8347 -0.5012 0.2281
vn 0.3974 -0.6436 0.6541
vn 0.7763 -0.4613 0.4296
vn -0.8647 0.0746 -0.4966
vn 0.0000 0.0000 0.0000
vn 0.7183 -0.6183 0.3190
vn -0.9870 -0.1525 -0.0501
vn -0.9266 0.3173 0.2019
vn 0.0605 -0.8371 0.5437
vn 0.0225 -0.9075 0.4194
vn -0.0979 -0.7224 0.6845
vn 0.4330 -0.6000 0.6727
vn 0.2895 -0.5628 0.7743
vn 0.7092 -0.6918 0.1358
vn -0.9263 0.3348 -0.1728
vn 0.4918 -0.6654 0.5615
vn -0.3910 0.7921 -0.4687
vn 0.8392 -0.4964 0.2221
vn 0.1124 0.4766 0.8719
vn -0.4453 -0.5880 0.6753
vn 0.1669 0.2070 0.9640
vn -0.8980 -0.0822 0.4323
vn 0.5796 -0.6437 0.4997
vn 0.8572 -0.4553 0.2406
vn -0.1256 0.9917 -0.0266
vn 0.7979 -0.0735 -0.5982
vn 0.8059 -0.4799 0.3468
vn 0.8751 -0.3794 0.3005
vn 0.4080 -0.8420 0.3529
vn 0.8488 -0.4823 0.2167
vn 0.7347 -0.4443 0.5127
vn 0.8446 -0.4312 0.3174
vn 0.4467 -0.7074 0.5478
vn 0.4874 0.4418 -0.7532
vn -0.8219 0.5480 -0.1559
vn 0.5566 -0.7563 -0.3439
vn -0.1937 -0.5360 -0.8217
vn 0.9225 0.3057 0.2356
vn 0.4914 0.3677 -0.7895
vn 0.8129 -0.5810 0.0399
vn 0.5027 -0.1037 0.8582
vn 0.6693 0.3414 -0.6599
vn 0.8282 -0.5481 0.1170
vn 0.7869 0.0890 -0.6106
vn -0.2101 0.9433 0.2569
vn 0.5943 -0.7816 -0.1896
vn 0.7179 -0.4583 0.5240
vn 0.7444 0.1750 -0.6444
vn 0.7835 -0.4165 -0.4612
vn 0.7201 -0.5032 0.4778
vn 0.6748 -0.7075 0.2100
vn 0.1125 0.9645 -0.2388
vn -0.6495 0.1096 0.7524
vn 0.0000 0.0000 0.0000
vn 0.1382 -0.6419 0.7542
vn 0.7486 -0.6298 -0.2072
vn 0.7855 -0.4993 0.3657
vn 0.3824 0.9116 -0.1509
vn 0.5806 0.0365 -0.8134
vn 0.2238 0.9742 0.0297
vn 0.8024 -0.5701 -0.1767
vn 0.7633 -0.6458 -0.0174
vn 0.9575 -0.2442 0.1538
vn 0.9564 0.0450 0.2886
vn 0.9516 -0.2858 0.1127
vn 0.8352 -0.5472 0.0554
vn 0.9678 -0.2229 0.1166
vn 0.2186 0.6151 -0.7575
vn 0.5433 0.5930 -0.5943
vn -0.0782 0.9949 -0.0640
vn 0.8442 -0.5318 0.0666
vn 0.7835 -0.5945 -0.1807
vn 0.9225 -0.3685 0.1148
vn 0.6939 -0.2522 -0.6745
vn 0.4128 0.9058 0.0957
vn 0.5208 0.8461 0.1132
vn 0.8454 -0.2676 -0.4623
vn 0.7822 -0.5849 -0.2145
vn 0.8201 -0.3935 -0.4155
vn 0.0298 0.9912 0.1288
vn 0.0248 0.9865 -0.1619
vn 0.9770 -0.1329 0.1670
vn 0.9554 0.2049 0.2128
vn 0.7204 0.6769 -0.1512
vn 0.4193 0.8525 -0.3121
vn 0.9274 0.2922 0.2334
vn 0.8299 -0.5523 -0.0787
vn 0.8601 -0.5069 -0.0572
vn 0.8510 -0.5242 -0.0314
vn 0.9299 0.2678 0.2520
vn 0.9541 -0.2716 0.1260
vn 0.9903 -0.0769 0.1153
vn 0.6571 0.0271 -0.7533
vn 0.8578 -0.4509 -0.2468
vn 0.8137 0.5800 -0.0396
vn 0.9667 -0.2202 0.1305
vn 0.9811 -0.1409 0.1330
vn 0.8749 -0.4843 -0.0052
vn 0.6484 0.7413 -0.1735
vn 0.7813 -0.5863 -0.2142
vn 0.9790 -0.1532 0.1344
vn 0.9268 -0.2536 -0.2770
vn 0.9708 0.0583 0.2329
vn 0.8285 0.5397 0.1495
vn 0.6783 0.4286 -0.5969
vn 0.8824 0.4475 0.1456
vn 0.9431 -0.2852 0.1712
vn 0.4903 0.8713 0.0212
vn 0.8541 -0.5172 0.0556
vn 0.5876 0.8084 0.0365
vn 0.9909 -0.0709 0.1147
vn 0.8908 -0.4540 0.0162
vn 0.3131 0.9410 0.1284
vn 0.8087 0.5830 -0.0779
vn 0.7943 0.4313 -0.4278
vn 0.8862 -0.1529 -0.4374
vn 0.7545 -0.5318 -0.3845
vn 0.8713 -0.2423 -0.4269
vn 0.7945 -0.5919 -0.1358
vn 0.9054 -0.4243 -0.0162
vn 0.9422 -0.2516 0.2214
vn 0.8888 0.0955 -0.4482
vn 0.8258 -0.5635 -0.0225
vn 0.4996 0.8655 0.0365
vn 0.8024 -0.5732 -0.1664
vn 0.8422 0.5369 0.0496
vn 0.9307 -0.3594 0.0688
vn 0.8644 -0.4610 -0.2006
vn 0.9260 -0.3774 0.0037
vn 0.6681 0.7068 -0.2326
vn 0.9288 -0.3696 -0.0260
vn 0.9355 -0.3306 0.1244
vn 0.9855 -0.0388 0.1652
vn 0.9650 -0.0849 0.2480
vn 0.7890 0.3578 -0.4995
vn 0.9296 -0.3638 -0.0586
vn 0.9533 -0.1579 0.2573
vn 0.7990 0.5411 -0.2623
vn 0.6646 0.7331 0.1445
vn 0.8512 0.5078 -0.1324
vn 0.9037 -0.3907 -0.1752
vn 0.9874 0.0827 0.1348
vn 0.8031 0.5714 0.1690
vn 0.9633 -0.2066 0.1714
vn 0.8794 -0.0958 -0.4663
vn 0.9554 -0.2128 0.2048
vn 0.8990 0.4355 0.0467
vn 0.9502 -0.2237 -0.2168
vn 0.9471 -0.3201 0.0211
vn 0.9312 -0.3576 -0.0703
vn 0.9382 -0.3458 -0.0144
vn 0.8650 0.4507 -0.2205
vn 0.9483 0.3081 0.0761
vn 0.9001 0.3993 -0.1741
vn 0.9110 -0.4097 -0.0479
vn 0.9786 -0.0246 0.2045
vn 0.9287 0.1192 -0.3511
vn 0.9770 0.1788 0.1163
vn 0.9909 0.1214 -0.0584
vn 0.9503 0.2751 -0.1456
vn 0.9789 0.1203 -0.1652
vn 0.9429 -0.3314 0.0334
vn 0.8565 0.4952 0.1455
vn 0.8776 0.4666 -0.1101
vn 0.9943 -0.1068 -0.0010
vn 0.9856 -0.0263 0.1672
vn 0.9363 -0.2995 0.1834
vn 0.9665 -0.2157 -0.1389
vn 0.9994 0.0338 0.0042
vn 0.9935 -0.0027 -0.1138
vn 0.9960 0.0772 0.0449
vn 0.9974 -0.0607 0.0378
vn 0.9841 -0.1777 -0.0085
vn 0.9883 0.1473 -0.0389
vn 1.0000 0.0097 -0.0008
vn 0.8995 -0.3718 -0.2294
f 429//429 448//448 442//442
f 454//454 448//448 429//429
f 425//425 433//433 442//442
f 429//429 425//425 422//422
f 416//416 412//412 422//422
f 422//422 412//412 413//413
f 422//422 423//423 414//414
f 423//423 422//422 414//414
f 423//423 427//427 415//415
f 423//423 422//422 427//427
f 425//425 436//436 428//428
f 421//421 419//419 428//428
f 410//410 400//400 403//403
f 408//408 410//410 403//403
f 410//410 389//389 384//384
f 401//401 403//403 410//410
f 425//425 437//437 419//419
f 555//555 516//516 543//543
f 543//543 519//519 485//485
f 389//389 410//410 402//402
f 387//387 395//395 396//396
f 381//381 383//383 382//382
f 383//383 381//381 382//382
f 381//381 380//380 382//382
f 388//388 387//387 396//396
f 384//384 395//395 380//380
f 576//576 545//545 573//573
f 573//573 579//579 574//574
f 516//516 409//409 402//402
f 552//552 568//568 463//463
f 384//384 358//358 438//438
f 438//438 358//358 372//372
f 485//485 438//438 372//372
f 601//601 623//623 545//545
f 601//601 545//545 579//579
f 444//444 545//545 534//534
f 392//392 444//444 443//443
f 347//347 372//372 358//358
f 534//534 545//545 623//623
f 463//463 372//372 452//452
f 358//358 376//376 370//370
f 370//370 361//361 351//351
f 349//349 363//363 370//370
f 370//370 376//376 487//487
f 347//347 358//358 351//351
f 372//372 351//351 452//452
f 376//376 534//534 487//487
f 487//487 534//534 623//623
f 623//623 659//659 487//487
f 531//531 532//532 659//659
f 683//683 702//702 690//690
f 718//718 690//690 702//702
f 497//497 371//371 541//541
f 793//793 702//702 720//720
f 793//793 720//720 811//811
f 740//740 767//767 728//728
f 583//583 541//541 386//386
f 731//731 723//723 811//811
f 723//723 728//728 811//811
f 752//752 758//758 780//780
f 762//762 767//767 740//740
f 740//740 728//728 738//738
f 792//792 786//786 796//796
f 796//796 786//786 779//779
f 826//826 792//792 796//796
f 792//792 633//633 745//745
f 745//745 633//633 717//717
f 742//742 745//745 717//717
f 724//724 750//750 737//737
f 772//772 761//761 725//725
f 761//761 750//750 725//725
f 750//750 760//760 737//737
f 749//749 717//717 741//741
f 756//756 751//751 744//744
f 633//633 728//728 492//492
f 496//496 633//633 492//492
f 812//812 659//659 623//623
f 659//659 815//815 819//819
f 811//811 826//826 821//821
f 345//345 352//352 487//487
f 487//487 352//352 349//349
f 361//361 339//339 351//351
f 375//375 345//345 532//532
f 296//296 325//325 373//373
f 296//296 329//329 305//305
f 426//426 532//532 531//531
f 452//452 351//351 371//371
f 371//371 351//351 325//325
f 325//325 317//317 331//331
f 317//317 296//296 332//332
f 294//294 301//301 264//264
f 482//482 492//492 440//440
f 66//66 301//301 106//106
f 589//589 582//582 835//835
f 711//711 398//398 589//589
f 398//398 530//530 509//509
f 747//747 753//753 794//794
f 759//759 726//726 719//719
f 719//719 721//721 706//706
f 710//710 719//719 706//706
f 729//729 721//721 710//710
f 721//721 719//719 710//710
f 759//759 729//729 710//710
f 696//696 706//706 592//592
f 667//667 669//669 663//663
f 669//669 686//686 663//663
f 685//685 688//688 592//592
f 730//730 677//677 678//678
f 681//681 684//684 677//677
f 676//676 663//663 685//685
f 715//715 700//700 730//730
f 686//686 669//669 688//688
f 715//715 685//685 700//700
f 620//620 657//657 685//685
f 657//657 620//620 577//577
f 620//620 620//620 657//657
f 620//620 620//620 577//577
f 666//666 680//680 661//661
f 680//680 666//666 661//661
f 759//759 710//710 794//794
f 715//715 730//730 710//710
f 710//710 730//730 794//794
f 678//678 627//627 730//730
f 730//730 627//627 699//699
f 699//699 794//794 730//730
f 703//703 710//710 696//696
f 688//688 696//696 592//592
f 678//678 628//628 627//627
f 826//826 794//794 820//820
f 496//496 533//533 633//633
f 592//592 533//533 577//577
f 609//609 596//596 618//618
f 618//618 596//596 609//609
f 605//605 630//630 609//609
f 624//624 630//630 627//627
f 618//618 606//606 602//602
f 599//599 603//603 604//604
f 603//603 606//606 618//618
f 618//618 609//609 603//603
f 621//621 577//577 604//604
f 627//627 612//612 614//614
f 609//609 628//628 621//621
f 609//609 622//622 604//604
f 612//612 604//604 607//607
f 604//604 577//577 607//607
f 651//651 699//699 629//629
f 569//569 625//625 607//607
f 496//496 482//482 336//336
f 496//496 336//336 397//397
f 496//496 445//445 569//569
f 268//268 294//294 273//273
f 445//445 397//397 350//350
f 449//449 445//445 350//350
f 294//294 157//157 273//273
f 350//350 268//268 449//449
f 397//397 268//268 350//350
f 566//566 449//449 472//472
f 566//566 472//472 575//575
f 453//453 461//461 457//457
f 458//458 464//464 457//457
f 457//457 471//471 461//461
f 461//461 451//451 460//460
f 458//458 456//456 461//461
f 498//498 503//503 474//474
f 461//461 471//471 474//474
f 455//455 469//469 461//461
f 478//478 466//466 455//455
f 478//478 469//469 466//466
f 473//473 474//474 488//488
f 461//461 484//484 477//477
f 484//484 478//478 480//480
f 478//478 488//488 498//498
f 471//471 461//461 473//473
f 475//475 461//461 474//474
f 478//478 477//477 462//462
f 462//462 476//476 478//478
f 451//451 450//450 457//457
f 513//513 521//521 493//493
f 493//493 477//477 472//472
f 502//502 503//503 498//498
f 513//513 493//493 472//472
f 430//430 472//472 364//364
f 449//449 132//132 309//309
f 820//820 825//825 826//826
f 836//836 802//802 800//800
f 689//689 566//566 575//575
f 800//800 575//575 594//594
f 594//594 521//521 588//588
f 594//594 575//575 521//521
f 611//611 605//605 618//618
f 46//46 40//40 11//11
f 39//39 40//40 22//22
f 131//131 22//22 193//193
f 39//39 22//22 144//144
f 39//39 102//102 104//104
f 256//256 140//140 247//247
f 226//226 247//247 225//225
f 233//233 247//247 226//226
f 234//234 226//226 225//225
f 249//249 288//288 279//279
f 249//249 279//279 247//247
f 258//258 260//260 279//279
f 328//328 288//288 341//341
f 225//225 247//247 140//140
f 258//258 253//253 256//256
f 253//253 140//140 256//256
f 144//144 253//253 181//181
f 282//282 229//229 181//181
f 131//131 193//193 288//288
f 9//9 8//8 23//23
f 74//74 23//23 49//49
f 49//49 11//11 25//25
f 21//21 268//268 23//23
f 21//21 23//23 74//74
f 132//132 268//268 21//21
f 75//75 65//65 39//39
f 101//101 49//49 42//42
f 49//49 101//101 74//74
f 74//74 78//78 21//21
f 78//78 74//74 93//93
f 21//21 78//78 132//132
f 90//90 87//87 89//89
f 89//89 87//87 90//90
f 92//92 89//89 101//101
f 364//364 284//284 342//342
f 262//262 132//132 238//238
f 78//78 110//110 197//197
f 238//238 78//78 197//197
f 110//110 78//78 90//90
f 280//280 360//360 342//342
f 280//280 284//284 238//238
f 110//110 120//120 76//76
f 285//285 238//238 197//197
f 181//181 116//116 127//127
f 101//101 127//127 129//129
f 80//80 84//84 95//95
f 83//83 79//79 81//81
f 164//164 129//129 116//116
f 146//146 129//129 164//164
f 95//95 146//146 60//60
f 116//116 181//181 169//169
f 164//164 152//152 82//82
f 197//197 76//76 80//80
f 330//330 285//285 261//261
f 197//197 203//203 261//261
f 64//64 95//95 60//60
f 64//64 60//60 37//37
f 60//60 32//32 37//37
f 34//34 32//32 31//31
f 18//18 24//24 31//31
f 203//203 197//197 190//190
f 197//197 64//64 190//190
f 248//248 240//240 255//255
f 255//255 330//330 261//261
f 220//220 252//252 240//240
f 206//206 255//255 196//196
f 255//255 207//207 196//196
f 214//214 204//204 198//198
f 206//206 196//196 198//198
f 18//18 31//31 71//71
f 7//7 18//18 71//71
f 71//71 67//67 48//48
f 30//30 71//71 48//48
f 30//30 7//7 71//71
f 255//255 214//214 199//199
f 255//255 199//199 167//167
f 197//197 80//80 95//95
f 424//424 518//518 342//342
f 518//518 511//511 342//342
f 424//424 342//342 360//360
f 439//439 556//556 504//504
f 285//285 343//343 439//439
f 285//285 330//330 343//343
f 295//295 304//304 297//297
f 340//340 385//385 330//330
f 308//308 330//330 276//276
f 330//330 295//295 303//303
f 13//13 3//3 10//10
f 152//152 3//3 48//48
f 165//165 136//136 121//121
f 123//123 162//162 119//119
f 136//136 123//123 124//124
f 121//121 119//119 162//162
f 121//121 133//133 165//165
f 805//805 704//704 589//589
f 862//862 833//833 835//835
f 711//711 589//589 704//704
f 530//530 398//398 711//711
f 789//789 635//635 711//711
f 871//871 862//862 830//830
f 863//863 830//830 826//826
f 830//830 863//863 871//871
f 833//833 862//862 871//871
f 839//839 855//855 871//871
f 839//839 871//871 872//872
f 288//288 346//346 524//524
f 524//524 642//642 635//635
f 789//789 837//837 839//839
f 548//548 789//789 754//754
f 882//882 872//872 885//885
f 789//789 839//839 872//872
f 842//842 789//789 872//872
f 887//887 882//882 885//885
f 853//853 842//842 868//868
f 892//892 868//868 887//887
f 809//809 842//842 853//853
f 882//882 868//868 872//872
f 873//873 850//850 861//861
f 863//863 866//866 885//885
f 873//873 875//875 885//885
f 800//800 698//698 827//827
f 875//875 861//861 880//880
f 827//827 698//698 791//791
f 861//861 827//827 858//858
f 791//791 817//817 827//827
f 818//818 817//817 791//791
f 769//769 791//791 639//639
f 818//818 791//791 769//769
f 818//818 856//856 858//858
f 878//878 858//858 856//856
f 849//849 856//856 852//852
f 852//852 818//818 838//838
f 885//885 895//895 887//887
f 902//902 895//895 896//896
f 896//896 880//880 878//878
f 896//896 878//878 905//905
f 891//891 894//894 878//878
f 904//904 903//903 887//887
f 889//889 883//883 903//903
f 903//903 904//904 888//888
f 903//903 888//888 889//889
f 856//856 849//849 891//891
f 891//891 879//879 884//884
f 727//727 639//639 597//597
f 795//795 769//769 727//727
f 288//288 548//548 341//341
f 333//333 468//468 590//590
f 277//277 181//181 314//314
f 282//282 181//181 277//277
f 327//327 432//432 377//377
f 448//448 437//437 442//442
f 590//590 692//692 520//520
f 774//774 842//842 809//809
f 692//692 809//809 799//799
f 538//538 586//586 799//799
f 538//538 799//799 712//712
f 432//432 520//520 538//538
f 853//853 859//859 799//799
f 169//169 229//229 176//176
f 848//848 860//860 841//841
f 841//841 829//829 848//848
f 860//860 848//848 854//854
f 865//865 860//860 854//854
f 901//901 884//884 897//897
f 879//879 865//865 884//884
f 897//897 884//884 870//870
f 542//542 539//539 435//435
f 435//435 539//539 467//467
f 467//467 353//353 435//435
f 467//467 369//369 353//353
f 775//775 727//727 556//556
f 709//709 701//701 556//556
f 709//709 556//556 491//491
f 829//829 801//801 807//807
f 801//801 709//709 807//807
f 697//697 714//714 709//709
f 709//709 714//714 697//697
f 385//385 491//491 418//418
f 385//385 544//544 491//491
f 512//512 510//510 385//385
f 506//506 385//385 340//340
f 340//340 479//479 506//506
f 374//374 479//479 340//340
f 581//581 697//697 510//510
f 526//526 581//581 515//515
f 515//515 507//507 500//500
f 505//505 479//479 500//500
f 374//374 546//546 479//479
f 479//479 526//526 515//515
f 865//865 846//846 870//870
f 846//846 790//790 870//870
f 816//816 790//790 785//785
f 823//823 857//857 790//790
f 785//785 790//790 581//581
f 631//631 479//479 546//546
f 823//823 790//790 816//816
f 823//823 816//816 785//785
f 823//823 785//785 808//808
f 778//778 808//808 785//785
f 785//785 631//631 643//643
f 643//643 546//546 540//540
f 637//637 643//643 540//540
f 637//637 647//647 643//643
f 180//180 191//191 161//161
f 100//100 149//149 160//160
f 161//161 191//191 212//212
f 126//126 100//100 159//159
f 158//158 143//143 180//180
f 158//158 212//212 180//180
f 148//148 161//161 149//149
f 149//149 145//145 148//148
f 191//191 169//169 176//176
f 152//152 191//191 192//192
f 191//191 180//180 173//173
f 192//192 191//191 150//150
f 105//105 103//103 35//35
f 163//163 180//180 126//126
f 173//173 171//171 177//177
f 173//173 177//177 171//171
f 173//173 171//171 163//163
f 173//173 154//154 156//156
f 154//154 163//163 150//150
f 36//36 35//35 85//85
f 318//318 321//321 282//282
f 216//216 180//180 212//212
f 85//85 35//35 216//216
f 216//216 36//36 85//85
f 36//36 216//216 192//192
f 175//175 147//147 200//200
f 192//192 216//216 211//211
f 38//38 13//13 33//33
f 64//64 38//38 174//174
f 201//201 276//276 165//165
f 185//185 118//118 184//184
f 184//184 179//179 185//185
f 201//201 185//185 208//208
f 115//115 185//185 215//215
f 213//213 208//208 217//217
f 45//45 20//20 38//38
f 17//17 19//19 147//147
f 182//182 174//174 38//38
f 43//43 44//44 38//38
f 224//224 174//174 182//182
f 44//44 175//175 107//107
f 117//117 128//128 109//109
f 61//61 41//41 137//137
f 137//137 41//41 99//99
f 86//86 41//41 70//70
f 99//99 41//41 86//86
f 69//69 86//86 70//70
f 69//69 62//62 41//41
f 62//62 63//63 68//68
f 72//72 69//69 58//58
f 69//69 70//70 68//68
f 86//86 68//68 70//70
f 111//111 99//99 125//125
f 58//58 55//55 41//41
f 51//51 55//55 58//58
f 353//353 369//369 321//321
f 369//369 335//335 321//321
f 271//271 300//300 335//335
f 257//257 271//271 335//335
f 263//263 267//267 266//266
f 267//267 271//271 266//266
f 195//195 246//246 257//257
f 245//245 246//246 195//195
f 335//335 300//300 321//321
f 362//362 369//369 470//470
f 257//257 394//394 334//334
f 470//470 549//549 394//394
f 394//394 547//547 441//441
f 334//334 394//394 441//441
f 337//337 441//441 517//517
f 195//195 211//211 194//194
f 195//195 183//183 175//175
f 187//187 178//178 183//183
f 187//187 183//183 195//195
f 107//107 175//175 187//187
f 96//96 107//107 112//112
f 94//94 97//97 98//98
f 94//94 98//98 112//112
f 112//112 187//187 287//287
f 153//153 113//113 128//128
f 109//109 153//153 287//287
f 270//270 61//61 287//287
f 47//47 270//270 130//130
f 142//142 86//86 72//72
f 142//142 72//72 134//134
f 130//130 138//138 134//134
f 270//270 142//142 130//130
f 287//287 320//320 337//337
f 270//270 287//287 306//306
f 47//47 72//72 50//50
f 50//50 52//52 41//41
f 41//41 52//52 72//72
f 72//72 58//58 51//51
f 134//134 122//122 130//130
f 134//134 114//114 122//122
f 130//130 114//114 134//134
f 306//306 337//337 357//357
f 98//98 107//107 96//96
f 72//72 54//54 41//41
f 57//57 56//56 56//56
f 56//56 53//53 53//53
f 54//54 72//72 53//53
f 59//59 51//51 57//57
f 44//44 137//137 224//224
f 340//340 299//299 310//310
f 286//286 299//299 272//272
f 299//299 276//276 222//222
f 231//231 239//239 227//227
f 243//243 235//235 237//237
f 222//222 201//201 219//219
f 222//222 184//184 239//239
f 222//222 239//239 227//227
f 188//188 265//265 244//244
f 265//265 215//215 217//217
f 265//265 217//217 208//208
f 286//286 254//254 265//265
f 237//237 235//235 265//265
f 230//230 215//215 265//265
f 243//243 239//239 244//244
f 324//324 340//340 310//310
f 324//324 310//310 286//286
f 324//324 374//374 340//340
f 188//188 184//184 115//115
f 239//239 184//184 188//188
f 174//174 224//224 265//265
f 286//286 265//265 291//291
f 291//291 265//265 224//224
f 291//291 224//224 290//290
f 319//319 316//316 291//291
f 316//316 319//319 355//355
f 344//344 355//355 290//290
f 188//188 115//115 215//215
f 286//286 291//291 324//324
f 224//224 141//141 275//275
f 298//298 141//141 86//86
f 356//356 326//326 359//359
f 637//637 540//540 529//529
f 459//459 560//560 495//495
f 560//560 459//459 481//481
f 650//650 637//637 529//529
f 465//465 357//357 337//337
f 359//359 357//357 465//465
f 517//517 465//465 337//337
f 489//489 481//481 359//359
f 522//522 489//489 465//465
f 528//528 481//481 489//489
f 86//86 142//142 189//189
f 241//241 242//242 142//142
f 269//269 189//189 242//242
f 86//86 189//189 269//269
f 269//269 142//142 270//270
f 292//292 86//86 269//269
f 306//306 357//357 270//270
f 270//270 357//357 323//323
f 322//322 292//292 323//323
f 326//326 344//344 293//293
f 326//326 322//322 359//359
f 344//344 326//326 356//356
f 326//326 292//292 322//322
f 813//813 859//859 867//867
f 881//881 867//867 859//859
f 888//888 881//881 889//889
f 888//888 900//900 893//893
f 813//813 893//893 828//828
f 787//787 893//893 843//843
f 787//787 712//712 828//828
f 787//787 828//828 893//893
f 899//899 897//897 890//890
f 542//542 687//687 539//539
f 539//539 687//687 570//570
f 470//470 539//539 570//570
f 600//600 470//470 570//570
f 600//600 570//570 641//641
f 641//641 787//787 746//746
f 593//593 600//600 708//708
f 797//797 814//814 844//844
f 600//600 593//593 549//549
f 549//549 593//593 585//585
f 763//763 585//585 798//798
f 803//803 831//831 845//845
f 695//695 559//559 763//763
f 771//771 768//768 763//763
f 788//788 777//777 798//798
f 777//777 763//763 798//798
f 768//768 773//773 716//716
f 886//886 864//864 869//869
f 851//851 886//886 874//874
f 851//851 864//864 886//886
f 864//864 851//851 844//844
f 708//708 713//713 797//797
f 822//822 803//803 788//788
f 847//847 874//874 877//877
f 847//847 823//823 806//806
f 806//806 823//823 808//808
f 806//806 637//637 654//654
f 806//806 755//755 845//845
f 803//803 845//845 755//755
f 654//654 637//637 650//650
f 595//595 755//755 654//654
f 806//806 808//808 778//778
f 559//559 394//394 549//549
f 536//536 547//547 559//559
f 571//571 559//559 695//695
f 674//674 682//682 679//679
f 664//664 662//662 660//660
f 656//656 662//662 652//652
f 670//670 673//673 664//664
f 664//664 670//670 662//662
f 655//655 656//656 652//652
f 655//655 660//660 656//656
f 441//441 536//536 517//517
f 595//595 591//591 755//755
f 536//536 571//571 554//554
f 693//693 591//591 584//584
f 571//571 652//652 634//634
f 626//626 644//644 610//610
f 626//626 632//632 634//634
f 610//610 613//613 619//619
f 638//638 646//646 644//644
f 634//634 644//644 626//626
f 619//619 634//634 632//632
f 571//571 584//584 553//553
f 554//554 571//571 553//553
f 610//610 584//584 571//571
f 560//560 650//650 572//572
f 527//527 554//554 537//537
f 537//537 554//554 553//553
f 553//553 527//527 537//537
f 522//522 508//508 565//565
f 553//553 565//565 508//508
f 276//276 201//201 222//222
f 652//652 662//662 693//693
f 40//40 77//77 22//22
f 796//796 747//747 794//794
f 726//726 717//717 633//633
f 11//11 39//39 65//65
f 892//892 887//887 903//903
f 519//519 516//516 454//454
f 437//437 425//425 442//442
f 437//437 454//454 436//436
f 448//448 454//454 437//437
f 437//437 434//434 433//433
f 433//433 425//425 429//429
f 429//429 442//442 434//434
f 425//425 419//419 421//421
f 425//425 428//428 437//437
f 419//419 437//437 428//428
f 422//422 423//423 420//420
f 420//420 425//425 421//421
f 454//454 410//410 436//436
f 428//428 423//423 420//420
f 436//436 431//431 428//428
f 410//410 427//427 431//431
f 414//414 416//416 422//422
f 413//413 408//408 422//422
f 415//415 427//427 408//408
f 422//422 408//408 384//384
f 422//422 384//384 429//429
f 417//417 415//415 413//413
f 423//423 417//417 416//416
f 437//437 436//436 425//425
f 414//414 422//422 420//420
f 428//428 420//420 425//425
f 420//420 428//428 425//425
f 421//421 428//428 420//420
f 423//423 428//428 422//422
f 428//428 427//427 422//422
f 427//427 410//410 408//408
f 437//437 442//442 434//434
f 454//454 429//429 519//519
f 438//438 429//429 384//384
f 429//429 438//438 519//519
f 404//404 399//399 400//400
f 399//399 404//404 401//401
f 410//410 404//404 400//400
f 399//399 401//401 403//403
f 403//403 401//401 405//405
f 403//403 406//406 384//384
f 384//384 406//406 410//410
f 403//403 410//410 406//406
f 389//389 393//393 384//384
f 404//404 410//410 403//403
f 401//401 410//410 403//403
f 516//516 519//519 535//535
f 543//543 535//535 519//519
f 535//535 543//543 516//516
f 561//561 558//558 562//562
f 555//555 543//543 551//551
f 564//564 555//555 563//563
f 568//568 555//555 567//567
f 555//555 562//562 567//567
f 567//567 562//562 568//568
f 563//563 561//561 562//562
f 555//555 551//551 557//557
f 557//557 551//551 562//562
f 519//519 438//438 485//485
f 543//543 485//485 562//562
f 393//393 402//402 391//391
f 396//396 380//380 388//388
f 384//384 402//402 396//396
f 395//395 387//387 380//380
f 382//382 396//396 378//378
f 383//383 380//380 381//381
f 390//390 395//395 384//384
f 380//380 396//396 382//382
f 390//390 402//402 395//395
f 396//396 402//402 378//378
f 402//402 409//409 378//378
f 545//545 516//516 555//555
f 555//555 573//573 545//545
f 579//579 573//573 568//568
f 555//555 568//568 573//573
f 516//516 545//545 409//409
f 409//409 545//545 444//444
f 543//543 562//562 551//551
f 516//516 402//402 410//410
f 562//562 485//485 568//568
f 552//552 601//601 568//568
f 380//380 378//378 384//384
f 384//384 378//378 358//358
f 378//378 409//409 392//392
f 392//392 409//409 444//444
f 378//378 392//392 358//358
f 485//485 372//372 463//463
f 463//463 568//568 485//485
f 579//579 576//576 578//578
f 578//578 576//576 579//579
f 545//545 576//576 579//579
f 579//579 568//568 601//601
f 640//640 601//601 552//552
f 601//601 640//640 683//683
f 552//552 463//463 683//683
f 601//601 690//690 623//623
f 623//623 690//690 718//718
f 392//392 443//443 358//358
f 358//358 443//443 376//376
f 443//443 534//534 376//376
f 444//444 534//534 443//443
f 370//370 351//351 358//358
f 368//368 366//366 365//365
f 366//366 370//370 363//363
f 370//370 368//368 367//367
f 368//368 365//365 366//366
f 365//365 366//366 363//363
f 349//349 370//370 487//487
f 347//347 351//351 372//372
f 487//487 532//532 490//490
f 487//487 490//490 345//345
f 532//532 487//487 659//659
f 582//582 659//659 835//835
f 683//683 640//640 552//552
f 683//683 690//690 601//601
f 683//683 580//580 720//720
f 702//702 683//683 720//720
f 683//683 452//452 580//580
f 580//580 541//541 720//720
f 452//452 541//541 580//580
f 541//541 731//731 720//720
f 731//731 541//541 583//583
f 452//452 497//497 541//541
f 452//452 371//371 497//497
f 541//541 371//371 386//386
f 623//623 718//718 793//793
f 718//718 702//702 793//793
f 720//720 731//731 811//811
f 793//793 811//811 812//812
f 723//723 731//731 583//583
f 723//723 583//583 728//728
f 583//583 386//386 728//728
f 386//386 483//483 728//728
f 739//739 738//738 758//758
f 767//767 780//780 728//728
f 767//767 758//758 752//752
f 738//738 739//739 740//740
f 780//780 767//767 752//752
f 728//728 792//792 811//811
f 728//728 780//780 792//792
f 633//633 738//738 728//728
f 738//738 633//633 780//780
f 792//792 780//780 633//633
f 784//784 792//792 745//745
f 784//784 745//745 786//786
f 784//784 786//786 782//782
f 724//724 737//737 722//722
f 766//766 764//764 751//751
f 724//724 722//722 725//725
f 725//725 737//737 722//722
f 722//722 737//737 725//725
f 766//766 776//776 757//757
f 796//796 776//776 766//766
f 770//770 742//742 749//749
f 745//745 796//796 766//766
f 756//756 770//770 737//737
f 770//770 745//745 742//742
f 751//751 744//744 756//756
f 724//724 725//725 750//750
f 772//772 725//725 737//737
f 756//756 760//760 772//772
f 748//748 761//761 760//760
f 737//737 749//749 733//733
f 779//779 745//745 776//776
f 745//745 770//770 796//796
f 749//749 741//741 765//765
f 765//765 741//741 796//796
f 733//733 772//772 732//732
f 742//742 717//717 749//749
f 751//751 756//756 744//744
f 764//764 751//751 756//756
f 742//742 749//749 737//737
f 756//756 744//744 764//764
f 765//765 772//772 733//733
f 741//741 717//717 726//726
f 483//483 440//440 728//728
f 440//440 492//492 728//728
f 796//796 779//779 776//776
f 812//812 623//623 793//793
f 815//815 659//659 812//812
f 815//815 812//812 821//821
f 812//812 811//811 821//821
f 815//815 821//821 819//819
f 835//835 659//659 819//819
f 835//835 819//819 832//832
f 819//819 821//821 840//840
f 832//832 819//819 840//840
f 832//832 840//840 835//835
f 792//792 826//826 811//811
f 821//821 830//830 840//840
f 821//821 826//826 830//830
f 840//840 830//830 835//835
f 796//796 794//794 826//826
f 361//361 345//345 339//339
f 339//339 345//345 375//375
f 339//339 325//325 351//351
f 339//339 375//375 325//325
f 317//317 325//325 296//296
f 490//490 532//532 345//345
f 375//375 532//532 426//426
f 296//296 373//373 329//329
f 426//426 373//373 375//375
f 325//325 375//375 373//373
f 426//426 329//329 373//373
f 659//659 582//582 531//531
f 582//582 589//589 531//531
f 338//338 531//531 589//589
f 338//338 589//589 494//494
f 426//426 338//338 329//329
f 531//531 338//338 426//426
f 305//305 329//329 338//338
f 371//371 325//325 348//348
f 371//371 348//348 386//386
f 386//386 348//348 332//332
f 325//325 331//331 348//348
f 317//317 332//332 331//331
f 331//331 332//332 348//348
f 386//386 301//301 483//483
f 332//332 301//301 386//386
f 483//483 301//301 440//440
f 278//278 301//301 332//332
f 440//440 301//301 294//294
f 294//294 336//336 440//440
f 492//492 482//482 496//496
f 336//336 482//482 440//440
f 296//296 251//251 332//332
f 251//251 296//296 305//305
f 332//332 223//223 278//278
f 332//332 251//251 223//223
f 278//278 223//223 186//186
f 223//223 251//251 250//250
f 223//223 77//77 186//186
f 223//223 250//250 77//77
f 305//305 338//338 250//250
f 251//251 305//305 250//250
f 250//250 338//338 398//398
f 193//193 22//22 250//250
f 193//193 250//250 315//315
f 186//186 106//106 278//278
f 278//278 106//106 301//301
f 301//301 91//91 264//264
f 301//301 66//66 91//91
f 91//91 294//294 264//264
f 186//186 77//77 66//66
f 106//106 186//186 66//66
f 77//77 40//40 66//66
f 22//22 77//77 250//250
f 66//66 40//40 46//46
f 91//91 9//9 157//157
f 66//66 46//46 91//91
f 91//91 46//46 9//9
f 9//9 46//46 8//8
f 91//91 157//157 294//294
f 494//494 589//589 398//398
f 398//398 338//338 494//494
f 509//509 501//501 398//398
f 250//250 398//398 315//315
f 398//398 346//346 315//315
f 398//398 501//501 346//346
f 574//574 579//579 578//578
f 741//741 736//736 747//747
f 741//741 726//726 753//753
f 741//741 753//753 736//736
f 753//753 759//759 794//794
f 753//753 735//735 759//759
f 753//753 726//726 735//735
f 726//726 729//729 721//721
f 719//719 726//726 721//721
f 729//729 759//759 721//721
f 735//735 726//726 759//759
f 706//706 726//726 633//633
f 726//726 735//735 734//734
f 726//726 706//706 729//729
f 715//715 710//710 707//707
f 706//706 696//696 710//710
f 735//735 753//753 734//734
f 696//696 715//715 703//703
f 715//715 707//707 703//703
f 706//706 633//633 592//592
f 696//696 680//680 666//666
f 661//661 715//715 696//696
f 680//680 661//661 696//696
f 688//688 661//661 680//680
f 688//688 715//715 671//671
f 667//667 663//663 668//668
f 665//665 663//663 658//658
f 700//700 665//665 676//676
f 663//663 700//700 668//668
f 676//676 665//665 658//658
f 686//686 700//700 685//685
f 700//700 667//667 668//668
f 685//685 663//663 686//686
f 669//669 700//700 686//686
f 686//686 715//715 669//669
f 658//658 663//663 676//676
f 684//684 676//676 681//681
f 730//730 681//681 677//677
f 685//685 691//691 684//684
f 681//681 676//676 685//685
f 681//681 685//685 684//684
f 685//685 657//657 691//691
f 730//730 700//700 691//691
f 672//672 715//715 688//688
f 688//688 715//715 686//686
f 685//685 592//592 620//620
f 620//620 592//592 620//620
f 620//620 685//685 620//620
f 592//592 577//577 620//620
f 657//657 577//577 678//678
f 680//680 696//696 666//666
f 661//661 688//688 671//671
f 671//671 715//715 661//661
f 707//707 710//710 703//703
f 577//577 569//569 607//607
f 533//533 496//496 577//577
f 496//496 569//569 577//577
f 608//608 609//609 618//618
f 618//618 602//602 627//627
f 630//630 618//618 627//627
f 604//604 627//627 599//599
f 602//602 603//603 599//599
f 618//618 609//609 608//608
f 609//609 604//604 603//603
f 628//628 577//577 621//621
f 627//627 628//628 621//621
f 627//627 624//624 622//622
f 622//622 609//609 624//624
f 604//604 612//612 614//614
f 621//621 630//630 624//624
f 627//627 607//607 629//629
f 627//627 604//604 617//617
f 617//617 607//607 627//627
f 614//614 627//627 617//617
f 604//604 614//614 617//617
f 627//627 629//629 699//699
f 625//625 569//569 629//629
f 629//629 569//569 651//651
f 651//651 569//569 566//566
f 699//699 651//651 566//566
f 607//607 625//625 629//629
f 397//397 445//445 496//496
f 569//569 449//449 566//566
f 445//445 449//449 569//569
f 9//9 27//27 157//157
f 336//336 294//294 397//397
f 294//294 268//268 397//397
f 157//157 27//27 273//273
f 273//273 27//27 23//23
f 273//273 23//23 268//268
f 268//268 132//132 449//449
f 449//449 364//364 472//472
f 521//521 575//575 472//472
f 453//453 457//457 451//451
f 456//456 458//458 457//457
f 461//461 471//471 460//460
f 473//473 471//471 457//457
f 457//457 447//447 456//456
f 461//461 460//460 457//457
f 461//461 464//464 458//458
f 446//446 451//451 450//450
f 447//447 457//457 456//456
f 474//474 503//503 488//488
f 464//464 469//469 466//466
f 455//455 461//461 477//477
f 475//475 484//484 461//461
f 488//488 503//503 502//502
f 499//499 488//488 521//521
f 521//521 498//498 488//488
f 488//488 478//478 484//484
f 475//475 488//488 484//484
f 498//498 474//474 471//471
f 498//498 473//473 478//478
f 498//498 521//521 502//502
f 488//488 499//499 484//484
f 478//478 455//455 462//462
f 462//462 477//477 478//478
f 462//462 455//455 477//477
f 477//477 480//480 476//476
f 480//480 477//477 493//493
f 469//469 457//457 464//464
f 473//473 457//457 469//469
f 451//451 457//457 450//450
f 480//480 478//478 476//476
f 499//499 521//521 472//472
f 472//472 484//484 499//499
f 484//484 472//472 477//477
f 588//588 521//521 513//513
f 484//484 493//493 521//521
f 521//521 488//488 484//484
f 493//493 484//484 480//480
f 449//449 309//309 364//364
f 472//472 430//430 514//514
f 513//513 472//472 514//514
f 699//699 802//802 820//820
f 566//566 689//689 699//699
f 802//802 699//699 689//689
f 826//826 836//836 850//850
f 836//836 826//826 825//825
f 820//820 802//802 825//825
f 825//825 802//802 836//836
f 699//699 820//820 794//794
f 689//689 694//694 802//802
f 689//689 575//575 694//694
f 800//800 694//694 575//575
f 802//802 694//694 800//800
f 514//514 588//588 513//513
f 587//587 588//588 514//514
f 698//698 588//588 587//587
f 525//525 430//430 511//511
f 430//430 342//342 511//511
f 514//514 525//525 587//587
f 800//800 588//588 698//698
f 791//791 698//698 587//587
f 514//514 430//430 525//525
f 800//800 594//594 588//588
f 511//511 518//518 587//587
f 587//587 525//525 511//511
f 639//639 587//587 518//518
f 592//592 633//633 533//533
f 611//611 630//630 605//605
f 46//46 11//11 8//8
f 11//11 6//6 8//8
f 11//11 40//40 39//39
f 144//144 22//22 131//131
f 144//144 102//102 39//39
f 75//75 39//39 104//104
f 101//101 75//75 104//104
f 288//288 193//193 315//315
f 288//288 315//315 346//346
f 131//131 288//288 144//144
f 102//102 144//144 104//104
f 144//144 288//288 249//249
f 104//104 144//144 135//135
f 127//127 104//104 135//135
f 225//225 226//226 232//232
f 249//249 234//234 225//225
f 226//226 225//225 232//232
f 247//247 236//236 249//249
f 232//232 233//233 225//225
f 234//234 249//249 236//236
f 232//232 234//234 233//233
f 256//256 259//259 260//260
f 256//256 247//247 259//259
f 258//258 279//279 253//253
f 144//144 249//249 225//225
f 288//288 328//328 279//279
f 279//279 328//328 253//253
f 135//135 144//144 181//181
f 225//225 140//140 253//253
f 144//144 225//225 253//253
f 23//23 6//6 4//4
f 4//4 6//6 5//5
f 6//6 11//11 5//5
f 5//5 11//11 23//23
f 23//23 4//4 5//5
f 23//23 8//8 6//6
f 9//9 23//23 27//27
f 11//11 65//65 25//25
f 42//42 26//26 65//65
f 23//23 11//11 49//49
f 25//25 42//42 49//49
f 101//101 42//42 65//65
f 65//65 75//75 101//101
f 101//101 104//104 127//127
f 74//74 101//101 93//93
f 93//93 90//90 78//78
f 93//93 89//89 90//90
f 88//88 93//93 89//89
f 93//93 89//89 90//90
f 89//89 93//93 101//101
f 92//92 110//110 90//90
f 89//89 92//92 90//90
f 101//101 129//129 92//92
f 132//132 262//262 309//309
f 309//309 284//284 364//364
f 309//309 262//262 284//284
f 342//342 284//284 280//280
f 430//430 364//364 342//342
f 238//238 132//132 78//78
f 284//284 262//262 238//238
f 360//360 280//280 281//281
f 281//281 238//238 289//289
f 280//280 238//238 281//281
f 238//238 285//285 289//289
f 129//129 110//110 92//92
f 120//120 110//110 129//129
f 73//73 146//146 76//76
f 76//76 120//120 73//73
f 110//110 76//76 197//197
f 127//127 135//135 181//181
f 129//129 127//127 116//116
f 129//129 146//146 120//120
f 76//76 81//81 80//80
f 83//83 84//84 80//80
f 81//81 95//95 84//84
f 83//83 79//79 84//84
f 146//146 95//95 81//81
f 79//79 80//80 81//81
f 79//79 83//83 84//84
f 146//146 31//31 32//32
f 146//146 32//32 60//60
f 164//164 116//116 169//169
f 169//169 181//181 229//229
f 164//164 169//169 155//155
f 82//82 71//71 164//164
f 155//155 152//152 164//164
f 152//152 67//67 82//82
f 31//31 164//164 71//71
f 108//108 169//169 176//176
f 191//191 152//152 155//155
f 169//169 191//191 155//155
f 64//64 197//197 95//95
f 360//360 281//281 289//289
f 285//285 360//360 289//289
f 285//285 197//197 261//261
f 261//261 248//248 255//255
f 34//34 28//28 31//31
f 32//32 34//34 31//31
f 28//28 34//34 32//32
f 28//28 32//32 31//31
f 34//34 24//24 37//37
f 31//31 24//24 34//34
f 32//32 34//34 37//37
f 261//261 240//240 255//255
f 248//248 261//261 240//240
f 252//252 248//248 240//240
f 255//255 252//252 220//220
f 240//240 203//203 221//221
f 240//240 221//221 220//220
f 240//240 261//261 203//203
f 221//221 205//205 209//209
f 220//220 221//221 209//209
f 221//221 203//203 202//202
f 255//255 220//220 207//207
f 196//196 202//202 203//203
f 196//196 203//203 206//206
f 202//202 196//196 207//207
f 255//255 206//206 214//214
f 205//205 221//221 202//202
f 210//210 205//205 202//202
f 198//198 204//204 206//206
f 196//196 206//206 198//198
f 203//203 198//198 206//206
f 24//24 13//13 64//64
f 24//24 18//18 12//12
f 12//12 16//16 7//7
f 13//13 24//24 7//7
f 71//71 82//82 67//67
f 30//30 48//48 29//29
f 48//48 67//67 152//152
f 330//330 255//255 276//276
f 203//203 199//199 214//214
f 203//203 167//167 199//199
f 203//203 190//190 167//167
f 136//136 255//255 167//167
f 165//165 255//255 136//136
f 214//214 199//199 198//198
f 214//214 198//198 199//199
f 360//360 518//518 424//424
f 486//486 360//360 439//439
f 486//486 518//518 360//360
f 486//486 439//439 504//504
f 439//439 360//360 285//285
f 486//486 504//504 556//556
f 556//556 639//639 518//518
f 556//556 518//518 486//486
f 343//343 556//556 439//439
f 556//556 343//343 491//491
f 418//418 343//343 385//385
f 343//343 330//330 385//385
f 491//491 343//343 418//418
f 330//330 304//304 295//295
f 330//330 308//308 304//304
f 276//276 312//312 308//308
f 304//304 308//308 312//312
f 297//297 304//304 313//313
f 304//304 312//312 313//313
f 312//312 340//340 313//313
f 295//295 302//302 303//303
f 302//302 295//295 297//297
f 330//330 302//302 340//340
f 303//303 302//302 330//330
f 302//302 313//313 340//340
f 297//297 313//313 302//302
f 108//108 176//176 169//169
f 12//12 7//7 24//24
f 7//7 48//48 3//3
f 7//7 3//3 13//13
f 3//3 152//152 10//10
f 152//152 33//33 10//10
f 10//10 33//33 13//13
f 64//64 13//13 38//38
f 167//167 190//190 151//151
f 172//172 167//167 170//170
f 167//167 151//151 170//170
f 170//170 167//167 172//172
f 167//167 170//170 172//172
f 136//136 167//167 172//172
f 190//190 64//64 123//123
f 123//123 64//64 174//174
f 190//190 123//123 151//151
f 172//172 151//151 136//136
f 136//136 151//151 123//123
f 276//276 255//255 165//165
f 162//162 123//123 174//174
f 136//136 119//119 121//121
f 123//123 119//119 124//124
f 121//121 162//162 133//133
f 162//162 165//165 133//133
f 312//312 276//276 299//299
f 118//118 115//115 184//184
f 14//14 16//16 15//15
f 15//15 12//12 18//18
f 589//589 835//835 805//805
f 805//805 835//835 833//833
f 704//704 805//805 833//833
f 704//704 833//833 804//804
f 837//837 804//804 833//833
f 704//704 804//804 711//711
f 711//711 804//804 837//837
f 642//642 711//711 635//635
f 711//711 837//837 789//789
f 835//835 830//830 862//862
f 855//855 837//837 833//833
f 855//855 833//833 871//871
f 871//871 863//863 872//872
f 837//837 855//855 839//839
f 863//863 885//885 872//872
f 530//530 711//711 509//509
f 501//501 509//509 711//711
f 711//711 642//642 501//501
f 501//501 642//642 346//346
f 346//346 642//642 524//524
f 635//635 548//548 524//524
f 635//635 789//789 548//548
f 548//548 754//754 468//468
f 868//868 842//842 872//872
f 789//789 842//842 754//754
f 882//882 887//887 868//868
f 598//598 810//810 590//590
f 590//590 810//810 842//842
f 590//590 842//842 774//774
f 754//754 810//810 598//598
f 754//754 842//842 810//810
f 892//892 853//853 868//868
f 853//853 892//892 883//883
f 883//883 892//892 903//903
f 826//826 850//850 866//866
f 826//826 866//866 863//863
f 850//850 873//873 866//866
f 836//836 800//800 861//861
f 836//836 861//861 850//850
f 866//866 873//873 885//885
f 885//885 875//875 895//895
f 873//873 861//861 875//875
f 800//800 827//827 861//861
f 875//875 896//896 895//895
f 880//880 896//896 875//875
f 827//827 818//818 858//858
f 827//827 817//817 818//818
f 587//587 639//639 791//791
f 818//818 769//769 838//838
f 838//838 769//769 795//795
f 858//858 880//880 861//861
f 856//856 818//818 852//852
f 880//880 858//858 878//878
f 838//838 795//795 841//841
f 849//849 852//852 838//838
f 849//849 838//838 841//841
f 887//887 895//895 904//904
f 904//904 895//895 902//902
f 902//902 896//896 905//905
f 902//902 905//905 878//878
f 902//902 878//878 894//894
f 902//902 894//894 904//904
f 881//881 883//883 889//889
f 888//888 904//904 894//894
f 894//894 901//901 888//888
f 878//878 856//856 891//891
f 891//891 860//860 879//879
f 891//891 849//849 860//860
f 849//849 841//841 860//860
f 894//894 891//891 901//901
f 901//901 891//891 884//884
f 888//888 901//901 900//900
f 639//639 727//727 769//769
f 841//841 795//795 829//829
f 524//524 548//548 288//288
f 328//328 341//341 468//468
f 328//328 333//333 253//253
f 328//328 468//468 333//333
f 468//468 754//754 598//598
f 590//590 520//520 432//432
f 548//548 468//468 341//341
f 333//333 314//314 253//253
f 253//253 314//314 181//181
f 277//277 314//314 327//327
f 283//283 282//282 277//277
f 282//282 283//283 311//311
f 283//283 277//277 327//327
f 432//432 327//327 314//314
f 333//333 432//432 314//314
f 283//283 327//327 311//311
f 282//282 311//311 354//354
f 327//327 354//354 311//311
f 598//598 590//590 468//468
f 774//774 692//692 590//590
f 692//692 586//586 520//520
f 520//520 586//586 538//538
f 809//809 692//692 774//774
f 853//853 883//883 881//881
f 859//859 853//853 881//881
f 853//853 799//799 809//809
f 586//586 692//692 799//799
f 799//799 781//781 712//712
f 432//432 550//550 377//377
f 432//432 538//538 550//550
f 377//377 550//550 435//435
f 327//327 377//377 354//354
f 354//354 377//377 435//435
f 282//282 354//354 318//318
f 550//550 542//542 435//435
f 538//538 712//712 550//550
f 550//550 712//712 687//687
f 333//333 590//590 432//432
f 813//813 799//799 859//859
f 282//282 212//212 229//229
f 879//879 860//860 865//865
f 901//901 897//897 900//900
f 884//884 865//865 870//870
f 354//354 435//435 318//318
f 318//318 435//435 353//353
f 550//550 687//687 542//542
f 467//467 539//539 470//470
f 597//597 639//639 556//556
f 727//727 597//597 556//556
f 775//775 701//701 801//801
f 727//727 775//775 801//801
f 701//701 775//775 556//556
f 491//491 544//544 709//709
f 795//795 727//727 801//801
f 709//709 801//801 701//701
f 795//795 801//801 829//829
f 697//697 709//709 544//544
f 544//544 385//385 510//510
f 512//512 385//385 506//506
f 312//312 299//299 340//340
f 697//697 544//544 510//510
f 510//510 512//512 506//506
f 510//510 506//506 581//581
f 581//581 506//506 515//515
f 506//506 479//479 505//505
f 506//506 505//505 515//515
f 515//515 505//505 507//507
f 505//505 515//515 507//507
f 515//515 500//500 479//479
f 546//546 374//374 411//411
f 829//829 807//807 848//848
f 854//854 848//848 807//807
f 790//790 709//709 697//697
f 807//807 709//709 790//790
f 705//705 790//790 697//697
f 854//854 807//807 790//790
f 705//705 581//581 790//790
f 846//846 865//865 854//854
f 854//854 790//790 846//846
f 790//790 857//857 870//870
f 697//697 581//581 705//705
f 631//631 581//581 526//526
f 581//581 631//631 785//785
f 631//631 526//526 479//479
f 785//785 643//643 637//637
f 785//785 637//637 778//778
f 806//806 778//778 637//637
f 643//643 631//631 546//546
f 637//637 643//643 647//647
f 176//176 229//229 191//191
f 212//212 191//191 229//229
f 160//160 149//149 161//161
f 160//160 161//161 166//166
f 100//100 103//103 145//145
f 180//180 143//143 158//158
f 143//143 180//180 139//139
f 159//159 158//158 103//103
f 159//159 103//103 143//143
f 159//159 103//103 158//158
f 100//100 35//35 103//103
f 100//100 126//126 35//35
f 100//100 145//145 149//149
f 148//148 160//160 161//161
f 163//163 103//103 105//105
f 180//180 163//163 173//173
f 191//191 173//173 150//150
f 163//163 171//171 177//177
f 163//163 105//105 150//150
f 173//173 156//156 150//150
f 150//150 105//105 192//192
f 35//35 36//36 105//105
f 192//192 105//105 36//36
f 282//282 321//321 216//216
f 216//216 212//212 282//282
f 180//180 216//216 126//126
f 321//321 211//211 216//216
f 192//192 211//211 200//200
f 192//192 200//200 168//168
f 147//147 192//192 168//168
f 200//200 147//147 168//168
f 200//200 211//211 175//175
f 126//126 216//216 35//35
f 126//126 103//103 163//163
f 152//152 45//45 33//33
f 45//45 152//152 192//192
f 45//45 192//192 147//147
f 33//33 45//45 38//38
f 179//179 162//162 185//185
f 201//201 179//179 185//185
f 185//185 201//201 215//215
f 162//162 208//208 185//185
f 208//208 174//174 265//265
f 208//208 162//162 174//174
f 45//45 147//147 20//20
f 20//20 19//19 43//43
f 19//19 20//20 147//147
f 38//38 20//20 43//43
f 43//43 19//19 17//17
f 44//44 17//17 147//147
f 43//43 17//17 44//44
f 147//147 175//175 44//44
f 224//224 182//182 44//44
f 137//137 44//44 117//117
f 118//118 185//185 115//115
f 182//182 38//38 44//44
f 44//44 107//107 112//112
f 117//117 44//44 128//128
f 224//224 137//137 141//141
f 111//111 125//125 141//141
f 141//141 137//137 111//111
f 117//117 109//109 61//61
f 117//117 61//61 137//137
f 61//61 47//47 41//41
f 125//125 99//99 86//86
f 63//63 41//41 62//62
f 41//41 63//63 68//68
f 68//68 63//63 70//70
f 70//70 63//63 62//62
f 86//86 70//70 62//62
f 99//99 111//111 137//137
f 86//86 69//69 72//72
f 70//70 41//41 68//68
f 69//69 41//41 55//55
f 41//41 51//51 58//58
f 51//51 56//56 57//57
f 69//69 55//55 58//58
f 353//353 321//321 318//318
f 321//321 300//300 211//211
f 271//271 211//211 300//300
f 263//263 211//211 271//271
f 211//211 263//263 194//194
f 266//266 257//257 263//263
f 194//194 263//263 257//257
f 266//266 271//271 257//257
f 194//194 245//245 246//246
f 194//194 246//246 245//245
f 195//195 194//194 245//245
f 194//194 257//257 245//245
f 195//195 257//257 334//334
f 335//335 394//394 257//257
f 369//369 467//467 470//470
f 335//335 369//369 362//362
f 335//335 362//362 394//394
f 362//362 470//470 394//394
f 334//334 441//441 320//320
f 320//320 441//441 337//337
f 175//175 211//211 195//195
f 187//187 175//175 178//178
f 175//175 183//183 178//178
f 107//107 187//187 112//112
f 96//96 112//112 98//98
f 44//44 112//112 128//128
f 187//187 195//195 287//287
f 287//287 195//195 334//334
f 153//153 128//128 112//112
f 112//112 287//287 153//153
f 109//109 128//128 113//113
f 287//287 334//334 320//320
f 287//287 61//61 109//109
f 61//61 270//270 47//47
f 287//287 337//337 306//306
f 59//59 72//72 51//51
f 53//53 72//72 56//56
f 72//72 47//47 130//130
f 72//72 130//130 114//114
f 130//130 122//122 114//114
f 72//72 130//130 134//134
f 112//112 107//107 98//98
f 98//98 96//96 97//97
f 47//47 52//52 50//50
f 41//41 47//47 50//50
f 57//57 56//56 57//57
f 56//56 53//53 56//56
f 54//54 53//53 53//53
f 59//59 57//57 57//57
f 254//254 272//272 299//299
f 310//310 299//299 286//286
f 254//254 299//299 222//222
f 219//219 222//222 201//201
f 201//201 184//184 219//219
f 222//222 239//239 218//218
f 227//227 231//231 243//243
f 227//227 239//239 231//231
f 222//222 243//243 254//254
f 237//237 239//239 243//243
f 188//188 228//228 235//235
f 188//188 243//243 265//265
f 188//188 237//237 243//243
f 235//235 239//239 237//237
f 188//188 235//235 237//237
f 201//201 208//208 213//213
f 272//272 254//254 286//286
f 230//230 265//265 228//228
f 374//374 324//324 411//411
f 411//411 324//324 355//355
f 324//324 316//316 355//355
f 540//540 546//546 411//411
f 459//459 540//540 411//411
f 459//459 411//411 355//355
f 291//291 307//307 319//319
f 307//307 291//291 290//290
f 355//355 319//319 307//307
f 344//344 290//290 298//298
f 355//355 307//307 290//290
f 324//324 291//291 316//316
f 275//275 141//141 298//298
f 290//290 275//275 298//298
f 141//141 125//125 86//86
f 529//529 540//540 495//495
f 459//459 495//495 540//540
f 459//459 355//355 344//344
f 459//459 344//344 407//407
f 407//407 344//344 356//356
f 560//560 529//529 495//495
f 650//650 529//529 572//572
f 572//572 529//529 560//560
f 359//359 323//323 357//357
f 481//481 459//459 407//407
f 359//359 481//481 356//356
f 356//356 481//481 407//407
f 528//528 489//489 522//522
f 560//560 481//481 528//528
f 489//489 359//359 465//465
f 142//142 241//241 189//189
f 86//86 274//274 298//298
f 241//241 142//142 242//242
f 241//241 142//142 269//269
f 274//274 86//86 292//292
f 269//269 323//323 292//292
f 323//323 359//359 322//322
f 269//269 270//270 323//323
f 298//298 274//274 293//293
f 274//274 292//292 293//293
f 344//344 298//298 293//293
f 893//893 900//900 898//898
f 867//867 888//888 893//893
f 867//867 881//881 888//888
f 781//781 799//799 828//828
f 828//828 799//799 813//813
f 781//781 828//828 712//712
f 893//893 813//813 867//867
f 899//899 890//890 893//893
f 843//843 893//893 890//890
f 843//843 890//890 876//876
f 869//869 843//843 876//876
f 824//824 843//843 869//869
f 900//900 897//897 898//898
f 899//899 898//898 897//897
f 898//898 899//899 893//893
f 897//897 877//877 890//890
f 886//886 890//890 877//877
f 886//886 877//877 874//874
f 870//870 877//877 897//897
f 870//870 857//857 877//877
f 877//877 857//857 847//847
f 876//876 890//890 886//886
f 869//869 876//876 886//886
f 687//687 712//712 787//787
f 687//687 787//787 641//641
f 687//687 641//641 570//570
f 549//549 470//470 600//600
f 713//713 641//641 746//746
f 600//600 641//641 713//713
f 600//600 713//713 708//708
f 787//787 843//843 814//814
f 814//814 843//843 824//824
f 844//844 824//824 869//869
f 864//864 844//844 869//869
f 814//814 824//824 844//844
f 746//746 814//814 797//797
f 713//713 746//746 797//797
f 787//787 814//814 746//746
f 806//806 845//845 847//847
f 585//585 593//593 798//798
f 559//559 585//585 763//763
f 768//768 771//771 773//773
f 771//771 763//763 777//777
f 695//695 763//763 716//716
f 615//615 716//716 803//803
f 803//803 716//716 788//788
f 874//874 845//845 851//851
f 874//874 847//847 845//845
f 844//844 851//851 834//834
f 851//851 845//845 834//834
f 834//834 845//845 831//831
f 797//797 834//834 708//708
f 708//708 834//834 593//593
f 834//834 798//798 593//593
f 797//797 844//844 834//834
f 798//798 834//834 822//822
f 831//831 803//803 822//822
f 822//822 834//834 831//831
f 788//788 798//798 822//822
f 857//857 823//823 847//847
f 806//806 654//654 755//755
f 693//693 716//716 615//615
f 615//615 803//803 755//755
f 591//591 615//615 755//755
f 559//559 547//547 394//394
f 585//585 559//559 549//549
f 441//441 547//547 536//536
f 536//536 559//559 571//571
f 682//682 716//716 679//679
f 693//693 662//662 679//679
f 716//716 693//693 679//679
f 571//571 655//655 652//652
f 571//571 695//695 655//655
f 655//655 695//695 664//664
f 695//695 674//674 664//664
f 674//674 695//695 682//682
f 695//695 716//716 682//682
f 679//679 670//670 673//673
f 670//670 664//664 662//662
f 674//674 679//679 673//673
f 670//670 674//674 673//673
f 664//664 674//674 670//670
f 664//664 660//660 655//655
f 584//584 591//591 595//595
f 693//693 653//653 652//652
f 591//591 693//693 615//615
f 653//653 693//693 648//648
f 693//693 644//644 648//648
f 645//645 634//634 652//652
f 634//634 645//645 638//638
f 634//634 619//619 571//571
f 644//644 584//584 610//610
f 571//571 613//613 610//610
f 648//648 646//646 645//645
f 610//610 619//619 626//626
f 638//638 644//644 636//636
f 646//646 638//638 645//645
f 634//634 638//638 636//636
f 693//693 584//584 644//644
f 645//645 652//652 649//649
f 584//584 595//595 650//650
f 553//553 584//584 565//565
f 595//595 654//654 650//650
f 560//560 565//565 650//650
f 536//536 554//554 517//517
f 465//465 517//517 508//508
f 554//554 527//527 517//517
f 523//523 553//553 508//508
f 527//527 553//553 523//523
f 508//508 517//517 523//523
f 517//517 527//527 523//523
f 565//565 560//560 522//522
f 528//528 522//522 560//560
f 508//508 522//522 465//465
f 584//584 650//650 565//565
f 741//741 747//747 796//796
f 425//425 423//423 422//422
f 442//442 433//433 434//434
f 434//434 433//433 429//429
f 423//423 425//425 420//420
f 428//428 431//431 427//427
f 412//412 416//416 417//417
f 412//412 417//417 413//413
f 431//431 436//436 410//410
f 416//416 414//414 420//420
f 423//423 415//415 417//417
f 413//413 415//415 408//408
f 423//423 416//416 420//420
f 434//434 442//442 437//437
f 434//434 437//437 433//433
f 410//410 454//454 516//516
f 563//563 558//558 561//561
f 563//563 561//561 564//564
f 403//403 400//400 399//399
f 404//404 403//403 401//401
f 408//408 403//403 384//384
f 403//403 405//405 406//406
f 403//403 405//405 401//401
f 557//557 562//562 558//558
f 557//557 558//558 563//563
f 557//557 563//563 555//555
f 391//391 390//390 384//384
f 561//561 563//563 564//564
f 562//562 555//555 564//564
f 563//563 562//562 564//564
f 391//391 402//402 390//390
f 395//395 384//384 396//396
f 393//393 391//391 384//384
f 387//387 388//388 380//380
f 402//402 384//384 395//395
f 382//382 378//378 379//379
f 378//378 380//380 381//381
f 378//378 381//381 382//382
f 389//389 402//402 393//393
f 383//383 381//381 380//380
f 382//382 379//379 378//378
f 368//368 365//365 367//367
f 368//368 366//366 365//365
f 370//370 367//367 361//361
f 361//361 363//363 349//349
f 363//363 361//361 365//365
f 365//365 361//361 367//367
f 366//366 368//368 370//370
f 758//758 738//738 780//780
f 452//452 683//683 463//463
f 739//739 758//758 752//752
f 739//739 758//758 762//762
f 758//758 767//767 762//762
f 739//739 762//762 740//740
f 783//783 784//784 782//782
f 782//782 786//786 745//745
f 782//782 745//745 779//779
f 784//784 786//786 792//792
f 784//784 783//783 782//782
f 784//784 782//782 786//786
f 779//779 786//786 782//782
f 757//757 751//751 766//766
f 751//751 757//757 776//776
f 796//796 766//766 756//756
f 796//796 756//756 772//772
f 745//745 751//751 776//776
f 745//745 766//766 751//751
f 766//766 796//796 770//770
f 766//766 770//770 756//756
f 737//737 770//770 749//749
f 737//737 749//749 742//742
f 764//764 766//766 751//751
f 764//764 744//744 751//751
f 748//748 744//744 756//756
f 750//750 761//761 743//743
f 743//743 748//748 750//750
f 748//748 743//743 761//761
f 725//725 722//722 737//737
f 725//725 737//737 732//732
f 732//732 737//737 725//725
f 760//760 756//756 737//737
f 772//772 737//737 732//732
f 748//748 760//760 750//750
f 761//761 772//772 760//760
f 748//748 756//756 744//744
f 733//733 749//749 765//765
f 765//765 796//796 772//772
f 733//733 732//732 737//737
f 352//352 361//361 349//349
f 576//576 573//573 574//574
f 576//576 574//574 579//579
f 352//352 345//345 361//361
f 726//726 734//734 735//735
f 574//574 578//578 579//579
f 736//736 753//753 747//747
f 706//706 721//721 729//729
f 719//719 721//721 759//759
f 700//700 669//669 667//667
f 753//753 735//735 734//734
f 675//675 671//671 688//688
f 688//688 680//680 696//696
f 715//715 688//688 685//685
f 669//669 715//715 672//672
f 700//700 668//668 665//665
f 663//663 668//668 700//700
f 663//663 665//665 668//668
f 691//691 684//684 681//681
f 691//691 681//681 730//730
f 691//691 700//700 676//676
f 691//691 676//676 684//684
f 684//684 691//691 657//657
f 684//684 657//657 677//677
f 657//657 678//678 677//677
f 672//672 671//671 675//675
f 672//672 675//675 669//669
f 669//669 675//675 688//688
f 672//672 688//688 671//671
f 618//618 630//630 611//611
f 627//627 602//602 599//599
f 618//618 605//605 609//609
f 608//608 618//618 606//606
f 602//602 606//606 603//603
f 628//628 678//678 577//577
f 621//621 628//628 630//630
f 622//622 624//624 627//627
f 614//614 616//616 627//627
f 612//612 616//616 614//614
f 612//612 627//627 616//616
f 630//630 628//628 609//609
f 622//622 624//624 621//621
f 622//622 621//621 604//604
f 607//607 614//614 612//612
f 624//624 609//609 621//621
f 624//624 627//627 621//621
f 617//617 627//627 614//614
f 607//607 617//617 614//614
f 461//461 460//460 471//471
f 461//461 453//453 451//451
f 460//460 451//451 457//457
f 469//469 464//464 461//461
f 447//447 450//450 457//457
f 450//450 447//447 457//457
f 473//473 475//475 474//474
f 455//455 466//466 469//469
f 473//473 488//488 475//475
f 502//502 521//521 488//488
f 478//478 473//473 469//469
f 478//478 477//477 484//484
f 478//478 484//484 477//477
f 462//462 477//477 476//476
f 473//473 498//498 471//471
f 446//446 450//450 451//451
f 473//473 461//461 471//471
f 457//457 461//461 456//456
f 247//247 233//233 236//236
f 233//233 234//234 236//236
f 226//226 232//232 233//233
f 234//234 232//232 226//226
f 233//233 234//234 236//236
f 260//260 259//259 247//247
f 260//260 247//247 279//279
f 232//232 225//225 233//233
f 234//234 233//233 236//236
f 260//260 258//258 259//259
f 259//259 258//258 256//256
f 259//259 256//256 260//260
f 65//65 26//26 25//25
f 42//42 25//25 26//26
f 81//81 76//76 146//146
f 93//93 90//90 89//89
f 88//88 89//89 87//87
f 88//88 89//89 93//93
f 83//83 80//80 79//79
f 81//81 84//84 83//83
f 164//164 31//31 146//146
f 64//64 37//37 24//24
f 255//255 240//240 248//248
f 255//255 248//248 252//252
f 261//261 255//255 240//240
f 220//220 210//210 202//202
f 220//220 202//202 207//207
f 220//220 209//209 205//205
f 220//220 205//205 210//210
f 204//204 214//214 206//206
f 14//14 18//18 16//16
f 7//7 16//16 18//18
f 30//30 29//29 7//7
f 48//48 30//30 29//29
f 30//30 7//7 29//29
f 48//48 7//7 30//30
f 3//3 1//1 2//2
f 214//214 198//198 203//203
f 120//120 146//146 73//73
f 2//2 10//10 3//3
f 1//1 3//3 10//10
f 1//1 10//10 2//2
f 12//12 15//15 16//16
f 151//151 172//172 170//170
f 119//119 136//136 124//124
f 16//16 18//18 14//14
f 16//16 14//14 15//15
f 15//15 18//18 16//16
f 505//505 500//500 507//507
f 505//505 507//507 515//515
f 161//161 212//212 159//159
f 161//161 159//159 166//166
f 158//158 166//166 159//159
f 158//158 159//159 212//212
f 159//159 100//100 160//160
f 159//159 160//160 166//166
f 180//180 161//161 160//160
f 180//180 160//160 166//166
f 139//139 143//143 103//103
f 139//139 103//103 126//126
f 103//103 148//148 145//145
f 180//180 143//143 139//139
f 139//139 126//126 159//159
f 139//139 159//159 143//143
f 159//159 158//158 148//148
f 159//159 148//148 103//103
f 158//158 159//159 166//166
f 180//180 166//166 158//158
f 158//158 166//166 160//160
f 158//158 160//160 148//148
f 156//156 154//154 150//150
f 173//173 163//163 154//154
f 171//171 173//173 177//177
f 173//173 163//163 177//177
f 179//179 165//165 162//162
f 179//179 201//201 165//165
f 185//185 179//179 184//184
f 185//185 184//184 201//201
f 86//86 62//62 68//68
f 215//215 201//201 213//213
f 62//62 69//69 63//63
f 63//63 69//69 68//68
f 56//56 51//51 54//54
f 56//56 54//54 53//53
f 51//51 58//58 55//55
f 54//54 51//51 41//41
f 98//98 97//97 94//94
f 98//98 94//94 112//112
f 271//271 267//267 263//263
f 245//245 257//257 246//246
f 175//175 187//187 178//178
f 178//178 187//187 175//175
f 138//138 130//130 142//142
f 153//153 109//109 113//113
f 142//142 134//134 138//138
f 56//56 72//72 59//59
f 56//56 59//59 57//57
f 50//50 52//52 47//47
f 52//52 50//50 72//72
f 114//114 130//130 72//72
f 218//218 239//239 222//222
f 222//222 219//219 201//201
f 217//217 215//215 213//213
f 218//218 217//217 215//215
f 218//218 215//215 217//217
f 228//228 243//243 230//230
f 231//231 227//227 230//230
f 231//231 230//230 243//243
f 230//230 227//227 228//228
f 235//235 228//228 227//227
f 235//235 227//227 239//239
f 227//227 243//243 222//222
f 235//235 243//243 228//228
f 188//188 215//215 230//230
f 188//188 230//230 228//228
f 184//184 222//222 219//219
f 254//254 243//243 244//244
f 244//244 265//265 254//254
f 244//244 239//239 188//188
f 773//773 771//771 777//777
f 773//773 777//777 788//788
f 265//265 235//235 228//228
f 265//265 243//243 237//237
f 275//275 290//290 224//224
f 242//242 189//189 241//241
f 269//269 242//242 241//241
f 293//293 292//292 326//326
f 664//664 673//673 670//670
f 664//664 670//670 662//662
f 788//788 716//716 773//773
f 768//768 716//716 763//763
f 660//660 662//662 656//656
f 652//652 653//653 648//648
f 652//652 648//648 649//649
f 662//662 670//670 679//679
f 613//613 571//571 619//619
f 648//648 644//644 646//646
f 626//626 619//619 632//632
f 644//644 634//634 636//636
f 648//648 645//645 649//649
