# convertido de flygym/NeuroMechFly (lf_tarsus5)
v -0.02724 0.00659 -0.09364
v -0.02718 0.00607 -0.09387
v -0.02642 0.00367 -0.09370
v -0.02640 0.00432 -0.09485
v -0.02623 0.00744 -0.09012
v -0.02616 0.00545 -0.08883
v -0.02607 0.00328 -0.08919
v -0.02601 -0.01683 -0.09309
v -0.02593 -0.01655 -0.09043
v -0.02579 0.00318 -0.09593
v -0.02571 -0.01479 -0.09163
v -0.02569 -0.01747 -0.09243
v -0.02553 0.00525 -0.09691
v -0.02551 -0.01677 -0.08928
v -0.02533 -0.01671 -0.09399
v -0.02528 0.00952 -0.09183
v -0.02517 0.00810 -0.09583
v -0.02515 -0.01765 -0.08911
v -0.02495 -0.01563 -0.08765
v -0.02484 -0.01423 -0.09295
v -0.02475 0.00034 -0.09392
v -0.02469 0.00975 -0.09179
v -0.02457 0.00335 -0.09777
v -0.02447 0.00939 -0.09458
v -0.02442 0.00801 -0.08864
v -0.02434 0.00708 -0.09769
v -0.02432 -0.01600 -0.09438
v -0.02426 0.00116 -0.09648
v -0.02424 -0.01247 -0.08825
v -0.02377 0.00945 -0.08985
v -0.02373 -0.01154 -0.09058
v -0.02357 -0.01901 -0.09246
v -0.02354 -0.01526 -0.09465
v -0.02327 -0.01611 -0.08524
v -0.02321 -0.01797 -0.08664
v -0.02302 -0.01949 -0.08926
v -0.02300 0.00842 -0.08822
v -0.02278 0.00539 -0.08517
v -0.02262 -0.01232 -0.09360
v -0.02243 0.01024 -0.09319
v -0.02239 0.00351 -0.08385
v -0.02213 -0.00298 -0.08789
v -0.02213 0.00389 -0.03283
v -0.02210 0.00130 -0.08324
v -0.02209 -0.01481 -0.09564
v -0.02204 -0.02844 -0.10437
v -0.02201 -0.01995 -0.08947
v -0.02196 0.00189 -0.03368
v -0.02195 -0.02984 -0.10504
v -0.02176 -0.02981 -0.10339
v -0.02175 0.00256 -0.10038
v -0.02172 -0.00759 -0.08874
v -0.02171 -0.00201 -0.09696
v -0.02170 0.00001 -0.03095
v -0.02166 -0.01047 -0.09315
v -0.02159 -0.00438 -0.08705
v -0.02158 -0.01852 -0.09364
v -0.02155 -0.02851 -0.10688
v -0.02154 -0.00428 -0.09192
v -0.02153 -0.00466 -0.09095
v -0.02151 0.00264 -0.03187
v -0.02150 -0.00571 -0.08678
v -0.02144 -0.00028 -0.03088
v -0.02141 -0.00358 -0.08471
v -0.02133 -0.02886 -0.10244
v -0.02131 -0.00796 -0.08409
v -0.02131 -0.01693 -0.09521
v -0.02129 -0.01984 -0.09138
v -0.02129 0.00573 -0.03232
v -0.02127 0.00721 -0.09909
v -0.02125 -0.02642 -0.10673
v -0.02123 -0.00823 -0.09186
v -0.02119 -0.00631 -0.09115
v -0.02112 -0.02607 -0.10536
v -0.02101 0.00319 -0.03558
v -0.02100 0.00018 -0.03442
v -0.02099 0.00607 -0.08410
v -0.02094 -0.02740 -0.10825
v -0.02091 -0.02035 -0.08757
v -0.02090 -0.00429 -0.09451
v -0.02082 -0.00120 -0.03062
v -0.02078 -0.00847 -0.08211
v -0.02065 0.00519 -0.08234
v -0.02064 -0.01859 -0.08363
v -0.02060 0.00609 -0.03211
v -0.02060 -0.00442 -0.08270
v -0.02053 -0.01799 -0.09494
v -0.02046 -0.02661 -0.10921
v -0.02046 -0.00950 -0.09478
v -0.02044 -0.00308 -0.02997
v -0.02031 0.00491 -0.10143
v -0.02030 -0.03220 -0.10305
v -0.02028 0.00670 -0.03338
v -0.02028 -0.00309 -0.03138
v -0.02027 -0.03004 -0.10736
v -0.02026 -0.02808 -0.10910
v -0.02019 0.00676 -0.03232
v -0.02018 0.01000 -0.09179
v -0.02013 -0.02555 -0.10971
v -0.02010 -0.01068 -0.09609
v -0.02010 0.00487 -0.03585
v -0.02006 -0.00796 -0.09512
v -0.02003 -0.00373 -0.02949
v -0.02001 0.00294 -0.10189
v -0.01985 -0.01494 -0.09894
v -0.01979 -0.00019 -0.02886
v -0.01973 -0.00528 -0.09714
v -0.01972 -0.00130 -0.07955
v -0.01971 -0.02402 -0.10170
v -0.01970 -0.00445 -0.02961
v -0.01960 0.00158 -0.07934
v -0.01957 -0.02667 -0.11076
v -0.01956 0.00081 -0.10234
v -0.01955 -0.02255 -0.10398
v -0.01955 0.01582 -0.10637
v -0.01952 0.00807 -0.09969
v -0.01950 0.01493 -0.10614
v -0.01944 -0.01464 -0.09978
v -0.01942 0.00534 -0.10276
v -0.01940 -0.01712 -0.09782
v -0.01939 -0.02247 -0.10132
v -0.01935 -0.00520 -0.02961
v -0.01935 0.01712 -0.10836
v -0.01934 -0.02171 -0.10260
v -0.01932 -0.01660 -0.10065
v -0.01930 0.00765 -0.10110
v -0.01927 -0.01070 -0.07880
v -0.01919 -0.02369 -0.11050
v -0.01919 0.01661 -0.10556
v -0.01918 -0.01655 -0.08000
v -0.01917 -0.03278 -0.10305
v -0.01916 0.01697 -0.10584
v -0.01916 -0.03217 -0.10154
v -0.01916 -0.01253 -0.10000
v -0.01913 0.01879 -0.10875
v -0.01908 -0.00469 -0.02874
v -0.01903 -0.00226 -0.10123
v -0.01902 -0.02030 -0.10433
v -0.01901 0.00609 -0.03146
v -0.01889 -0.02486 -0.11162
v -0.01888 0.00733 -0.10403
v -0.01888 -0.01837 -0.09855
v -0.01887 0.00776 -0.03271
v -0.01878 -0.01882 -0.09582
v -0.01874 -0.00970 -0.09966
v -0.01868 0.01693 -0.10978
v -0.01868 0.01196 -0.10517
v -0.01863 -0.01865 -0.09658
v -0.01861 -0.00267 -0.03657
v -0.01861 0.00964 -0.10411
v -0.01860 -0.01465 -0.10315
v -0.01857 0.01949 -0.10715
v -0.01857 0.01248 -0.10434
v -0.01856 -0.00509 -0.06846
v -0.01854 -0.03202 -0.10121
v -0.01853 -0.02393 -0.09961
v -0.01849 0.01179 -0.10448
v -0.01848 0.00119 -0.02736
v -0.01844 -0.00720 -0.02841
v -0.01843 -0.01930 -0.09747
v -0.01841 -0.00747 -0.06592
v -0.01837 -0.00330 -0.07197
v -0.01835 0.00968 -0.09705
v -0.01835 -0.02997 -0.10980
v -0.01834 0.00839 -0.10565
v -0.01832 -0.01965 -0.10783
v -0.01832 0.00028 -0.07515
v -0.01830 0.00224 -0.07660
v -0.01825 0.00417 -0.10536
v -0.01824 0.02044 -0.10885
v -0.01822 0.01035 -0.10279
v -0.01821 -0.01105 -0.06982
v -0.01817 -0.02079 -0.09127
v -0.01814 -0.00651 -0.10025
v -0.01814 0.00485 -0.02908
v -0.01813 -0.02107 -0.08590
v -0.01812 0.00621 -0.10621
v -0.01811 0.00443 -0.07822
v -0.01809 -0.02322 -0.11178
v -0.01807 0.00044 -0.06924
v -0.01804 -0.02082 -0.11017
v -0.01802 0.01010 -0.10190
v -0.01801 -0.02673 -0.11196
v -0.01797 -0.01714 -0.07900
v -0.01795 0.01388 -0.10932
v -0.01793 -0.00677 -0.07420
v -0.01792 -0.00883 -0.02828
v -0.01788 0.00768 -0.03229
v -0.01787 -0.01078 -0.07273
v -0.01784 0.00055 -0.03992
v -0.01778 -0.00825 -0.03115
v -0.01778 0.00774 -0.03478
v -0.01777 -0.00526 -0.10169
v -0.01775 -0.02093 -0.08438
v -0.01767 -0.02958 -0.09946
v -0.01767 -0.02151 -0.09759
v -0.01766 -0.00804 -0.06175
v -0.01766 -0.00955 -0.02763
v -0.01766 0.02041 -0.10796
v -0.01765 -0.03300 -0.10200
v -0.01761 -0.01224 -0.07429
v -0.01746 0.00585 -0.10783
v -0.01746 0.00180 -0.04045
v -0.01745 -0.01100 -0.02824
v -0.01743 -0.00321 -0.02585
v -0.01742 0.00632 -0.03731
v -0.01741 0.00339 -0.03971
v -0.01741 0.00201 -0.06792
v -0.01739 -0.01223 -0.06370
v -0.01738 -0.01686 -0.07742
v -0.01737 0.00422 -0.07206
v -0.01737 0.00856 -0.03331
v -0.01734 -0.01175 -0.02818
v -0.01732 0.00443 -0.07357
v -0.01731 -0.01175 -0.02821
v -0.01731 0.00862 -0.10996
v -0.01729 -0.01078 -0.02784
v -0.01718 -0.00975 -0.05870
v -0.01717 -0.01350 -0.02897
v -0.01715 -0.00914 -0.02721
v -0.01714 0.00840 -0.08731
v -0.01713 -0.03045 -0.11002
v -0.01712 -0.01302 -0.10519
v -0.01712 0.00976 -0.09996
v -0.01708 -0.00018 -0.10544
v -0.01703 -0.01738 -0.07655
v -0.01699 -0.00840 -0.10217
v -0.01697 -0.00427 -0.03898
v -0.01697 0.00520 -0.07401
v -0.01696 0.01097 -0.11164
v -0.01691 -0.00227 -0.06132
v -0.01686 -0.01539 -0.07299
v -0.01685 0.00734 -0.11014
v -0.01679 -0.01338 -0.06293
v -0.01676 0.00624 -0.07959
v -0.01676 -0.01322 -0.02780
v -0.01675 0.00396 -0.10725
v -0.01672 -0.02490 -0.11303
v -0.01669 -0.00994 -0.05513
v -0.01669 -0.02028 -0.08096
v -0.01662 -0.00042 -0.04252
v -0.01660 -0.02071 -0.09574
v -0.01658 -0.01162 -0.03333
v -0.01658 -0.01090 -0.05372
v -0.01655 -0.03250 -0.10764
v -0.01653 -0.01585 -0.02903
v -0.01649 0.01323 -0.10232
v -0.01646 0.00409 -0.06744
v -0.01642 -0.01225 -0.05635
v -0.01641 -0.00527 -0.04018
v -0.01638 -0.01688 -0.03728
v -0.01638 -0.02796 -0.09839
v -0.01637 -0.01198 -0.04843
v -0.01635 -0.00032 -0.04437
v -0.01632 0.00179 -0.05582
v -0.01632 0.01202 -0.11278
v -0.01630 0.00046 -0.04967
v -0.01630 0.00726 -0.08250
v -0.01626 0.01764 -0.11311
v -0.01624 -0.02416 -0.09727
v -0.01621 -0.00293 -0.04428
v -0.01620 -0.01283 -0.04397
v -0.01612 0.01945 -0.10670
v -0.01612 0.00977 -0.09658
v -0.01612 -0.01578 -0.04102
v -0.01609 -0.01545 -0.04157
v -0.01607 -0.01217 -0.03752
v -0.01607 0.00702 -0.08081
v -0.01606 0.00218 -0.05801
v -0.01603 -0.01770 -0.03567
v -0.01603 -0.02569 -0.09770
v -0.01600 -0.01787 -0.03609
v -0.01596 -0.01832 -0.11133
v -0.01596 0.00711 -0.02966
v -0.01595 0.00855 -0.11239
v -0.01595 -0.00615 -0.02466
v -0.01593 0.01072 -0.09989
v -0.01591 -0.00912 -0.10386
v -0.01589 -0.01525 -0.04374
v -0.01588 -0.01683 -0.02830
v -0.01583 0.00287 -0.04387
v -0.01572 0.00898 -0.08961
v -0.01566 -0.01524 -0.04528
v -0.01565 0.00391 -0.04314
v -0.01562 -0.01642 -0.04292
v -0.01561 -0.00696 -0.10390
v -0.01561 -0.00670 -0.10406
v -0.01556 -0.01514 -0.05082
v -0.01549 0.00567 -0.04027
v -0.01549 -0.03231 -0.10028
v -0.01546 0.00137 -0.02418
v -0.01544 -0.01516 -0.05268
v -0.01539 0.00401 -0.04572
v -0.01528 -0.00246 -0.10691
v -0.01523 0.00734 -0.07831
v -0.01521 0.00940 -0.09395
v -0.01514 -0.02160 -0.09101
v -0.01513 -0.01613 -0.04909
v -0.01511 0.00941 -0.03384
v -0.01507 -0.01894 -0.04030
v -0.01506 -0.03343 -0.10290
v -0.01505 0.00457 -0.06275
v -0.01496 0.00856 -0.08778
v -0.01492 -0.01899 -0.07451
v -0.01479 0.01512 -0.11454
v -0.01478 -0.02115 -0.08026
v -0.01477 -0.01877 -0.03097
v -0.01475 -0.01900 -0.07289
v -0.01471 0.01140 -0.09981
v -0.01468 0.01898 -0.11349
v -0.01468 -0.01583 -0.02662
v -0.01464 -0.02173 -0.09250
v -0.01460 -0.03314 -0.10114
v -0.01457 0.02036 -0.11201
v -0.01453 0.00606 -0.05085
v -0.01452 -0.01972 -0.03892
v -0.01452 -0.01934 -0.03417
v -0.01450 0.00529 -0.06186
v -0.01447 -0.02224 -0.09424
v -0.01445 -0.03091 -0.09903
v -0.01442 0.00880 -0.11394
v -0.01433 0.00641 -0.05037
v -0.01423 0.00649 -0.04093
v -0.01423 0.01066 -0.11456
v -0.01420 -0.01874 -0.11294
v -0.01417 -0.01303 -0.02436
v -0.01413 -0.02347 -0.09542
v -0.01402 -0.01771 -0.04872
v -0.01390 -0.01869 -0.02654
v -0.01387 -0.01706 -0.05557
v -0.01386 0.00905 -0.08919
v -0.01384 0.00646 -0.04342
v -0.01376 0.01484 -0.10277
v -0.01374 -0.01893 -0.02830
v -0.01372 -0.03361 -0.10539
v -0.01369 -0.03105 -0.09900
v -0.01367 0.01900 -0.11397
v -0.01360 -0.02209 -0.08334
v -0.01357 0.00788 -0.03857
v -0.01336 -0.01805 -0.04606
v -0.01327 -0.01963 -0.11381
v -0.01308 0.01515 -0.11531
v -0.01308 -0.01884 -0.04417
v -0.01303 -0.01822 -0.05470
v -0.01302 0.00870 -0.07032
v -0.01286 -0.02085 -0.03859
v -0.01286 -0.01136 -0.02225
v -0.01275 -0.01890 -0.02661
v -0.01275 0.00957 -0.03135
v -0.01272 -0.02817 -0.11335
v -0.01269 -0.03254 -0.10898
v -0.01249 0.00932 -0.09411
v -0.01246 -0.01014 -0.10779
v -0.01243 0.00806 -0.02816
v -0.01243 -0.03178 -0.10017
v -0.01234 0.00846 -0.05747
v -0.01229 0.02028 -0.11118
v -0.01224 -0.02215 -0.07751
v -0.01224 0.00512 -0.11309
v -0.01222 -0.02653 -0.09693
v -0.01216 -0.02097 -0.06249
v -0.01209 0.00832 -0.11524
v -0.01203 -0.01961 -0.02754
v -0.01188 0.01249 -0.11614
v -0.01181 -0.02035 -0.05787
v -0.01176 0.00893 -0.06206
v -0.01175 0.01951 -0.11334
v -0.01171 -0.01948 -0.02708
v -0.01170 -0.00613 -0.10893
v -0.01168 0.01067 -0.03424
v -0.01162 -0.01983 -0.04409
v -0.01157 -0.03303 -0.10731
v -0.01144 0.00214 -0.02183
v -0.01144 -0.02779 -0.09734
v -0.01121 -0.02220 -0.06427
v -0.01117 0.00852 -0.04090
v -0.01115 -0.02297 -0.09337
v -0.01115 0.01083 -0.09891
v -0.01102 -0.02805 -0.11357
v -0.01102 0.00992 -0.05216
v -0.01100 -0.02263 -0.07560
v -0.01095 -0.01582 -0.11354
v -0.01076 0.00980 -0.06356
v -0.01074 -0.00801 -0.01949
v -0.01067 -0.01809 -0.11435
v -0.01063 -0.02547 -0.11448
v -0.01059 -0.01509 -0.02208
v -0.01059 0.00362 -0.11343
v -0.01057 -0.02028 -0.02718
v -0.01054 -0.02249 -0.11488
v -0.01052 -0.02084 -0.03431
v -0.01048 -0.03191 -0.11042
v -0.01046 0.00001 -0.02041
v -0.01042 0.01963 -0.11137
v -0.01038 -0.03311 -0.10396
v -0.01035 0.00227 -0.11268
v -0.01028 -0.01708 -0.02369
v -0.01027 0.01745 -0.11484
v -0.01018 -0.02408 -0.09466
v -0.01017 -0.00940 -0.01903
v -0.01010 -0.02141 -0.05516
v -0.01008 -0.00889 -0.11014
v -0.01006 0.01060 -0.09864
v -0.01001 -0.03040 -0.11172
v -0.00996 -0.02311 -0.07232
v -0.00993 0.01028 -0.08667
v -0.00978 -0.02321 -0.06781
v -0.00975 -0.02028 -0.02708
v -0.00973 0.01905 -0.11289
v -0.00972 -0.03294 -0.10533
v -0.00972 0.01082 -0.07151
v -0.00967 0.00961 -0.04430
v -0.00965 0.01016 -0.08936
v -0.00939 0.01087 -0.05509
v -0.00937 -0.02179 -0.05416
v -0.00937 0.00906 -0.02588
v -0.00932 -0.02083 -0.02782
v -0.00928 -0.03072 -0.10083
v -0.00928 0.01110 -0.09962
v -0.00912 0.01076 -0.08245
v -0.00911 0.01094 -0.05804
v -0.00910 -0.03273 -0.10523
v -0.00909 -0.02473 -0.11459
v -0.00908 -0.02347 -0.06328
v -0.00906 0.01083 -0.05247
v -0.00893 -0.02137 -0.05063
v -0.00888 -0.02003 -0.02583
v -0.00882 0.00339 -0.02089
v -0.00873 -0.01089 -0.11213
v -0.00871 0.00958 -0.09719
v -0.00871 0.01881 -0.11192
v -0.00855 -0.01794 -0.02243
v -0.00846 0.01829 -0.11298
v -0.00840 0.01113 -0.07645
v -0.00830 0.01491 -0.10351
v -0.00818 0.00767 -0.02350
v -0.00817 -0.02342 -0.09348
v -0.00817 0.01829 -0.10865
v -0.00816 -0.02800 -0.11293
v -0.00814 -0.00640 -0.01799
v -0.00804 -0.02945 -0.11167
v -0.00803 -0.01262 -0.01819
v -0.00800 0.01165 -0.11701
v -0.00799 0.01124 -0.05719
v -0.00788 0.01783 -0.10770
v -0.00787 0.01137 -0.06131
v -0.00772 -0.03107 -0.10814
v -0.00766 0.01119 -0.08341
v -0.00735 -0.02099 -0.02547
v -0.00734 0.01096 -0.03886
v -0.00733 0.01143 -0.06822
v -0.00726 0.01504 -0.11575
v -0.00725 0.00628 -0.11588
v -0.00705 0.01696 -0.11399
v -0.00691 -0.02613 -0.11365
v -0.00690 0.00200 -0.11484
v -0.00686 -0.02172 -0.03641
v -0.00685 0.01286 -0.11664
v -0.00682 0.01282 -0.03261
v -0.00680 -0.02194 -0.04702
v -0.00675 -0.02165 -0.02669
v -0.00672 -0.03089 -0.10592
v -0.00671 -0.02222 -0.04361
v -0.00668 -0.03088 -0.10448
v -0.00668 0.00312 -0.11500
v -0.00667 -0.01699 -0.01888
v -0.00661 -0.02442 -0.07450
v -0.00659 -0.00097 -0.01856
v -0.00650 0.01566 -0.10508
v -0.00647 0.01068 -0.11700
v -0.00643 0.01125 -0.02714
v -0.00641 -0.02211 -0.04534
v -0.00638 0.00997 -0.02467
v -0.00618 -0.02880 -0.11022
v -0.00616 -0.02713 -0.11252
v -0.00613 -0.02285 -0.05281
v -0.00611 0.00321 -0.11500
v -0.00610 -0.01565 -0.11514
v -0.00606 -0.02585 -0.09720
v -0.00606 -0.00811 -0.11304
v -0.00603 -0.00528 -0.11263
v -0.00590 -0.01169 -0.11424
v -0.00583 0.01096 -0.04146
v -0.00573 0.01105 -0.04616
v -0.00569 0.00968 -0.09942
v -0.00565 -0.02290 -0.11462
v -0.00559 0.01596 -0.11393
v -0.00558 0.01163 -0.03804
v -0.00555 0.01677 -0.10861
v -0.00554 0.00953 -0.09748
v -0.00554 0.01312 -0.03152
v -0.00554 -0.02450 -0.09542
v -0.00552 -0.02002 -0.11497
v -0.00536 0.01262 -0.03036
v -0.00534 0.00947 -0.02344
v -0.00526 0.01198 -0.10275
v -0.00517 -0.02506 -0.06760
v -0.00510 -0.01940 -0.01906
v -0.00501 -0.02415 -0.11387
v -0.00501 -0.02257 -0.04604
v -0.00500 0.01151 -0.07842
v -0.00489 -0.02862 -0.10394
v -0.00485 -0.02256 -0.02399
v -0.00479 0.01599 -0.10778
v -0.00472 -0.02424 -0.09418
v -0.00469 -0.02562 -0.11259
v -0.00466 -0.00992 -0.01608
v -0.00464 -0.02423 -0.09265
v -0.00460 0.01197 -0.11578
v -0.00457 -0.00124 -0.11421
v -0.00453 -0.00980 -0.11391
v -0.00434 0.01591 -0.11203
v -0.00422 -0.02608 -0.11114
v -0.00420 -0.02253 -0.11396
v -0.00418 -0.01836 -0.11483
v -0.00416 0.01155 -0.08982
v -0.00410 0.00098 -0.11448
v -0.00406 0.01295 -0.03206
v -0.00398 0.00363 -0.11447
v -0.00397 -0.01673 -0.01631
v -0.00382 0.00991 -0.10086
v -0.00377 0.01280 -0.03071
v -0.00373 0.01161 -0.02652
v -0.00371 0.01150 -0.04048
v -0.00370 -0.00543 -0.11335
v -0.00369 -0.02479 -0.11213
v -0.00367 -0.00354 -0.11370
v -0.00361 -0.02504 -0.07540
v -0.00357 -0.00905 -0.11374
v -0.00357 -0.02518 -0.11083
v -0.00354 -0.02496 -0.08203
v -0.00353 -0.02289 -0.02150
v -0.00351 0.01488 -0.11128
v -0.00347 -0.02188 -0.02838
v -0.00342 -0.02115 -0.11358
v -0.00341 -0.02463 -0.06093
v -0.00334 0.01199 -0.03725
v -0.00325 0.00933 -0.11512
v -0.00313 0.01324 -0.11340
v -0.00302 -0.01544 -0.01555
v -0.00302 0.00157 -0.01747
v -0.00298 -0.01820 -0.01631
v -0.00291 0.01280 -0.02974
v -0.00281 -0.01700 -0.11379
v -0.00274 -0.02517 -0.08989
v -0.00268 0.01035 -0.11403
v -0.00264 0.01217 -0.10587
v -0.00257 0.00719 -0.11435
v -0.00250 -0.02505 -0.09995
v -0.00238 -0.02284 -0.01983
v -0.00236 -0.02345 -0.11122
v -0.00235 -0.02418 -0.09413
v -0.00216 0.00601 -0.01945
v -0.00205 0.01046 -0.09466
v -0.00200 -0.02395 -0.09507
v -0.00185 -0.02282 -0.01905
v -0.00172 0.00930 -0.09831
v -0.00169 -0.00087 -0.11371
v -0.00163 -0.01143 -0.01516
v -0.00151 -0.02497 -0.06309
v -0.00150 0.00252 -0.11313
v -0.00126 0.00930 -0.10258
v -0.00117 0.01178 -0.03646
v -0.00103 0.01235 -0.02837
v -0.00094 0.00743 -0.02024
v -0.00089 -0.02537 -0.06883
v -0.00089 -0.01991 -0.01648
v -0.00083 -0.00694 -0.11295
v -0.00081 0.01124 -0.09131
v -0.00081 -0.02389 -0.10049
v -0.00077 -0.02362 -0.09725
v -0.00076 -0.01615 -0.01479
v -0.00072 -0.00544 -0.11323
v -0.00071 -0.02021 -0.11077
v -0.00055 -0.02375 -0.09783
v -0.00039 -0.02243 -0.01718
v -0.00012 -0.02243 -0.01697
v -0.00001 -0.02241 -0.01696
v 0.00002 -0.02249 -0.10468
v 0.00006 0.00864 -0.10103
v 0.00010 -0.02200 -0.02736
v 0.00014 -0.02222 -0.01676
v 0.00016 0.00870 -0.10748
v 0.00018 0.00340 -0.11160
v 0.00024 -0.02359 -0.04747
v 0.00026 0.00652 -0.10975
v 0.00027 -0.02234 -0.01660
v 0.00031 -0.01040 -0.11182
v 0.00044 -0.02229 -0.01670
v 0.00048 -0.02246 -0.04056
v 0.00048 -0.02143 -0.10467
v 0.00061 -0.02190 -0.01637
v 0.00069 -0.02224 -0.01623
v 0.00070 -0.02225 -0.01630
v 0.00090 -0.02482 -0.09273
v 0.00097 0.00859 -0.09982
v 0.00100 -0.02194 -0.01602
v 0.00122 -0.02264 -0.09882
v 0.00124 -0.02208 -0.01595
v 0.00136 -0.00204 -0.11259
v 0.00145 0.00680 -0.10671
v 0.00149 -0.00471 -0.11291
v 0.00152 -0.02361 -0.09566
v 0.00155 -0.02453 -0.05295
v 0.00168 -0.02163 -0.10158
v 0.00169 0.00113 -0.01528
v 0.00171 -0.00331 -0.01490
v 0.00178 -0.02229 -0.02330
v 0.00181 -0.01780 -0.10811
v 0.00185 0.00795 -0.02014
v 0.00191 -0.01967 -0.10616
v 0.00193 -0.01455 -0.01391
v 0.00197 -0.01602 -0.10906
v 0.00198 0.00462 -0.01639
v 0.00206 0.00680 -0.10291
v 0.00216 -0.01007 -0.11167
v 0.00217 -0.02233 -0.01846
v 0.00224 -0.02178 -0.01511
v 0.00239 -0.01982 -0.01509
v 0.00246 -0.02198 -0.02796
v 0.00252 -0.01990 -0.01516
v 0.00255 -0.02122 -0.01479
v 0.00257 -0.02165 -0.01471
v 0.00259 0.01072 -0.02436
v 0.00264 0.00846 -0.09868
v 0.00268 0.00301 -0.10900
v 0.00268 0.00091 -0.11071
v 0.00272 -0.02171 -0.10035
v 0.00273 -0.02159 -0.01480
v 0.00280 0.01046 -0.03248
v 0.00283 -0.02164 -0.01450
v 0.00288 0.00538 -0.10509
v 0.00289 -0.02133 -0.01462
v 0.00289 0.01191 -0.04047
v 0.00299 0.01132 -0.08105
v 0.00340 -0.02182 -0.09958
v 0.00353 -0.02171 -0.01552
v 0.00354 -0.02007 -0.01472
v 0.00354 -0.00092 -0.11128
v 0.00358 0.00244 -0.01508
v 0.00362 0.00333 -0.10692
v 0.00364 -0.02027 -0.10271
v 0.00367 -0.02136 -0.01457
v 0.00373 0.00022 -0.11030
v 0.00377 0.00637 -0.10197
v 0.00393 0.00994 -0.02314
v 0.00411 0.00973 -0.09443
v 0.00414 0.01192 -0.04188
v 0.00415 -0.01780 -0.01436
v 0.00427 -0.02115 -0.01466
v 0.00429 -0.02053 -0.01460
v 0.00431 -0.02118 -0.01452
v 0.00432 0.00419 -0.10543
v 0.00454 -0.02126 -0.01512
v 0.00457 0.00792 -0.09871
v 0.00461 -0.02201 -0.02685
v 0.00467 0.00991 -0.09378
v 0.00473 0.00167 -0.10840
v 0.00475 0.00502 -0.10393
v 0.00480 -0.01657 -0.10646
v 0.00483 -0.02104 -0.10092
v 0.00493 0.01002 -0.03386
v 0.00497 -0.02525 -0.07445
v 0.00500 -0.00952 -0.11175
v 0.00513 -0.00716 -0.01422
v 0.00518 -0.01954 -0.10283
v 0.00553 -0.00169 -0.11071
v 0.00557 -0.01560 -0.10688
v 0.00559 0.00383 -0.10545
v 0.00580 0.00902 -0.02092
v 0.00586 0.00501 -0.10398
v 0.00597 0.00933 -0.02874
v 0.00605 0.00197 -0.10776
v 0.00625 0.00810 -0.09961
v 0.00675 -0.01541 -0.10686
v 0.00691 -0.01019 -0.11093
v 0.00705 -0.01233 -0.10962
v 0.00717 0.00690 -0.01730
v 0.00732 -0.00854 -0.11117
v 0.00734 -0.02520 -0.09269
v 0.00749 -0.01987 -0.01507
v 0.00752 0.00834 -0.01901
v 0.00775 -0.01993 -0.01549
v 0.00816 -0.01030 -0.01291
v 0.00820 -0.02182 -0.09942
v 0.00838 0.00926 -0.03188
v 0.00858 0.01188 -0.06261
v 0.00862 -0.01184 -0.10907
v 0.00869 -0.02415 -0.09521
v 0.00872 -0.00345 -0.01387
v 0.00880 -0.01927 -0.01478
v 0.00884 0.00771 -0.01766
v 0.00901 -0.02485 -0.07706
v 0.00904 0.01187 -0.05176
v 0.00916 0.01127 -0.03954
v 0.00917 -0.01881 -0.01445
v 0.00938 -0.01839 -0.01453
v 0.00947 0.00873 -0.09927
v 0.00952 -0.02320 -0.09684
v 0.00958 -0.02062 -0.02456
v 0.00959 -0.02491 -0.09176
v 0.00975 0.01106 -0.07486
v 0.00980 0.00709 -0.01670
v 0.00983 0.00976 -0.03531
v 0.01023 0.01143 -0.04562
v 0.01059 -0.02360 -0.09527
v 0.01061 -0.02457 -0.07823
v 0.01076 0.00948 -0.09483
v 0.01076 -0.02233 -0.09726
v 0.01078 -0.02547 -0.07272
v 0.01083 0.00631 -0.01595
v 0.01087 -0.00256 -0.10943
v 0.01098 -0.02327 -0.04352
v 0.01119 0.00725 -0.02131
v 0.01120 0.00593 -0.10429
v 0.01125 -0.02529 -0.07441
v 0.01128 -0.02479 -0.08813
v 0.01133 -0.02381 -0.04599
v 0.01140 0.01134 -0.04956
v 0.01141 -0.01340 -0.01295
v 0.01143 -0.02503 -0.06595
v 0.01167 0.00889 -0.09925
v 0.01167 0.00250 -0.01469
v 0.01169 0.01065 -0.07431
v 0.01185 -0.02365 -0.09289
v 0.01203 -0.01648 -0.01374
v 0.01209 0.00460 -0.01543
v 0.01215 0.01166 -0.05350
v 0.01218 -0.01596 -0.01373
v 0.01222 -0.02477 -0.08510
v 0.01226 0.00549 -0.01655
v 0.01243 0.00537 -0.10454
v 0.01250 -0.02446 -0.05026
v 0.01252 -0.02475 -0.06259
v 0.01255 -0.02393 -0.04749
v 0.01257 -0.02539 -0.06994
v 0.01259 0.01174 -0.05716
v 0.01263 -0.02482 -0.07488
v 0.01263 0.00922 -0.09426
v 0.01263 -0.02260 -0.04058
v 0.01264 0.01120 -0.06284
v 0.01280 -0.02367 -0.07887
v 0.01281 -0.01634 -0.01431
v 0.01282 -0.00281 -0.01316
v 0.01284 -0.02529 -0.07282
v 0.01286 0.00178 -0.10629
v 0.01294 0.00718 -0.10236
v 0.01302 -0.02259 -0.03978
v 0.01304 0.01135 -0.06832
v 0.01305 0.00711 -0.02706
v 0.01308 -0.00670 -0.01270
v 0.01312 -0.02002 -0.09874
v 0.01313 -0.02439 -0.08596
v 0.01323 -0.00624 -0.10825
v 0.01324 -0.01780 -0.10151
v 0.01332 0.00595 -0.10338
v 0.01347 0.01103 -0.05175
v 0.01353 0.00372 -0.01524
v 0.01355 0.00741 -0.10152
v 0.01371 0.00905 -0.03479
v 0.01377 -0.02257 -0.09298
v 0.01380 0.00816 -0.09907
v 0.01399 0.00916 -0.09050
v 0.01412 0.00302 -0.01474
v 0.01422 -0.01333 -0.01322
v 0.01443 0.00932 -0.08621
v 0.01446 0.00818 -0.09679
v 0.01449 0.00527 -0.02095
v 0.01451 -0.02435 -0.05217
v 0.01454 0.00786 -0.03103
v 0.01456 -0.02490 -0.07054
v 0.01462 -0.01945 -0.02712
v 0.01467 -0.00359 -0.01253
v 0.01473 -0.02277 -0.09072
v 0.01477 -0.00148 -0.10658
v 0.01480 0.01010 -0.04859
v 0.01491 -0.02398 -0.05006
v 0.01491 0.00913 -0.03720
v 0.01494 -0.00415 -0.10709
v 0.01498 -0.00244 -0.01252
v 0.01503 -0.01641 -0.10161
v 0.01516 -0.02222 -0.03553
v 0.01519 0.00628 -0.10082
v 0.01520 -0.02208 -0.04349
v 0.01535 0.01061 -0.06928
v 0.01540 0.00920 -0.07459
v 0.01544 -0.02259 -0.07998
v 0.01557 -0.01292 -0.01282
v 0.01559 -0.02204 -0.03560
v 0.01569 -0.02241 -0.07868
v 0.01571 -0.00024 -0.01297
v 0.01573 -0.01202 -0.01311
v 0.01580 -0.02303 -0.08384
v 0.01585 -0.01794 -0.02271
v 0.01596 -0.01648 -0.10094
v 0.01597 -0.00062 -0.01312
v 0.01598 0.00299 -0.01869
v 0.01600 0.00740 -0.09545
v 0.01601 -0.02227 -0.07810
v 0.01601 0.00503 -0.02537
v 0.01612 0.00719 -0.03122
v 0.01620 -0.00145 -0.01221
v 0.01625 -0.00198 -0.01240
v 0.01626 -0.00171 -0.01246
v 0.01630 -0.01264 -0.01370
v 0.01633 -0.01280 -0.01378
v 0.01637 -0.00187 -0.01234
v 0.01642 -0.00324 -0.01276
v 0.01643 -0.00172 -0.01212
v 0.01644 -0.01157 -0.10398
v 0.01649 -0.02260 -0.08741
v 0.01662 -0.00678 -0.01327
v 0.01668 -0.00287 -0.01276
v 0.01670 -0.02154 -0.04552
v 0.01677 0.00753 -0.09218
v 0.01695 -0.02380 -0.07086
v 0.01698 -0.00987 -0.01295
v 0.01698 -0.01032 -0.01295
v 0.01699 0.00619 -0.09683
v 0.01703 -0.00983 -0.01304
v 0.01704 -0.00392 -0.01299
v 0.01707 0.01016 -0.05833
v 0.01707 0.00745 -0.03495
v 0.01715 -0.00964 -0.01299
v 0.01723 0.00544 -0.02930
v 0.01723 -0.00476 -0.01321
v 0.01724 -0.02140 -0.03697
v 0.01724 0.00919 -0.07146
v 0.01730 -0.01580 -0.02063
v 0.01736 -0.01776 -0.02722
v 0.01737 -0.00783 -0.01300
v 0.01742 -0.00871 -0.01302
v 0.01745 -0.01093 -0.10384
v 0.01752 -0.00775 -0.01316
v 0.01757 -0.00760 -0.01308
v 0.01757 -0.00640 -0.01370
v 0.01759 -0.00649 -0.01339
v 0.01761 -0.00796 -0.01295
v 0.01763 -0.00689 -0.01327
v 0.01768 -0.00631 -0.01366
v 0.01773 -0.00601 -0.01389
v 0.01774 -0.01659 -0.09876
v 0.01786 -0.00758 -0.01369
v 0.01790 -0.00984 -0.01488
v 0.01791 0.00983 -0.05641
v 0.01792 -0.01408 -0.01917
v 0.01794 0.00901 -0.06227
v 0.01811 -0.02062 -0.04531
v 0.01816 0.00735 -0.03769
v 0.01819 -0.01752 -0.02831
v 0.01823 -0.02288 -0.06530
v 0.01836 0.00707 -0.08975
v 0.01858 0.00392 -0.09737
v 0.01864 -0.02287 -0.05519
v 0.01871 -0.02281 -0.05711
v 0.01873 -0.02019 -0.03465
v 0.01874 -0.02229 -0.07317
v 0.01876 -0.02245 -0.05145
v 0.01877 0.00890 -0.06965
v 0.01880 -0.01810 -0.03059
v 0.01881 0.00754 -0.08267
v 0.01887 -0.02266 -0.05959
v 0.01901 0.00106 -0.10107
v 0.01908 0.00755 -0.08044
v 0.01912 -0.00038 -0.02113
v 0.01926 -0.02240 -0.07131
v 0.01933 -0.02237 -0.06249
v 0.01939 -0.02012 -0.03701
v 0.01946 0.00275 -0.02860
v 0.01953 0.00710 -0.07383
v 0.01962 0.00587 -0.09042
v 0.01966 -0.02226 -0.06595
v 0.01984 -0.01887 -0.08976
v 0.01991 -0.01210 -0.02160
v 0.01996 -0.01576 -0.02748
v 0.01998 -0.01477 -0.02505
v 0.02005 0.00037 -0.02490
v 0.02005 0.00769 -0.06146
v 0.02013 -0.00149 -0.02266
v 0.02015 -0.01935 -0.08501
v 0.02027 -0.01933 -0.04558
v 0.02030 0.00394 -0.09366
v 0.02031 -0.00642 -0.02172
v 0.02033 -0.02194 -0.05359
v 0.02068 -0.01873 -0.03598
v 0.02086 -0.01853 -0.08090
v 0.02097 -0.01893 -0.04233
v 0.02110 0.00573 -0.07615
v 0.02123 -0.00819 -0.10264
v 0.02127 0.00094 -0.03002
v 0.02137 -0.01322 -0.02716
v 0.02141 -0.00103 -0.10020
v 0.02151 -0.01830 -0.07905
v 0.02154 0.00761 -0.04537
v 0.02166 0.00277 -0.03563
v 0.02171 -0.00558 -0.10221
v 0.02203 -0.00038 -0.09853
v 0.02213 0.00417 -0.08137
v 0.02216 0.00473 -0.07954
v 0.02216 -0.00228 -0.10059
v 0.02238 0.00112 -0.03440
v 0.02244 -0.01057 -0.10085
v 0.02257 0.00704 -0.04770
v 0.02257 -0.02029 -0.06278
v 0.02263 -0.01520 -0.03345
v 0.02270 0.00671 -0.05271
v 0.02276 -0.01970 -0.05292
v 0.02281 -0.01987 -0.05694
v 0.02284 -0.01648 -0.08188
v 0.02286 -0.00259 -0.02984
v 0.02298 0.00647 -0.04483
v 0.02300 -0.00210 -0.03123
v 0.02308 -0.01739 -0.04629
v 0.02310 0.00635 -0.05764
v 0.02320 -0.01893 -0.07341
v 0.02321 -0.01098 -0.09940
v 0.02331 -0.00713 -0.10090
v 0.02365 -0.00347 -0.09966
v 0.02365 0.00531 -0.06141
v 0.02368 -0.01064 -0.09905
v 0.02377 -0.01516 -0.03742
v 0.02378 -0.01433 -0.03568
v 0.02378 0.00575 -0.05574
v 0.02381 -0.01501 -0.08206
v 0.02382 -0.00223 -0.03355
v 0.02390 0.00607 -0.04718
v 0.02392 -0.01750 -0.07585
v 0.02402 0.00524 -0.05783
v 0.02405 0.00399 -0.07477
v 0.02407 -0.01866 -0.06374
v 0.02417 -0.01328 -0.08945
v 0.02423 0.00450 -0.04319
v 0.02424 0.00133 -0.03850
v 0.02430 0.00482 -0.06296
v 0.02435 0.00512 -0.05145
v 0.02441 -0.01829 -0.06914
v 0.02442 -0.00567 -0.03357
v 0.02443 -0.00945 -0.09900
v 0.02451 -0.01600 -0.04596
v 0.02452 0.00513 -0.06924
v 0.02456 -0.00346 -0.09615
v 0.02458 -0.01751 -0.07311
v 0.02485 -0.00659 -0.09870
v 0.02489 -0.01372 -0.04007
v 0.02501 -0.00480 -0.09731
v 0.02516 0.00438 -0.06907
v 0.02531 0.00257 -0.04334
v 0.02533 -0.01532 -0.04714
v 0.02533 -0.00761 -0.09710
v 0.02534 -0.01154 -0.08300
v 0.02539 -0.01666 -0.05727
v 0.02540 0.00411 -0.04681
v 0.02553 0.00380 -0.04888
v 0.02560 -0.00632 -0.09530
v 0.02576 -0.00325 -0.04030
v 0.02577 -0.01044 -0.08304
v 0.02579 -0.00743 -0.09092
v 0.02581 -0.01573 -0.05752
v 0.02584 -0.01440 -0.07755
v 0.02590 -0.00385 -0.08618
v 0.02601 -0.00209 -0.08080
v 0.02611 -0.00784 -0.08620
v 0.02615 0.00218 -0.05384
v 0.02616 -0.01238 -0.04426
v 0.02645 0.00184 -0.07408
v 0.02671 -0.01235 -0.04779
v 0.02673 0.00084 -0.05903
v 0.02680 -0.01129 -0.04692
v 0.02690 -0.00474 -0.04630
v 0.02709 -0.00603 -0.08213
v 0.02709 -0.01214 -0.05080
v 0.02718 -0.01389 -0.07071
v 0.02733 -0.00518 -0.08020
v 0.02760 -0.01291 -0.06989
v 0.02786 -0.01107 -0.06053
v 0.02790 -0.00881 -0.05157
v 0.02798 -0.00445 -0.05502
v 0.02808 -0.00529 -0.05479
v 0.02809 -0.00472 -0.07853
v 0.02829 -0.00805 -0.05790
v 0.02846 -0.00010 -0.06972
v 0.02856 -0.00201 -0.06323
v 0.02856 -0.00630 -0.05947
v 0.02882 -0.00756 -0.07572
v 0.02893 -0.00901 -0.07382
v 0.02901 -0.00277 -0.06510
v 0.02912 -0.00125 -0.07102
v 0.02913 -0.00630 -0.06543
v 0.02914 -0.00223 -0.07363
v 0.02927 -0.00526 -0.06514
v 0.02970 -0.00508 -0.06970
v 0.02971 -0.00396 -0.06953
v 0.02983 -0.00418 -0.07280
vn -0.9744 0.2240 0.0201
vn -0.8889 0.0729 -0.4523
vn -0.9265 -0.3760 -0.0173
vn -0.9178 -0.1916 -0.3476
vn -0.7885 0.4298 0.4400
vn -0.8499 0.1005 0.5172
vn -0.9040 -0.3565 0.2362
vn -0.8550 -0.3599 -0.3734
vn -0.9812 0.0625 0.1828
vn -0.8585 -0.3686 -0.3566
vn -0.9269 0.3694 -0.0667
vn -0.7911 -0.6116 0.0086
vn -0.8235 0.0910 -0.5600
vn -0.9486 0.1176 0.2939
vn -0.5534 -0.2937 -0.7794
vn -0.7337 0.6676 0.1266
vn -0.7570 0.4415 -0.4816
vn -0.7433 -0.5948 0.3062
vn -0.8934 0.0872 0.4408
vn -0.7059 0.5247 -0.4758
vn -0.8370 -0.5426 -0.0707
vn -0.2349 0.9718 0.0217
vn -0.7113 -0.1634 -0.6836
vn -0.4611 0.8130 -0.3557
vn -0.5504 0.5972 0.5835
vn -0.5197 0.4961 -0.6955
vn -0.4480 0.1543 -0.8806
vn -0.7203 -0.4822 -0.4987
vn -0.9243 0.3473 0.1584
vn -0.0846 0.9276 0.3639
vn -0.8570 0.5087 -0.0827
vn -0.3646 -0.8242 -0.4333
vn -0.5563 0.2266 -0.7995
vn -0.8255 -0.1127 0.5530
vn -0.6794 -0.5832 0.4453
vn -0.5904 -0.7909 0.1609
vn -0.2180 0.7851 0.5798
vn -0.6708 0.3869 0.6327
vn -0.7062 0.4823 -0.5184
vn -0.1301 0.9823 -0.1348
vn -0.8124 0.1732 0.5567
vn -0.8725 -0.4835 0.0703
vn -0.9251 0.3027 -0.2294
vn -0.8441 -0.0716 0.5313
vn -0.7709 0.1485 -0.6194
vn -0.9504 0.2773 0.1406
vn -0.2972 -0.9501 -0.0949
vn -0.9035 -0.2440 -0.3523
vn -0.8222 -0.5103 -0.2521
vn -0.8969 -0.2991 0.3257
vn -0.7440 -0.2895 -0.6022
vn -0.8570 0.4436 -0.2624
vn -0.7509 -0.5049 -0.4257
vn -0.9781 -0.2073 0.0193
vn -0.8370 0.4123 -0.3597
vn -0.9717 -0.2110 0.1067
vn -0.2288 -0.8080 -0.5430
vn -0.9390 -0.0768 -0.3352
vn -0.9008 -0.4149 -0.1279
vn -0.9771 -0.1973 -0.0797
vn -0.7372 0.2874 0.6115
vn -0.9705 0.2113 0.1161
vn -0.8240 0.0334 0.5656
vn -0.8710 -0.4752 0.1249
vn -0.7516 -0.0555 0.6573
vn -0.9025 0.2860 0.3221
vn -0.5263 -0.5200 -0.6727
vn -0.2273 -0.9133 -0.3379
vn -0.7953 0.4074 0.4489
vn -0.5209 0.5078 -0.6861
vn -0.9437 0.2674 -0.1948
vn -0.9335 0.2184 -0.2845
vn -0.9896 -0.0725 -0.1239
vn -0.9226 0.3673 -0.1182
vn -0.8134 0.1253 -0.5681
vn -0.8492 -0.4285 -0.3086
vn -0.2290 0.8118 0.5371
vn -0.9144 0.0305 -0.4037
vn -0.4194 -0.8925 0.1660
vn -0.7875 -0.5716 -0.2303
vn -0.7714 -0.0687 0.6326
vn -0.8975 0.1186 0.4248
vn -0.5820 0.6726 0.4570
vn -0.6462 -0.5971 0.4753
vn -0.4046 0.3811 0.8313
vn -0.9238 -0.1138 0.3656
vn -0.4251 -0.7922 -0.4378
vn -0.9053 0.0240 -0.4242
vn -0.8849 0.2604 -0.3862
vn -0.8680 -0.1618 0.4695
vn -0.6514 0.3225 -0.6868
vn -0.6614 -0.7394 -0.1255
vn -0.6606 0.6487 -0.3779
vn -0.8718 -0.4308 -0.2332
vn -0.5959 -0.6756 -0.4341
vn -0.7342 -0.3828 -0.5608
vn -0.5103 0.7044 0.4933
vn 0.0917 0.9804 0.1742
vn -0.9015 0.3027 -0.3093
vn -0.8672 0.2485 -0.4315
vn -0.7067 0.4674 -0.5312
vn -0.9576 -0.0233 -0.2872
vn -0.8129 -0.3127 0.4913
vn -0.7679 0.0299 -0.6398
vn -0.8893 -0.0597 -0.4535
vn -0.7977 -0.0255 0.6025
vn -0.8850 -0.2630 -0.3842
vn -0.9351 -0.0292 0.3533
vn -0.9156 0.2592 0.3075
vn -0.8289 -0.4133 0.3771
vn -0.8431 0.1445 0.5180
vn -0.7072 -0.2594 -0.6577
vn -0.7646 -0.2438 -0.5966
vn -0.9286 0.3662 0.0601
vn -0.9601 0.0876 0.2655
vn -0.4947 0.7735 -0.3961
vn -0.9631 -0.2494 -0.1013
vn -0.9524 0.1075 -0.2853
vn -0.9240 0.0798 -0.3739
vn -0.7912 -0.5152 -0.3297
vn -0.9900 -0.0048 0.1407
vn -0.9079 -0.4189 0.0133
vn -0.9449 -0.1884 -0.2676
vn -0.9764 0.2124 -0.0385
vn -0.9966 0.0142 -0.0815
vn -0.8997 0.3511 -0.2594
vn -0.9149 -0.0501 0.4005
vn -0.8881 0.3702 -0.2724
vn -0.7557 0.1163 0.6445
vn -0.7589 -0.3036 0.5761
vn -0.2655 -0.9590 -0.0992
vn -0.7418 0.4275 0.5166
vn -0.6218 -0.4067 0.6693
vn -0.9492 0.1411 -0.2811
vn -0.8876 0.1692 -0.4284
vn -0.8090 -0.1940 0.5548
vn -0.8297 -0.3493 -0.4354
vn -0.9845 0.0789 -0.1568
vn -0.5234 0.6188 0.5857
vn -0.6984 0.0752 -0.7118
vn -0.9675 0.0867 -0.2377
vn -0.9562 -0.1581 0.2462
vn -0.4589 0.8539 0.2454
vn -0.5395 -0.8121 -0.2224
vn -0.8985 0.1720 -0.4039
vn -0.8924 -0.1647 -0.4201
vn -0.9600 -0.1785 -0.2156
vn -0.7921 -0.6102 0.0138
vn -0.8491 -0.3756 -0.3715
vn -0.9911 0.0578 -0.1202
vn -0.9400 0.1836 -0.2876
vn -0.3121 0.5856 0.7481
vn -0.8159 0.1001 0.5695
vn -0.9996 0.0197 0.0179
vn -0.2859 -0.5728 0.7682
vn -0.8259 -0.0470 0.5618
vn -0.9776 0.0296 0.2085
vn -0.7515 0.1490 0.6426
vn -0.9331 -0.3585 0.0267
vn -0.8633 -0.4098 0.2945
vn -0.9900 0.0060 0.1411
vn -0.9997 0.0079 -0.0236
vn 0.0156 0.9987 0.0476
vn -0.4816 -0.5525 -0.6803
vn -0.9673 0.0193 -0.2528
vn -0.9406 0.2730 -0.2017
vn -0.9687 -0.0165 0.2478
vn -0.9736 0.1750 0.1469
vn -0.8681 -0.1332 -0.4782
vn -0.4610 0.7923 -0.3997
vn -0.8764 0.3372 0.3439
vn -0.9831 -0.1829 -0.0020
vn -0.3227 -0.9037 -0.2816
vn -0.8612 -0.0368 -0.5070
vn -0.5835 0.5167 0.6266
vn -0.2357 -0.9718 0.0060
vn -0.9458 -0.0645 -0.3182
vn -0.8165 0.4489 0.3631
vn -0.6128 0.2873 -0.7361
vn -0.9867 0.1400 0.0828
vn -0.8612 0.3602 -0.3585
vn -0.7789 0.5589 0.2844
vn -0.4141 -0.3780 -0.8280
vn -0.7005 -0.5768 0.4203
vn -0.9418 -0.1669 -0.2919
vn -0.9939 -0.0540 -0.0958
vn -0.9892 -0.1395 0.0452
vn -0.3333 0.6778 0.6553
vn -0.9859 -0.1360 -0.0974
vn -0.8665 -0.1623 -0.4721
vn -0.9150 -0.3374 -0.2210
vn -0.4301 0.8095 -0.3997
vn -0.8206 -0.2944 -0.4899
vn -0.3589 -0.8995 0.2491
vn -0.5097 -0.2808 0.8133
vn -0.7880 -0.2662 0.5551
vn -0.9908 0.0486 0.1265
vn -0.8390 -0.1518 0.5225
vn 0.1256 0.9283 0.3499
vn -0.1938 -0.9486 0.2503
vn -0.9659 -0.1069 0.2358
vn -0.7061 -0.4515 -0.5455
vn -0.8828 0.1454 -0.4466
vn -0.9385 -0.2050 0.2778
vn -0.7536 -0.0624 0.6543
vn -0.6086 0.5815 -0.5399
vn -0.7495 0.3647 -0.5524
vn -0.9518 0.2238 0.2096
vn -0.9715 -0.2096 0.1108
vn -0.8574 -0.2780 0.4332
vn -0.8315 0.5386 0.1360
vn -0.4154 0.9043 0.0984
vn -0.8965 -0.2208 0.3840
vn -0.9166 0.3994 0.0150
vn -0.8998 -0.1581 0.4067
vn -0.9554 -0.1084 -0.2747
vn -0.7786 -0.1711 0.6037
vn -0.9894 0.0009 0.1455
vn -0.9805 -0.1963 0.0076
vn -0.7900 -0.1637 0.5909
vn -0.0991 0.9245 0.3681
vn -0.2253 -0.6984 -0.6793
vn -0.7264 0.4384 -0.5293
vn -0.5489 0.8356 -0.0219
vn -0.7432 -0.0402 -0.6678
vn -0.8098 -0.5165 0.2784
vn -0.8257 0.0534 -0.5616
vn -0.8942 -0.3187 -0.3145
vn -0.7876 0.6029 0.1274
vn -0.9005 -0.0925 -0.4249
vn -0.9742 0.1941 0.1153
vn -0.8921 -0.4397 0.1039
vn -0.6789 -0.5118 -0.5265
vn -0.8764 -0.4716 0.0977
vn -0.6327 0.7558 0.1691
vn -0.7833 -0.2699 0.5600
vn -0.6735 -0.3974 -0.6233
vn -0.3443 -0.0504 -0.9375
vn -0.9986 0.0131 0.0510
vn -0.5676 -0.7292 0.3821
vn -0.9613 -0.0213 -0.2747
vn -0.7055 -0.4999 0.5024
vn -0.9836 -0.1038 -0.1474
vn -0.9944 -0.1022 0.0255
vn -0.3343 -0.8474 -0.4125
vn -0.9145 -0.3355 0.2261
vn -0.4657 0.4934 0.7346
vn -0.8903 0.4062 0.2061
vn -0.9529 -0.2936 0.0762
vn -0.9707 -0.1570 -0.1817
vn -0.9932 -0.0964 -0.0656
vn -0.2322 -0.3197 0.9186
vn -0.9985 -0.0468 0.0300
vn -0.9971 0.0675 -0.0362
vn -0.9857 0.1607 0.0500
vn -0.7987 -0.0738 -0.5972
vn -0.9934 0.1135 0.0153
vn -0.3372 0.9205 0.1976
vn -0.7083 0.1671 -0.6858
vn -0.6068 -0.2495 0.7547
vn -0.9999 -0.0105 0.0127
vn -0.9995 -0.0290 0.0157
vn 0.1299 0.7558 0.6418
vn -0.1073 0.9524 0.2852
vn -0.9895 -0.1032 -0.1015
vn -0.9924 -0.1155 -0.0431
vn -0.9990 -0.0157 -0.0424
vn -0.4333 0.8964 0.0935
vn -0.9525 0.2995 -0.0549
vn -0.9606 -0.2713 -0.0612
vn -0.2804 -0.2621 0.9234
vn -0.8894 -0.4541 0.0526
vn -0.6356 0.4748 -0.6087
vn -0.4716 0.7658 0.4371
vn -0.7118 -0.3706 -0.5967
vn -0.7479 -0.1314 0.6507
vn -0.4122 0.8364 0.3612
vn -0.7585 0.1772 -0.6271
vn -0.9736 -0.1921 -0.1230
vn -0.8284 -0.5113 0.2287
vn -0.9772 0.2092 -0.0375
vn 0.0419 0.9916 0.1226
vn -0.9048 -0.4165 -0.0885
vn -0.8822 0.4249 -0.2028
vn -0.9378 -0.3236 -0.1262
vn -0.8295 0.0581 -0.5555
vn -0.7777 -0.2195 -0.5890
vn -0.9482 -0.3172 -0.0174
vn -0.6342 0.6590 -0.4043
vn -0.2413 -0.6118 0.7533
vn -0.6104 0.2859 0.7387
vn -0.8543 -0.5106 -0.0974
vn -0.9594 0.2772 -0.0517
vn -0.7274 -0.2534 -0.6377
vn -0.5036 0.8639 0.0070
vn 0.0622 0.9925 0.1050
vn -0.2376 -0.9713 -0.0146
vn -0.8493 -0.5272 -0.0262
vn -0.3471 0.9378 0.0099
vn -0.7505 -0.6150 -0.2420
vn -0.0715 -0.9931 0.0933
vn -0.8934 0.4240 0.1483
vn -0.0611 0.9714 0.2295
vn -0.7120 -0.6976 0.0794
vn -0.5970 -0.0093 -0.8022
vn -0.5708 -0.7759 0.2684
vn -0.7290 -0.6764 0.1052
vn -0.8228 -0.5602 0.0963
vn -0.1669 0.7631 0.6244
vn -0.5199 0.5796 -0.6275
vn -0.6266 -0.3949 0.6719
vn -0.3507 -0.9333 0.0774
vn 0.1101 -0.9242 0.3657
vn -0.1336 0.9170 -0.3759
vn -0.8716 0.4901 -0.0108
vn -0.6815 -0.7317 0.0149
vn -0.4765 -0.8724 0.1091
vn -0.8573 0.5140 -0.0291
vn -0.7011 -0.6815 0.2098
vn -0.2222 -0.3889 0.8941
vn -0.5984 -0.3358 -0.7275
vn -0.7340 0.6784 0.0316
vn -0.5593 0.8036 -0.2034
vn -0.5704 -0.1217 -0.8123
vn -0.5425 0.3407 -0.7679
vn -0.7734 -0.2064 0.5993
vn -0.4070 -0.6319 0.6596
vn -0.6381 -0.7700 0.0022
vn -0.6541 -0.6189 0.4349
vn -0.8520 -0.5215 0.0468
vn -0.2516 0.9676 -0.0202
vn -0.6843 0.7287 0.0295
vn -0.0281 0.6637 0.7475
vn -0.4140 -0.9037 0.1093
vn -0.0589 -0.9933 -0.0994
vn 0.2298 -0.6462 0.7278
vn -0.1920 0.4470 -0.8737
vn -0.2965 -0.9550 0.0017
vn -0.4578 0.8051 -0.3772
vn -0.7497 -0.6617 -0.0081
vn -0.3892 0.1666 -0.9060
vn -0.2464 0.2587 -0.9340
vn -0.6743 -0.6727 -0.3047
vn -0.7558 -0.6548 0.0063
vn -0.5957 0.8023 0.0396
vn -0.3240 -0.9456 -0.0286
vn -0.6934 -0.2718 0.6673
vn 0.2081 -0.0898 0.9740
vn -0.4145 0.8419 0.3457
vn -0.2491 -0.4871 -0.8370
vn -0.0758 -0.9290 -0.3622
vn 0.0923 0.9668 0.2383
vn -0.6681 0.3527 -0.6552
vn -0.4456 0.8234 0.3515
vn 0.3224 -0.7777 0.5397
vn -0.6921 0.7215 -0.0206
vn 0.2024 0.9677 0.1505
vn -0.4605 -0.8828 0.0927
vn -0.6024 -0.5179 -0.6074
vn -0.2846 -0.4544 0.8441
vn -0.8365 -0.5383 0.1025
vn -0.3522 -0.2974 -0.8874
vn -0.3736 -0.9208 0.1123
vn -0.2944 0.0510 -0.9543
vn -0.7346 -0.6633 0.1428
vn -0.7449 0.6649 0.0548
vn 0.1563 0.8261 -0.5414
vn -0.4521 -0.6078 0.6528
vn -0.6154 -0.2180 -0.7575
vn -0.3780 0.9119 -0.1596
vn -0.4674 -0.8555 -0.2228
vn 0.1711 -0.9645 -0.2011
vn -0.5198 0.4885 0.7009
vn 0.0149 -0.5059 0.8625
vn -0.6459 -0.7610 0.0606
vn -0.4885 0.8659 -0.1076
vn -0.1083 -0.7756 0.6219
vn 0.0346 0.8813 0.4712
vn 0.0940 -0.5260 -0.8453
vn -0.5743 0.8160 0.0655
vn -0.5803 -0.8091 0.0923
vn -0.4685 0.3945 -0.7905
vn -0.5353 0.8445 0.0166
vn -0.6336 0.0578 0.7715
vn -0.2823 0.1878 -0.9408
vn -0.0956 -0.2493 -0.9637
vn -0.6543 -0.4476 0.6095
vn -0.5058 -0.4550 -0.7329
vn -0.3404 -0.8367 0.4289
vn -0.1507 -0.0108 -0.9885
vn -0.2950 -0.9508 0.0944
vn 0.0586 -0.8096 -0.5841
vn -0.4700 0.2107 0.8571
vn 0.3590 0.9296 0.0834
vn 0.3198 -0.9046 0.2820
vn -0.6520 -0.2821 -0.7037
vn -0.5806 -0.5783 0.5731
vn 0.0243 0.4451 -0.8952
vn -0.0681 -0.7204 0.6902
vn -0.6313 -0.0955 0.7697
vn -0.5817 -0.8050 0.1165
vn -0.6598 0.0706 -0.7481
vn 0.2240 0.8485 0.4795
vn 0.2090 -0.6006 -0.7717
vn -0.4335 -0.9011 0.0007
vn -0.4429 0.8965 0.0108
vn -0.4078 -0.9131 0.0013
vn -0.2947 -0.8041 0.5163
vn 0.3378 0.8374 -0.4297
vn 0.1968 -0.9759 -0.0943
vn -0.4465 0.8948 -0.0011
vn -0.4533 0.8874 0.0839
vn -0.2283 0.9590 -0.1679
vn -0.5416 0.8404 -0.0163
vn -0.3979 -0.9107 0.1105
vn -0.4972 0.6820 0.5364
vn -0.2532 -0.9653 0.0636
vn 0.4443 -0.7240 0.5276
vn 0.2323 0.7134 0.6611
vn -0.3345 0.9420 -0.0280
vn -0.4926 0.8701 -0.0153
vn 0.4706 -0.8698 -0.1481
vn 0.1188 -0.2532 -0.9601
vn -0.3575 -0.9263 0.1188
vn -0.2674 0.9593 0.0903
vn -0.4805 -0.8651 0.1440
vn -0.5058 -0.6933 0.5133
vn -0.3922 0.4563 0.7987
vn -0.5854 0.4517 -0.6732
vn 0.1041 0.9716 0.2123
vn 0.5190 0.8514 -0.0766
vn -0.6506 -0.6125 0.4490
vn 0.3658 0.7550 -0.5442
vn -0.2130 0.9769 -0.0155
vn 0.1958 0.6863 0.7004
vn -0.4805 0.5562 0.6780
vn -0.2056 -0.9715 0.1179
vn 0.4544 0.8834 0.1147
vn 0.2308 -0.4895 -0.8409
vn -0.4326 0.1420 0.8903
vn 0.4749 -0.6801 -0.5585
vn -0.5850 -0.1982 0.7864
vn -0.1762 -0.0084 -0.9843
vn -0.0643 0.9975 0.0296
vn 0.2760 0.8705 0.4075
vn -0.0951 0.9954 0.0083
vn 0.5566 -0.7734 -0.3032
vn -0.1936 0.9804 -0.0365
vn -0.5557 -0.7333 0.3917
vn -0.3744 0.8793 -0.2944
vn -0.1609 0.9869 -0.0105
vn 0.3700 0.5077 -0.7780
vn -0.0712 -0.2542 -0.9645
vn 0.4271 0.7414 -0.5176
vn 0.2665 -0.4375 -0.8588
vn -0.4356 -0.3186 -0.8419
vn -0.0763 -0.9956 0.0539
vn 0.1705 0.3315 -0.9279
vn -0.3795 0.9205 0.0927
vn -0.4891 -0.8706 0.0536
vn -0.5301 -0.8337 0.1548
vn 0.7278 -0.6677 -0.1561
vn -0.2910 -0.9557 -0.0444
vn 0.6412 -0.7136 0.2824
vn -0.0973 -0.2176 -0.9712
vn -0.6636 -0.4069 0.6277
vn -0.2978 -0.9546 -0.0107
vn -0.3959 0.1957 0.8972
vn 0.3962 0.7211 0.5683
vn 0.3062 -0.1286 -0.9432
vn -0.3374 0.8797 0.3351
vn -0.2968 -0.9523 -0.0704
vn -0.3489 0.7779 0.5226
vn 0.6668 -0.6640 -0.3384
vn 0.4568 -0.5649 -0.6872
vn -0.2794 -0.9522 0.1234
vn 0.2150 -0.1281 -0.9682
vn -0.0499 0.0960 -0.9941
vn 0.3612 -0.7407 0.5665
vn -0.4489 0.1796 -0.8753
vn -0.4477 -0.1695 -0.8780
vn -0.3584 0.3308 -0.8730
vn -0.3438 0.9379 -0.0462
vn -0.1106 0.9938 0.0101
vn 0.1842 0.9153 0.3582
vn 0.1492 -0.1776 -0.9727
vn 0.5941 0.5267 -0.6080
vn -0.1427 0.9678 -0.2072
vn 0.5798 0.8125 0.0615
vn -0.0529 0.9961 -0.0709
vn -0.0488 0.9897 -0.1347
vn 0.1676 -0.9271 0.3351
vn 0.1441 -0.0894 -0.9855
vn -0.2204 0.9236 0.3136
vn -0.2166 0.7165 0.6631
vn 0.4477 0.6517 0.6123
vn -0.2150 -0.9761 0.0306
vn -0.6489 -0.6018 0.4655
vn 0.3975 -0.3973 -0.8271
vn -0.2452 -0.9660 0.0818
vn -0.0170 0.9998 -0.0098
vn 0.7791 -0.6239 -0.0620
vn -0.1444 -0.9787 -0.1456
vn 0.6937 0.6574 0.2943
vn -0.0648 -0.9945 0.0822
vn 0.6100 -0.5865 -0.5328
vn -0.3738 0.0429 0.9265
vn -0.2521 -0.9659 -0.0586
vn 0.5993 0.3251 -0.7316
vn 0.0073 -0.1961 -0.9806
vn 0.1939 0.1489 -0.9697
vn 0.6317 0.7551 -0.1751
vn 0.7795 -0.6034 -0.1679
vn 0.6342 -0.2426 -0.7341
vn 0.4951 -0.0002 -0.8688
vn -0.1128 0.9885 -0.1004
vn 0.2863 -0.0320 -0.9576
vn 0.2020 0.9744 -0.0989
vn 0.3609 -0.1593 -0.9189
vn -0.5530 -0.2687 0.7887
vn 0.3769 0.8007 0.4657
vn -0.0062 0.9827 0.1850
vn -0.0863 0.8923 0.4432
vn -0.0988 0.9913 -0.0867
vn -0.1338 0.0321 -0.9905
vn 0.7197 -0.4372 -0.5394
vn -0.1161 -0.2234 -0.9678
vn -0.1421 -0.9896 -0.0224
vn 0.1509 -0.0242 -0.9883
vn 0.7862 -0.5718 -0.2345
vn -0.0346 -0.9994 -0.0052
vn -0.2597 -0.9636 0.0633
vn 0.8366 0.5466 0.0370
vn -0.0982 -0.9936 -0.0555
vn 0.6922 -0.1908 -0.6961
vn -0.2018 -0.9719 0.1212
vn -0.0094 0.9930 -0.1176
vn 0.5426 -0.0608 -0.8378
vn 0.8458 0.3764 -0.3780
vn -0.4091 -0.0513 0.9110
vn -0.3841 0.2595 0.8861
vn -0.4548 -0.4618 0.7615
vn -0.0930 0.9572 0.2742
vn 0.7045 -0.1341 -0.6970
vn -0.1928 -0.9801 -0.0464
vn 0.8523 0.2466 -0.4613
vn 0.7138 0.6232 0.3196
vn 0.6411 -0.0345 -0.7667
vn 0.6171 -0.7585 0.2097
vn -0.4463 -0.7347 0.5109
vn 0.8211 -0.4268 -0.3791
vn -0.0554 -0.9657 -0.2536
vn -0.3636 0.5091 0.7801
vn -0.0528 0.9669 -0.2498
vn 0.1097 -0.9907 -0.0806
vn 0.1064 -0.9942 0.0149
vn 0.0897 0.9641 -0.2501
vn 0.3025 0.0101 -0.9531
vn -0.2088 0.0817 0.9745
vn -0.0736 -0.9949 0.0696
vn 0.5006 0.1207 -0.8572
vn 0.6111 0.7756 0.1580
vn 0.2305 0.9730 0.0088
vn 0.3069 0.9513 0.0274
vn -0.2102 0.7025 0.6799
vn -0.0048 -0.9996 0.0282
vn -0.4732 -0.4465 0.7594
vn 0.2028 -0.2082 -0.9568
vn 0.0964 0.9904 -0.0991
vn 0.6257 -0.7570 -0.1883
vn 0.2884 -0.9538 0.0842
vn -0.2817 -0.2420 0.9285
vn 0.1760 -0.0485 -0.9832
vn 0.8216 -0.3932 -0.4128
vn 0.5132 -0.8497 0.1210
vn -0.4529 -0.5699 0.6857
vn 0.0000 0.0000 0.0000
vn 0.0763 -0.9862 0.1473
vn 0.7926 -0.5891 -0.1573
vn 0.3187 0.9336 -0.1636
vn 0.0108 -0.9974 -0.0708
vn -0.4723 -0.2453 0.8466
vn 0.8808 0.4669 -0.0788
vn 0.7085 0.1341 -0.6928
vn -0.0984 -0.9886 0.1142
vn 0.8543 0.4479 -0.2637
vn -0.6883 -0.2783 0.6699
vn 0.5112 -0.1270 -0.8500
vn 0.0827 -0.9842 0.1568
vn -0.0228 -0.9864 0.1626
vn 0.8237 -0.5664 -0.0257
vn -0.6640 0.0844 0.7429
vn -0.4462 -0.3282 0.8326
vn 0.0515 -0.9755 0.2141
vn -0.0527 -0.9447 -0.3236
vn 0.1783 0.9765 -0.1213
vn -0.6359 0.0426 0.7706
vn 0.5020 -0.8562 -0.1223
vn 0.0692 -0.9652 0.2520
vn 0.3688 0.1022 -0.9239
vn 0.7727 0.6040 -0.1955
vn 0.2837 0.0783 -0.9557
vn 0.0128 -0.9193 -0.3933
vn -0.0443 -0.9950 0.0899
vn 0.4910 -0.8193 -0.2960
vn -0.3560 0.1840 0.9162
vn -0.2615 0.1020 0.9598
vn 0.1355 -0.9905 -0.0233
vn 0.7163 -0.5157 -0.4700
vn -0.1037 0.8247 0.5560
vn 0.5779 -0.7116 -0.3996
vn -0.1928 -0.0255 0.9809
vn 0.7052 -0.1798 -0.6858
vn -0.2704 0.5351 0.8003
vn 0.5601 0.8003 -0.2142
vn 0.0994 -0.5398 -0.8359
vn 0.1989 -0.9795 0.0309
vn -0.1182 -0.8892 0.4420
vn -0.2887 -0.2735 0.9175
vn 0.0024 -0.9990 -0.0451
vn -0.2995 0.0205 0.9539
vn -0.5199 0.0903 0.8494
vn -0.1331 -0.8024 0.5817
vn 0.1021 0.9211 0.3756
vn 0.1602 0.9334 -0.3212
vn 0.7646 0.4173 -0.4911
vn 0.6028 0.4320 -0.6709
vn 0.2500 -0.8935 -0.3730
vn -0.1731 -0.9063 0.3855
vn 0.3021 0.9521 0.0470
vn 0.1280 -0.8816 0.4543
vn 0.6396 0.6896 -0.3397
vn -0.2202 0.2033 0.9540
vn 0.1292 0.9744 0.1842
vn 0.0730 0.9956 -0.0584
vn 0.1012 -0.9173 -0.3852
vn 0.3206 -0.9386 0.1277
vn -0.0484 -0.0180 0.9987
vn 0.4625 0.2806 -0.8410
vn -0.1124 0.2192 0.9692
vn 0.6065 0.6466 -0.4627
vn 0.4159 -0.7639 -0.4933
vn 0.1941 -0.3913 0.8996
vn 0.5055 0.5363 -0.6759
vn 0.1782 0.8530 -0.4906
vn 0.2209 0.9410 0.2564
vn 0.1257 0.9360 -0.3288
vn -0.0183 0.9995 -0.0251
vn -0.0456 -0.2390 0.9700
vn 0.2541 -0.5036 0.8257
vn 0.0815 0.1172 0.9898
vn 0.0000 0.0000 0.0000
vn 0.3561 0.7495 -0.5581
vn 0.3838 -0.8885 0.2516
vn -0.0615 0.9484 -0.3109
vn 0.0259 -0.9976 0.0642
vn 0.0635 0.9865 -0.1512
vn 0.3864 0.6584 -0.6459
vn 0.3099 0.8249 -0.4727
vn 0.4825 -0.5200 -0.7048
vn 0.1215 -0.8444 -0.5218
vn 0.1767 0.9683 0.1765
vn 0.0121 -0.9997 -0.0203
vn 0.1593 -0.2587 -0.9527
vn -0.2029 0.1089 0.9731
vn 0.2067 -0.7429 -0.6367
vn 0.2468 0.4783 -0.8428
vn 0.0870 -0.6247 -0.7760
vn -0.0267 0.7814 -0.6235
vn 0.1839 0.9597 0.2127
vn -0.1262 0.8092 -0.5738
vn 0.3225 0.9450 0.0547
vn 0.0054 0.6898 -0.7240
vn -0.0980 0.8551 -0.5091
vn 0.3075 -0.6681 -0.6775
vn 0.3846 -0.3734 -0.8442
vn 0.1364 -0.6135 -0.7778
vn -0.1830 0.7409 0.6462
vn 0.4134 -0.0459 -0.9094
vn 0.0284 -0.9993 -0.0252
vn 0.1273 -0.3583 0.9249
vn 0.1545 0.9581 0.2412
vn 0.3705 -0.9155 0.1567
vn -0.1549 0.0640 0.9859
vn 0.1778 -0.7927 -0.5831
vn 0.1825 0.9620 0.2031
vn 0.0046 0.9999 -0.0134
vn 0.4732 -0.4504 -0.7571
vn -0.0088 -0.9036 -0.4282
vn -0.1574 0.0627 0.9855
vn 0.4927 -0.8059 0.3283
vn 0.2097 0.9324 0.2945
vn -0.0054 -0.9829 -0.1838
vn -0.0217 0.9997 0.0113
vn 0.2371 0.9630 0.1282
vn 0.1578 -0.3643 0.9178
vn -0.0085 -0.3168 0.9484
vn -0.1536 0.9315 -0.3298
vn 0.2428 -0.8334 -0.4965
vn 0.2881 -0.9438 0.1619
vn 0.3402 -0.9230 -0.1797
vn 0.1525 0.9851 -0.0793
vn 0.2957 0.8782 0.3760
vn 0.1062 0.9592 0.2621
vn 0.2432 0.9679 0.0641
vn 0.4663 -0.8068 -0.3628
vn 0.1334 -0.9911 0.0050
vn 0.0791 0.9924 -0.0947
vn 0.3790 -0.7517 -0.5397
vn -0.0000 -0.9999 0.0155
vn 0.1401 0.6800 0.7197
vn 0.3877 0.1980 -0.9003
vn -0.0002 -0.9852 0.1712
vn 0.3846 0.9177 0.0993
vn -0.0658 0.7581 -0.6489
vn 0.1703 -0.9671 -0.1892
vn 0.3438 -0.9294 -0.1339
vn 0.0222 -0.9825 0.1848
vn 0.2266 0.9719 0.0632
vn 0.0007 -0.1440 0.9896
vn 0.0295 -0.9970 0.0718
vn 0.0937 0.9622 -0.2556
vn -0.0215 0.2909 0.9565
vn 0.3323 0.9392 -0.0865
vn 0.4241 -0.8766 -0.2274
vn 0.0742 -0.3879 0.9187
vn 0.0270 0.3537 0.9350
vn 0.2652 0.9606 0.0829
vn 0.5957 -0.0833 0.7989
vn 0.2169 -0.9743 0.0604
vn 0.6145 0.7189 0.3250
vn 0.4653 0.4886 -0.7381
vn 0.0175 -0.9954 0.0944
vn 0.1096 -0.9932 0.0396
vn 0.3204 -0.9178 0.2347
vn 0.1125 -0.9917 0.0615
vn 0.1886 0.9818 -0.0207
vn 0.3958 -0.8793 -0.2649
vn 0.1767 0.9813 -0.0762
vn 0.2646 -0.9641 0.0231
vn 0.2988 0.9538 -0.0295
vn 0.4052 -0.9141 0.0164
vn 0.5391 -0.7108 0.4519
vn -0.1649 0.1872 0.9684
vn 0.3379 -0.9252 -0.1729
vn 0.4616 0.4321 -0.7747
vn -0.0081 0.8536 -0.5208
vn -0.0084 -0.9983 0.0584
vn 0.1232 0.9908 -0.0560
vn 0.3235 0.9291 0.1793
vn 0.0053 -0.0153 0.9999
vn 0.4579 -0.7383 -0.4952
vn 0.4202 -0.9047 -0.0710
vn 0.5348 -0.2304 -0.8129
vn 0.3359 -0.6841 -0.6474
vn 0.6139 0.5307 -0.5843
vn 0.3750 0.9233 0.0831
vn 0.0174 0.3617 0.9321
vn 0.4866 0.7771 -0.3991
vn 0.2568 0.9386 0.2305
vn 0.5786 -0.7403 -0.3423
vn 0.5437 0.8042 -0.2400
vn 0.4240 0.8988 -0.1116
vn 0.3729 0.6353 0.6763
vn -0.0008 -0.2656 0.9641
vn 0.3316 0.9420 -0.0512
vn 0.4587 0.8787 -0.1320
vn 0.5799 0.7887 0.2043
vn 0.1360 -0.9905 0.0212
vn 0.2292 0.9392 0.2555
vn 0.3274 -0.9424 0.0678
vn 0.4256 -0.8568 0.2911
vn 0.0332 -0.0638 0.9974
vn 0.4214 -0.8882 -0.1831
vn 0.5944 0.3316 -0.7326
vn 0.3501 0.9349 0.0581
vn 0.3667 -0.9039 0.2203
vn 0.3742 0.9156 0.1471
vn 0.5386 -0.0254 -0.8422
vn -0.2161 0.1058 0.9706
vn 0.4286 -0.5522 -0.7151
vn 0.1818 -0.9639 0.1945
vn 0.6864 0.5869 -0.4295
vn 0.3677 -0.9279 0.0617
vn 0.3752 0.9261 -0.0396
vn 0.4587 0.8861 -0.0672
vn 0.5559 -0.8262 0.0914
vn 0.3336 -0.4518 0.8274
vn 0.4038 -0.8918 0.2041
vn 0.3923 -0.9193 0.0328
vn 0.2430 0.5448 0.8026
vn 0.0098 0.0005 1.0000
vn 0.5503 -0.8309 0.0823
vn 0.4875 -0.8407 0.2358
vn 0.5095 -0.5975 -0.6192
vn 0.9107 0.3540 0.2127
vn 0.7559 0.5871 0.2898
vn 0.5878 0.7848 -0.1965
vn 0.4891 -0.8450 -0.2165
vn 0.5944 0.7730 0.2216
vn 0.4906 0.8316 0.2603
vn -0.1641 0.2875 0.9436
vn 0.0578 -0.3413 0.9382
vn 0.9693 0.2418 -0.0441
vn 0.5470 -0.2544 0.7976
vn 0.7639 -0.5225 0.3787
vn 0.3369 -0.2309 0.9128
vn 0.1486 -0.1097 0.9828
vn 0.9597 0.2785 -0.0377
vn 0.4788 -0.5032 -0.7194
vn 0.5943 -0.7748 -0.2156
vn 0.1058 -0.0369 0.9937
vn 0.8715 0.3297 0.3629
vn 0.4347 -0.8623 0.2598
vn 0.4455 0.8855 -0.1322
vn 0.4552 -0.8858 -0.0906
vn -0.1314 0.0402 0.9905
vn 0.7744 -0.3230 0.5440
vn 0.6803 0.6923 -0.2405
vn 0.9017 -0.2074 0.3793
vn 0.1764 -0.1931 0.9652
vn 0.4385 0.8915 -0.1139
vn 0.6624 0.6959 0.2775
vn 0.8601 -0.3050 0.4088
vn 0.6993 0.6707 0.2474
vn 0.3507 -0.1196 0.9288
vn 0.4126 -0.9108 -0.0127
vn 0.4103 0.8777 -0.2478
vn 0.6830 -0.6428 0.3468
vn 0.5678 -0.8040 0.1763
vn -0.1787 0.0929 0.9795
vn 0.8115 -0.2301 0.5372
vn 0.5066 -0.3392 -0.7927
vn 0.6780 0.2866 0.6769
vn 0.8241 0.0399 0.5650
vn -0.1227 0.8361 0.5347
vn -0.0147 0.6581 0.7528
vn 0.9126 -0.1312 0.3873
vn 0.5402 0.2262 0.8106
vn 0.5324 0.3215 0.7830
vn 0.9175 0.1547 0.3663
vn 0.6063 -0.7066 -0.3648
vn 0.9533 0.0022 0.3020
vn 0.8964 -0.2666 0.3542
vn 0.4403 0.8952 0.0694
vn 0.8110 -0.4852 0.3269
vn 0.4859 0.8739 0.0135
vn 0.5104 -0.8177 0.2660
vn 0.5506 0.7934 0.2597
vn 0.5540 -0.7705 0.3153
vn 0.3543 -0.9336 0.0534
vn 0.5329 0.8343 -0.1410
vn 0.7098 0.6424 -0.2890
vn 0.3919 -0.9188 0.0465
vn 0.3395 -0.9403 -0.0255
vn 0.5419 -0.7856 0.2988
vn 0.5013 -0.8270 -0.2544
vn 0.5302 -0.8072 0.2595
vn 0.5192 0.8494 -0.0944
vn 0.5463 -0.7545 0.3637
vn 0.6138 0.7842 -0.0910
vn 0.3588 -0.9334 -0.0107
vn 0.6287 0.4634 -0.6245
vn 0.4578 0.8891 -0.0007
vn 0.8213 0.4521 0.3479
vn 0.5948 -0.8007 -0.0719
vn 0.5168 -0.8561 -0.0071
vn 0.6087 -0.7930 0.0234
vn 0.7322 0.6384 0.2371
vn 0.4989 0.8354 -0.2306
vn 0.8284 0.5465 -0.1232
vn 0.5695 -0.8217 -0.0229
vn 0.7071 -0.6629 -0.2459
vn 0.9340 -0.1548 0.3219
vn 0.7263 -0.6269 0.2819
vn 0.7732 -0.5609 0.2961
vn 0.8242 0.4982 0.2692
vn 0.5460 0.8267 -0.1357
vn 0.9288 0.1777 0.3252
vn 0.7346 -0.6756 -0.0622
vn 0.5579 -0.8240 0.0985
vn 0.6881 0.6708 -0.2768
vn 0.9544 0.0097 0.2984
vn 0.5597 -0.8277 0.0402
vn 0.7234 -0.6721 0.1581
vn 0.6567 -0.7525 -0.0498
vn 0.5723 -0.8196 0.0269
vn 0.5581 0.8296 -0.0180
vn 0.5366 -0.1739 -0.8258
vn 0.8446 0.4762 0.2447
vn 0.9303 -0.2289 0.2867
vn 0.6858 0.5563 -0.4693
vn 0.5535 -0.7960 -0.2450
vn 0.3626 0.9269 0.0967
vn 0.7282 0.6334 0.2619
vn 0.6258 0.1697 -0.7613
vn 0.7662 0.5748 -0.2872
vn 0.8212 0.5388 -0.1882
vn 0.6718 0.7311 -0.1195
vn 0.6139 0.4208 -0.6678
vn 0.8171 0.4958 0.2940
vn 0.5716 -0.4808 -0.6649
vn 0.4543 0.8908 -0.0095
vn 0.6211 -0.7837 -0.0127
vn 0.7793 -0.5679 0.2647
vn 0.5026 0.8639 0.0334
vn 0.7042 -0.6920 0.1589
vn 0.7294 -0.6837 0.0222
vn 0.7688 -0.6294 -0.1135
vn 0.9423 0.1114 0.3156
vn 0.6418 0.7252 0.2492
vn 0.8713 0.4211 0.2519
vn 0.6514 -0.7477 0.1290
vn 0.5733 0.8151 -0.0837
vn 0.6249 -0.7678 -0.1416
vn 0.6187 -0.6405 -0.4550
vn 0.7436 -0.0213 -0.6682
vn 0.7468 0.3250 -0.5802
vn 0.6415 0.7671 -0.0055
vn 0.7304 -0.6282 -0.2682
vn 0.8254 -0.5425 0.1561
vn 0.9426 -0.2004 0.2673
vn 0.8101 0.5855 -0.0296
vn 0.8642 -0.4750 -0.1661
vn 0.9089 0.3021 0.2875
vn 0.7271 0.6865 -0.0009
vn 0.6989 -0.6693 -0.2520
vn 0.8259 0.5603 -0.0632
vn 0.5885 0.7862 -0.1886
vn 0.7501 -0.6610 0.0212
vn 0.8802 -0.4580 -0.1246
vn 0.7090 0.6226 0.3311
vn 0.8181 0.4643 0.3391
vn 0.8014 0.5934 0.0754
vn 0.7658 0.6413 -0.0467
vn 0.7604 -0.6486 -0.0324
vn 0.9658 -0.0274 0.2578
vn 0.9266 -0.2968 -0.2311
vn 0.7436 -0.6598 0.1084
vn 0.6160 0.7877 -0.0087
vn 0.8640 0.4876 -0.1251
vn 0.8113 -0.5714 -0.1233
vn 0.8831 0.0640 -0.4647
vn 0.9137 -0.3697 0.1689
vn 0.9390 0.2527 -0.2332
vn 0.7856 0.6187 -0.0114
vn 0.9400 0.2455 0.2369
vn 0.8590 -0.4993 0.1130
vn 0.9763 -0.0456 -0.2115
vn 0.8930 -0.4188 -0.1648
vn 0.8632 -0.5033 0.0400
vn 0.9685 0.2213 0.1142
vn 0.8159 0.5751 -0.0598
vn 0.9937 -0.0688 -0.0888
vn 0.9743 0.1406 0.1762
vn 0.9364 -0.2691 -0.2253
vn 0.9850 -0.1529 -0.0802
vn 0.9478 -0.3164 0.0399
vn 0.8475 -0.4831 -0.2200
vn 0.9045 0.4064 -0.1293
vn 0.8416 0.4562 -0.2893
vn 0.9779 -0.1691 -0.1234
vn 0.9248 0.3803 0.0013
vn 0.9577 -0.2013 0.2054
vn 0.7880 0.5646 -0.2453
vn 0.9372 -0.3443 0.0551
vn 0.8754 0.4789 0.0656
vn 0.9797 -0.0526 0.1933
vn 0.9862 0.0548 0.1559
vn 0.9767 -0.0902 -0.1945
vn 0.9567 -0.2872 0.0466
vn 0.8865 -0.4618 -0.0295
vn 0.9176 0.3271 -0.2259
vn 0.9620 -0.2709 0.0353
vn 0.9554 -0.2892 0.0604
vn 0.9917 0.0326 0.1246
vn 0.9756 0.1962 0.0986
vn 0.9891 0.0954 0.1123
vn 0.9431 0.0513 -0.3284
vn 0.9739 -0.2171 0.0665
vn 0.8478 0.5285 0.0435
vn 0.9282 0.3435 0.1429
vn 0.9940 -0.0540 0.0952
vn 0.9467 -0.1367 -0.2918
vn 0.9467 -0.3051 -0.1036
vn 0.9772 0.1792 0.1138
vn 0.9204 0.3901 -0.0273
vn 0.9709 -0.2346 0.0484
vn 0.8563 0.4159 -0.3061
vn 0.9923 -0.0610 0.1074
vn 0.9817 -0.1861 0.0399
vn 0.9891 0.1236 0.0805
vn 0.9884 0.0146 -0.1510
f 295//295 406//406 268//268
f 229//229 345//345 235//235
f 67//67 33//33 45//45
f 434//434 451//451 501//501
f 406//406 411//411 434//434
f 345//345 406//406 295//295
f 345//345 411//411 406//406
f 380//380 414//414 356//356
f 414//414 366//366 356//356
f 414//414 421//421 366//366
f 380//380 425//425 414//414
f 366//366 345//345 211//211
f 302//302 366//366 211//211
f 211//211 248//248 302//302
f 248//248 208//208 302//302
f 269//269 318//318 302//302
f 231//231 208//208 161//161
f 421//421 446//446 383//383
f 501//501 451//451 446//446
f 446//446 694//694 687//687
f 383//383 446//446 345//345
f 22//22 40//40 24//24
f 1//1 7//7 6//6
f 40//40 221//221 98//98
f 40//40 30//30 221//221
f 30//30 37//37 221//221
f 3//3 1//1 2//2
f 23//23 10//10 13//13
f 7//7 3//3 21//21
f 10//10 3//3 4//4
f 111//111 83//83 41//41
f 83//83 235//235 258//258
f 86//86 7//7 64//64
f 108//108 86//86 127//127
f 44//44 86//86 108//108
f 64//64 7//7 42//42
f 80//80 59//59 21//21
f 73//73 60//60 59//59
f 42//42 59//59 60//60
f 62//62 86//86 56//56
f 86//86 62//62 82//82
f 89//89 72//72 102//102
f 72//72 73//73 102//102
f 180//180 211//211 168//168
f 162//162 180//180 168//168
f 197//197 231//231 161//161
f 161//161 154//154 172//172
f 186//186 167//167 201//201
f 232//232 189//189 201//201
f 127//127 34//34 130//130
f 34//34 35//35 84//84
f 226//226 127//127 210//210
f 226//226 201//201 127//127
f 130//130 34//34 84//84
f 184//184 130//130 240//240
f 19//19 29//29 14//14
f 67//67 27//27 33//33
f 32//32 15//15 67//67
f 20//20 39//39 33//33
f 19//19 14//14 18//18
f 68//68 32//32 57//57
f 68//68 57//57 173//173
f 68//68 47//47 32//32
f 194//194 79//79 176//176
f 312//312 79//79 173//173
f 36//36 35//35 18//18
f 37//37 77//77 221//221
f 406//406 448//448 413//413
f 448//448 501//501 516//516
f 434//434 501//501 448//448
f 516//516 569//569 554//554
f 625//625 554//554 569//569
f 625//625 569//569 647//647
f 785//785 749//749 741//741
f 766//766 739//739 702//702
f 724//724 785//785 828//828
f 861//861 766//766 864//864
f 864//864 888//888 899//899
f 898//898 861//861 899//899
f 724//724 786//786 864//864
f 786//786 828//828 870//870
f 763//763 739//739 766//766
f 871//871 852//852 861//861
f 739//739 763//763 798//798
f 722//722 708//708 739//739
f 852//852 815//815 763//763
f 852//852 798//798 815//815
f 882//882 798//798 852//852
f 798//798 853//853 819//819
f 882//882 853//853 798//798
f 941//941 918//918 897//897
f 945//945 941//941 954//954
f 259//259 135//135 170//170
f 146//146 123//123 135//135
f 185//185 123//123 146//146
f 147//147 117//117 123//123
f 153//153 115//115 117//117
f 357//357 170//170 199//199
f 146//146 135//135 256//256
f 259//259 256//256 135//135
f 409//409 357//357 394//394
f 342//342 337//337 398//398
f 443//443 398//398 458//458
f 398//398 452//452 458//458
f 512//512 454//454 431//431
f 454//454 433//433 431//431
f 367//367 314//314 357//357
f 364//364 398//398 443//443
f 324//324 364//364 362//362
f 324//324 305//305 364//364
f 362//362 364//364 443//443
f 40//40 224//224 116//116
f 333//333 152//152 247//247
f 333//333 247//247 309//309
f 309//309 247//247 277//277
f 224//224 182//182 116//116
f 309//309 264//264 378//378
f 378//378 296//296 352//352
f 277//277 163//163 264//264
f 91//91 70//70 126//126
f 216//216 150//150 147//147
f 177//177 165//165 216//216
f 141//141 126//126 150//150
f 141//141 165//165 177//177
f 165//165 141//141 150//150
f 169//169 177//177 202//202
f 23//23 26//26 51//51
f 26//26 104//104 51//51
f 26//26 91//91 104//104
f 107//107 51//51 137//137
f 169//169 104//104 119//119
f 396//396 113//113 237//237
f 294//294 193//193 113//113
f 445//445 263//263 469//469
f 435//435 333//333 419//419
f 489//489 445//445 504//504
f 438//438 445//445 489//489
f 512//512 431//431 489//489
f 496//496 469//469 435//435
f 547//547 469//469 496//496
f 419//419 485//485 521//521
f 490//490 580//580 562//562
f 419//419 496//496 435//435
f 233//233 202//202 216//216
f 396//396 237//237 202//202
f 202//202 233//233 359//359
f 477//477 453//453 519//519
f 465//465 362//362 453//453
f 465//465 453//453 477//477
f 294//294 225//225 396//396
f 396//396 369//369 294//294
f 481//481 456//456 510//510
f 359//359 321//321 362//362
f 247//247 129//129 153//153
f 509//509 470//470 458//458
f 546//546 539//539 583//583
f 584//584 546//546 626//626
f 586//586 546//546 583//583
f 519//519 538//538 548//548
f 465//465 477//477 517//517
f 477//477 519//519 517//517
f 558//558 517//517 561//561
f 510//510 465//465 517//517
f 443//443 458//458 470//470
f 258//258 406//406 331//331
f 331//331 406//406 413//413
f 413//413 554//554 490//490
f 286//286 287//287 278//278
f 227//227 287//287 286//286
f 294//294 287//287 193//193
f 100//100 89//89 102//102
f 601//601 562//562 615//615
f 615//615 562//562 580//580
f 655//655 625//625 647//647
f 625//625 655//655 674//674
f 580//580 557//557 596//596
f 580//580 596//596 625//625
f 402//402 278//278 369//369
f 223//223 145//145 278//278
f 105//105 45//45 100//100
f 118//118 100//100 134//134
f 105//105 120//120 67//67
f 142//142 125//125 121//121
f 166//166 223//223 181//181
f 166//166 124//124 138//138
f 128//128 181//181 179//179
f 128//128 74//74 181//181
f 74//74 128//128 99//99
f 353//353 278//278 402//402
f 429//429 223//223 353//353
f 273//273 223//223 429//429
f 429//429 402//402 480//480
f 480//480 511//511 429//429
f 482//482 429//429 511//511
f 480//480 529//529 511//511
f 181//181 223//223 273//273
f 390//390 478//478 493//493
f 382//382 482//482 385//385
f 179//179 341//341 238//238
f 350//350 183//183 238//238
f 386//386 390//390 423//423
f 160//160 142//142 196//196
f 242//242 196//196 260//260
f 327//327 242//242 260//260
f 319//319 144//144 242//242
f 142//142 156//156 196//196
f 260//260 196//196 156//156
f 377//377 312//312 399//399
f 437//437 399//399 479//479
f 377//377 399//399 437//437
f 360//360 260//260 271//271
f 479//479 374//374 336//336
f 418//418 336//336 355//355
f 312//312 144//144 319//319
f 360//360 327//327 260//260
f 46//46 114//114 74//74
f 65//65 46//46 50//50
f 58//58 74//74 71//71
f 95//95 49//49 58//58
f 245//245 95//95 164//164
f 200//200 131//131 335//335
f 313//313 355//355 336//336
f 290//290 336//336 320//320
f 301//301 200//200 335//335
f 492//492 555//555 505//505
f 549//549 598//598 575//575
f 502//502 579//579 549//549
f 549//549 571//571 479//479
f 464//464 479//479 418//418
f 570//570 591//591 611//611
f 605//605 598//598 570//570
f 502//502 513//513 579//579
f 570//570 598//598 549//549
f 350//350 222//222 164//164
f 351//351 245//245 392//392
f 392//392 350//350 379//379
f 379//379 350//350 386//386
f 379//379 386//386 439//439
f 455//455 439//439 386//386
f 395//395 335//335 372//372
f 392//392 422//422 372//372
f 422//422 464//464 395//395
f 422//422 447//447 462//462
f 148//148 144//144 120//120
f 423//423 390//390 486//486
f 112//112 140//140 183//183
f 166//166 181//181 74//74
f 626//626 601//601 641//641
f 863//863 732//732 783//783
f 732//732 756//756 783//783
f 746//746 775//775 712//712
f 715//715 674//674 747//747
f 715//715 732//732 667//667
f 639//639 561//561 627//627
f 588//588 529//529 568//568
f 568//568 529//529 573//573
f 568//568 602//602 664//664
f 896//896 775//775 918//918
f 889//889 833//833 779//779
f 795//795 833//833 902//902
f 795//795 781//781 833//833
f 902//902 889//889 917//917
f 668//668 616//616 677//677
f 668//668 677//677 675//675
f 781//781 688//688 810//810
f 781//781 675//675 688//688
f 781//781 755//755 675//675
f 675//675 755//755 685//685
f 917//917 918//918 943//943
f 917//917 896//896 918//918
f 668//668 660//660 616//616
f 679//679 712//712 779//779
f 688//688 754//754 833//833
f 515//515 511//511 588//588
f 544//544 588//588 613//613
f 544//544 515//515 588//588
f 535//535 613//613 574//574
f 660//660 611//611 609//609
f 579//579 574//574 609//609
f 535//535 515//515 613//613
f 586//586 601//601 626//626
f 600//600 558//558 561//561
f 539//539 533//533 583//583
f 443//443 470//470 453//453
f 134//134 100//100 145//145
f 192//192 450//450 339//339
f 450//450 370//370 459//459
f 416//416 459//459 349//349
f 450//450 459//459 488//488
f 678//678 682//682 670//670
f 564//564 543//543 523//523
f 624//624 564//564 523//523
f 323//323 376//376 332//332
f 412//412 332//332 376//376
f 323//323 339//339 376//376
f 206//206 192//192 289//289
f 281//281 293//293 257//257
f 190//190 203//203 241//241
f 139//139 85//85 61//61
f 61//61 69//69 43//43
f 349//349 299//299 212//212
f 48//48 43//43 75//75
f 149//149 190//190 228//228
f 61//61 54//54 63//63
f 106//106 63//63 81//81
f 48//48 76//76 94//94
f 207//207 206//206 289//289
f 261//261 257//257 239//239
f 250//250 261//261 267//267
f 416//416 291//291 373//373
f 291//291 158//158 205//205
f 122//122 90//90 94//94
f 205//205 136//136 187//187
f 440//440 393//393 291//291
f 291//291 384//384 440//440
f 205//205 220//220 326//326
f 187//187 270//270 219//219
f 272//272 270//270 243//243
f 251//251 243//243 267//267
f 272//272 243//243 251//251
f 311//311 236//236 246//246
f 300//300 251//251 265//265
f 300//300 272//272 251//251
f 283//283 343//343 300//300
f 371//371 346//346 300//300
f 149//149 228//228 191//191
f 267//267 261//261 262//262
f 243//243 191//191 250//250
f 376//376 450//450 483//483
f 483//483 524//524 484//484
f 484//484 648//648 694//694
f 484//484 524//524 648//648
f 563//563 634//634 648//648
f 563//563 630//630 634//634
f 648//648 719//719 694//694
f 728//728 694//694 757//757
f 695//695 705//705 634//634
f 672//672 564//564 624//624
f 760//760 770//770 801//801
f 823//823 760//760 801//801
f 894//894 695//695 778//778
f 894//894 705//705 695//695
f 412//412 380//380 332//332
f 412//412 483//483 484//484
f 380//380 412//412 484//484
f 239//239 257//257 255//255
f 460//460 463//463 328//328
f 711//711 678//678 614//614
f 607//607 541//541 440//440
f 690//690 640//640 607//607
f 684//684 744//744 665//665
f 684//684 612//612 720//720
f 440//440 384//384 400//400
f 397//397 311//311 368//368
f 498//498 461//461 532//532
f 540//540 507//507 442//442
f 540//540 442//442 520//520
f 572//572 612//612 540//540
f 542//542 572//572 520//520
f 581//581 532//532 534//534
f 534//534 532//532 503//503
f 368//368 311//311 348//348
f 307//307 317//317 334//334
f 391//391 363//363 317//317
f 363//363 329//329 334//334
f 368//368 363//363 417//417
f 427//427 368//368 408//408
f 389//389 368//368 417//417
f 534//534 503//503 461//461
f 649//649 612//612 619//619
f 619//619 576//576 592//592
f 622//622 621//621 619//619
f 594//594 589//589 617//617
f 599//599 594//594 617//617
f 617//617 637//637 599//599
f 637//637 683//683 681//681
f 649//649 638//638 681//681
f 576//576 550//550 556//556
f 608//608 556//556 550//550
f 700//700 617//617 608//608
f 617//617 578//578 576//576
f 608//608 550//550 532//532
f 768//768 714//714 711//711
f 714//714 703//703 711//711
f 800//800 768//768 797//797
f 797//797 764//764 791//791
f 802//802 791//791 780//780
f 797//797 813//813 865//865
f 933//933 925//925 937//937
f 933//933 901//901 925//925
f 912//912 910//910 925//925
f 937//937 910//910 874//874
f 879//879 883//883 910//910
f 813//813 808//808 821//821
f 812//812 826//826 773//773
f 792//792 812//812 720//720
f 817//817 831//831 792//792
f 765//765 792//792 720//720
f 874//874 844//844 806//806
f 874//874 843//843 844//844
f 874//874 846//846 829//829
f 874//874 829//829 876//876
f 891//891 874//874 876//876
f 743//743 765//765 720//720
f 743//743 806//806 788//788
f 846//846 806//806 829//829
f 910//910 877//877 879//879
f 912//912 890//890 910//910
f 463//463 585//585 457//457
f 748//748 457//457 590//590
f 848//848 881//881 784//784
f 733//733 604//604 769//769
f 740//740 748//748 713//713
f 718//718 784//784 713//713
f 713//713 784//784 740//740
f 735//735 718//718 733//733
f 777//777 735//735 733//733
f 814//814 784//784 735//735
f 777//777 733//733 769//769
f 782//782 772//772 700//700
f 782//782 700//700 656//656
f 748//748 789//789 782//782
f 772//772 782//782 789//789
f 713//713 748//748 590//590
f 827//827 748//748 740//740
f 518//518 543//543 564//564
f 700//700 683//683 637//637
f 218//218 255//255 197//197
f 239//239 255//255 218//218
f 244//244 239//239 249//249
f 249//249 161//161 209//209
f 288//288 244//244 249//249
f 292//292 288//288 249//249
f 330//330 234//234 361//361
f 234//234 232//232 361//361
f 308//308 232//232 304//304
f 338//338 381//381 358//358
f 358//358 306//306 338//338
f 467//467 381//381 338//338
f 426//426 328//328 401//401
f 365//365 375//375 401//401
f 460//460 328//328 426//426
f 476//476 500//500 426//426
f 476//476 401//401 424//424
f 497//497 536//536 424//424
f 822//822 741//741 737//737
f 822//822 845//845 914//914
f 919//919 878//878 914//914
f 903//903 894//894 911//911
f 906//906 935//935 923//923
f 935//935 963//963 923//923
f 967//967 923//923 963//963
f 977//977 952//952 976//976
f 906//906 903//903 935//935
f 952//952 963//963 953//953
f 737//737 741//741 687//687
f 859//859 785//785 847//847
f 785//785 859//859 828//828
f 859//859 847//847 940//940
f 888//888 786//786 870//870
f 929//929 899//899 888//888
f 940//940 967//967 946//946
f 929//929 940//940 946//946
f 967//967 982//982 981//981
f 992//992 986//986 990//990
f 992//992 987//987 986//986
f 967//967 977//977 978//978
f 980//980 983//983 978//978
f 982//982 967//967 978//978
f 988//988 975//975 974//974
f 972//972 975//975 951//951
f 972//972 951//951 936//936
f 942//942 936//936 915//915
f 866//866 915//915 872//872
f 915//915 936//936 872//872
f 942//942 972//972 936//936
f 942//942 959//959 972//972
f 961//961 898//898 965//965
f 960//960 957//957 954//954
f 979//979 970//970 973//973
f 931//931 956//956 950//950
f 931//931 962//962 956//956
f 993//993 984//984 979//979
f 956//956 984//984 985//985
f 950//950 956//956 959//959
f 956//956 985//985 959//959
f 968//968 937//937 964//964
f 971//971 978//978 976//976
f 980//980 978//978 971//971
f 971//971 976//976 948//948
f 976//976 966//966 948//948
f 921//921 948//948 964//964
f 964//964 944//944 921//921
f 907//907 881//881 858//858
f 907//907 913//913 881//881
f 858//858 881//881 848//848
f 907//907 948//948 913//913
f 939//939 885//885 913//913
f 734//734 862//862 855//855
f 930//930 884//884 904//904
f 930//930 908//908 884//884
f 867//867 904//904 884//884
f 872//872 904//904 867//867
f 884//884 858//858 777//777
f 907//907 858//858 884//884
f 855//855 884//884 854//854
f 862//862 884//884 855//855
f 867//867 884//884 862//862
f 854//854 884//884 769//769
f 975//975 958//958 951//951
f 936//936 930//930 904//904
f 467//467 338//338 545//545
f 531//531 566//566 528//528
f 603//603 595//595 552//552
f 680//680 545//545 595//595
f 717//717 811//811 753//753
f 774//774 811//811 717//717
f 701//701 680//680 706//706
f 663//663 710//710 566//566
f 721//721 566//566 710//710
f 771//771 734//734 721//721
f 736//736 721//721 710//710
f 745//745 710//710 716//716
f 745//745 736//736 710//710
f 531//531 663//663 566//566
f 799//799 738//738 716//716
f 716//716 742//742 799//799
f 787//787 886//886 799//799
f 787//787 793//793 886//886
f 811//811 880//880 793//793
f 816//816 771//771 745//745
f 787//787 799//799 790//790
f 552//552 508//508 505//505
f 680//680 707//707 663//663
f 753//753 793//793 730//730
f 945//945 954//954 949//949
f 916//916 902//902 920//920
f 954//954 957//957 931//931
f 938//938 931//931 920//920
f 916//916 842//842 902//902
f 873//873 920//920 931//931
f 873//873 811//811 842//842
f 880//880 811//811 873//873
f 873//873 931//931 880//880
f 795//795 752//752 755//755
f 706//706 709//709 752//752
f 709//709 699//699 685//685
f 761//761 842//842 811//811
f 774//774 761//761 811//811
f 685//685 752//752 709//709
f 332//332 322//322 315//315
f 255//255 231//231 197//197
f 209//209 161//161 172//172
f 306//306 240//240 338//338
f 446//446 687//687 501//501
f 845//845 728//728 757//757
f 26//26 24//24 40//40
f 102//102 73//73 59//59
f 297//297 338//338 176//176
f 557//557 554//554 625//625
f 759//759 756//756 747//747
f 585//585 500//500 604//604
f 927//927 886//886 959//959
f 345//345 295//295 235//235
f 211//211 345//345 229//229
f 211//211 229//229 214//214
f 451//451 434//434 411//411
f 295//295 268//268 235//235
f 380//380 484//484 425//425
f 380//380 356//356 315//315
f 293//293 315//315 257//257
f 380//380 322//322 332//332
f 380//380 315//315 322//322
f 414//414 425//425 444//444
f 444//444 425//425 484//484
f 444//444 484//484 694//694
f 414//414 444//444 421//421
f 315//315 356//356 366//366
f 318//318 315//315 366//366
f 318//318 366//366 302//302
f 208//208 211//211 180//180
f 248//248 211//211 208//208
f 231//231 302//302 208//208
f 255//255 315//315 318//318
f 255//255 318//318 269//269
f 315//315 255//255 257//257
f 208//208 154//154 161//161
f 269//269 302//302 231//231
f 446//446 451//451 411//411
f 421//421 444//444 446//446
f 421//421 383//383 366//366
f 444//444 694//694 446//446
f 383//383 345//345 366//366
f 446//446 411//411 345//345
f 17//17 1//1 24//24
f 26//26 17//17 24//24
f 16//16 24//24 1//1
f 22//22 24//24 16//16
f 5//5 1//1 6//6
f 25//25 5//5 38//38
f 25//25 38//38 37//37
f 6//6 38//38 5//5
f 6//6 7//7 44//44
f 221//221 282//282 98//98
f 16//16 25//25 30//30
f 5//5 25//25 16//16
f 30//30 22//22 16//16
f 22//22 30//30 40//40
f 5//5 16//16 1//1
f 37//37 30//30 25//25
f 17//17 26//26 13//13
f 2//2 17//17 13//13
f 4//4 3//3 2//2
f 21//21 3//3 10//10
f 21//21 10//10 28//28
f 26//26 23//23 13//13
f 7//7 1//1 3//3
f 77//77 38//38 83//83
f 41//41 38//38 44//44
f 41//41 44//44 111//111
f 258//258 221//221 83//83
f 221//221 258//258 303//303
f 258//258 235//235 268//268
f 406//406 258//258 268//268
f 229//229 178//178 168//168
f 235//235 178//178 229//229
f 168//168 111//111 108//108
f 178//178 111//111 168//168
f 168//168 108//108 167//167
f 111//111 44//44 108//108
f 167//167 108//108 127//127
f 44//44 7//7 86//86
f 235//235 83//83 178//178
f 38//38 41//41 83//83
f 7//7 21//21 42//42
f 42//42 21//21 59//59
f 42//42 60//60 73//73
f 86//86 64//64 56//56
f 86//86 82//82 127//127
f 62//62 66//66 82//82
f 66//66 29//29 19//19
f 62//62 73//73 52//52
f 29//29 62//62 52//52
f 66//66 62//62 29//29
f 52//52 20//20 31//31
f 72//72 89//89 55//55
f 72//72 55//55 52//52
f 100//100 45//45 39//39
f 55//55 100//100 39//39
f 29//29 31//31 11//11
f 11//11 31//31 20//20
f 52//52 31//31 29//29
f 39//39 52//52 55//55
f 64//64 42//42 56//56
f 42//42 73//73 56//56
f 180//180 162//162 154//154
f 172//172 154//154 186//186
f 172//172 186//186 189//189
f 189//189 232//232 172//172
f 168//168 167//167 162//162
f 162//162 167//167 186//186
f 201//201 167//167 127//127
f 154//154 162//162 186//186
f 82//82 34//34 127//127
f 34//34 19//19 35//35
f 84//84 35//35 79//79
f 130//130 184//184 210//210
f 232//232 201//201 226//226
f 184//184 240//240 210//210
f 127//127 130//130 210//210
f 130//130 84//84 240//240
f 84//84 79//79 240//240
f 79//79 194//194 240//240
f 240//240 306//306 226//226
f 240//240 194//194 338//338
f 338//338 194//194 176//176
f 82//82 66//66 19//19
f 14//14 29//29 9//9
f 33//33 39//39 45//45
f 15//15 11//11 20//20
f 9//9 12//12 18//18
f 11//11 12//12 9//9
f 9//9 29//29 11//11
f 32//32 8//8 15//15
f 32//32 12//12 8//8
f 67//67 15//15 27//27
f 11//11 15//15 8//8
f 18//18 12//12 36//36
f 36//36 32//32 47//47
f 57//57 87//87 173//173
f 36//36 12//12 32//32
f 47//47 173//173 79//79
f 35//35 36//36 79//79
f 47//47 68//68 173//173
f 176//176 79//79 297//297
f 32//32 67//67 57//57
f 37//37 38//38 77//77
f 6//6 44//44 38//38
f 221//221 303//303 282//282
f 420//420 448//448 406//406
f 501//501 569//569 516//516
f 569//569 501//501 635//635
f 516//516 413//413 448//448
f 569//569 657//657 647//647
f 647//647 657//657 655//655
f 655//655 657//657 698//698
f 708//708 635//635 739//739
f 657//657 635//635 708//708
f 635//635 657//657 569//569
f 657//657 708//708 722//722
f 722//722 698//698 657//657
f 501//501 687//687 635//635
f 702//702 739//739 635//635
f 749//749 702//702 635//635
f 702//702 749//749 724//724
f 694//694 737//737 687//687
f 749//749 687//687 741//741
f 749//749 785//785 724//724
f 766//766 702//702 724//724
f 724//724 828//828 786//786
f 766//766 724//724 864//864
f 864//864 786//786 888//888
f 861//861 864//864 899//899
f 763//763 766//766 852//852
f 722//722 767//767 762//762
f 698//698 722//722 674//674
f 762//762 759//759 722//722
f 722//722 759//759 747//747
f 783//783 759//759 762//762
f 762//762 819//819 783//783
f 767//767 798//798 819//819
f 767//767 722//722 739//739
f 763//763 815//815 798//798
f 882//882 852//852 871//871
f 783//783 853//853 897//897
f 863//863 783//783 897//897
f 853//853 882//882 897//897
f 892//892 897//897 918//918
f 871//871 861//861 898//898
f 871//871 898//898 960//960
f 941//941 897//897 871//871
f 918//918 941//941 945//945
f 783//783 819//819 853//853
f 871//871 897//897 882//882
f 199//199 135//135 152//152
f 152//152 263//263 199//199
f 132//132 129//129 247//247
f 117//117 147//147 153//153
f 132//132 247//247 152//152
f 152//152 333//333 263//263
f 147//147 123//123 185//185
f 132//132 123//123 115//115
f 135//135 132//132 152//152
f 216//216 147//147 185//185
f 314//314 310//310 170//170
f 357//357 314//314 170//170
f 310//310 314//314 337//337
f 199//199 445//445 357//357
f 357//357 445//445 394//394
f 263//263 445//445 199//199
f 259//259 342//342 305//305
f 394//394 438//438 431//431
f 367//367 357//357 409//409
f 367//367 409//409 398//398
f 398//398 409//409 433//433
f 409//409 431//431 433//433
f 398//398 433//433 454//454
f 452//452 398//398 454//454
f 452//452 454//454 487//487
f 454//454 512//512 487//487
f 458//458 452//452 509//509
f 259//259 337//337 342//342
f 398//398 337//337 367//367
f 275//275 216//216 230//230
f 256//256 230//230 185//185
f 275//275 230//230 256//256
f 305//305 342//342 364//364
f 398//398 364//364 342//342
f 321//321 324//324 362//362
f 26//26 116//116 70//70
f 40//40 116//116 26//26
f 277//277 224//224 163//163
f 40//40 163//163 224//224
f 378//378 419//419 333//333
f 157//157 171//171 153//153
f 171//171 182//182 247//247
f 247//247 153//153 171//171
f 247//247 224//224 277//277
f 309//309 277//277 264//264
f 247//247 182//182 224//224
f 282//282 352//352 296//296
f 98//98 282//282 296//296
f 40//40 296//296 163//163
f 163//163 296//296 264//264
f 378//378 430//430 403//403
f 378//378 403//403 419//419
f 378//378 352//352 430//430
f 352//352 282//282 430//430
f 430//430 485//485 403//403
f 430//430 282//282 490//490
f 485//485 430//430 490//490
f 182//182 126//126 116//116
f 296//296 378//378 264//264
f 333//333 309//309 378//378
f 26//26 70//70 91//91
f 126//126 119//119 91//91
f 165//165 150//150 216//216
f 177//177 216//216 202//202
f 119//119 177//177 169//169
f 119//119 141//141 177//177
f 169//169 202//202 237//237
f 23//23 51//51 28//28
f 113//113 51//51 104//104
f 53//53 28//28 51//51
f 137//137 51//51 113//113
f 91//91 119//119 104//104
f 104//104 169//169 113//113
f 113//113 225//225 294//294
f 137//137 113//113 193//193
f 113//113 169//169 237//237
f 333//333 435//435 263//263
f 445//445 469//469 504//504
f 504//504 533//533 489//489
f 512//512 489//489 533//533
f 533//533 504//504 547//547
f 539//539 487//487 512//512
f 496//496 419//419 521//521
f 419//419 403//403 485//485
f 485//485 490//490 521//521
f 521//521 490//490 562//562
f 583//583 547//547 562//562
f 469//469 547//547 504//504
f 533//533 547//547 583//583
f 359//359 233//233 275//275
f 275//275 321//321 359//359
f 359//359 388//388 396//396
f 396//396 202//202 359//359
f 362//362 443//443 453//453
f 362//362 456//456 388//388
f 388//388 359//359 362//362
f 456//456 362//362 465//465
f 113//113 396//396 225//225
f 294//294 369//369 287//287
f 396//396 456//456 369//369
f 388//388 456//456 396//396
f 147//147 150//150 157//157
f 259//259 305//305 256//256
f 116//116 126//126 70//70
f 512//512 533//533 539//539
f 509//509 539//539 546//546
f 546//546 538//538 509//509
f 548//548 538//538 546//546
f 586//586 583//583 601//601
f 626//626 546//546 586//586
f 470//470 538//538 519//519
f 548//548 561//561 519//519
f 517//517 519//519 561//561
f 517//517 558//558 510//510
f 470//470 509//509 538//538
f 548//548 546//546 584//584
f 331//331 303//303 258//258
f 331//331 413//413 490//490
f 53//53 51//51 107//107
f 107//107 80//80 53//53
f 193//193 107//107 137//137
f 174//174 107//107 193//193
f 107//107 59//59 80//80
f 102//102 59//59 107//107
f 174//174 227//227 145//145
f 107//107 174//174 145//145
f 174//174 287//287 227//227
f 145//145 227//227 278//278
f 278//278 227//227 286//286
f 554//554 557//557 490//490
f 557//557 580//580 490//490
f 557//557 625//625 596//596
f 615//615 580//580 645//645
f 632//632 615//615 659//659
f 601//601 615//615 632//632
f 645//645 674//674 671//671
f 615//615 645//645 659//659
f 580//580 625//625 645//645
f 287//287 369//369 278//278
f 402//402 369//369 481//481
f 481//481 480//480 402//402
f 481//481 510//510 527//527
f 480//480 481//481 525//525
f 527//527 525//525 481//481
f 571//571 575//575 598//598
f 611//611 642//642 605//605
f 642//642 611//611 660//660
f 605//605 628//628 598//598
f 636//636 571//571 598//598
f 598//598 628//628 636//636
f 661//661 628//628 642//642
f 628//628 605//605 642//642
f 661//661 642//642 666//666
f 636//636 628//628 661//661
f 278//278 353//353 223//223
f 100//100 118//118 105//105
f 134//134 151//151 118//118
f 118//118 151//151 125//125
f 67//67 45//45 105//105
f 67//67 120//120 144//144
f 87//87 67//67 144//144
f 105//105 125//125 142//142
f 120//120 105//105 142//142
f 105//105 118//118 125//125
f 121//121 125//125 138//138
f 125//125 151//151 138//138
f 151//151 145//145 223//223
f 138//138 151//151 166//166
f 121//121 138//138 124//124
f 124//124 166//166 114//114
f 114//114 166//166 74//74
f 166//166 151//151 223//223
f 151//151 134//134 145//145
f 128//128 179//179 140//140
f 74//74 99//99 71//71
f 96//96 88//88 112//112
f 112//112 164//164 96//96
f 164//164 112//112 183//183
f 99//99 128//128 140//140
f 88//88 96//96 78//78
f 71//71 99//99 88//88
f 353//353 402//402 429//429
f 429//429 382//382 273//273
f 325//325 179//179 273//273
f 181//181 273//273 179//179
f 273//273 382//382 325//325
f 341//341 382//382 385//385
f 390//390 385//385 478//478
f 482//482 478//478 385//385
f 493//493 514//514 486//486
f 390//390 493//493 486//486
f 482//482 511//511 478//478
f 179//179 238//238 140//140
f 390//390 238//238 341//341
f 183//183 140//140 238//238
f 164//164 183//183 350//350
f 238//238 390//390 386//386
f 238//238 386//386 350//350
f 148//148 120//120 160//160
f 148//148 160//160 242//242
f 160//160 196//196 242//242
f 312//312 173//173 144//144
f 242//242 144//144 148//148
f 142//142 121//121 156//156
f 109//109 121//121 124//124
f 114//114 46//46 109//109
f 121//121 109//109 156//156
f 437//437 312//312 377//377
f 338//338 437//437 508//508
f 338//338 297//297 437//437
f 271//271 195//195 252//252
f 327//327 360//360 399//399
f 374//374 399//399 360//360
f 505//505 437//437 492//492
f 437//437 479//479 492//492
f 479//479 399//399 374//374
f 271//271 252//252 360//360
f 374//374 360//360 252//252
f 374//374 252//252 320//320
f 252//252 195//195 320//320
f 320//320 336//336 374//374
f 479//479 336//336 418//418
f 395//395 418//418 355//355
f 242//242 327//327 319//319
f 260//260 195//195 271//271
f 109//109 46//46 65//65
f 156//156 65//65 260//260
f 260//260 65//65 195//195
f 92//92 50//50 49//49
f 65//65 50//50 92//92
f 50//50 46//46 49//49
f 74//74 58//58 46//46
f 58//58 71//71 78//78
f 58//58 96//96 95//95
f 49//49 46//46 58//58
f 95//95 96//96 164//164
f 92//92 49//49 95//95
f 245//245 92//92 95//95
f 92//92 245//245 131//131
f 245//245 164//164 222//222
f 195//195 133//133 155//155
f 92//92 131//131 133//133
f 133//133 200//200 155//155
f 335//335 131//131 245//245
f 355//355 313//313 395//395
f 195//195 290//290 320//320
f 290//290 200//200 313//313
f 155//155 200//200 290//290
f 313//313 200//200 301//301
f 313//313 301//301 335//335
f 65//65 133//133 195//195
f 499//499 514//514 526//526
f 506//506 499//499 526//526
f 506//506 455//455 499//499
f 486//486 514//514 499//499
f 579//579 530//530 551//551
f 506//506 530//530 513//513
f 530//530 506//506 526//526
f 474//474 506//506 513//513
f 571//571 492//492 479//479
f 555//555 492//492 571//571
f 464//464 549//549 479//479
f 570//570 549//549 579//579
f 549//549 575//575 571//571
f 418//418 395//395 464//464
f 549//549 464//464 502//502
f 605//605 570//570 611//611
f 513//513 530//530 579//579
f 513//513 464//464 462//462
f 513//513 462//462 474//474
f 513//513 502//502 464//464
f 245//245 222//222 392//392
f 392//392 222//222 350//350
f 392//392 379//379 404//404
f 423//423 455//455 386//386
f 441//441 379//379 439//439
f 404//404 379//379 441//441
f 455//455 475//475 439//439
f 455//455 506//506 475//475
f 475//475 506//506 441//441
f 475//475 441//441 439//439
f 506//506 474//474 441//441
f 372//372 410//410 395//395
f 335//335 351//351 372//372
f 392//392 447//447 422//422
f 422//422 410//410 372//372
f 447//447 441//441 474//474
f 462//462 447//447 474//474
f 120//120 142//142 160//160
f 114//114 109//109 124//124
f 671//671 674//674 715//715
f 641//641 632//632 653//653
f 601//601 632//632 641//641
f 626//626 641//641 658//658
f 627//627 626//626 644//644
f 658//658 641//641 669//669
f 641//641 653//653 669//669
f 669//669 671//671 715//715
f 715//715 667//667 673//673
f 644//644 658//658 667//667
f 658//658 673//673 667//667
f 644//644 626//626 658//658
f 658//658 669//669 673//673
f 584//584 626//626 627//627
f 732//732 747//747 756//756
f 756//756 759//759 783//783
f 732//732 863//863 746//746
f 746//746 863//863 775//775
f 667//667 732//732 746//746
f 712//712 667//667 746//746
f 679//679 779//779 754//754
f 712//712 775//775 779//779
f 561//561 584//584 627//627
f 558//558 600//600 573//573
f 644//644 667//667 639//639
f 602//602 639//639 667//667
f 573//573 600//600 602//602
f 639//639 627//627 644//644
f 561//561 639//639 600//600
f 600//600 639//639 602//602
f 510//510 573//573 527//527
f 529//529 588//588 511//511
f 602//602 568//568 573//573
f 616//616 568//568 664//664
f 588//588 616//616 660//660
f 616//616 588//588 568//568
f 602//602 667//667 712//712
f 602//602 712//712 679//679
f 679//679 676//676 664//664
f 510//510 558//558 573//573
f 897//897 892//892 863//863
f 863//863 892//892 900//900
f 863//863 900//900 775//775
f 779//779 775//775 896//896
f 833//833 754//754 779//779
f 688//688 833//833 810//810
f 900//900 892//892 918//918
f 943//943 918//918 945//945
f 902//902 917//917 938//938
f 917//917 943//943 938//938
f 833//833 889//889 902//902
f 810//810 833//833 781//781
f 775//775 900//900 918//918
f 779//779 896//896 889//889
f 613//613 588//588 660//660
f 660//660 609//609 613//613
f 668//668 675//675 660//660
f 688//688 679//679 754//754
f 676//676 679//679 688//688
f 642//642 675//675 666//666
f 642//642 660//660 675//675
f 666//666 675//675 685//685
f 677//677 676//676 688//688
f 896//896 917//917 889//889
f 616//616 664//664 677//677
f 664//664 676//676 677//677
f 515//515 544//544 613//613
f 478//478 511//511 515//515
f 493//493 515//515 535//535
f 613//613 609//609 574//574
f 551//551 574//574 579//579
f 609//609 611//611 579//579
f 551//551 535//535 574//574
f 514//514 535//535 551//551
f 493//493 535//535 514//514
f 303//303 331//331 282//282
f 282//282 331//331 490//490
f 369//369 456//456 481//481
f 465//465 510//510 456//456
f 645//645 671//671 659//659
f 525//525 529//529 480//480
f 515//515 493//493 478//478
f 508//508 437//437 505//505
f 370//370 450//450 192//192
f 370//370 192//192 299//299
f 543//543 518//518 522//522
f 522//522 494//494 543//543
f 349//349 370//370 299//299
f 459//459 491//491 488//488
f 459//459 416//416 471//471
f 349//349 274//274 354//354
f 349//349 354//354 416//416
f 491//491 459//459 494//494
f 370//370 349//349 459//459
f 494//494 471//471 543//543
f 646//646 610//610 670//670
f 670//670 610//610 678//678
f 543//543 471//471 523//523
f 523//523 495//495 624//624
f 416//416 436//436 473//473
f 471//471 416//416 473//473
f 523//523 471//471 473//473
f 495//495 436//436 428//428
f 428//428 436//436 373//373
f 468//468 393//393 440//440
f 565//565 495//495 553//553
f 614//614 553//553 541//541
f 614//614 565//565 553//553
f 373//373 393//393 428//428
f 393//393 468//468 541//541
f 541//541 428//428 393//393
f 610//610 495//495 565//565
f 416//416 373//373 436//436
f 678//678 565//565 614//614
f 143//143 212//212 93//93
f 93//93 212//212 192//192
f 299//299 192//192 212//212
f 206//206 207//207 101//101
f 93//93 192//192 206//206
f 207//207 190//190 75//75
f 190//190 207//207 203//203
f 289//289 323//323 332//332
f 339//339 323//323 289//289
f 339//339 450//450 376//376
f 293//293 284//284 315//315
f 284//284 332//332 315//315
f 207//207 289//289 284//284
f 241//241 203//203 284//284
f 241//241 281//281 254//254
f 281//281 284//284 293//293
f 93//93 97//97 143//143
f 43//43 93//93 101//101
f 188//188 212//212 143//143
f 139//139 188//188 85//85
f 274//274 349//349 139//139
f 349//349 188//188 139//139
f 63//63 106//106 158//158
f 139//139 175//175 274//274
f 416//416 175//175 291//291
f 175//175 139//139 61//61
f 291//291 175//175 61//61
f 143//143 97//97 188//188
f 97//97 93//93 85//85
f 61//61 48//48 54//54
f 48//48 75//75 190//190
f 48//48 190//190 149//149
f 54//54 48//48 94//94
f 149//149 191//191 94//94
f 76//76 149//149 94//94
f 149//149 76//76 48//48
f 250//250 190//190 241//241
f 101//101 207//207 75//75
f 43//43 48//48 61//61
f 254//254 257//257 261//261
f 261//261 239//239 244//244
f 261//261 244//244 253//253
f 262//262 261//261 253//253
f 244//244 283//283 253//253
f 291//291 61//61 158//158
f 106//106 205//205 158//158
f 81//81 90//90 106//106
f 103//103 90//90 110//110
f 110//110 90//90 122//122
f 191//191 228//228 250//250
f 122//122 159//159 136//136
f 187//187 136//136 159//159
f 122//122 94//94 191//191
f 159//159 191//191 187//187
f 205//205 90//90 136//136
f 205//205 400//400 384//384
f 291//291 205//205 384//384
f 205//205 187//187 220//220
f 276//276 205//205 326//326
f 220//220 217//217 326//326
f 204//204 219//219 215//215
f 236//236 215//215 213//213
f 213//213 215//215 217//217
f 204//204 187//187 219//219
f 326//326 217//217 236//236
f 276//276 326//326 347//347
f 326//326 236//236 311//311
f 347//347 400//400 276//276
f 250//250 267//267 243//243
f 191//191 243//243 187//187
f 267//267 266//266 265//265
f 266//266 267//267 262//262
f 266//266 262//262 279//279
f 283//283 262//262 253//253
f 328//328 283//283 298//298
f 300//300 266//266 285//285
f 300//300 285//285 283//283
f 343//343 283//283 340//340
f 279//279 262//262 283//283
f 279//279 285//285 266//266
f 266//266 300//300 265//265
f 187//187 243//243 270//270
f 219//219 246//246 236//236
f 280//280 311//311 246//246
f 307//307 280//280 270//270
f 270//270 317//317 307//307
f 246//246 270//270 280//280
f 316//316 272//272 300//300
f 272//272 317//317 270//270
f 317//317 316//316 346//346
f 272//272 316//316 317//317
f 343//343 340//340 371//371
f 300//300 343//343 371//371
f 316//316 300//300 346//346
f 251//251 267//267 265//265
f 63//63 90//90 81//81
f 241//241 254//254 261//261
f 483//483 412//412 376//376
f 488//488 537//537 524//524
f 488//488 524//524 483//483
f 488//488 483//483 450//450
f 537//537 648//648 524//524
f 563//563 537//537 518//518
f 491//491 518//518 537//537
f 537//537 563//563 648//648
f 564//564 563//563 518//518
f 634//634 630//630 662//662
f 634//634 704//704 695//695
f 648//648 634//634 705//705
f 648//648 705//705 719//719
f 776//776 719//719 894//894
f 719//719 705//705 894//894
f 719//719 776//776 757//757
f 719//719 757//757 694//694
f 646//646 672//672 624//624
f 672//672 750//750 686//686
f 686//686 770//770 760//760
f 646//646 670//670 672//672
f 670//670 714//714 672//672
f 672//672 714//714 750//750
f 801//801 770//770 750//750
f 564//564 630//630 563//563
f 672//672 686//686 662//662
f 630//630 564//564 672//672
f 686//686 760//760 704//704
f 778//778 760//760 823//823
f 801//801 825//825 823//823
f 823//823 825//825 869//869
f 911//911 894//894 849//849
f 932//932 911//911 849//849
f 849//849 823//823 932//932
f 932//932 823//823 933//933
f 823//823 895//895 933//933
f 704//704 760//760 695//695
f 463//463 371//371 328//328
f 460//460 500//500 472//472
f 340//340 328//328 371//371
f 692//692 678//678 703//703
f 711//711 640//640 727//727
f 744//744 640//640 690//690
f 723//723 640//640 744//744
f 606//606 541//541 607//607
f 614//614 640//640 711//711
f 640//640 606//606 607//607
f 640//640 614//614 606//606
f 607//607 507//507 559//559
f 507//507 607//607 440//440
f 690//690 607//607 665//665
f 690//690 665//665 744//744
f 607//607 559//559 665//665
f 665//665 559//559 612//612
f 665//665 612//612 684//684
f 751//751 744//744 684//684
f 751//751 684//684 720//720
f 649//649 720//720 612//612
f 697//697 649//649 681//681
f 697//697 743//743 726//726
f 726//726 729//729 720//720
f 697//697 691//691 696//696
f 691//691 743//743 696//696
f 442//442 347//347 466//466
f 347//347 326//326 311//311
f 347//347 387//387 466//466
f 347//347 311//311 387//387
f 387//387 311//311 397//397
f 466//466 397//397 432//432
f 466//466 387//387 397//397
f 442//442 507//507 400//400
f 432//432 427//427 449//449
f 498//498 449//449 461//461
f 503//503 532//532 461//461
f 432//432 449//449 498//498
f 507//507 540//540 612//612
f 520//520 442//442 466//466
f 466//466 542//542 520//520
f 540//540 520//520 572//572
f 550//550 567//567 542//542
f 532//532 550//550 498//498
f 542//542 498//498 550//550
f 532//532 581//581 608//608
f 608//608 581//581 620//620
f 542//542 466//466 498//498
f 311//311 280//280 329//329
f 348//348 311//311 329//329
f 307//307 329//329 280//280
f 427//427 408//408 417//417
f 389//389 417//417 408//408
f 348//348 363//363 368//368
f 368//368 389//389 408//408
f 363//363 391//391 417//417
f 363//363 334//334 317//317
f 417//417 391//391 457//457
f 391//391 346//346 457//457
f 457//457 346//346 463//463
f 417//417 449//449 427//427
f 449//449 417//417 461//461
f 534//534 417//417 457//457
f 461//461 417//417 534//534
f 620//620 581//581 457//457
f 391//391 317//317 346//346
f 619//619 621//621 649//649
f 578//578 577//577 582//582
f 576//576 578//578 582//582
f 577//577 578//578 576//576
f 576//576 582//582 592//592
f 621//621 622//622 638//638
f 638//638 649//649 621//621
f 633//633 638//638 622//622
f 631//631 643//643 633//633
f 652//652 643//643 650//650
f 643//643 637//637 650//650
f 643//643 650//650 638//638
f 599//599 618//618 622//622
f 619//619 597//597 622//622
f 594//594 593//593 597//597
f 594//594 597//597 592//592
f 593//593 594//594 592//592
f 589//589 587//587 592//592
f 637//637 681//681 654//654
f 637//637 617//617 700//700
f 587//587 589//589 582//582
f 592//592 597//597 619//619
f 629//629 623//623 633//633
f 629//629 633//633 622//622
f 643//643 631//631 637//637
f 576//576 556//556 617//617
f 617//617 556//556 608//608
f 700//700 608//608 656//656
f 656//656 608//608 620//620
f 572//572 619//619 612//612
f 397//397 368//368 427//427
f 714//714 768//768 800//800
f 727//727 758//758 731//731
f 731//731 758//758 764//764
f 731//731 797//797 768//768
f 731//731 764//764 797//797
f 800//800 825//825 801//801
f 800//800 869//869 825//825
f 800//800 797//797 869//869
f 797//797 877//877 869//869
f 758//758 723//723 744//744
f 791//791 796//796 797//797
f 791//791 744//744 780//780
f 780//780 744//744 773//773
f 797//797 796//796 813//813
f 865//865 813//813 879//879
f 797//797 865//865 877//877
f 869//869 895//895 823//823
f 890//890 901//901 869//869
f 869//869 877//877 890//890
f 890//890 912//912 901//901
f 877//877 910//910 890//890
f 869//869 901//901 895//895
f 901//901 912//912 925//925
f 901//901 933//933 895//895
f 947//947 937//937 955//955
f 947//947 933//933 937//937
f 874//874 891//891 937//937
f 910//910 883//883 874//874
f 925//925 910//910 937//937
f 891//891 922//922 937//937
f 937//937 922//922 964//964
f 922//922 921//921 944//944
f 964//964 922//922 944//944
f 804//804 807//807 802//802
f 802//802 807//807 809//809
f 813//813 780//780 808//808
f 813//813 821//821 826//826
f 803//803 802//802 780//780
f 780//780 773//773 808//808
f 751//751 812//812 773//773
f 751//751 773//773 744//744
f 821//821 773//773 826//826
f 841//841 843//843 879//879
f 813//813 841//841 879//879
f 879//879 843//843 883//883
f 839//839 834//834 835//835
f 831//831 834//834 839//839
f 839//839 812//812 831//831
f 831//831 832//832 838//838
f 838//838 835//835 831//831
f 812//812 839//839 837//837
f 839//839 841//841 836//836
f 841//841 839//839 843//843
f 826//826 812//812 841//841
f 839//839 840//840 837//837
f 834//834 838//838 843//843
f 751//751 720//720 812//812
f 831//831 812//812 792//792
f 832//832 831//831 817//817
f 844//844 824//824 820//820
f 818//818 844//844 820//820
f 817//817 818//818 824//824
f 817//817 792//792 818//818
f 843//843 838//838 844//844
f 844//844 818//818 806//806
f 843//843 874//874 883//883
f 876//876 829//829 794//794
f 876//876 794//794 875//875
f 875//875 794//794 830//830
f 792//792 805//805 818//818
f 788//788 765//765 743//743
f 788//788 806//806 805//805
f 818//818 805//805 806//806
f 720//720 729//729 743//743
f 743//743 691//691 794//794
f 829//829 743//743 794//794
f 891//891 875//875 922//922
f 891//891 876//876 875//875
f 921//921 922//922 905//905
f 844//844 832//832 824//824
f 838//838 832//832 844//844
f 457//457 748//748 656//656
f 457//457 585//585 590//590
f 604//604 590//590 585//585
f 656//656 620//620 457//457
f 913//913 885//885 887//887
f 887//887 885//885 881//881
f 604//604 566//566 734//734
f 604//604 734//734 769//769
f 713//713 590//590 604//604
f 827//827 740//740 784//784
f 718//718 713//713 604//604
f 735//735 784//784 718//718
f 814//814 735//735 777//777
f 718//718 604//604 733//733
f 794//794 683//683 700//700
f 794//794 700//700 772//772
f 794//794 772//772 830//830
f 782//782 656//656 748//748
f 875//875 856//856 885//885
f 875//875 860//860 856//856
f 905//905 875//875 885//885
f 868//868 885//885 856//856
f 860//860 772//772 856//856
f 748//748 827//827 789//789
f 921//921 905//905 885//885
f 881//881 868//868 827//827
f 856//856 789//789 827//827
f 860//860 850//850 772//772
f 682//682 692//692 714//714
f 750//750 800//800 801//801
f 463//463 472//472 500//500
f 283//283 244//244 288//288
f 393//393 373//373 291//291
f 794//794 691//691 683//683
f 249//249 239//239 218//218
f 249//249 197//197 161//161
f 234//234 172//172 232//232
f 292//292 249//249 330//330
f 249//249 234//234 330//330
f 344//344 328//328 330//330
f 292//292 330//330 328//328
f 232//232 308//308 361//361
f 308//308 375//375 361//361
f 304//304 232//232 226//226
f 381//381 304//304 226//226
f 308//308 304//304 375//375
f 375//375 304//304 381//381
f 226//226 306//306 381//381
f 381//381 306//306 358//358
f 375//375 381//381 405//405
f 405//405 381//381 467//467
f 407//407 405//405 467//467
f 497//497 407//407 467//467
f 401//401 415//415 426//426
f 328//328 344//344 401//401
f 415//415 401//401 476//476
f 426//426 415//415 476//476
f 330//330 361//361 365//365
f 375//375 424//424 401//401
f 460//460 426//426 500//500
f 500//500 476//476 604//604
f 344//344 365//365 401//401
f 407//407 497//497 424//424
f 536//536 497//497 560//560
f 604//604 536//536 560//560
f 476//476 536//536 604//604
f 497//497 467//467 528//528
f 566//566 497//497 528//528
f 330//330 365//365 344//344
f 375//375 407//407 424//424
f 566//566 604//604 560//560
f 737//737 728//728 845//845
f 741//741 822//822 847//847
f 847//847 822//822 878//878
f 757//757 776//776 903//903
f 845//845 906//906 914//914
f 923//923 928//928 914//914
f 914//914 928//928 919//919
f 919//919 928//928 967//967
f 822//822 914//914 878//878
f 757//757 906//906 845//845
f 776//776 894//894 903//903
f 903//903 926//926 935//935
f 935//935 926//926 953//953
f 903//903 911//911 926//926
f 757//757 903//903 906//906
f 935//935 953//953 963//963
f 928//928 923//923 967//967
f 932//932 947//947 952//952
f 926//926 952//952 953//953
f 932//932 933//933 947//947
f 947//947 955//955 952//952
f 963//963 952//952 977//977
f 963//963 977//977 967//967
f 741//741 847//847 785//785
f 828//828 859//859 870//870
f 929//929 859//859 940//940
f 870//870 859//859 929//929
f 847//847 919//919 940//940
f 888//888 870//870 929//929
f 929//929 965//965 899//899
f 898//898 899//899 965//965
f 940//940 934//934 967//967
f 929//929 946//946 965//965
f 946//946 981//981 965//965
f 965//965 981//981 987//987
f 965//965 987//987 989//989
f 946//946 967//967 981//981
f 982//982 986//986 981//981
f 987//987 981//981 986//986
f 989//989 987//987 993//993
f 992//992 991//991 993//993
f 992//992 993//993 987//987
f 992//992 990//990 988//988
f 991//991 992//992 988//988
f 991//991 988//988 985//985
f 993//993 991//991 985//985
f 982//982 978//978 986//986
f 986//986 978//978 983//983
f 986//986 983//983 990//990
f 983//983 975//975 990//990
f 975//975 983//983 980//980
f 958//958 975//975 980//980
f 990//990 975//975 988//988
f 959//959 985//985 972//972
f 985//985 974//974 972//972
f 927//927 959//959 942//942
f 936//936 951//951 930//930
f 972//972 974//974 975//975
f 927//927 942//942 915//915
f 988//988 974//974 985//985
f 961//961 965//965 989//989
f 979//979 961//961 989//989
f 898//898 961//961 960//960
f 941//941 871//871 960//960
f 954//954 941//941 960//960
f 957//957 962//962 931//931
f 961//961 973//973 960//960
f 960//960 973//973 970//970
f 960//960 970//970 962//962
f 961//961 979//979 973//973
f 970//970 979//979 956//956
f 956//956 979//979 984//984
f 970//970 956//956 962//962
f 962//962 957//957 960//960
f 984//984 993//993 985//985
f 950//950 959//959 924//924
f 969//969 976//976 952//952
f 955//955 969//969 952//952
f 955//955 937//937 969//969
f 937//937 968//968 969//969
f 976//976 969//969 968//968
f 976//976 968//968 966//966
f 980//980 971//971 958//958
f 971//971 948//948 951//951
f 958//958 971//971 951//951
f 921//921 939//939 948//948
f 968//968 964//964 966//966
f 966//966 964//964 948//948
f 948//948 939//939 913//913
f 951//951 948//948 907//907
f 855//855 769//769 734//734
f 855//855 854//854 769//769
f 951//951 908//908 930//930
f 907//907 908//908 951//951
f 908//908 907//907 884//884
f 862//862 851//851 867//867
f 851//851 872//872 867//867
f 848//848 814//814 858//858
f 777//777 769//769 884//884
f 862//862 734//734 851//851
f 977//977 976//976 978//978
f 847//847 878//878 919//919
f 545//545 338//338 508//508
f 467//467 531//531 528//528
f 663//663 531//531 680//680
f 531//531 545//545 680//680
f 531//531 467//467 545//545
f 571//571 603//603 555//555
f 555//555 603//603 552//552
f 636//636 603//603 571//571
f 636//636 685//685 603//603
f 685//685 636//636 661//661
f 595//595 603//603 689//689
f 680//680 595//595 689//689
f 699//699 689//689 685//685
f 706//706 689//689 699//699
f 685//685 689//689 603//603
f 680//680 701//701 717//717
f 730//730 680//680 717//717
f 761//761 774//774 725//725
f 725//725 706//706 761//761
f 706//706 725//725 701//701
f 717//717 701//701 774//774
f 725//725 774//774 701//701
f 680//680 689//689 706//706
f 707//707 693//693 663//663
f 716//716 710//710 663//663
f 693//693 716//716 663//663
f 716//716 693//693 707//707
f 771//771 721//721 736//736
f 872//872 851//851 771//771
f 771//771 816//816 872//872
f 716//716 738//738 745//745
f 851//851 734//734 771//771
f 745//745 771//771 736//736
f 742//742 707//707 730//730
f 793//793 742//742 730//730
f 742//742 716//716 707//707
f 790//790 799//799 742//742
f 787//787 790//790 742//742
f 909//909 959//959 886//886
f 880//880 909//909 886//886
f 886//886 893//893 799//799
f 893//893 857//857 799//799
f 811//811 793//793 753//753
f 880//880 886//886 793//793
f 857//857 738//738 799//799
f 745//745 857//857 816//816
f 857//857 745//745 738//738
f 866//866 872//872 816//816
f 866//866 816//816 857//857
f 915//915 857//857 893//893
f 730//730 707//707 680//680
f 545//545 552//552 595//595
f 943//943 949//949 938//938
f 954//954 938//938 949//949
f 943//943 945//945 949//949
f 938//938 920//920 902//902
f 931//931 938//938 954//954
f 795//795 902//902 842//842
f 916//916 920//920 842//842
f 924//924 909//909 931//931
f 873//873 842//842 920//920
f 931//931 909//909 880//880
f 781//781 795//795 755//755
f 752//752 842//842 706//706
f 752//752 795//795 842//842
f 706//706 842//842 761//761
f 709//709 706//706 699//699
f 685//685 661//661 666//666
f 921//921 885//885 939//939
f 887//887 881//881 913//913
f 858//858 814//814 777//777
f 40//40 98//98 296//296
f 53//53 21//21 28//28
f 80//80 21//21 53//53
f 79//79 312//312 297//297
f 87//87 57//57 67//67
f 208//208 180//180 154//154
f 516//516 554//554 413//413
f 655//655 698//698 674//674
f 915//915 893//893 927//927
f 931//931 950//950 924//924
f 434//434 420//420 406//406
f 269//269 231//231 255//255
f 2//2 13//13 4//4
f 23//23 28//28 10//10
f 13//13 10//10 4//4
f 1//1 17//17 2//2
f 83//83 111//111 178//178
f 83//83 221//221 77//77
f 211//211 214//214 168//168
f 168//168 214//214 229//229
f 73//73 62//62 56//56
f 52//52 39//39 20//20
f 73//73 72//72 52//52
f 201//201 189//189 186//186
f 34//34 82//82 19//19
f 18//18 35//35 19//19
f 210//210 240//240 226//226
f 8//8 12//12 11//11
f 27//27 15//15 20//20
f 33//33 27//27 20//20
f 199//199 170//170 135//135
f 18//18 14//14 9//9
f 47//47 79//79 36//36
f 448//448 420//420 434//434
f 687//687 749//749 635//635
f 861//861 852//852 766//766
f 747//747 674//674 722//722
f 798//798 767//767 739//739
f 767//767 819//819 762//762
f 321//321 275//275 256//256
f 321//321 256//256 324//324
f 129//129 132//132 115//115
f 123//123 132//132 135//135
f 115//115 123//123 117//117
f 147//147 157//157 153//153
f 153//153 129//129 115//115
f 170//170 310//310 259//259
f 367//367 337//337 314//314
f 337//337 259//259 310//310
f 256//256 185//185 146//146
f 394//394 431//431 409//409
f 445//445 438//438 394//394
f 324//324 256//256 305//305
f 547//547 496//496 521//521
f 547//547 521//521 562//562
f 150//150 171//171 157//157
f 171//171 126//126 182//182
f 126//126 141//141 119//119
f 435//435 469//469 263//263
f 112//112 88//88 99//99
f 112//112 99//99 140//140
f 562//562 601//601 583//583
f 216//216 275//275 233//233
f 489//489 431//431 438//438
f 185//185 230//230 216//216
f 150//150 126//126 171//171
f 487//487 539//539 509//509
f 519//519 453//453 470//470
f 548//548 584//584 561//561
f 102//102 107//107 145//145
f 193//193 287//287 174//174
f 145//145 100//100 102//102
f 674//674 645//645 625//625
f 88//88 78//78 71//71
f 423//423 486//486 499//499
f 423//423 499//499 455//455
f 482//482 382//382 429//429
f 341//341 179//179 325//325
f 325//325 382//382 341//341
f 390//390 341//341 385//385
f 87//87 144//144 173//173
f 297//297 312//312 437//437
f 327//327 312//312 319//319
f 327//327 399//399 312//312
f 92//92 133//133 65//65
f 65//65 156//156 109//109
f 78//78 96//96 58//58
f 155//155 290//290 195//195
f 290//290 313//313 336//336
f 313//313 335//335 395//395
f 133//133 131//131 200//200
f 591//591 570//570 579//579
f 526//526 551//551 530//530
f 514//514 551//551 526//526
f 422//422 462//462 464//464
f 611//611 591//591 579//579
f 351//351 392//392 372//372
f 404//404 441//441 392//392
f 245//245 351//351 335//335
f 136//136 103//103 110//110
f 136//136 110//110 122//122
f 395//395 410//410 422//422
f 447//447 392//392 441//441
f 669//669 659//659 671//671
f 659//659 669//669 653//653
f 715//715 673//673 669//669
f 747//747 732//732 715//715
f 659//659 653//653 632//632
f 527//527 573//573 525//525
f 573//573 529//529 525//525
f 602//602 679//679 664//664
f 688//688 675//675 677//677
f 487//487 509//509 452//452
f 522//522 491//491 494//494
f 518//518 491//491 522//522
f 459//459 471//471 494//494
f 624//624 610//610 646//646
f 624//624 495//495 610//610
f 436//436 495//495 473//473
f 610//610 565//565 678//678
f 428//428 553//553 495//495
f 553//553 428//428 541//541
f 468//468 440//440 541//541
f 523//523 473//473 495//495
f 206//206 101//101 93//93
f 289//289 192//192 339//339
f 207//207 284//284 203//203
f 281//281 241//241 284//284
f 257//257 254//254 281//281
f 85//85 69//69 61//61
f 85//85 93//93 69//69
f 93//93 43//43 69//69
f 349//349 212//212 188//188
f 63//63 158//158 61//61
f 416//416 274//274 175//175
f 416//416 354//354 274//274
f 188//188 97//97 85//85
f 54//54 94//94 63//63
f 190//190 250//250 228//228
f 332//332 284//284 289//289
f 101//101 75//75 43//43
f 691//691 697//697 681//681
f 691//691 681//681 683//683
f 103//103 136//136 90//90
f 159//159 122//122 191//191
f 400//400 205//205 276//276
f 204//204 198//198 187//187
f 198//198 220//220 187//187
f 198//198 217//217 220//220
f 215//215 219//219 213//213
f 204//204 215//215 213//213
f 219//219 236//236 213//213
f 213//213 217//217 204//204
f 236//236 217//217 215//215
f 204//204 217//217 198//198
f 106//106 90//90 205//205
f 328//328 340//340 283//283
f 279//279 283//283 285//285
f 246//246 219//219 270//270
f 371//371 463//463 346//346
f 90//90 63//63 94//94
f 288//288 298//298 283//283
f 241//241 261//261 250//250
f 488//488 491//491 537//537
f 750//750 770//770 686//686
f 662//662 630//630 672//672
f 686//686 704//704 662//662
f 849//849 778//778 823//823
f 760//760 778//778 695//695
f 778//778 849//849 894//894
f 662//662 704//704 634//634
f 460//460 472//472 463//463
f 711//711 703//703 678//678
f 723//723 727//727 640//640
f 606//606 614//614 541//541
f 697//697 720//720 649//649
f 697//697 726//726 720//720
f 696//696 743//743 697//697
f 440//440 400//400 507//507
f 347//347 442//442 400//400
f 466//466 432//432 498//498
f 507//507 612//612 559//559
f 542//542 619//619 572//572
f 567//567 619//619 542//542
f 427//427 432//432 397//397
f 307//307 334//334 329//329
f 329//329 363//363 348//348
f 534//534 457//457 581//581
f 550//550 576//576 567//567
f 576//576 619//619 567//567
f 643//643 638//638 633//633
f 652//652 650//650 643//643
f 651//651 681//681 638//638
f 592//592 587//587 594//594
f 592//592 594//594 593//593
f 637//637 654//654 650//650
f 650//650 654//654 681//681
f 651//651 650//650 681//681
f 638//638 650//650 651//651
f 618//618 599//599 637//637
f 599//599 622//622 597//597
f 587//587 578//578 589//589
f 589//589 594//594 587//587
f 599//599 597//597 593//593
f 594//594 599//599 593//593
f 578//578 617//617 589//589
f 637//637 629//629 623//623
f 637//637 623//623 618//618
f 622//622 618//618 623//623
f 622//622 623//623 629//629
f 582//582 577//577 578//578
f 582//582 578//578 587//587
f 629//629 631//631 623//623
f 637//637 631//631 629//629
f 804//804 796//796 809//809
f 804//804 809//809 807//807
f 589//589 592//592 582//582
f 631//631 633//633 623//623
f 577//577 576//576 578//578
f 800//800 750//750 714//714
f 731//731 711//711 727//727
f 731//731 768//768 711//711
f 758//758 744//744 764//764
f 744//744 791//791 764//764
f 796//796 791//791 802//802
f 879//879 877//877 865//865
f 723//723 758//758 727//727
f 809//809 796//796 802//802
f 802//802 803//803 804//804
f 803//803 807//807 804//804
f 840//840 841//841 812//812
f 840//840 812//812 836//836
f 803//803 813//813 807//807
f 813//813 804//804 807//807
f 803//803 780//780 813//813
f 773//773 821//821 808//808
f 841//841 813//813 826//826
f 834//834 831//831 835//835
f 838//838 834//834 835//835
f 836//836 841//841 840//840
f 839//839 836//836 840//840
f 824//824 832//832 817//817
f 824//824 817//817 820//820
f 836//836 837//837 840//840
f 834//834 843//843 835//835
f 843//843 839//839 835//835
f 812//812 837//837 836//836
f 818//818 820//820 824//824
f 817//817 824//824 820//820
f 952//952 926//926 911//911
f 952//952 911//911 932//932
f 846//846 874//874 806//806
f 830//830 850//850 875//875
f 805//805 792//792 788//788
f 765//765 788//788 792//792
f 743//743 829//829 806//806
f 726//726 743//743 729//729
f 875//875 905//905 922//922
f 813//813 796//796 804//804
f 500//500 585//585 463//463
f 827//827 784//784 881//881
f 772//772 850//850 830//830
f 856//856 827//827 868//868
f 885//885 868//868 881//881
f 772//772 789//789 856//856
f 784//784 814//814 848//848
f 692//692 682//682 678//678
f 682//682 714//714 670//670
f 703//703 714//714 692//692
f 850//850 860//860 875//875
f 197//197 249//249 218//218
f 234//234 249//249 209//209
f 234//234 209//209 172//172
f 288//288 292//292 328//328
f 375//375 405//405 407//407
f 288//288 328//328 298//298
f 361//361 375//375 365//365
f 536//536 476//476 424//424
f 497//497 566//566 560//560
f 728//728 737//737 694//694
f 845//845 822//822 737//737
f 967//967 934//934 919//919
f 923//923 914//914 906//906
f 934//934 940//940 919//919
f 993//993 979//979 989//989
f 936//936 904//904 872//872
f 508//508 552//552 545//545
f 505//505 555//555 552//552
f 730//730 717//717 753//753
f 742//742 793//793 787//787
f 893//893 886//886 927//927
f 866//866 857//857 915//915
f 755//755 752//752 685//685
f 566//566 721//721 734//734
f 89//89 100//100 55//55
f 924//924 959//959 909//909
