# convertido de flygym/NeuroMechFly (lf_tarsus4)
v -0.01937 -0.00096 -0.03847
v -0.01933 0.00196 -0.03882
v -0.01928 0.00234 -0.10679
v -0.01919 0.00435 -0.03890
v -0.01918 -0.00250 -0.03832
v -0.01911 0.00125 -0.10494
v -0.01909 -0.00171 -0.10585
v -0.01908 0.00437 -0.03927
v -0.01907 0.00074 -0.10865
v -0.01902 0.00134 -0.10894
v -0.01896 0.00348 -0.03824
v -0.01893 0.00617 -0.03965
v -0.01886 0.00242 -0.10896
v -0.01883 0.00610 -0.06170
v -0.01882 -0.00070 -0.07998
v -0.01882 0.00589 -0.06316
v -0.01879 0.00442 -0.06477
v -0.01877 0.00267 -0.08097
v -0.01874 0.00060 -0.07405
v -0.01870 0.00206 -0.10896
v -0.01870 0.00195 -0.07344
v -0.01867 0.00584 -0.05977
v -0.01866 -0.00622 -0.03776
v -0.01863 0.00371 -0.10869
v -0.01862 0.00050 -0.08265
v -0.01861 0.00195 -0.08209
v -0.01859 0.00596 -0.03847
v -0.01857 -0.00202 -0.10862
v -0.01853 0.00399 -0.06989
v -0.01852 -0.00792 -0.03720
v -0.01846 -0.01012 -0.03715
v -0.01845 0.00691 -0.03963
v -0.01843 -0.00844 -0.03766
v -0.01837 -0.00184 -0.06995
v -0.01833 -0.00597 -0.10414
v -0.01832 0.00152 -0.03618
v -0.01831 0.00174 -0.10218
v -0.01831 0.00169 -0.08601
v -0.01829 0.00806 -0.06140
v -0.01825 -0.00049 -0.06506
v -0.01815 0.00328 -0.08836
v -0.01812 0.00795 -0.05908
v -0.01811 0.00510 -0.10870
v -0.01809 -0.00064 -0.04236
v -0.01808 -0.01346 -0.05054
v -0.01806 -0.01256 -0.05052
v -0.01802 -0.01111 -0.03836
v -0.01800 0.00153 -0.04311
v -0.01800 -0.01212 -0.04884
v -0.01799 0.00651 -0.07304
v -0.01798 0.00213 -0.09084
v -0.01797 -0.01038 -0.03653
v -0.01795 0.00537 -0.08257
v -0.01793 0.00413 -0.10214
v -0.01793 0.00585 -0.04188
v -0.01789 0.00464 -0.05469
v -0.01788 -0.00391 -0.10845
v -0.01787 0.00784 -0.06678
v -0.01785 0.00779 -0.06839
v -0.01784 0.00461 -0.09330
v -0.01783 -0.01511 -0.05038
v -0.01783 -0.00601 -0.06248
v -0.01779 0.00339 -0.04420
v -0.01777 0.00122 -0.09987
v -0.01776 0.00539 -0.10867
v -0.01776 0.00779 -0.05658
v -0.01775 -0.01524 -0.05108
v -0.01775 0.00244 -0.09716
v -0.01773 -0.01078 -0.06825
v -0.01773 -0.01068 -0.05304
v -0.01773 -0.01396 -0.05264
v -0.01773 0.00426 -0.09787
v -0.01772 0.00568 -0.08983
v -0.01771 0.00480 -0.09996
v -0.01771 0.00461 -0.09557
v -0.01766 -0.01253 -0.04475
v -0.01765 -0.00824 -0.05999
v -0.01764 0.00912 -0.06161
v -0.01760 0.00047 -0.09965
v -0.01759 0.00607 -0.08778
v -0.01759 0.00531 -0.10149
v -0.01758 0.00438 -0.04831
v -0.01756 -0.01024 -0.04011
v -0.01756 0.00497 -0.04737
v -0.01755 0.00479 -0.05092
v -0.01753 0.00626 -0.05310
v -0.01753 0.00662 -0.04260
v -0.01753 -0.01180 -0.04033
v -0.01749 0.00882 -0.05727
v -0.01749 -0.01431 -0.04645
v -0.01748 -0.00678 -0.04154
v -0.01748 0.00556 -0.05210
v -0.01748 0.00755 -0.03654
v -0.01747 -0.01407 -0.03888
v -0.01746 -0.01612 -0.05022
v -0.01745 -0.00549 -0.10858
v -0.01742 -0.01287 -0.04221
v -0.01742 -0.00815 -0.05509
v -0.01741 -0.00723 -0.10786
v -0.01738 -0.00793 -0.04473
v -0.01734 0.00575 -0.10245
v -0.01734 0.00611 -0.04750
v -0.01732 0.00655 -0.09242
v -0.01731 -0.00537 -0.04789
v -0.01731 -0.01355 -0.04018
v -0.01729 -0.01017 -0.08172
v -0.01728 -0.01396 -0.06866
v -0.01728 -0.00609 -0.04476
v -0.01725 -0.01040 -0.05575
v -0.01711 -0.01114 -0.05828
v -0.01709 -0.01454 -0.07107
v -0.01709 -0.01157 -0.10654
v -0.01708 -0.01325 -0.05538
v -0.01705 -0.01257 -0.07876
v -0.01705 0.00632 -0.10440
v -0.01703 -0.01451 -0.04240
v -0.01702 -0.01323 -0.07776
v -0.01699 -0.00436 -0.09833
v -0.01696 -0.01081 -0.10263
v -0.01695 -0.01224 -0.10382
v -0.01685 -0.01048 -0.10716
v -0.01682 0.00764 -0.09017
v -0.01677 0.00670 -0.10799
v -0.01676 -0.01224 -0.08201
v -0.01674 0.00773 -0.04907
v -0.01673 -0.01472 -0.10610
v -0.01671 -0.01469 -0.07501
v -0.01667 0.00843 -0.08205
v -0.01666 -0.01315 -0.05815
v -0.01663 -0.01326 -0.03423
v -0.01662 0.00751 -0.04540
v -0.01660 -0.00584 -0.10928
v -0.01659 -0.01591 -0.04446
v -0.01657 -0.01603 -0.03789
v -0.01657 -0.00564 -0.09475
v -0.01656 0.01027 -0.05730
v -0.01655 -0.01135 -0.08795
v -0.01654 0.00828 -0.05226
v -0.01648 0.00739 -0.09728
v -0.01647 0.00649 -0.03438
v -0.01643 -0.01613 -0.10569
v -0.01638 -0.00366 -0.03332
v -0.01629 0.00727 -0.10283
v -0.01627 -0.01636 -0.06709
v -0.01627 -0.01599 -0.03884
v -0.01625 0.01082 -0.06068
v -0.01623 -0.01547 -0.05530
v -0.01613 -0.01800 -0.04867
v -0.01609 -0.01618 -0.04163
v -0.01607 0.00756 -0.10111
v -0.01600 -0.01753 -0.10474
v -0.01598 0.00884 -0.03506
v -0.01592 -0.01413 -0.08797
v -0.01591 -0.00956 -0.09830
v -0.01586 0.01106 -0.06599
v -0.01586 -0.01668 -0.04341
v -0.01584 -0.00074 -0.03267
v -0.01584 0.00931 -0.08655
v -0.01580 0.00886 -0.09184
v -0.01579 -0.01231 -0.09318
v -0.01578 -0.01855 -0.04964
v -0.01577 -0.01726 -0.06778
v -0.01577 0.00132 -0.03258
v -0.01575 -0.01030 -0.09804
v -0.01571 -0.01066 -0.09608
v -0.01562 -0.01524 -0.08173
v -0.01561 0.00434 -0.11042
v -0.01550 0.00787 -0.10857
v -0.01544 0.01043 -0.03506
v -0.01544 -0.01535 -0.03323
v -0.01537 -0.01469 -0.10717
v -0.01529 -0.00840 -0.03305
v -0.01526 0.00585 -0.11028
v -0.01526 -0.01582 -0.08682
v -0.01523 -0.01833 -0.04666
v -0.01523 -0.01777 -0.06432
v -0.01520 -0.01755 -0.03627
v -0.01514 -0.01731 -0.10632
v -0.01514 0.01148 -0.07475
v -0.01508 0.01022 -0.03810
v -0.01501 -0.01232 -0.09834
v -0.01500 -0.00567 -0.11024
v -0.01499 -0.01709 -0.05524
v -0.01495 0.01122 -0.07875
v -0.01492 0.01111 -0.08109
v -0.01490 0.00796 -0.10927
v -0.01469 0.01042 -0.05150
v -0.01467 0.00568 -0.03199
v -0.01460 -0.01985 -0.10445
v -0.01455 0.00860 -0.10194
v -0.01453 -0.01753 -0.03398
v -0.01449 -0.01863 -0.07379
v -0.01443 0.00829 -0.10995
v -0.01439 -0.01442 -0.09663
v -0.01427 0.01162 -0.08260
v -0.01421 0.01118 -0.03435
v -0.01417 0.01085 -0.05172
v -0.01416 -0.01642 -0.03232
v -0.01413 -0.01954 -0.06378
v -0.01402 -0.01806 -0.08470
v -0.01399 -0.02032 -0.10248
v -0.01394 -0.01871 -0.03483
v -0.01391 -0.01627 -0.09755
v -0.01385 0.01074 -0.04273
v -0.01383 -0.01946 -0.07304
v -0.01383 -0.01032 -0.03159
v -0.01382 -0.01995 -0.05242
v -0.01378 0.00738 -0.11082
v -0.01376 -0.01096 -0.10911
v -0.01369 -0.01687 -0.09376
v -0.01368 -0.02009 -0.04986
v -0.01355 0.01101 -0.03972
v -0.01342 0.01114 -0.04670
v -0.01340 0.00085 -0.11181
v -0.01334 -0.01843 -0.08886
v -0.01331 0.00859 -0.11132
v -0.01325 0.00296 -0.11155
v -0.01320 0.00907 -0.10905
v -0.01320 -0.01468 -0.10820
v -0.01307 -0.01776 -0.09652
v -0.01304 -0.02022 -0.10615
v -0.01302 -0.02058 -0.06632
v -0.01300 0.01215 -0.05452
v -0.01298 0.01001 -0.03206
v -0.01295 -0.02048 -0.06059
v -0.01293 -0.02086 -0.10597
v -0.01289 -0.02011 -0.05564
v -0.01288 -0.01979 -0.08308
v -0.01281 0.01167 -0.03380
v -0.01273 -0.01951 -0.03412
v -0.01272 0.00496 -0.02883
v -0.01261 0.00894 -0.11129
v -0.01253 -0.02034 -0.05681
v -0.01248 -0.01855 -0.09526
v -0.01240 -0.01981 -0.09809
v -0.01223 -0.02125 -0.07947
v -0.01222 0.00880 -0.11171
v -0.01221 0.00473 -0.11154
v -0.01215 0.01178 -0.03298
v -0.01210 0.01332 -0.08041
v -0.01205 -0.00119 -0.11192
v -0.01205 0.01255 -0.08683
v -0.01193 0.01443 -0.06638
v -0.01192 -0.02182 -0.10286
v -0.01192 -0.01649 -0.10784
v -0.01191 -0.01365 -0.02952
v -0.01180 0.01422 -0.06196
v -0.01169 -0.02170 -0.06533
v -0.01167 -0.00714 -0.11148
v -0.01166 -0.02193 -0.10468
v -0.01156 0.01388 -0.05904
v -0.01154 0.00898 -0.11182
v -0.01154 0.00962 -0.10415
v -0.01149 0.01385 -0.07761
v -0.01149 0.01427 -0.07200
v -0.01142 -0.02012 -0.03310
v -0.01140 0.00914 -0.11175
v -0.01140 -0.02146 -0.10563
v -0.01138 0.00910 -0.11190
v -0.01137 0.00902 -0.11186
v -0.01133 0.00851 -0.11186
v -0.01130 0.01117 -0.09650
v -0.01129 0.00237 -0.02647
v -0.01109 -0.02033 -0.03900
v -0.01107 0.00739 -0.02805
v -0.01103 -0.02162 -0.08328
v -0.01103 0.00913 -0.11200
v -0.01099 -0.00614 -0.11189
v -0.01094 -0.02036 -0.03601
v -0.01083 0.01281 -0.08790
v -0.01078 -0.02122 -0.10598
v -0.01070 -0.00351 -0.11185
v -0.01059 -0.02043 -0.03221
v -0.01056 -0.01158 -0.02761
v -0.01055 0.01468 -0.06164
v -0.01054 -0.02046 -0.09462
v -0.01054 0.01220 -0.03746
v -0.01046 -0.02131 -0.09818
v -0.01046 -0.02183 -0.10587
v -0.01039 -0.02298 -0.07838
v -0.01030 0.01299 -0.08755
v -0.01026 -0.02221 -0.05453
v -0.01025 -0.02232 -0.05761
v -0.01016 -0.01233 -0.10954
v -0.01013 0.01185 -0.03051
v -0.00997 -0.02238 -0.05035
v -0.00986 -0.02255 -0.07289
v -0.00982 -0.00364 -0.02543
v -0.00978 -0.01813 -0.10722
v -0.00978 -0.02263 -0.06479
v -0.00966 -0.02049 -0.03092
v -0.00963 -0.00959 -0.11116
v -0.00960 0.00942 -0.11214
v -0.00938 -0.00887 -0.02613
v -0.00938 0.01176 -0.02943
v -0.00932 -0.02147 -0.09286
v -0.00931 -0.02236 -0.10486
v -0.00917 0.01307 -0.05074
v -0.00913 0.00456 -0.02484
v -0.00908 -0.01984 -0.10606
v -0.00904 -0.02163 -0.09501
v -0.00900 -0.02084 -0.03085
v -0.00900 0.00300 -0.02424
v -0.00895 0.01057 -0.10252
v -0.00893 -0.02250 -0.04747
v -0.00892 -0.02286 -0.06476
v -0.00886 -0.02235 -0.08801
v -0.00873 -0.01669 -0.02786
v -0.00856 0.00956 -0.11206
v -0.00844 -0.02392 -0.07799
v -0.00842 0.01528 -0.06836
v -0.00842 -0.01039 -0.11070
v -0.00830 0.00700 -0.11209
v -0.00829 0.00005 -0.11241
v -0.00822 0.01446 -0.07820
v -0.00804 0.00948 -0.11208
v -0.00800 -0.02270 -0.09924
v -0.00799 -0.01552 -0.10794
v -0.00795 0.01366 -0.05374
v -0.00792 -0.00107 -0.02317
v -0.00788 0.01290 -0.03757
v -0.00779 0.00974 -0.11193
v -0.00775 0.01404 -0.04412
v -0.00769 -0.02214 -0.09306
v -0.00746 0.00782 -0.02479
v -0.00743 -0.02262 -0.09721
v -0.00740 -0.02414 -0.08207
v -0.00739 0.00974 -0.11184
v -0.00736 0.00159 -0.11258
v -0.00734 -0.02288 -0.04476
v -0.00731 0.00966 -0.11192
v -0.00727 -0.02391 -0.07233
v -0.00726 0.00976 -0.11195
v -0.00724 0.01399 -0.04766
v -0.00715 -0.02345 -0.08569
v -0.00713 -0.02398 -0.07451
v -0.00713 -0.02030 -0.10463
v -0.00703 0.00987 -0.11152
v -0.00701 0.01103 -0.09968
v -0.00693 -0.00675 -0.02310
v -0.00693 -0.01986 -0.02720
v -0.00685 -0.02321 -0.04970
v -0.00681 0.00984 -0.11184
v -0.00677 0.00862 -0.11174
v -0.00648 -0.01683 -0.02562
v -0.00648 -0.00555 -0.11137
v -0.00627 -0.00316 -0.02235
v -0.00627 0.01138 -0.02633
v -0.00625 -0.02165 -0.02764
v -0.00615 -0.02426 -0.08283
v -0.00609 -0.02344 -0.08722
v -0.00605 -0.02318 -0.04348
v -0.00602 -0.02288 -0.03635
v -0.00585 -0.02207 -0.03183
v -0.00573 0.00979 -0.11127
v -0.00571 -0.02471 -0.08048
v -0.00569 0.01184 -0.09545
v -0.00557 -0.02448 -0.07468
v -0.00543 -0.02260 -0.09376
v -0.00531 0.01004 -0.11073
v -0.00530 -0.01434 -0.10738
v -0.00513 -0.02330 -0.03775
v -0.00513 -0.02316 -0.10020
v -0.00511 -0.00679 -0.02202
v -0.00511 0.00360 -0.11221
v -0.00507 0.00336 -0.02148
v -0.00506 0.01363 -0.03713
v -0.00502 0.00642 -0.11144
v -0.00485 0.01038 -0.10811
v -0.00482 -0.00609 -0.11146
v -0.00479 0.01522 -0.06161
v -0.00469 0.01133 -0.02537
v -0.00465 0.01244 -0.03254
v -0.00455 -0.01597 -0.02387
v -0.00454 -0.02184 -0.02563
v -0.00451 -0.02318 -0.09061
v -0.00443 -0.02397 -0.05652
v -0.00441 -0.01942 -0.10355
v -0.00430 -0.02213 -0.02589
v -0.00417 -0.01169 -0.02225
v -0.00404 -0.02410 -0.05941
v -0.00395 0.01128 -0.02465
v -0.00370 -0.00259 -0.11194
v -0.00363 -0.02330 -0.09871
v -0.00361 0.01209 -0.03071
v -0.00360 -0.02014 -0.10260
v -0.00354 -0.02490 -0.08124
v -0.00353 0.01025 -0.10926
v -0.00352 0.00228 -0.11158
v -0.00342 0.01131 -0.02443
v -0.00325 0.01450 -0.05294
v -0.00305 -0.02143 -0.02462
v -0.00288 -0.01190 -0.10807
v -0.00277 0.01040 -0.09970
v -0.00254 0.00956 -0.10900
v -0.00253 -0.02375 -0.03470
v -0.00253 -0.02341 -0.09784
v -0.00252 0.01456 -0.04052
v -0.00248 -0.00140 -0.11143
v -0.00240 0.00479 -0.11044
v -0.00233 0.01020 -0.10856
v -0.00218 0.01105 -0.02357
v -0.00215 -0.02199 -0.09976
v -0.00209 -0.02340 -0.09705
v -0.00205 -0.02355 -0.08950
v -0.00196 -0.02263 -0.02448
v -0.00190 -0.00442 -0.11167
v -0.00188 0.00738 -0.10929
v -0.00187 -0.01061 -0.02057
v -0.00179 -0.01656 -0.10484
v -0.00173 0.01001 -0.10908
v -0.00165 -0.00737 -0.11056
v -0.00159 0.00951 -0.10903
v -0.00153 -0.02311 -0.09257
v -0.00152 0.00985 -0.10393
v -0.00119 0.00985 -0.10883
v -0.00119 -0.02315 -0.09703
v -0.00115 -0.00507 -0.11122
v -0.00114 -0.00193 -0.01965
v -0.00109 -0.02366 -0.09637
v -0.00105 0.01607 -0.07118
v -0.00099 0.01067 -0.02267
v -0.00098 -0.01393 -0.02077
v -0.00091 -0.02427 -0.05702
v -0.00083 -0.02280 -0.02364
v -0.00076 -0.02275 -0.02355
v -0.00065 -0.02369 -0.09546
v -0.00061 0.00936 -0.02117
v -0.00053 0.00685 -0.01970
v -0.00052 -0.00874 -0.10954
v -0.00042 -0.02339 -0.02744
v -0.00033 -0.02286 -0.02333
v -0.00032 -0.02314 -0.02500
v -0.00026 0.01402 -0.08297
v -0.00023 0.01091 -0.09605
v -0.00020 0.00833 -0.10793
v -0.00018 -0.01882 -0.10245
v -0.00018 -0.02224 -0.02330
v -0.00011 0.00960 -0.10815
v -0.00008 -0.02379 -0.09495
v -0.00006 0.01524 -0.05489
v -0.00004 0.00959 -0.10656
v -0.00002 0.01042 -0.02218
v 0.00001 0.01042 -0.02204
v 0.00005 -0.01992 -0.02265
v 0.00007 0.00403 -0.10969
v 0.00009 0.01029 -0.02206
v 0.00014 -0.02172 -0.09935
v 0.00017 0.00918 -0.10781
v 0.00018 0.01527 -0.04944
v 0.00020 0.00987 -0.09938
v 0.00024 0.00943 -0.10778
v 0.00027 0.00942 -0.10751
v 0.00028 -0.00695 -0.10986
v 0.00032 0.00487 -0.01888
v 0.00032 0.01039 -0.02197
v 0.00037 -0.02325 -0.09194
v 0.00063 -0.01674 -0.10379
v 0.00070 -0.02440 -0.05229
v 0.00073 -0.02292 -0.02335
v 0.00088 -0.00363 -0.01875
v 0.00088 0.01021 -0.02136
v 0.00091 0.00060 -0.10990
v 0.00094 -0.02432 -0.05529
v 0.00096 0.01150 -0.03062
v 0.00106 -0.00705 -0.01911
v 0.00111 0.01347 -0.08500
v 0.00113 0.01286 -0.08780
v 0.00118 0.01052 -0.09597
v 0.00118 -0.02352 -0.09297
v 0.00120 0.00916 -0.10634
v 0.00123 0.00814 -0.10670
v 0.00132 0.01561 -0.06553
v 0.00133 0.01006 -0.02320
v 0.00140 -0.00487 -0.10939
v 0.00152 0.00398 -0.10886
v 0.00153 0.01641 -0.07282
v 0.00153 -0.02291 -0.02309
v 0.00154 -0.02458 -0.06218
v 0.00154 0.01248 -0.03427
v 0.00154 -0.02532 -0.08185
v 0.00155 -0.02375 -0.02829
v 0.00158 0.01530 -0.06274
v 0.00160 0.00994 -0.02087
v 0.00166 -0.02559 -0.08008
v 0.00166 -0.01144 -0.10802
v 0.00172 -0.02294 -0.02287
v 0.00173 0.00624 -0.01872
v 0.00181 0.00896 -0.10124
v 0.00182 0.01030 -0.02528
v 0.00189 -0.02306 -0.02338
v 0.00190 -0.00218 -0.01833
v 0.00190 -0.02356 -0.09474
v 0.00219 0.01539 -0.05058
v 0.00224 -0.02247 -0.02307
v 0.00225 -0.02450 -0.05187
v 0.00238 0.00935 -0.02025
v 0.00242 -0.02296 -0.02291
v 0.00245 0.00958 -0.02041
v 0.00248 -0.02391 -0.05738
v 0.00253 0.00869 -0.10485
v 0.00256 -0.00915 -0.10878
v 0.00258 0.00946 -0.02029
v 0.00269 -0.01250 -0.01878
v 0.00273 -0.02471 -0.03166
v 0.00288 0.00938 -0.02077
v 0.00289 -0.02321 -0.09638
v 0.00293 -0.01981 -0.10157
v 0.00312 0.01582 -0.07532
v 0.00313 0.00917 -0.01985
v 0.00314 -0.02235 -0.02300
v 0.00315 -0.02154 -0.09955
v 0.00321 -0.02524 -0.06815
v 0.00321 0.00645 -0.01853
v 0.00324 0.00192 -0.01813
v 0.00324 -0.01913 -0.02067
v 0.00332 -0.01185 -0.01862
v 0.00334 0.01176 -0.03430
v 0.00334 -0.01382 -0.10541
v 0.00340 -0.02370 -0.09329
v 0.00341 -0.02388 -0.06030
v 0.00349 -0.02466 -0.04915
v 0.00353 -0.00152 -0.10880
v 0.00362 -0.02462 -0.04972
v 0.00377 -0.00800 -0.01820
v 0.00389 0.01202 -0.08692
v 0.00391 -0.01679 -0.10322
v 0.00400 -0.02324 -0.09573
v 0.00406 0.01613 -0.07010
v 0.00413 0.00869 -0.01911
v 0.00418 0.01385 -0.04007
v 0.00424 -0.00733 -0.10865
v 0.00432 0.00811 -0.01883
v 0.00438 0.00432 -0.10514
v 0.00438 -0.01943 -0.10154
v 0.00439 -0.02338 -0.09133
v 0.00443 -0.02570 -0.08148
v 0.00444 0.00857 -0.01885
v 0.00458 0.01506 -0.05541
v 0.00459 0.01405 -0.04113
v 0.00462 -0.00005 -0.10767
v 0.00469 0.00840 -0.01894
v 0.00477 0.00784 -0.10283
v 0.00479 -0.02260 -0.02387
v 0.00484 0.00837 -0.01900
v 0.00485 -0.02508 -0.08374
v 0.00492 -0.02366 -0.09530
v 0.00497 -0.00965 -0.10770
v 0.00500 0.00223 -0.10601
v 0.00502 -0.02357 -0.08887
v 0.00511 -0.01074 -0.10665
v 0.00512 -0.02595 -0.07941
v 0.00513 -0.02590 -0.07649
v 0.00513 0.01472 -0.05055
v 0.00516 -0.00144 -0.10766
v 0.00519 -0.00663 -0.10828
v 0.00520 0.01490 -0.05301
v 0.00524 -0.01911 -0.02001
v 0.00530 0.01048 -0.09023
v 0.00534 0.01460 -0.04930
v 0.00538 -0.02569 -0.08038
v 0.00540 0.01574 -0.07192
v 0.00540 -0.02385 -0.09561
v 0.00541 0.00799 -0.09897
v 0.00542 -0.02330 -0.09180
v 0.00543 0.00884 -0.02593
v 0.00543 -0.02197 -0.02170
v 0.00549 0.01406 -0.07940
v 0.00557 0.00757 -0.10221
v 0.00576 0.01425 -0.04699
v 0.00577 0.00107 -0.10566
v 0.00582 -0.02502 -0.03794
v 0.00591 -0.02578 -0.07096
v 0.00598 0.01179 -0.08543
v 0.00611 -0.02383 -0.08742
v 0.00613 -0.02552 -0.08113
v 0.00616 -0.00493 -0.10797
v 0.00617 -0.02273 -0.02696
v 0.00618 -0.02581 -0.07723
v 0.00620 0.00921 -0.09276
v 0.00625 0.00780 -0.01831
v 0.00628 -0.02529 -0.06822
v 0.00629 0.00736 -0.10169
v 0.00633 0.01493 -0.07508
v 0.00635 0.01383 -0.04990
v 0.00642 -0.02131 -0.02113
v 0.00648 0.00615 -0.10203
v 0.00654 -0.02483 -0.04554
v 0.00655 -0.02143 -0.09897
v 0.00660 -0.02498 -0.04280
v 0.00669 -0.02320 -0.08927
v 0.00677 -0.02485 -0.08348
v 0.00683 -0.02494 -0.03544
v 0.00695 -0.00644 -0.10726
v 0.00696 0.00225 -0.01742
v 0.00699 -0.01616 -0.10260
v 0.00699 -0.02312 -0.06165
v 0.00703 -0.02141 -0.02219
v 0.00710 -0.02495 -0.08230
v 0.00722 0.00333 -0.10337
v 0.00723 0.00747 -0.01805
v 0.00725 -0.02253 -0.02677
v 0.00726 -0.02271 -0.09274
v 0.00758 -0.02493 -0.03677
v 0.00762 -0.01095 -0.10522
v 0.00764 -0.02556 -0.07531
v 0.00764 -0.01330 -0.01810
v 0.00765 0.00743 -0.02598
v 0.00769 -0.01977 -0.02015
v 0.00777 -0.02563 -0.07125
v 0.00779 -0.02322 -0.09667
v 0.00788 -0.02552 -0.07255
v 0.00793 0.00604 -0.01777
v 0.00796 0.00220 -0.10340
v 0.00805 -0.01987 -0.02005
v 0.00805 0.00685 -0.10005
v 0.00806 -0.00418 -0.01684
v 0.00807 -0.02306 -0.05486
v 0.00811 0.00693 -0.01838
v 0.00819 -0.02315 -0.05300
v 0.00824 -0.01978 -0.01995
v 0.00826 -0.01972 -0.01975
v 0.00826 -0.02385 -0.04882
v 0.00832 0.01452 -0.07385
v 0.00836 0.01198 -0.04169
v 0.00839 -0.02358 -0.08553
v 0.00847 -0.02106 -0.09889
v 0.00848 -0.01900 -0.01966
v 0.00850 -0.00280 -0.10477
v 0.00861 0.00674 -0.09939
v 0.00866 -0.02323 -0.05147
v 0.00867 0.01070 -0.08475
v 0.00876 -0.01742 -0.10113
v 0.00878 -0.02227 -0.06035
v 0.00878 0.01338 -0.05900
v 0.00888 -0.01931 -0.01974
v 0.00888 -0.02467 -0.07849
v 0.00892 -0.01286 -0.01746
v 0.00895 -0.00809 -0.10477
v 0.00897 0.00595 -0.09955
v 0.00903 0.00652 -0.09938
v 0.00908 -0.02284 -0.09581
v 0.00908 -0.02519 -0.07313
v 0.00915 -0.02454 -0.03869
v 0.00918 0.00724 -0.09388
v 0.00922 -0.02247 -0.09693
v 0.00923 -0.00525 -0.10449
v 0.00925 0.01094 -0.04011
v 0.00937 -0.02154 -0.09772
v 0.00939 -0.02382 -0.04657
v 0.00942 -0.02252 -0.05476
v 0.00948 -0.01896 -0.01977
v 0.00956 -0.01422 -0.10287
v 0.00959 -0.02183 -0.08956
v 0.00959 -0.01519 -0.01841
v 0.00960 -0.02425 -0.04396
v 0.00962 0.00760 -0.02965
v 0.00971 0.00766 -0.09040
v 0.00972 0.00577 -0.01769
v 0.00972 0.00560 -0.01753
v 0.00972 -0.02353 -0.08323
v 0.00974 -0.02448 -0.04072
v 0.00976 -0.01949 -0.02154
v 0.00978 -0.02409 -0.07896
v 0.00990 -0.02293 -0.08515
v 0.00992 -0.02223 -0.05633
v 0.00993 -0.01790 -0.10057
v 0.00995 -0.02448 -0.07502
v 0.00996 -0.00002 -0.01691
v 0.00996 0.00407 -0.01787
v 0.01003 0.01290 -0.06085
v 0.01005 -0.02300 -0.04871
v 0.01006 -0.02218 -0.05227
v 0.01011 -0.02236 -0.08600
v 0.01012 0.00494 -0.01806
v 0.01017 0.01097 -0.08196
v 0.01018 -0.01844 -0.01972
v 0.01021 -0.02028 -0.09914
v 0.01027 -0.00960 -0.10258
v 0.01027 -0.02283 -0.06390
v 0.01028 -0.02284 -0.03032
v 0.01029 0.00473 -0.09864
v 0.01035 0.00904 -0.03454
v 0.01041 0.01132 -0.04395
v 0.01042 -0.01435 -0.10189
v 0.01044 0.00545 -0.02009
v 0.01046 -0.00303 -0.10263
v 0.01059 -0.00428 -0.01624
v 0.01061 0.00603 -0.09671
v 0.01063 0.00472 -0.01835
v 0.01069 0.01254 -0.06020
v 0.01081 -0.02118 -0.09288
v 0.01082 0.00501 -0.01889
v 0.01084 -0.00501 -0.01607
v 0.01086 -0.02393 -0.04194
v 0.01098 0.00594 -0.02848
v 0.01098 0.01291 -0.06801
v 0.01110 0.01281 -0.06738
v 0.01114 -0.02161 -0.09714
v 0.01116 -0.02097 -0.08812
v 0.01116 -0.02410 -0.07016
v 0.01121 0.00461 -0.01820
v 0.01128 -0.01529 -0.01834
v 0.01130 -0.02397 -0.07168
v 0.01140 -0.01601 -0.09974
v 0.01141 0.00179 -0.09902
v 0.01144 0.00530 -0.09706
v 0.01146 0.00566 -0.09316
v 0.01150 -0.02367 -0.03659
v 0.01154 -0.02319 -0.04408
v 0.01160 -0.00085 -0.10007
v 0.01163 -0.01036 -0.10115
v 0.01175 -0.01943 -0.09881
v 0.01177 0.01027 -0.04867
v 0.01181 0.01120 -0.07920
v 0.01182 0.00532 -0.09240
v 0.01187 -0.01813 -0.09932
v 0.01192 -0.02141 -0.09706
v 0.01193 -0.02115 -0.06107
v 0.01201 -0.00511 -0.10128
v 0.01201 -0.02338 -0.03807
v 0.01213 -0.01694 -0.01906
v 0.01232 0.00835 -0.08456
v 0.01235 -0.02088 -0.09701
v 0.01238 -0.02295 -0.04031
v 0.01243 -0.00921 -0.01603
v 0.01256 -0.01973 -0.08864
v 0.01259 0.00426 -0.09658
v 0.01263 -0.01215 -0.01657
v 0.01266 0.00295 -0.01718
v 0.01267 -0.01626 -0.01859
v 0.01280 -0.02271 -0.03502
v 0.01292 -0.01185 -0.09882
v 0.01295 0.00235 -0.01690
v 0.01308 -0.01726 -0.09805
v 0.01308 -0.02224 -0.03411
v 0.01313 -0.02043 -0.09663
v 0.01323 -0.01578 -0.01852
v 0.01323 -0.01990 -0.08353
v 0.01326 0.00338 -0.09603
v 0.01334 -0.02279 -0.06987
v 0.01347 -0.01971 -0.09347
v 0.01348 -0.01372 -0.09714
v 0.01349 -0.02098 -0.04733
v 0.01349 -0.01368 -0.01783
v 0.01351 -0.02106 -0.03134
v 0.01352 -0.00319 -0.09836
v 0.01353 0.00106 -0.01654
v 0.01367 0.00134 -0.01694
v 0.01367 -0.01422 -0.01809
v 0.01368 -0.01816 -0.09689
v 0.01371 -0.00023 -0.09693
v 0.01379 -0.02025 -0.06114
v 0.01383 -0.01993 -0.09644
v 0.01384 0.00247 -0.09213
v 0.01384 -0.00229 -0.01628
v 0.01387 0.00393 -0.09006
v 0.01410 -0.01331 -0.01792
v 0.01410 0.00613 -0.08627
v 0.01411 -0.01913 -0.09660
v 0.01413 -0.01120 -0.01608
v 0.01418 -0.00961 -0.01588
v 0.01419 -0.00966 -0.01580
v 0.01422 -0.01008 -0.01594
v 0.01422 -0.01069 -0.01601
v 0.01423 -0.01215 -0.01728
v 0.01429 -0.00938 -0.01578
v 0.01432 -0.00830 -0.01557
v 0.01433 0.00182 -0.09578
v 0.01433 0.00840 -0.03911
v 0.01435 -0.00968 -0.01619
v 0.01439 -0.00660 -0.01560
v 0.01440 -0.00576 -0.01592
v 0.01440 -0.00792 -0.09858
v 0.01441 -0.01536 -0.09620
v 0.01442 -0.00737 -0.01569
v 0.01443 -0.01063 -0.01705
v 0.01446 0.00443 -0.03115
v 0.01447 -0.01906 -0.02702
v 0.01448 -0.00124 -0.01610
v 0.01452 -0.01753 -0.08926
v 0.01453 -0.00559 -0.01597
v 0.01453 -0.00563 -0.01588
v 0.01455 -0.01913 -0.09616
v 0.01455 -0.00613 -0.01573
v 0.01476 0.00980 -0.06087
v 0.01477 -0.00761 -0.09780
v 0.01480 -0.00172 -0.01675
v 0.01482 0.01105 -0.07497
v 0.01483 -0.00436 -0.01621
v 0.01487 -0.01946 -0.07783
v 0.01489 0.00874 -0.04346
v 0.01497 0.00296 -0.02451
v 0.01500 -0.00311 -0.01645
v 0.01503 -0.01838 -0.09617
v 0.01504 -0.00979 -0.09709
v 0.01513 -0.00519 -0.01748
v 0.01524 0.00341 -0.02865
v 0.01525 -0.01554 -0.09543
v 0.01532 -0.02052 -0.07321
v 0.01533 -0.02152 -0.06964
v 0.01535 -0.01681 -0.02420
v 0.01543 -0.01852 -0.07960
v 0.01550 -0.01885 -0.05552
v 0.01558 -0.01535 -0.02257
v 0.01558 -0.01994 -0.03567
v 0.01561 -0.00248 -0.01815
v 0.01562 0.00809 -0.04922
v 0.01566 -0.00001 -0.09524
v 0.01567 -0.01865 -0.05219
v 0.01576 -0.01135 -0.01977
v 0.01579 -0.01959 -0.04388
v 0.01581 -0.01571 -0.09503
v 0.01583 -0.01794 -0.08036
v 0.01585 0.00287 -0.02833
v 0.01588 -0.01853 -0.05037
v 0.01592 0.00795 -0.04105
v 0.01598 -0.01576 -0.08955
v 0.01603 0.00002 -0.09185
v 0.01628 0.00525 -0.08435
v 0.01632 0.00223 -0.02702
v 0.01639 -0.00429 -0.09695
v 0.01653 0.00036 -0.02255
v 0.01653 -0.00326 -0.09635
v 0.01656 0.00462 -0.03515
v 0.01657 -0.01512 -0.08785
v 0.01664 -0.01952 -0.06389
v 0.01664 -0.01761 -0.02834
v 0.01672 0.00730 -0.04764
v 0.01678 0.00684 -0.03902
v 0.01681 -0.01471 -0.09445
v 0.01683 -0.01529 -0.08633
v 0.01683 -0.01731 -0.05239
v 0.01689 0.00098 -0.02498
v 0.01689 0.01027 -0.07233
v 0.01689 0.00795 -0.06054
v 0.01689 0.00703 -0.04294
v 0.01690 -0.00549 -0.09629
v 0.01691 -0.01439 -0.09002
v 0.01696 -0.01572 -0.08489
v 0.01701 -0.00154 -0.09408
v 0.01706 0.00734 -0.05819
v 0.01711 0.00952 -0.07461
v 0.01711 -0.00978 -0.09475
v 0.01712 -0.01496 -0.09391
v 0.01721 0.01008 -0.06603
v 0.01721 -0.02047 -0.06949
v 0.01727 -0.00397 -0.09559
v 0.01728 0.00677 -0.04114
v 0.01729 0.00670 -0.05403
v 0.01733 -0.01596 -0.02622
v 0.01738 -0.01479 -0.08593
v 0.01738 0.00652 -0.04521
v 0.01739 -0.01975 -0.06603
v 0.01742 -0.00076 -0.02350
v 0.01743 0.00642 -0.05002
v 0.01746 0.00178 -0.03174
v 0.01749 -0.00754 -0.09441
v 0.01751 -0.01654 -0.02823
v 0.01760 -0.01449 -0.09363
v 0.01760 0.00613 -0.04351
v 0.01760 0.00062 -0.08733
v 0.01766 -0.00208 -0.09094
v 0.01767 0.00936 -0.06486
v 0.01767 0.00981 -0.06867
v 0.01768 0.00531 -0.08220
v 0.01771 -0.01608 -0.05001
v 0.01781 0.00606 -0.08053
v 0.01790 -0.01994 -0.06997
v 0.01809 0.00455 -0.03788
v 0.01809 -0.01734 -0.06081
v 0.01811 -0.01089 -0.09340
v 0.01813 -0.00386 -0.09344
v 0.01819 -0.01287 -0.09335
v 0.01820 0.00922 -0.07264
v 0.01829 0.00578 -0.05387
v 0.01831 -0.01105 -0.02405
v 0.01836 -0.00487 -0.02371
v 0.01837 0.00418 -0.04557
v 0.01837 -0.01930 -0.07239
v 0.01838 0.00514 -0.04047
v 0.01842 0.00172 -0.03408
v 0.01850 -0.00071 -0.02866
v 0.01852 0.00472 -0.05173
v 0.01852 0.00600 -0.05938
v 0.01853 -0.00901 -0.02424
v 0.01854 -0.01900 -0.07279
v 0.01856 -0.00903 -0.09256
v 0.01857 -0.00926 -0.09249
v 0.01861 -0.01166 -0.09361
v 0.01862 -0.00426 -0.02463
v 0.01864 -0.00268 -0.08822
v 0.01865 -0.01642 -0.03864
v 0.01866 -0.00829 -0.09211
v 0.01867 0.00031 -0.03230
v 0.01869 0.00072 -0.08481
v 0.01873 -0.01105 -0.09262
v 0.01875 0.00368 -0.03842
v 0.01876 -0.01644 -0.05924
v 0.01876 0.00826 -0.06488
v 0.01879 -0.01048 -0.08805
v 0.01887 -0.00973 -0.09318
v 0.01892 -0.00566 -0.09075
v 0.01893 -0.00935 -0.09283
v 0.01894 -0.00899 -0.09269
v 0.01894 -0.00596 -0.09069
v 0.01896 -0.00836 -0.09194
v 0.01896 -0.00885 -0.09304
v 0.01897 -0.00597 -0.09063
v 0.01899 -0.01393 -0.02870
v 0.01900 -0.00799 -0.09206
v 0.01901 -0.00799 -0.09185
v 0.01902 -0.00599 -0.09064
v 0.01904 -0.01057 -0.08663
v 0.01906 -0.00695 -0.09125
v 0.01915 0.00831 -0.06632
v 0.01915 -0.00876 -0.08664
v 0.01925 -0.00534 -0.02621
v 0.01925 -0.01277 -0.02922
v 0.01930 -0.01445 -0.08322
v 0.01939 -0.00495 -0.08634
v 0.01951 -0.01729 -0.07562
v 0.01954 -0.01544 -0.04050
v 0.01963 -0.01863 -0.06951
v 0.01963 -0.01347 -0.03281
v 0.01971 0.00112 -0.05048
v 0.01972 -0.01636 -0.06252
v 0.01975 -0.01315 -0.04718
v 0.01976 -0.01747 -0.07428
v 0.01979 -0.00574 -0.08511
v 0.01988 -0.00407 -0.08458
v 0.01992 -0.01350 -0.08361
v 0.01994 -0.01662 -0.06419
v 0.02012 -0.01345 -0.03685
v 0.02022 -0.01379 -0.08318
v 0.02023 -0.00302 -0.03344
v 0.02026 0.00339 -0.05796
v 0.02041 0.00398 -0.06075
v 0.02042 -0.01778 -0.07009
v 0.02043 -0.01211 -0.05561
v 0.02049 -0.01743 -0.06829
v 0.02064 -0.01717 -0.06895
v 0.02064 -0.01407 -0.08219
v 0.02068 -0.01322 -0.04000
v 0.02068 -0.00245 -0.03993
v 0.02072 -0.01523 -0.06642
v 0.02072 -0.00691 -0.03408
v 0.02074 -0.00299 -0.04132
v 0.02079 -0.00291 -0.04472
v 0.02086 -0.01255 -0.03948
v 0.02086 -0.01186 -0.05797
v 0.02100 -0.01640 -0.07068
v 0.02102 -0.00879 -0.04930
v 0.02106 -0.00828 -0.05085
v 0.02114 -0.00405 -0.05051
v 0.02115 -0.00869 -0.03903
v 0.02122 -0.01555 -0.07132
v 0.02126 -0.00772 -0.04396
v 0.02129 -0.00694 -0.05002
v 0.02135 -0.00959 -0.04198
v 0.02138 -0.00686 -0.05081
v 0.02155 -0.01472 -0.07494
v 0.02156 -0.01466 -0.07298
v 0.02163 -0.01368 -0.08034
v 0.02182 0.00396 -0.07078
v 0.02186 0.00248 -0.07694
v 0.02193 0.00046 -0.06023
v 0.02236 -0.01196 -0.08070
v 0.02243 -0.01259 -0.07962
v 0.02243 -0.00354 -0.06016
v 0.02245 -0.00816 -0.08063
v 0.02250 0.00071 -0.06368
v 0.02257 0.00155 -0.06604
v 0.02281 -0.00814 -0.07983
v 0.02294 -0.01113 -0.07869
v 0.02303 0.00115 -0.06916
v 0.02308 -0.00448 -0.07866
v 0.02319 -0.00129 -0.06512
v 0.02327 -0.00901 -0.07831
v 0.02332 0.00032 -0.06728
v 0.02334 -0.00343 -0.06839
v 0.02338 -0.00163 -0.06734
v 0.02344 -0.00780 -0.07754
v 0.02354 -0.00070 -0.07666
v 0.02356 -0.00093 -0.07021
v 0.02398 -0.00302 -0.07268
v 0.02400 -0.00338 -0.07554
v 0.02403 -0.00441 -0.07473
vn -0.9946 -0.0428 -0.0941
vn -0.9979 0.0348 -0.0549
vn -0.9634 0.2600 0.0649
vn -0.9230 0.1701 0.3451
vn -0.9847 -0.1328 -0.1127
vn -0.9786 0.0007 0.2058
vn -0.9902 -0.1311 0.0484
vn -0.9602 0.0810 -0.2673
vn -0.8259 -0.1118 -0.5527
vn -0.9617 0.0731 -0.2641
vn -0.9094 0.1256 0.3964
vn -0.9583 0.2100 -0.1939
vn -0.9443 0.1827 -0.2737
vn -0.9790 0.1982 0.0476
vn -0.9895 -0.1283 -0.0669
vn -0.9932 0.1136 -0.0260
vn -0.9996 0.0107 -0.0254
vn -0.9810 0.1924 -0.0244
vn -0.9943 -0.1015 0.0310
vn -0.4737 0.0424 -0.8797
vn -0.9921 0.1253 0.0066
vn -0.9956 -0.0286 0.0889
vn -0.9580 -0.0807 0.2751
vn -0.8721 0.2814 -0.4003
vn -0.9907 -0.0724 -0.1152
vn -0.9866 0.1396 -0.0847
vn -0.9166 0.3207 0.2386
vn -0.8072 -0.2310 -0.5432
vn -0.9972 0.0732 -0.0168
vn -0.8931 -0.0754 0.4435
vn -0.9795 -0.1824 0.0853
vn -0.7335 0.6715 -0.1051
vn -0.9614 -0.0668 -0.2671
vn -0.9968 -0.0793 0.0031
vn -0.9786 -0.1514 0.1391
vn -0.8666 0.0322 0.4980
vn -0.9737 0.0579 0.2203
vn -0.9947 -0.0197 -0.1012
vn -0.9298 0.3676 0.0206
vn -0.9959 -0.0833 0.0349
vn -0.9986 -0.0190 -0.0489
vn -0.9556 0.2604 0.1378
vn -0.8835 0.4664 0.0432
vn -0.9339 -0.1255 -0.3348
vn -0.9961 -0.0844 -0.0248
vn -0.9949 0.0970 -0.0292
vn -0.9807 -0.1955 -0.0031
vn -0.9837 -0.0168 -0.1793
vn -0.9986 0.0284 0.0450
vn -0.9667 0.2535 -0.0366
vn -0.9923 -0.1189 -0.0338
vn -0.8527 -0.0460 0.5204
vn -0.9578 0.2865 -0.0221
vn -0.9631 0.2340 0.1329
vn -0.9631 0.1806 -0.1998
vn -0.9910 -0.0637 0.1177
vn -0.8100 -0.2440 -0.5333
vn -0.8599 0.5072 -0.0575
vn -0.9073 0.4170 -0.0541
vn -0.9935 0.1054 -0.0434
vn -0.9708 -0.2107 0.1147
vn -0.9963 -0.0644 0.0572
vn -0.9967 0.0482 -0.0658
vn -0.9656 -0.0298 0.2582
vn -0.6277 0.5495 -0.5515
vn -0.9406 0.2933 0.1710
vn -0.8469 -0.4705 -0.2478
vn -0.9933 -0.1154 -0.0016
vn -0.9953 -0.0963 -0.0123
vn -0.9949 0.0573 -0.0830
vn -0.9561 -0.1707 -0.2380
vn -0.9998 -0.0088 -0.0186
vn -0.9619 0.2729 -0.0144
vn -0.9770 0.2002 0.0740
vn -0.9585 0.2826 -0.0381
vn -0.9962 -0.0056 0.0864
vn -0.9937 -0.1074 0.0334
vn -0.8503 0.5242 -0.0458
vn -0.9810 -0.0679 0.1815
vn -0.9623 0.2706 -0.0276
vn -0.9205 0.3906 0.0132
vn -0.9831 0.1828 -0.0075
vn -0.9811 -0.0438 -0.1883
vn -0.9944 0.0775 -0.0724
vn -0.9993 -0.0357 0.0090
vn -0.9623 0.2035 0.1803
vn -0.7709 0.6102 -0.1825
vn -0.9899 -0.0716 -0.1226
vn -0.8676 0.4817 0.1237
vn -0.9665 -0.2395 0.0921
vn -0.9851 -0.0811 -0.1517
vn -0.9639 0.2580 0.0649
vn -0.8795 0.2571 0.4004
vn -0.9413 -0.3303 0.0699
vn -0.9318 -0.3464 0.1081
vn -0.8919 -0.1980 -0.4065
vn -0.9986 -0.0513 0.0129
vn -0.9996 -0.0127 0.0259
vn -0.9350 -0.2230 -0.2758
vn -0.9977 0.0534 0.0408
vn -0.8679 0.4965 0.0179
vn -0.9307 0.3607 -0.0610
vn -0.9001 0.4310 -0.0633
vn -0.9995 0.0311 0.0096
vn -0.9847 -0.1393 -0.1050
vn -0.9913 -0.1278 -0.0320
vn -0.9718 -0.2247 0.0713
vn -0.9990 -0.0300 -0.0330
vn -0.9941 -0.0934 -0.0557
vn -0.9642 -0.2618 0.0414
vn -0.9348 -0.3516 -0.0498
vn -0.9815 -0.1550 -0.1125
vn -0.9649 -0.1670 -0.2028
vn -0.9659 -0.2324 -0.1139
vn -0.7851 0.6190 0.0229
vn -0.9344 -0.3544 0.0356
vn -0.9738 -0.2174 -0.0661
vn -0.9625 -0.1301 0.2379
vn -0.9312 -0.2259 0.2860
vn -0.9519 -0.2080 0.2250
vn -0.7002 -0.2516 -0.6681
vn -0.8654 0.4996 -0.0380
vn -0.7378 0.6746 -0.0221
vn -0.9472 -0.3120 -0.0739
vn -0.8268 0.5612 0.0395
vn -0.7909 -0.2055 -0.5764
vn -0.8653 -0.4923 -0.0938
vn -0.8875 0.4586 -0.0461
vn -0.8988 -0.4378 0.0233
vn -0.8517 -0.1145 0.5114
vn -0.8143 0.5804 -0.0030
vn -0.5717 -0.2449 -0.7831
vn -0.8640 -0.4820 0.1457
vn -0.8805 -0.4274 0.2052
vn -0.9876 -0.1309 -0.0863
vn -0.6267 0.7674 0.1351
vn -0.9841 -0.1505 -0.0941
vn -0.8418 0.5124 0.1699
vn -0.7547 0.6523 -0.0701
vn -0.7909 0.1874 0.5825
vn -0.8810 -0.3534 -0.3147
vn -0.8090 -0.0677 0.5839
vn -0.7060 0.7059 -0.0563
vn -0.9129 -0.4041 0.0582
vn -0.8066 -0.5856 -0.0804
vn -0.7283 0.6852 -0.0063
vn -0.8386 -0.4800 -0.2578
vn -0.8119 -0.5617 0.1593
vn -0.7210 -0.6926 -0.0194
vn -0.7082 0.7049 -0.0385
vn -0.9141 -0.3014 0.2711
vn -0.7196 0.3696 0.5879
vn -0.9424 -0.3198 -0.0981
vn -0.9669 -0.1888 0.1718
vn -0.7473 0.6640 -0.0280
vn -0.7142 -0.6792 0.1691
vn -0.7688 -0.0009 0.6395
vn -0.8002 0.5980 -0.0449
vn -0.6934 0.7128 -0.1056
vn -0.9758 -0.1843 -0.1179
vn -0.7460 -0.6460 -0.1621
vn -0.8155 -0.5783 -0.0224
vn -0.8034 0.0220 0.5950
vn -0.9492 -0.3074 -0.0675
vn -0.9800 -0.1847 -0.0734
vn -0.8882 -0.4552 -0.0629
vn -0.5575 0.2297 -0.7978
vn -0.5854 0.7762 -0.2341
vn -0.7556 0.6311 0.1757
vn -0.8123 -0.2947 0.5033
vn -0.5041 -0.2640 -0.8223
vn -0.7643 -0.0767 0.6403
vn -0.5637 0.2296 -0.7934
vn -0.8742 -0.4837 -0.0417
vn -0.5949 -0.7909 0.1432
vn -0.9069 -0.4135 0.0807
vn -0.6304 -0.7749 -0.0471
vn -0.5391 -0.3981 -0.7422
vn -0.7273 0.6845 -0.0496
vn -0.6041 0.7832 -0.1473
vn -0.9519 -0.2926 0.0909
vn -0.4654 -0.1663 -0.8693
vn -0.7856 -0.5620 -0.2587
vn -0.6827 0.7286 -0.0552
vn -0.8025 0.5911 -0.0815
vn -0.7180 0.4495 -0.5315
vn -0.7407 0.6684 0.0683
vn -0.7756 0.2375 0.5849
vn -0.7216 -0.6447 -0.2524
vn -0.5382 0.8370 -0.0990
vn -0.7431 -0.5399 0.3952
vn -0.8281 -0.5577 -0.0572
vn -0.5239 0.8380 -0.1525
vn -0.9202 -0.3761 -0.1086
vn -0.6607 0.7461 -0.0828
vn -0.4503 0.8920 -0.0402
vn -0.5256 0.8458 0.0917
vn -0.6145 -0.3798 0.6915
vn -0.8410 -0.5345 0.0836
vn -0.8244 -0.5614 -0.0717
vn -0.7684 -0.5920 0.2430
vn -0.7152 -0.6647 0.2159
vn -0.9341 -0.2500 0.2547
vn -0.5743 0.8186 0.0051
vn -0.6566 -0.7540 0.0181
vn -0.7742 -0.0771 0.6283
vn -0.6541 -0.7482 -0.1115
vn -0.4990 0.1261 -0.8574
vn -0.4240 -0.2990 -0.8549
vn -0.8938 -0.4410 -0.0817
vn -0.5383 -0.8365 0.1024
vn -0.4843 0.8717 -0.0747
vn -0.5851 0.8104 0.0301
vn -0.3735 -0.0322 -0.9271
vn -0.7325 -0.6725 -0.1054
vn -0.5282 0.2237 -0.8191
vn -0.2582 0.0826 -0.9625
vn -0.2191 0.9724 -0.0800
vn -0.3025 -0.3040 -0.9034
vn -0.8713 -0.4196 0.2546
vn -0.3535 -0.3929 -0.8489
vn -0.7019 -0.7115 -0.0340
vn -0.3264 0.9087 0.2602
vn -0.6940 0.4099 0.5919
vn -0.6291 -0.7753 0.0553
vn -0.4832 -0.7475 -0.4558
vn -0.8191 -0.5736 -0.0007
vn -0.7389 -0.6643 -0.1128
vn -0.2903 0.9563 -0.0334
vn -0.5944 -0.7911 0.1442
vn -0.7779 0.1863 0.6001
vn -0.3170 0.9249 -0.2100
vn -0.6094 -0.7900 0.0674
vn -0.8121 -0.5827 -0.0308
vn -0.6658 -0.6973 0.2656
vn -0.7941 -0.6031 -0.0747
vn -0.3274 0.3251 -0.8872
vn -0.2276 0.0009 -0.9737
vn -0.4332 0.8333 0.3433
vn -0.5239 0.8473 -0.0879
vn -0.2449 -0.0864 -0.9657
vn -0.4918 0.8619 -0.1238
vn -0.4707 0.8822 0.0081
vn -0.4722 -0.8594 0.1960
vn -0.0964 -0.3598 -0.9280
vn -0.6743 -0.1788 0.7165
vn -0.5454 0.8333 0.0901
vn -0.5153 -0.8570 0.0095
vn -0.3690 -0.2971 -0.8807
vn -0.3073 -0.9500 -0.0550
vn -0.4408 0.8793 0.1804
vn -0.2084 0.1495 -0.9666
vn -0.3649 0.9266 -0.0908
vn -0.3839 0.9199 -0.0799
vn -0.4449 0.8933 -0.0636
vn -0.3987 -0.9111 0.1042
vn -0.1832 0.9759 -0.1185
vn -0.2708 -0.7543 -0.5981
vn -0.4571 0.5332 -0.7119
vn -0.3578 -0.0209 -0.9336
vn -0.1562 -0.0610 -0.9858
vn -0.3360 0.9265 -0.1696
vn -0.7696 -0.0004 0.6385
vn -0.5638 -0.8232 0.0670
vn -0.7047 0.3490 0.6177
vn -0.6141 -0.7780 -0.1328
vn -0.1748 0.1553 -0.9723
vn -0.1067 -0.0876 -0.9904
vn -0.4916 -0.8707 -0.0133
vn -0.2988 0.9412 -0.1577
vn 0.0609 -0.3976 -0.9156
vn 0.0246 -0.0942 -0.9952
vn -0.4776 -0.8442 0.2435
vn -0.6866 -0.1647 0.7081
vn -0.1439 0.9837 0.1076
vn -0.6517 -0.7567 0.0521
vn -0.2936 0.9538 -0.0642
vn -0.5117 -0.8363 0.1970
vn -0.1496 -0.8199 -0.5526
vn -0.5900 -0.8072 0.0207
vn -0.0665 0.9858 -0.1542
vn -0.5808 -0.8135 -0.0284
vn -0.3902 -0.9205 0.0222
vn -0.0073 -0.3973 -0.9177
vn -0.2824 0.9323 0.2261
vn -0.3951 -0.9172 0.0524
vn -0.5556 -0.8310 0.0264
vn -0.7589 -0.0971 0.6440
vn 0.2314 -0.4262 -0.8745
vn -0.3351 -0.9421 0.0163
vn -0.6184 -0.4411 0.6504
vn -0.0353 -0.3194 -0.9470
vn -0.0749 0.0874 -0.9934
vn -0.7186 -0.1418 0.6808
vn -0.3357 0.8576 0.3897
vn -0.4853 -0.8697 -0.0894
vn 0.3301 -0.7580 -0.5626
vn -0.3367 0.9412 -0.0294
vn -0.6821 0.2644 0.6818
vn 0.4043 -0.4115 -0.8168
vn -0.4767 -0.8737 0.0974
vn -0.5964 -0.7156 0.3637
vn -0.6140 0.1474 0.7755
vn -0.1268 0.9814 -0.1444
vn -0.4740 -0.8762 0.0874
vn -0.1864 -0.9815 0.0436
vn -0.5458 -0.8266 -0.1372
vn -0.6611 -0.2770 0.6973
vn 0.0287 0.4830 -0.8751
vn -0.3509 -0.9349 0.0541
vn -0.1365 0.9906 -0.0086
vn 0.1896 -0.4997 -0.8452
vn -0.0787 0.0348 -0.9963
vn -0.0496 -0.0933 -0.9944
vn -0.1193 0.9833 -0.1377
vn 0.1124 0.0085 -0.9936
vn -0.2643 -0.9610 0.0810
vn 0.2584 -0.3440 -0.9027
vn -0.2234 0.9614 0.1607
vn -0.5579 -0.0287 0.8294
vn -0.2511 0.9614 0.1129
vn -0.0855 0.9331 -0.3492
vn -0.3004 0.9529 0.0412
vn -0.2987 -0.9537 0.0341
vn -0.5708 0.3936 0.7206
vn -0.2152 -0.9721 0.0936
vn -0.4510 -0.8831 -0.1295
vn -0.0514 0.9760 -0.2118
vn 0.0184 0.0368 -0.9992
vn -0.2835 -0.9581 0.0410
vn 0.2980 -0.0594 -0.9527
vn -0.2944 -0.9514 0.0905
vn -0.1226 0.9151 -0.3841
vn -0.2634 0.9611 -0.0836
vn -0.2280 -0.9540 -0.1944
vn -0.4202 -0.9066 0.0386
vn 0.4638 -0.5152 -0.7208
vn -0.1284 0.9892 -0.0702
vn 0.1062 0.9893 -0.0999
vn -0.6278 -0.1550 0.7628
vn -0.7257 -0.3343 0.6013
vn -0.1837 -0.9822 0.0395
vn 0.2413 0.7908 -0.5626
vn 0.1807 0.1153 -0.9768
vn -0.6547 -0.2194 0.7234
vn 0.0248 -0.0943 -0.9952
vn -0.4591 -0.0733 0.8854
vn -0.2644 0.8746 0.4065
vn -0.4159 -0.8910 0.1818
vn -0.1496 -0.9692 -0.1955
vn -0.1151 -0.9729 -0.2004
vn -0.1680 -0.9857 0.0146
vn -0.4084 -0.9080 0.0932
vn -0.3151 -0.9408 0.1248
vn 0.4997 0.2377 -0.8329
vn -0.1942 -0.9810 0.0020
vn 0.0389 0.9805 -0.1928
vn -0.1644 -0.9846 0.0600
vn -0.1510 -0.9883 0.0218
vn 0.0147 0.9818 -0.1895
vn 0.2900 -0.4991 -0.8165
vn -0.2592 -0.9649 0.0412
vn 0.2207 -0.8830 -0.4142
vn -0.4473 -0.0506 0.8929
vn 0.2865 0.1000 -0.9529
vn -0.5273 0.1665 0.8332
vn -0.0793 0.9730 0.2166
vn 0.4704 0.2005 -0.8594
vn -0.0322 0.9967 -0.0751
vn 0.0581 -0.1914 -0.9798
vn -0.0945 0.9928 0.0737
vn -0.0635 0.9897 0.1280
vn -0.0823 0.9818 0.1713
vn -0.5461 -0.2529 0.7986
vn -0.5979 -0.2789 0.7515
vn -0.1664 -0.9763 -0.1380
vn -0.2167 -0.9760 0.0238
vn 0.3568 -0.5769 -0.7348
vn -0.4018 -0.8784 0.2588
vn -0.6132 -0.2183 0.7591
vn -0.1836 -0.9830 0.0079
vn -0.4767 0.5034 0.7207
vn 0.0956 -0.0669 -0.9932
vn 0.1681 -0.9484 -0.2689
vn 0.0625 0.9804 0.1867
vn 0.3688 -0.6521 -0.6624
vn -0.1241 -0.9879 -0.0932
vn 0.2460 0.8868 -0.3913
vn 0.3998 0.1382 -0.9061
vn 0.1434 0.9797 0.1397
vn -0.1892 0.9816 0.0248
vn -0.4589 -0.2619 0.8490
vn 0.1520 -0.5191 -0.8411
vn 0.1561 0.9713 -0.1794
vn 0.4668 0.3284 -0.8211
vn -0.1961 -0.9797 0.0409
vn -0.0639 -0.9979 -0.0057
vn -0.0062 0.9887 0.1500
vn 0.3075 0.0631 -0.9495
vn 0.4326 0.2512 -0.8659
vn 0.1655 0.9858 -0.0284
vn 0.0886 0.9560 0.2797
vn 0.2953 -0.7267 -0.6202
vn -0.1571 -0.9846 0.0764
vn -0.0267 -0.9966 -0.0780
vn -0.4615 -0.6852 0.5635
vn 0.2520 -0.0658 -0.9655
vn 0.5079 0.2545 -0.8229
vn -0.4435 -0.0958 0.8911
vn 0.2258 -0.5940 -0.7721
vn -0.0344 0.5339 -0.8449
vn 0.2210 -0.4249 -0.8779
vn 0.4148 0.0076 -0.9099
vn -0.1453 -0.9892 0.0214
vn 0.2038 0.9785 -0.0302
vn 0.4480 0.7776 -0.4411
vn 0.1350 -0.8809 -0.4537
vn 0.5564 -0.1102 -0.8236
vn -0.4441 -0.0144 0.8958
vn 0.2361 -0.8900 -0.3900
vn -0.0649 0.9922 0.1069
vn 0.0402 0.9321 0.3600
vn -0.4427 -0.2822 0.8511
vn -0.0701 -0.9969 0.0360
vn -0.4099 -0.8277 0.3832
vn -0.5250 0.0917 0.8461
vn -0.2924 -0.9507 0.1036
vn -0.4447 0.4963 0.7456
vn -0.4401 0.3591 0.8230
vn 0.1509 -0.4120 -0.8986
vn -0.1988 -0.9750 0.0994
vn -0.1394 -0.8728 0.4678
vn -0.1916 -0.9737 0.1234
vn -0.0013 0.9811 -0.1936
vn 0.1683 0.9536 -0.2497
vn 0.6345 -0.0366 -0.7721
vn 0.1127 -0.6440 -0.7567
vn -0.3232 -0.2132 0.9220
vn 0.4208 0.8753 -0.2384
vn 0.0031 -0.9987 -0.0510
vn -0.0442 0.9986 0.0278
vn 0.2683 0.9630 0.0269
vn 0.0663 0.9441 0.3229
vn -0.4823 0.7298 0.4845
vn -0.4168 -0.3390 0.8434
vn 0.4958 0.2750 -0.8237
vn -0.7728 0.6075 0.1837
vn 0.0647 -0.7841 -0.6173
vn 0.6051 -0.2037 -0.7696
vn -0.1328 0.9911 0.0036
vn 0.2929 0.9362 -0.1945
vn 0.8647 0.2179 -0.4526
vn 0.7383 0.4239 -0.5246
vn 0.4767 -0.1268 -0.8699
vn -0.3679 0.0250 0.9295
vn -0.0042 0.9576 0.2880
vn -0.0406 -0.9989 -0.0254
vn 0.2178 -0.6096 -0.7622
vn -0.1408 -0.9900 0.0100
vn -0.1043 -0.9003 0.4226
vn -0.4307 -0.0904 0.8980
vn -0.1770 0.6689 0.7220
vn 0.4114 0.0398 -0.9106
vn 0.1310 -0.9876 -0.0870
vn 0.2750 0.9391 0.2059
vn -0.3993 -0.0715 0.9140
vn 0.1171 0.9729 -0.1994
vn 0.2549 0.9342 -0.2494
vn 0.3343 0.9056 -0.2610
vn -0.0198 -0.9949 0.0992
vn 0.3690 0.9270 -0.0668
vn 0.6443 0.2826 -0.7107
vn 0.0673 0.9902 0.1227
vn 0.2244 0.9706 0.0868
vn 0.2864 -0.0611 -0.9562
vn 0.6388 0.3703 -0.6744
vn -0.0719 0.9911 -0.1118
vn -0.4097 0.3306 0.8502
vn 0.1076 -0.9799 0.1681
vn 0.1121 0.9563 0.2702
vn -0.1034 -0.9778 -0.1825
vn -0.0402 -0.9618 0.2709
vn 0.1720 0.9851 0.0072
vn 0.4083 0.9041 0.1260
vn -0.1197 -0.9928 -0.0085
vn 0.1953 -0.5490 -0.8127
vn -0.2014 -0.3679 0.9078
vn -0.2595 0.2731 0.9263
vn 0.3214 0.9448 -0.0636
vn 0.3365 0.9223 0.1900
vn 0.0734 -0.9918 0.1047
vn -0.2713 -0.0104 0.9624
vn 0.0570 -0.9965 -0.0609
vn 0.0682 0.9955 0.0654
vn -0.2269 -0.3656 0.9027
vn 0.1316 -0.9843 -0.1176
vn -0.2588 0.4738 0.8417
vn 0.2456 -0.7067 0.6635
vn 0.5023 0.8479 0.1696
vn 0.1380 -0.9903 -0.0186
vn 0.6651 0.5047 -0.5503
vn 0.2682 -0.2277 -0.9360
vn 0.0445 0.9147 0.4017
vn -0.2575 -0.2406 0.9359
vn -0.0700 -0.9875 0.1411
vn 0.4458 0.8944 0.0368
vn 0.0984 -0.9222 -0.3740
vn 0.0678 -0.6698 -0.7395
vn 0.1683 0.9571 -0.2358
vn -0.2867 0.5476 0.7861
vn 0.1015 -0.8796 0.4647
vn 0.0689 -0.8424 -0.5345
vn -0.1422 -0.9880 0.0607
vn -0.1958 0.2242 0.9547
vn -0.2019 0.0300 0.9790
vn -0.3672 -0.3909 0.8440
vn -0.2698 -0.0914 0.9586
vn 0.4340 0.8282 0.3546
vn 0.3078 -0.5413 -0.7825
vn 0.0709 -0.9955 0.0636
vn 0.2327 -0.9724 0.0193
vn -0.0553 -0.9982 -0.0234
vn 0.5330 0.2033 -0.8213
vn 0.1295 -0.9847 -0.1166
vn -0.2815 -0.0694 0.9570
vn 0.3422 0.8905 -0.3000
vn 0.1753 -0.5321 -0.8283
vn -0.0750 -0.8234 -0.5625
vn 0.2948 0.9433 0.1529
vn -0.2079 0.6844 0.6988
vn 0.2940 0.9029 0.3137
vn 0.2887 -0.0730 -0.9546
vn -0.1474 0.3058 0.9406
vn 0.6862 0.3741 -0.6239
vn 0.2955 -0.5488 -0.7820
vn -0.0124 -0.9994 0.0320
vn -0.0514 -0.9669 -0.2498
vn -0.2258 0.3610 0.9048
vn 0.1917 0.9806 -0.0418
vn 0.2382 0.9622 0.1324
vn 0.6261 0.2591 -0.7354
vn 0.5187 0.5027 0.6915
vn 0.4143 0.8968 -0.1550
vn 0.1283 -0.9709 0.2024
vn 0.3617 0.9224 0.1352
vn 0.1262 -0.9572 -0.2605
vn -0.3045 -0.8048 -0.5095
vn 0.4515 -0.3907 -0.8022
vn 0.6727 0.3841 -0.6324
vn -0.0169 -0.9800 -0.1981
vn 0.4047 -0.5563 -0.7258
vn -0.0782 -0.9969 0.0078
vn -0.0831 -0.9961 0.0284
vn 0.3418 0.9377 0.0624
vn 0.6557 0.2775 -0.7021
vn 0.4955 -0.1727 -0.8512
vn 0.5253 0.8428 0.1169
vn -0.2419 -0.3182 0.9166
vn 0.4326 0.8559 -0.2833
vn 0.3414 0.9377 0.0651
vn 0.1353 -0.9771 -0.1642
vn 0.2544 0.9614 -0.1047
vn 0.2066 -0.9696 0.1314
vn 0.3623 0.9078 -0.2111
vn 0.2103 -0.9772 0.0277
vn 0.4519 0.8737 0.1801
vn -0.0743 -0.7495 0.6578
vn 0.2697 0.9232 -0.2738
vn 0.4891 0.8129 -0.3162
vn 0.4031 0.9117 0.0797
vn 0.6477 0.3368 -0.6834
vn -0.1132 -0.9936 -0.0014
vn -0.0774 -0.9958 0.0489
vn 0.4162 0.8573 -0.3029
vn 0.1469 -0.9506 -0.2735
vn 0.3092 -0.9410 -0.1374
vn 0.6081 0.1004 -0.7875
vn 0.2534 -0.9481 0.1923
vn 0.2874 -0.9555 -0.0668
vn 0.4460 0.8713 -0.2047
vn 0.2702 0.9405 0.2061
vn 0.2406 -0.9314 0.2730
vn 0.5033 0.8074 -0.3079
vn 0.2919 0.9340 -0.2062
vn 0.5523 0.8331 0.0309
vn 0.4000 -0.8047 0.4387
vn 0.6368 0.3999 -0.6592
vn 0.1400 -0.9841 -0.1092
vn 0.1941 -0.7196 -0.6667
vn 0.1524 -0.9878 -0.0313
vn 0.3466 -0.9250 -0.1560
vn 0.3050 -0.9207 -0.2435
vn 0.1952 -0.9596 0.2026
vn 0.6266 -0.1866 -0.7567
vn -0.1454 0.0771 0.9864
vn 0.2840 -0.5069 -0.8139
vn 0.2506 -0.9470 0.2008
vn 0.4745 -0.8434 0.2521
vn 0.4228 -0.8970 -0.1288
vn 0.6246 0.4430 -0.6431
vn -0.0959 0.2633 0.9600
vn 0.3237 -0.9002 0.2915
vn 0.3814 -0.9202 0.0886
vn 0.2221 -0.9742 0.0392
vn 0.4010 -0.4256 -0.8112
vn 0.2839 -0.9573 -0.0538
vn -0.1781 -0.2982 0.9377
vn 0.4875 0.8645 0.1221
vn -0.1239 -0.4728 0.8724
vn 0.2223 -0.9608 0.1656
vn 0.0481 -0.7811 -0.6226
vn 0.1674 -0.9857 -0.0212
vn -0.1049 0.1653 0.9806
vn 0.7164 0.3135 -0.6233
vn 0.3610 -0.7971 0.4840
vn 0.6055 0.6304 -0.4858
vn -0.2281 -0.0275 0.9732
vn 0.2087 -0.9742 -0.0854
vn 0.4671 0.8837 0.0311
vn 0.2832 -0.9514 -0.1213
vn 0.3900 -0.8554 0.3410
vn -0.0738 -0.3173 0.9454
vn 0.2582 -0.9538 -0.1537
vn 0.4176 0.9008 -0.1191
vn 0.4962 0.8294 0.2568
vn 0.4512 -0.8580 -0.2454
vn 0.2215 -0.7891 -0.5729
vn -0.1171 -0.2781 0.9534
vn 0.7053 0.2477 -0.6643
vn 0.3575 0.9062 -0.2259
vn 0.5094 -0.8419 -0.1784
vn 0.4842 0.8051 -0.3426
vn 0.2891 -0.4787 -0.8290
vn 0.3095 -0.9482 0.0719
vn 0.3793 0.9253 -0.0024
vn 0.4581 -0.7502 0.4768
vn 0.3864 -0.9162 -0.1064
vn -0.2332 -0.1686 0.9577
vn 0.7981 -0.0540 -0.6000
vn 0.7225 0.3774 -0.5793
vn 0.5782 0.7844 -0.2244
vn 0.3887 -0.9074 0.1596
vn 0.4214 -0.9064 -0.0306
vn 0.2277 -0.9736 0.0152
vn 0.5568 0.8293 -0.0475
vn 0.2197 -0.6631 -0.7156
vn 0.7712 0.0391 -0.6354
vn 0.4161 0.8745 0.2492
vn 0.1118 -0.8047 -0.5830
vn 0.3573 -0.9110 -0.2058
vn 0.4914 -0.8708 -0.0146
vn 0.3759 -0.6651 0.6453
vn 0.5916 -0.2707 -0.7594
vn 0.4693 -0.8732 -0.1316
vn -0.1170 -0.3284 0.9373
vn 0.3044 -0.9452 -0.1183
vn 0.5315 0.7784 0.3341
vn 0.5549 0.7762 -0.2995
vn 0.5520 0.7685 0.3237
vn 0.1042 0.0199 0.9944
vn 0.6099 -0.7806 -0.1370
vn 0.2876 -0.9577 -0.0122
vn 0.4903 -0.8111 0.3189
vn 0.5947 -0.7965 -0.1094
vn 0.6563 -0.7341 -0.1745
vn 0.4047 -0.9140 -0.0291
vn 0.5170 -0.3602 -0.7765
vn 0.6157 -0.7782 -0.1237
vn -0.1188 0.1471 0.9820
vn 0.0139 0.2031 0.9791
vn 0.2914 0.9563 -0.0220
vn 0.4822 -0.8551 -0.1905
vn 0.5376 -0.8394 -0.0795
vn 0.4461 -0.8228 -0.3520
vn 0.6792 0.0190 0.7337
vn 0.4309 0.8475 -0.3099
vn 0.0441 -0.3808 0.9236
vn 0.2741 -0.5820 -0.7656
vn 0.7476 -0.0565 -0.6618
vn 0.3517 -0.9002 0.2568
vn 0.3741 -0.8857 0.2750
vn 0.6942 0.4015 -0.5974
vn 0.3809 0.8932 0.2392
vn 0.5065 0.8605 0.0541
vn 0.7796 -0.2213 -0.5859
vn 0.4959 0.8661 0.0624
vn 0.7704 0.1374 -0.6225
vn -0.1412 0.1402 0.9800
vn 0.5719 0.8040 -0.1629
vn 0.4742 0.4259 0.7705
vn 0.5106 0.8437 0.1658
vn 0.4477 -0.8922 0.0604
vn 0.5885 0.7942 0.1514
vn -0.1734 -0.0261 0.9845
vn 0.4945 -0.8665 -0.0678
vn 0.5479 0.7953 0.2593
vn 0.3990 0.9143 0.0699
vn 0.3256 0.9395 0.1060
vn 0.2827 -0.6893 -0.6670
vn 0.6232 -0.7773 -0.0867
vn 0.4241 -0.8828 0.2020
vn 0.5821 0.7547 0.3028
vn -0.0013 -0.4123 0.9110
vn 0.5810 -0.7998 -0.1512
vn 0.7880 -0.1119 -0.6054
vn 0.7461 0.3136 -0.5874
vn 0.6513 0.7129 -0.2599
vn 0.6677 0.7399 -0.0816
vn 0.3616 -0.9250 0.1165
vn 0.5863 -0.7969 -0.1453
vn 0.7748 0.2659 -0.5736
vn 0.7769 -0.1502 -0.6114
vn 0.6089 -0.4011 -0.6844
vn 0.5268 0.8500 -0.0013
vn 0.4536 0.8351 -0.3112
vn 0.7311 0.6505 -0.2055
vn 0.6678 -0.1692 -0.7249
vn 0.4600 -0.8797 -0.1207
vn 0.3850 -0.9185 0.0903
vn 0.7621 0.1043 -0.6390
vn 0.6056 -0.7957 -0.0121
vn 0.5327 -0.7340 0.4213
vn 0.5627 0.7436 -0.3612
vn 0.4892 -0.5308 -0.6920
vn 0.6296 -0.7754 -0.0478
vn -0.2021 -0.0846 0.9757
vn 0.7314 -0.6629 0.1603
vn 0.7511 0.4060 -0.5207
vn -0.0443 -0.3905 0.9195
vn 0.6186 0.6411 0.4543
vn 0.0031 -0.3366 0.9416
vn 0.6541 -0.7557 0.0347
vn 0.7956 -0.2205 -0.5643
vn -0.1729 0.2441 0.9542
vn 0.7784 -0.0081 -0.6278
vn 0.6484 -0.7404 0.1771
vn 0.6358 -0.7447 -0.2030
vn 0.7402 -0.5295 0.4145
vn 0.6972 -0.7021 -0.1447
vn 0.8060 0.5918 0.0110
vn 0.5155 -0.8530 0.0817
vn 0.6479 -0.7514 0.1250
vn 0.7468 -0.1628 -0.6448
vn 0.5884 -0.7904 -0.1706
vn 0.2522 -0.4969 0.8304
vn 0.5701 -0.7855 0.2405
vn 0.6667 0.2131 -0.7142
vn -0.0811 0.1380 0.9871
vn 0.8484 0.3906 0.3572
vn 0.0807 -0.3018 0.9499
vn 0.7013 -0.1024 -0.7054
vn 0.7050 0.2886 -0.6478
vn 0.5050 -0.8538 0.1263
vn 0.6753 -0.7376 0.0018
vn 0.7908 0.5999 -0.1213
vn -0.0532 0.0815 0.9953
vn 0.7157 0.5847 -0.3820
vn 0.8171 -0.3595 0.4507
vn 0.5770 0.7097 -0.4042
vn 0.4446 -0.2096 -0.8709
vn 0.2064 -0.3857 0.8992
vn 0.1173 -0.3455 0.9311
vn -0.1593 -0.3463 0.9245
vn 0.4511 -0.1268 0.8834
vn 0.3640 -0.1453 0.9200
vn 0.7199 -0.3943 0.5712
vn 0.0292 -0.1789 0.9834
vn 0.2802 -0.0812 0.9565
vn 0.6659 0.2585 -0.6999
vn 0.4602 0.8488 0.2602
vn 0.9641 -0.1079 0.2425
vn -0.3583 0.1634 0.9192
vn 0.9991 0.0346 -0.0251
vn 0.7379 -0.0317 -0.6742
vn 0.6795 -0.0859 -0.7286
vn 0.9632 -0.0829 0.2557
vn 0.9264 -0.1031 0.3621
vn 0.6053 0.7414 0.2899
vn 0.5030 -0.7971 0.3340
vn 0.5248 0.1760 0.8328
vn 0.7402 -0.6685 -0.0716
vn 0.0277 0.0711 0.9971
vn -0.6997 0.2662 0.6630
vn 0.8117 -0.5828 0.0390
vn 0.9567 -0.0763 0.2808
vn 0.5704 0.7449 0.3462
vn 0.7768 -0.2094 -0.5939
vn 0.8545 0.2594 0.4501
vn 0.5198 0.7999 -0.2999
vn 0.3149 0.1222 0.9412
vn 0.6411 -0.7495 -0.1651
vn 0.5363 0.8421 0.0579
vn 0.6462 0.7431 0.1737
vn 0.5301 0.0597 0.8459
vn 0.6570 0.0202 -0.7536
vn 0.7030 -0.1683 -0.6910
vn 0.8915 -0.0652 0.4483
vn 0.5339 0.8393 0.1026
vn 0.6362 -0.0344 -0.7707
vn 0.5187 -0.8225 -0.2333
vn 0.5446 -0.8337 -0.0912
vn 0.5895 -0.7155 0.3750
vn 0.5990 -0.7664 -0.2319
vn 0.5490 -0.8350 0.0358
vn 0.7350 -0.5405 0.4094
vn 0.7431 -0.6676 0.0461
vn 0.8992 0.1877 0.3953
vn 0.5386 0.8421 -0.0280
vn 0.8104 0.5452 -0.2147
vn 0.6078 -0.7934 0.0334
vn 0.8654 -0.1363 0.4821
vn 0.7233 -0.6877 -0.0630
vn 0.5923 0.0961 -0.8000
vn 0.6223 -0.7469 -0.2344
vn 0.6659 0.7406 0.0902
vn 0.6635 -0.7402 -0.1089
vn 0.5089 0.8547 0.1029
vn 0.7904 -0.6041 0.1021
vn 0.7752 0.6079 -0.1717
vn 0.6273 0.6564 -0.4192
vn 0.7762 0.6127 0.1488
vn 0.6145 0.1093 -0.7813
vn 0.8336 0.4349 0.3405
vn 0.6847 0.4450 -0.5772
vn 0.6586 0.6527 0.3745
vn 0.8753 -0.4630 -0.1393
vn 0.4799 -0.8355 0.2676
vn 0.7614 -0.6355 0.1282
vn 0.6695 0.7428 -0.0033
vn 0.6209 0.7076 0.3372
vn 0.6756 -0.1197 -0.7275
vn 0.7626 -0.6286 -0.1527
vn 0.8297 -0.5484 0.1041
vn 0.7869 0.5799 0.2111
vn 0.4745 0.8793 -0.0404
vn 0.6246 0.7486 0.2222
vn 0.6914 0.7199 -0.0613
vn 0.8454 -0.1408 -0.5152
vn 0.8969 -0.4399 0.0463
vn 0.5932 -0.7601 -0.2652
vn 0.8172 0.4667 -0.3382
vn 0.6014 0.7928 0.0990
vn 0.6978 0.6549 -0.2902
vn 0.8067 -0.0202 -0.5906
vn 0.7358 -0.1206 -0.6664
vn 0.4449 0.8936 0.0592
vn 0.5111 -0.8585 -0.0429
vn 0.8749 0.2098 -0.4364
vn 0.7486 0.6622 0.0326
vn 0.5725 0.8196 0.0227
vn 0.8051 -0.4518 0.3841
vn 0.7612 -0.4759 -0.4406
vn 0.8634 0.5043 0.0150
vn 0.5450 -0.8101 0.2162
vn 0.9125 0.2803 0.2980
vn 0.8482 0.5282 0.0399
vn 0.7132 0.6629 0.2280
vn 0.8922 -0.1175 -0.4360
vn 0.8411 -0.5241 0.1335
vn 0.8559 -0.5061 0.1060
vn 0.8139 0.5792 -0.0453
vn 0.8026 0.4805 -0.3536
vn 0.8568 0.4569 -0.2390
vn 0.6289 0.7078 0.3216
vn 0.6543 0.7563 0.0007
vn 0.7419 0.5276 -0.4139
vn 0.8534 -0.5190 -0.0496
vn 0.6483 0.6868 -0.3288
vn 0.6030 -0.7938 -0.0785
vn 0.7609 0.5437 0.3541
vn 0.5952 -0.7854 0.1698
vn 0.5835 0.0822 -0.8080
vn 0.9553 0.1356 -0.2628
vn 0.8983 -0.3176 -0.3037
vn 0.7968 0.5925 -0.1187
vn 0.8329 0.5415 0.1142
vn 0.8738 -0.2236 0.4318
vn 0.9086 0.0456 0.4152
vn 0.9391 0.3435 -0.0105
vn 0.5368 -0.8260 -0.1720
vn 0.9362 0.3515 -0.0055
vn 0.8371 0.4782 0.2659
vn 0.9106 0.3702 0.1836
vn 0.9140 0.3809 0.1395
vn 0.7470 0.6548 0.1149
vn 0.9365 -0.0518 0.3467
vn 0.5300 -0.8016 -0.2768
vn 0.5833 0.2545 -0.7713
vn 0.5784 0.1876 -0.7939
vn 0.6916 -0.0575 -0.7200
vn 0.9421 0.2518 0.2216
vn 0.9309 0.2636 -0.2528
vn 0.7971 -0.6006 0.0616
vn 0.6478 0.3261 -0.6885
vn 0.8652 0.4703 0.1738
vn 0.8479 0.3068 -0.4324
vn 0.9504 -0.3055 0.0588
vn 0.9121 0.3741 0.1679
vn 0.7840 -0.6012 0.1547
vn 0.7335 0.6067 0.3064
vn 0.9331 -0.3591 -0.0203
vn 0.5861 0.2590 -0.7677
vn 0.9486 0.1568 -0.2749
vn 0.4699 -0.8331 -0.2917
vn 0.9969 -0.0700 -0.0345
vn 0.9511 0.2013 -0.2342
vn 0.9989 -0.0369 -0.0306
vn 0.0569 0.4256 -0.9031
vn 0.4447 0.8808 -0.1624
vn 0.9170 -0.3641 0.1628
vn -0.2698 0.7833 -0.5601
vn 0.7154 0.3162 -0.6230
vn 0.9979 -0.0101 -0.0647
vn 0.8759 -0.2414 -0.4177
vn 0.9992 -0.0005 -0.0402
vn 0.8451 0.5292 0.0755
vn 0.9754 -0.0406 -0.2165
vn 0.9782 -0.0103 0.2076
vn 0.9782 -0.1012 0.1813
vn 0.5793 -0.7500 -0.3194
vn 0.9842 0.0519 -0.1692
vn 0.6222 -0.7419 -0.2501
vn 0.8417 -0.5385 -0.0396
vn 0.6595 -0.7483 0.0716
vn 0.9772 -0.1535 0.1468
vn 0.9353 0.3359 0.1114
vn 0.8428 -0.5069 0.1808
vn 0.9201 -0.3673 -0.1358
vn 0.7658 -0.6235 -0.1574
vn 0.8932 0.0578 -0.4460
vn 0.9259 0.1721 -0.3363
vn 0.7584 -0.3598 -0.5435
vn 0.8092 -0.5494 0.2081
vn 0.8960 -0.4326 0.0997
vn 0.7526 -0.3838 -0.5351
vn 0.9650 0.2220 0.1394
vn 0.8965 0.4073 0.1744
vn 0.8172 0.5476 0.1795
vn 0.8180 -0.5655 -0.1052
vn 0.8940 -0.4292 0.1286
vn 0.7169 -0.6654 0.2081
vn 0.9465 -0.2961 0.1283
vn 0.5852 -0.7519 -0.3035
vn 0.9409 -0.3201 -0.1104
vn 0.9782 0.2016 0.0493
vn 0.9739 -0.2025 0.1027
vn 0.9866 -0.0532 0.1541
vn 0.9959 0.0898 0.0135
vn 0.9734 0.2291 0.0082
vn 0.9764 -0.1712 0.1315
vn 0.9733 -0.2180 0.0722
vn 0.9694 -0.2314 0.0826
vn 0.9498 -0.3125 -0.0141
vn 0.9849 -0.1729 0.0089
vn 0.9763 0.1777 0.1238
vn 0.9963 0.0425 0.0750
vn 0.9734 -0.2174 0.0726
vn 0.9993 0.0368 0.0041
vn 0.9993 0.0294 0.0243
vn 0.9954 -0.0914 -0.0276
vn 0.9877 -0.1331 0.0817
vn 0.8817 -0.4670 -0.0670
vn 0.9636 -0.2587 0.0678
vn 0.7773 -0.5970 -0.1986
vn 0.8734 0.4857 -0.0345
vn 0.8135 0.5097 -0.2800
vn 0.9541 0.2398 0.1794
vn 0.8819 -0.1466 -0.4480
vn 0.8719 -0.4826 -0.0834
vn 0.9918 -0.0967 0.0840
vn 0.8830 0.0719 -0.4639
vn 0.9185 0.3616 0.1598
vn 0.8935 0.4301 0.1292
vn 0.9513 0.0160 -0.3080
vn 0.9731 -0.2194 0.0707
vn 0.9460 0.3242 0.0029
vn 0.9005 0.0967 -0.4240
vn 0.9879 -0.0901 0.1265
vn 0.9568 -0.0477 -0.2868
vn 0.9796 0.1777 0.0942
vn 0.9730 -0.1805 0.1441
vn 0.9933 -0.0299 0.1118
vn 0.9846 -0.1717 0.0318
vn 0.9262 0.2896 -0.2415
vn 0.9672 0.2513 -0.0372
vn 0.9936 -0.0599 0.0960
vn 0.9858 0.0468 -0.1610
vn 0.9822 -0.1810 0.0504
f 82//82 102//102 125//125
f 32//32 204//204 87//87
f 84//84 55//55 102//102
f 92//92 82//82 125//125
f 55//55 131//131 102//102
f 540//540 494//494 398//398
f 494//494 570//570 560//560
f 494//494 554//554 557//557
f 557//557 554//554 585//585
f 251//251 319//319 275//275
f 255//255 243//243 311//311
f 323//323 450//450 391//391
f 319//319 298//298 391//391
f 398//398 450//450 323//323
f 223//223 197//197 319//319
f 86//86 138//138 66//66
f 391//391 494//494 441//441
f 450//450 494//494 391//391
f 197//197 213//213 323//323
f 125//125 197//197 187//187
f 254//254 184//184 179//179
f 22//22 89//89 42//42
f 17//17 16//16 59//59
f 22//22 14//14 16//16
f 16//16 39//39 78//78
f 155//155 179//179 59//59
f 18//18 50//50 128//128
f 19//19 21//21 18//18
f 34//34 29//29 19//19
f 107//107 77//77 62//62
f 127//127 111//111 117//117
f 529//529 473//473 698//698
f 473//473 529//529 477//477
f 562//562 477//477 529//529
f 315//315 311//311 477//477
f 676//676 624//624 715//715
f 467//467 434//434 568//568
f 676//676 574//574 624//624
f 526//526 468//468 568//568
f 624//624 529//529 697//697
f 698//698 671//671 691//691
f 835//835 624//624 846//846
f 789//789 624//624 835//835
f 846//846 691//691 864//864
f 875//875 865//865 916//916
f 835//835 846//846 865//865
f 843//843 835//835 875//875
f 584//584 562//562 624//624
f 624//624 697//697 846//846
f 866//866 723//723 868//868
f 819//819 757//757 863//863
f 863//863 757//757 862//862
f 966//966 896//896 866//866
f 892//892 896//896 931//931
f 75//75 139//139 74//74
f 262//262 304//304 253//253
f 190//190 262//262 253//253
f 195//195 158//158 128//128
f 262//262 270//270 281//281
f 262//262 242//242 270//270
f 254//254 315//315 242//242
f 254//254 195//195 184//184
f 128//128 185//185 195//195
f 103//103 139//139 75//75
f 68//68 60//60 75//75
f 51//51 41//41 60//60
f 41//41 80//80 73//73
f 38//38 80//80 41//41
f 281//281 357//357 304//304
f 434//434 467//467 468//468
f 304//304 357//357 339//339
f 72//72 75//75 74//74
f 115//115 168//168 123//123
f 20//20 168//168 167//167
f 3//3 115//115 43//43
f 182//182 20//20 214//214
f 28//28 9//9 182//182
f 7//7 28//28 57//57
f 96//96 7//7 57//57
f 120//120 119//119 35//35
f 35//35 7//7 99//99
f 7//7 6//6 3//3
f 218//218 322//322 257//257
f 218//218 304//304 369//369
f 369//369 339//339 415//415
f 313//313 322//322 344//344
f 343//343 355//355 331//331
f 442//442 415//415 471//471
f 501//501 472//472 471//471
f 469//469 468//468 564//564
f 583//583 564//564 616//616
f 543//543 489//489 564//564
f 616//616 600//600 587//587
f 549//549 534//534 587//587
f 600//600 549//549 587//587
f 389//389 365//365 400//400
f 399//399 365//365 389//389
f 472//472 501//501 446//446
f 446//446 476//476 541//541
f 463//463 446//446 523//523
f 463//463 407//407 399//399
f 389//389 446//446 463//463
f 534//534 549//549 501//501
f 272//272 241//241 314//314
f 268//268 272//272 346//346
f 370//370 268//268 346//346
f 135//135 15//15 25//25
f 160//160 137//137 135//135
f 160//160 153//153 137//137
f 165//165 160//160 135//135
f 154//154 35//35 119//119
f 126//126 121//121 209//209
f 181//181 153//153 160//160
f 203//203 194//194 181//181
f 210//210 153//153 194//194
f 203//203 210//210 194//194
f 112//112 121//121 126//126
f 221//221 245//245 271//271
f 226//226 221//221 271//271
f 250//250 189//189 226//226
f 124//124 106//106 153//153
f 124//124 114//114 106//106
f 166//166 124//124 153//153
f 174//174 153//153 215//215
f 215//215 153//153 234//234
f 236//236 228//228 266//266
f 307//307 266//266 215//215
f 228//228 236//236 200//200
f 236//236 174//174 200//200
f 276//276 215//215 234//234
f 326//326 324//324 301//301
f 404//404 414//414 359//359
f 220//220 235//235 234//234
f 276//276 278//278 301//301
f 641//641 580//580 689//689
f 682//682 640//640 641//641
f 555//555 614//614 629//629
f 711//711 706//706 752//752
f 687//687 614//614 711//711
f 720//720 711//711 752//752
f 687//687 711//711 720//720
f 629//629 614//614 687//687
f 556//556 577//577 594//594
f 454//454 463//463 475//475
f 519//519 548//548 551//551
f 532//532 463//463 577//577
f 822//822 752//752 824//824
f 712//712 679//679 774//774
f 787//787 822//822 796//796
f 747//747 774//774 720//720
f 913//913 917//917 915//915
f 858//858 903//903 844//844
f 872//872 844//844 889//889
f 775//775 796//796 831//831
f 796//796 844//844 831//831
f 838//838 796//796 822//822
f 605//605 596//596 519//519
f 596//596 605//605 653//653
f 653//653 679//679 712//712
f 633//633 653//653 667//667
f 589//589 627//627 649//649
f 712//712 685//685 653//653
f 361//361 312//312 412//412
f 410//410 486//486 458//458
f 378//378 361//361 410//410
f 300//300 289//289 337//337
f 458//458 519//519 527//527
f 410//410 458//458 437//437
f 437//437 527//527 508//508
f 363//363 378//378 386//386
f 384//384 397//397 317//317
f 363//363 317//317 250//250
f 101//101 143//143 115//115
f 512//512 589//589 507//507
f 373//373 321//321 295//295
f 321//321 373//373 367//367
f 373//373 295//295 348//348
f 385//385 465//465 480//480
f 367//367 373//373 385//385
f 465//465 390//390 490//490
f 465//465 385//385 390//390
f 484//484 506//506 608//608
f 608//608 506//506 686//686
f 506//506 484//484 499//499
f 533//533 542//542 538//538
f 506//506 545//545 619//619
f 490//490 484//484 566//566
f 488//488 514//514 429//429
f 325//325 303//303 366//366
f 490//490 566//566 657//657
f 455//455 492//492 515//515
f 295//295 224//224 325//325
f 325//325 224//224 265//265
f 285//285 224//224 295//295
f 140//140 93//93 36//36
f 11//11 93//93 4//4
f 36//36 93//93 11//11
f 85//85 91//91 48//48
f 163//163 157//157 288//288
f 36//36 1//1 5//5
f 91//91 23//23 5//5
f 303//303 263//263 320//320
f 294//294 288//288 172//172
f 52//52 30//30 31//31
f 172//172 30//30 52//52
f 130//130 172//172 52//52
f 172//172 206//206 274//274
f 246//246 172//172 130//130
f 152//152 239//239 169//169
f 518//518 648//648 531//531
f 398//398 480//480 531//531
f 625//625 531//531 648//648
f 648//648 518//518 465//465
f 648//648 465//465 683//683
f 585//585 570//570 684//684
f 648//648 792//792 684//684
f 648//648 770//770 817//817
f 798//798 815//815 857//857
f 770//770 683//683 657//657
f 825//825 657//657 778//778
f 778//778 696//696 798//798
f 778//778 798//798 857//857
f 898//898 825//825 882//882
f 849//849 830//830 881//881
f 853//853 792//792 861//861
f 830//830 870//870 898//898
f 849//849 881//881 861//861
f 856//856 829//829 853//853
f 670//670 595//595 669//669
f 793//793 693//693 702//702
f 734//734 669//669 748//748
f 730//730 702//702 670//670
f 730//730 669//669 734//734
f 834//834 793//793 730//730
f 749//749 780//780 788//788
f 807//807 749//749 788//788
f 797//797 794//794 790//790
f 595//595 515//515 492//492
f 617//617 492//492 525//525
f 688//688 617//617 694//694
f 669//669 617//617 688//688
f 726//726 638//638 729//729
f 777//777 761//761 766//766
f 777//777 765//765 761//761
f 811//811 797//797 777//777
f 745//745 703//703 750//750
f 771//771 764//764 777//777
f 461//461 419//419 347//347
f 409//409 340//340 380//380
f 409//409 380//380 423//423
f 308//308 291//291 302//302
f 375//375 341//341 379//379
f 375//375 374//374 345//345
f 516//516 423//423 445//445
f 516//516 445//445 567//567
f 445//445 495//495 567//567
f 652//652 703//703 628//628
f 628//628 558//558 609//609
f 578//578 567//567 544//544
f 722//722 703//703 677//677
f 621//621 663//663 636//636
f 432//432 425//425 433//433
f 433//433 379//379 431//431
f 431//431 354//354 505//505
f 505//505 482//482 431//431
f 544//544 491//491 431//431
f 354//354 396//396 505//505
f 821//821 793//793 834//834
f 834//834 823//823 855//855
f 895//895 821//821 883//883
f 855//855 807//807 878//878
f 910//910 919//919 918//918
f 945//945 936//936 956//956
f 948//948 960//960 949//949
f 886//886 797//797 877//877
f 851//851 805//805 802//802
f 396//396 352//352 572//572
f 944//944 950//950 923//923
f 923//923 812//812 867//867
f 672//672 631//631 744//744
f 672//672 744//744 710//710
f 802//802 722//722 663//663
f 851//851 802//802 779//779
f 779//779 663//663 602//602
f 746//746 779//779 681//681
f 572//572 593//593 505//505
f 732//732 681//681 709//709
f 662//662 644//644 572//572
f 923//923 910//910 893//893
f 923//923 893//893 812//812
f 725//725 812//812 732//732
f 709//709 725//725 721//721
f 725//725 732//732 721//721
f 710//710 812//812 725//725
f 710//710 725//725 695//695
f 656//656 710//710 695//695
f 736//736 681//681 732//732
f 882//882 936//936 898//898
f 948//948 949//949 945//945
f 490//490 657//657 683//683
f 108//108 91//91 85//85
f 49//49 104//104 70//70
f 91//91 33//33 30//30
f 91//91 30//30 23//23
f 100//100 97//97 91//91
f 100//100 104//104 49//49
f 49//49 76//76 100//100
f 90//90 76//76 49//49
f 94//94 130//130 47//47
f 116//116 105//105 97//97
f 90//90 116//116 97//97
f 264//264 175//175 305//305
f 98//98 77//77 109//109
f 176//176 110//110 107//107
f 183//183 147//147 129//129
f 183//183 129//129 227//227
f 147//147 113//113 110//110
f 144//144 176//176 107//107
f 144//144 107//107 111//111
f 176//176 144//144 162//162
f 199//199 176//176 222//222
f 225//225 199//199 248//248
f 286//286 175//175 211//211
f 286//286 342//342 305//305
f 342//342 352//352 305//305
f 161//161 67//67 147//147
f 207//207 211//211 161//161
f 207//207 227//227 282//282
f 282//282 227//227 283//283
f 282//282 283//283 286//286
f 286//286 283//283 377//377
f 377//377 342//342 286//286
f 290//290 283//283 248//248
f 290//290 358//358 306//306
f 161//161 147//147 183//183
f 291//291 191//191 230//230
f 191//191 202//202 230//230
f 256//256 269//269 353//353
f 354//354 256//256 353//353
f 396//396 353//353 362//362
f 302//302 256//256 354//354
f 330//330 353//353 305//305
f 330//330 305//305 352//352
f 572//572 352//352 459//459
f 459//459 352//352 424//424
f 396//396 362//362 352//352
f 353//353 330//330 352//352
f 464//464 424//424 500//500
f 522//522 572//572 459//459
f 464//464 618//618 496//496
f 104//104 85//85 98//98
f 850//850 585//585 808//808
f 876//876 842//842 850//850
f 557//557 585//585 842//842
f 836//836 842//842 885//885
f 842//842 938//938 885//885
f 876//876 938//938 842//842
f 926//926 853//853 879//879
f 937//937 926//926 967//967
f 926//926 955//955 967//967
f 926//926 949//949 955//955
f 955//955 949//949 959//959
f 916//916 900//900 938//938
f 916//916 938//938 973//973
f 985//985 980//980 986//986
f 980//980 982//982 986//986
f 976//976 980//980 985//985
f 951//951 970//970 961//961
f 946//946 970//970 951//951
f 924//924 854//854 847//847
f 941//941 854//854 924//924
f 946//946 942//942 952//952
f 952//952 942//942 939//939
f 896//896 966//966 984//984
f 984//984 987//987 977//977
f 977//977 896//896 984//984
f 921//921 930//930 917//917
f 983//983 946//946 975//975
f 974//974 977//977 983//983
f 968//968 914//914 971//971
f 964//964 943//943 968//968
f 943//943 964//964 929//929
f 946//946 963//963 975//975
f 962//962 975//975 963//963
f 929//929 962//962 939//939
f 962//962 963//963 939//939
f 977//977 987//987 988//988
f 959//959 958//958 953//953
f 949//949 958//958 959//959
f 959//959 953//953 954//954
f 928//928 923//923 867//867
f 651//651 804//804 673//673
f 753//753 804//804 666//666
f 804//804 899//899 810//810
f 927//927 899//899 871//871
f 854//854 871//871 827//827
f 946//946 957//957 963//963
f 332//332 248//248 336//336
f 358//358 248//248 332//332
f 680//680 597//597 479//479
f 553//553 573//573 358//358
f 479//479 381//381 513//513
f 610//610 479//479 513//513
f 573//573 513//513 358//358
f 582//582 479//479 610//610
f 701//701 680//680 610//610
f 869//869 924//924 847//847
f 880//880 924//924 869//869
f 668//668 791//791 704//704
f 741//741 854//854 701//701
f 537//537 552//552 485//485
f 552//552 579//579 553//553
f 637//637 606//606 579//579
f 576//576 599//599 664//664
f 606//606 643//643 612//612
f 606//606 612//612 573//573
f 606//606 668//668 643//643
f 576//576 637//637 579//579
f 205//205 192//192 236//236
f 327//327 310//310 280//280
f 336//336 287//287 310//310
f 387//387 358//358 356//356
f 485//485 358//358 387//387
f 387//387 327//327 350//350
f 350//350 327//327 335//335
f 405//405 351//351 376//376
f 550//550 351//351 405//405
f 901//901 897//897 917//917
f 897//897 901//901 839//839
f 826//826 914//914 852//852
f 839//839 826//826 818//818
f 814//814 840//840 920//920
f 814//814 803//803 739//739
f 932//932 920//920 852//852
f 935//935 968//968 943//943
f 814//814 832//832 840//840
f 818//818 742//742 784//784
f 754//754 784//784 742//742
f 737//737 754//754 742//742
f 751//751 795//795 760//760
f 742//742 727//727 700//700
f 649//649 678//678 699//699
f 603//603 642//642 692//692
f 737//737 742//742 642//642
f 665//665 700//700 739//739
f 700//700 665//665 674//674
f 591//591 575//575 550//550
f 654//654 700//700 626//626
f 665//665 592//592 626//626
f 814//814 887//887 803//803
f 887//887 922//922 929//929
f 493//493 520//520 470//470
f 550//550 536//536 565//565
f 565//565 520//520 642//642
f 618//618 521//521 666//666
f 666//666 651//651 618//618
f 618//618 651//651 620//620
f 521//521 634//634 666//666
f 634//634 719//719 666//666
f 634//634 680//680 719//719
f 753//753 719//719 680//680
f 827//827 753//753 680//680
f 597//597 680//680 634//634
f 592//592 665//665 661//661
f 481//481 485//485 387//387
f 565//565 642//642 603//603
f 107//107 110//110 77//77
f 192//192 127//127 236//236
f 916//916 864//864 900//900
f 493//493 507//507 520//520
f 635//635 557//557 691//691
f 960//960 944//944 928//928
f 22//22 66//66 89//89
f 39//39 89//89 78//78
f 56//56 86//86 22//22
f 903//903 873//873 863//863
f 719//719 753//753 666//666
f 311//311 254//254 255//255
f 398//398 323//323 367//367
f 93//93 27//27 4//4
f 213//213 204//204 323//323
f 321//321 204//204 277//277
f 229//229 321//321 277//277
f 239//239 321//321 229//229
f 277//277 204//204 212//212
f 196//196 212//212 180//180
f 204//204 321//321 323//323
f 367//367 323//323 321//321
f 229//229 212//212 196//196
f 204//204 125//125 131//131
f 131//131 125//125 102//102
f 213//213 125//125 204//204
f 213//213 197//197 125//125
f 125//125 138//138 92//92
f 204//204 32//32 212//212
f 32//32 93//93 169//169
f 93//93 32//32 27//27
f 169//169 180//180 32//32
f 8//8 12//12 55//55
f 32//32 55//55 12//12
f 4//4 27//27 8//8
f 8//8 55//55 48//48
f 87//87 55//55 32//32
f 204//204 131//131 87//87
f 32//32 12//12 27//27
f 102//102 82//82 84//84
f 84//84 82//82 63//63
f 63//63 55//55 84//84
f 92//92 85//85 82//82
f 48//48 82//82 85//85
f 212//212 32//32 180//180
f 494//494 540//540 570//570
f 398//398 494//494 450//450
f 554//554 494//494 560//560
f 560//560 570//570 585//585
f 554//554 560//560 585//585
f 494//494 557//557 539//539
f 247//247 243//243 136//136
f 243//243 155//155 146//146
f 223//223 251//251 197//197
f 136//136 89//89 138//138
f 251//251 136//136 197//197
f 66//66 138//138 89//89
f 251//251 247//247 136//136
f 89//89 146//146 78//78
f 146//146 89//89 136//136
f 473//473 311//311 371//371
f 275//275 243//243 247//247
f 243//243 275//275 371//371
f 155//155 243//243 179//179
f 243//243 371//371 311//311
f 371//371 275//275 319//319
f 243//243 255//255 179//179
f 391//391 334//334 323//323
f 323//323 298//298 197//197
f 334//334 298//298 323//323
f 334//334 391//391 298//298
f 298//298 319//319 197//197
f 138//138 187//187 197//197
f 66//66 22//22 86//86
f 319//319 251//251 223//223
f 441//441 371//371 391//391
f 319//319 391//391 371//371
f 483//483 441//441 539//539
f 494//494 539//539 441//441
f 251//251 275//275 247//247
f 125//125 187//187 138//138
f 539//539 557//557 635//635
f 255//255 254//254 179//179
f 184//184 128//128 179//179
f 185//185 128//128 184//184
f 53//53 26//26 18//18
f 155//155 58//58 146//146
f 58//58 78//78 146//146
f 22//22 42//42 39//39
f 22//22 39//39 14//14
f 17//17 59//59 29//29
f 40//40 16//16 17//17
f 155//155 59//59 58//58
f 50//50 59//59 128//128
f 50//50 29//29 59//59
f 50//50 18//18 21//21
f 21//21 29//29 50//50
f 17//17 29//29 34//34
f 26//26 25//25 18//18
f 18//18 15//15 19//19
f 19//19 29//29 21//21
f 19//19 15//15 106//106
f 85//85 92//92 56//56
f 85//85 56//56 62//62
f 56//56 22//22 62//62
f 22//22 40//40 62//62
f 40//40 22//22 16//16
f 98//98 62//62 77//77
f 62//62 40//40 34//34
f 62//62 34//34 69//69
f 69//69 106//106 117//117
f 69//69 117//117 111//111
f 62//62 69//69 107//107
f 107//107 69//69 111//111
f 34//34 40//40 17//17
f 127//127 117//117 166//166
f 127//127 192//192 111//111
f 254//254 311//311 315//315
f 315//315 477//477 434//434
f 468//468 526//526 559//559
f 580//580 468//468 559//559
f 691//691 557//557 836//836
f 836//836 557//557 842//842
f 836//836 786//786 691//691
f 473//473 421//421 311//311
f 477//477 311//311 421//421
f 473//473 477//477 421//421
f 477//477 562//562 509//509
f 509//509 562//562 584//584
f 473//473 483//483 698//698
f 562//562 529//529 624//624
f 568//568 509//509 584//584
f 715//715 789//789 723//723
f 624//624 789//789 715//715
f 568//568 468//468 467//467
f 632//632 574//574 676//676
f 526//526 568//568 574//574
f 526//526 574//574 559//559
f 574//574 658//658 559//559
f 676//676 715//715 723//723
f 574//574 568//568 624//624
f 658//658 574//574 632//632
f 483//483 539//539 671//671
f 539//539 635//635 671//671
f 698//698 697//697 529//529
f 671//671 635//635 691//691
f 698//698 691//691 846//846
f 691//691 786//786 864//864
f 483//483 671//671 698//698
f 789//789 835//835 843//843
f 723//723 789//789 868//868
f 868//868 789//789 843//843
f 846//846 864//864 916//916
f 865//865 846//846 916//916
f 835//835 865//865 875//875
f 875//875 916//916 965//965
f 868//868 843//843 966//966
f 966//966 843//843 875//875
f 559//559 658//658 580//580
f 580//580 658//658 708//708
f 645//645 580//580 708//708
f 723//723 866//866 759//759
f 723//723 759//759 757//757
f 757//757 658//658 723//723
f 716//716 757//757 755//755
f 658//658 757//757 716//716
f 716//716 755//755 708//708
f 755//755 757//757 819//819
f 708//708 658//658 716//716
f 658//658 632//632 723//723
f 966//966 866//866 868//868
f 757//757 759//759 820//820
f 866//866 757//757 820//820
f 757//757 866//866 896//896
f 863//863 873//873 841//841
f 862//862 896//896 892//892
f 892//892 921//921 903//903
f 892//892 931//931 921//921
f 863//863 862//862 892//892
f 903//903 863//863 892//892
f 632//632 676//676 723//723
f 139//139 242//242 190//190
f 242//242 262//262 190//190
f 190//190 143//143 150//150
f 143//143 190//190 115//115
f 101//101 150//150 143//143
f 139//139 190//190 150//150
f 139//139 81//81 74//74
f 139//139 150//150 101//101
f 304//304 218//218 253//253
f 304//304 339//339 369//369
f 190//190 168//168 115//115
f 190//190 253//253 168//168
f 195//195 159//159 158//158
f 281//281 270//270 242//242
f 195//195 242//242 159//159
f 242//242 315//315 281//281
f 254//254 240//240 195//195
f 281//281 315//315 434//434
f 128//128 122//122 80//80
f 128//128 158//158 122//122
f 73//73 60//60 41//41
f 122//122 159//159 103//103
f 159//159 242//242 139//139
f 75//75 60//60 103//103
f 103//103 73//73 122//122
f 73//73 103//103 60//60
f 68//68 51//51 60//60
f 75//75 72//72 68//68
f 26//26 53//53 80//80
f 80//80 38//38 26//26
f 51//51 135//135 41//41
f 38//38 41//41 135//135
f 135//135 51//51 68//68
f 158//158 159//159 122//122
f 139//139 103//103 159//159
f 80//80 122//122 73//73
f 434//434 468//468 357//357
f 16//16 14//14 39//39
f 281//281 434//434 357//357
f 281//281 304//304 262//262
f 339//339 357//357 394//394
f 357//357 435//435 394//394
f 469//469 435//435 468//468
f 468//468 435//435 357//357
f 115//115 3//3 101//101
f 81//81 101//101 54//54
f 54//54 101//101 3//3
f 65//65 115//115 123//123
f 65//65 20//20 24//24
f 3//3 43//43 24//24
f 65//65 168//168 20//20
f 168//168 173//173 167//167
f 186//186 173//173 168//168
f 167//167 173//173 217//217
f 20//20 217//217 214//214
f 167//167 217//217 20//20
f 7//7 9//9 28//28
f 3//3 9//9 7//7
f 3//3 13//13 10//10
f 3//3 10//10 9//9
f 20//20 10//10 13//13
f 20//20 13//13 24//24
f 24//24 13//13 3//3
f 79//79 72//72 74//74
f 64//64 79//79 74//74
f 37//37 6//6 7//7
f 74//74 54//54 37//37
f 37//37 3//3 6//6
f 37//37 7//7 64//64
f 79//79 64//64 7//7
f 7//7 35//35 79//79
f 74//74 37//37 64//64
f 9//9 20//20 182//182
f 57//57 182//182 132//132
f 182//182 241//241 268//268
f 182//182 214//214 241//241
f 28//28 182//182 57//57
f 79//79 35//35 118//118
f 135//135 68//68 154//154
f 154//154 68//68 118//118
f 241//241 272//272 268//268
f 268//268 249//249 182//182
f 268//268 370//370 292//292
f 132//132 182//182 121//121
f 35//35 121//121 112//112
f 120//120 35//35 112//112
f 121//121 35//35 99//99
f 121//121 182//182 209//209
f 7//7 96//96 99//99
f 96//96 132//132 99//99
f 209//209 182//182 249//249
f 37//37 54//54 3//3
f 237//237 216//216 232//232
f 252//252 237//237 257//257
f 252//252 261//261 237//237
f 259//259 260//260 252//252
f 260//260 267//267 261//261
f 257//257 237//237 232//232
f 267//267 259//259 257//257
f 260//260 252//252 257//257
f 309//309 293//293 322//322
f 331//331 309//309 322//322
f 267//267 257//257 293//293
f 293//293 257//257 322//322
f 369//369 360//360 338//338
f 415//415 401//401 369//369
f 293//293 313//313 261//261
f 238//238 216//216 261//261
f 313//313 316//316 322//322
f 331//331 344//344 322//322
f 313//313 293//293 316//316
f 328//328 322//322 338//338
f 338//338 344//344 331//331
f 217//217 238//238 313//313
f 368//368 344//344 355//355
f 344//344 368//368 365//365
f 238//238 261//261 313//313
f 338//338 322//322 218//218
f 360//360 388//388 355//355
f 401//401 395//395 388//388
f 411//411 401//401 416//416
f 411//411 413//413 401//401
f 401//401 413//413 395//395
f 439//439 401//401 442//442
f 439//439 449//449 413//413
f 416//416 401//401 439//439
f 416//416 439//439 413//413
f 388//388 395//395 355//355
f 355//355 395//395 408//408
f 413//413 408//408 395//395
f 216//216 237//237 261//261
f 369//369 401//401 388//388
f 338//338 355//355 343//343
f 368//368 355//355 408//408
f 355//355 338//338 360//360
f 339//339 394//394 415//415
f 394//394 451//451 415//415
f 451//451 394//394 435//435
f 415//415 451//451 489//489
f 471//471 489//489 501//501
f 435//435 469//469 451//451
f 451//451 469//469 564//564
f 468//468 580//580 564//564
f 564//564 580//580 630//630
f 489//489 451//451 564//564
f 501//501 543//543 587//587
f 543//543 569//569 587//587
f 543//543 564//564 569//569
f 569//569 564//564 583//583
f 501//501 587//587 534//534
f 587//587 583//583 616//616
f 583//583 587//587 569//569
f 501//501 489//489 543//543
f 408//408 446//446 400//400
f 217//217 313//313 329//329
f 344//344 365//365 329//329
f 365//365 368//368 400//400
f 329//329 399//399 383//383
f 399//399 389//389 463//463
f 408//408 413//413 436//436
f 449//449 453//453 436//436
f 413//413 449//449 436//436
f 408//408 436//436 472//472
f 453//453 472//472 436//436
f 476//476 446//446 501//501
f 446//446 541//541 523//523
f 418//418 407//407 463//463
f 370//370 407//407 412//412
f 314//314 329//329 383//383
f 549//549 476//476 501//501
f 368//368 408//408 400//400
f 400//400 446//446 389//389
f 415//415 442//442 401//401
f 442//442 453//453 439//439
f 439//439 452//452 449//449
f 453//453 452//452 439//439
f 471//471 453//453 442//442
f 453//453 471//471 472//472
f 208//208 216//216 238//238
f 314//314 370//370 346//346
f 26//26 38//38 25//25
f 135//135 25//25 38//38
f 106//106 15//15 153//153
f 153//153 15//15 137//137
f 137//137 15//15 135//135
f 135//135 154//154 165//165
f 154//154 164//164 165//165
f 164//164 154//154 181//181
f 181//181 120//120 203//203
f 165//165 164//164 181//181
f 119//119 120//120 181//181
f 249//249 292//292 209//209
f 126//126 209//209 171//171
f 245//245 284//284 289//289
f 160//160 165//165 181//181
f 153//153 181//181 194//194
f 210//210 203//203 220//220
f 120//120 112//112 126//126
f 126//126 141//141 120//120
f 120//120 141//141 151//151
f 178//178 219//219 221//221
f 141//141 126//126 171//171
f 171//171 178//178 141//141
f 189//189 141//141 178//178
f 178//178 221//221 189//189
f 201//201 250//250 244//244
f 151//151 201//201 220//220
f 151//151 189//189 201//201
f 226//226 271//271 258//258
f 151//151 141//141 189//189
f 235//235 220//220 201//201
f 174//174 166//166 153//153
f 117//117 114//114 124//124
f 166//166 117//117 124//124
f 153//153 210//210 234//234
f 200//200 174//174 215//215
f 236//236 166//166 174//174
f 200//200 215//215 228//228
f 266//266 307//307 327//327
f 266//266 228//228 215//215
f 210//210 220//220 234//234
f 296//296 276//276 301//301
f 215//215 276//276 296//296
f 215//215 296//296 307//307
f 296//296 301//301 324//324
f 376//376 296//296 324//324
f 359//359 324//324 326//326
f 359//359 326//326 404//404
f 326//326 317//317 404//404
f 414//414 376//376 359//359
f 376//376 324//324 359//359
f 244//244 235//235 201//201
f 235//235 244//244 278//278
f 244//244 250//250 317//317
f 278//278 317//317 301//301
f 244//244 317//317 278//278
f 171//171 219//219 178//178
f 120//120 151//151 203//203
f 549//549 614//614 571//571
f 580//580 645//645 689//689
f 689//689 708//708 707//707
f 689//689 645//645 708//708
f 689//689 707//707 682//682
f 640//640 682//682 706//706
f 728//728 708//708 740//740
f 707//707 708//708 728//728
f 641//641 630//630 580//580
f 682//682 641//641 689//689
f 600//600 640//640 614//614
f 571//571 614//614 555//555
f 614//614 640//640 706//706
f 614//614 706//706 711//711
f 728//728 740//740 769//769
f 755//755 809//809 740//740
f 740//740 708//708 755//755
f 769//769 740//740 809//809
f 769//769 752//752 728//728
f 706//706 728//728 752//752
f 752//752 769//769 809//809
f 706//706 682//682 728//728
f 541//541 571//571 555//555
f 523//523 555//555 577//577
f 463//463 523//523 577//577
f 412//412 418//418 454//454
f 454//454 430//430 412//412
f 475//475 463//463 532//532
f 502//502 475//475 532//532
f 556//556 594//594 548//548
f 594//594 639//639 653//653
f 556//556 548//548 532//532
f 519//519 486//486 548//548
f 551//551 605//605 519//519
f 605//605 551//551 548//548
f 647//647 687//687 639//639
f 639//639 687//687 679//679
f 841//841 809//809 819//819
f 809//809 755//755 819//819
f 809//809 841//841 752//752
f 841//841 824//824 752//752
f 824//824 841//841 848//848
f 824//824 848//848 822//822
f 848//848 838//838 822//822
f 838//838 848//848 873//873
f 679//679 720//720 774//774
f 774//774 747//747 822//822
f 838//838 858//858 796//796
f 858//858 873//873 903//903
f 913//913 915//915 906//906
f 913//913 921//921 917//917
f 909//909 913//913 903//903
f 903//903 921//921 913//913
f 915//915 912//912 903//903
f 907//907 915//915 917//917
f 844//844 888//888 889//889
f 906//906 903//903 913//913
f 858//858 844//844 796//796
f 774//774 787//787 733//733
f 796//796 743//743 733//733
f 872//872 831//831 844//844
f 743//743 796//796 775//775
f 775//775 831//831 799//799
f 596//596 527//527 519//519
f 527//527 596//596 535//535
f 712//712 774//774 733//733
f 639//639 679//679 653//653
f 589//589 512//512 508//508
f 589//589 678//678 627//627
f 589//589 649//649 507//507
f 507//507 649//649 528//528
f 667//667 678//678 633//633
f 733//733 743//743 705//705
f 705//705 775//775 735//735
f 735//735 775//775 751//751
f 717//717 751//751 713//713
f 712//712 733//733 705//705
f 713//713 678//678 667//667
f 596//596 653//653 633//633
f 713//713 737//737 678//678
f 907//907 908//908 912//912
f 912//912 908//908 911//911
f 911//911 908//908 894//894
f 894//894 907//907 911//911
f 907//907 917//917 905//905
f 905//905 917//917 897//897
f 905//905 897//897 902//902
f 902//902 904//904 889//889
f 889//889 904//904 905//905
f 905//905 904//904 908//908
f 747//747 752//752 822//822
f 747//747 720//720 752//752
f 894//894 912//912 911//911
f 911//911 907//907 894//894
f 577//577 687//687 647//647
f 370//370 412//412 292//292
f 292//292 412//412 312//312
f 361//361 412//412 393//393
f 284//284 312//312 361//361
f 289//289 284//284 318//318
f 410//410 393//393 486//486
f 361//361 393//393 410//410
f 318//318 361//361 289//289
f 337//337 361//361 378//378
f 289//289 361//361 337//337
f 297//297 300//300 337//337
f 271//271 297//297 279//279
f 250//250 279//279 297//297
f 486//486 519//519 458//458
f 458//458 527//527 437//437
f 410//410 403//403 386//386
f 437//437 448//448 403//403
f 378//378 410//410 386//386
f 337//337 378//378 363//363
f 384//384 317//317 363//363
f 363//363 386//386 403//403
f 512//512 448//448 508//508
f 448//448 512//512 417//417
f 512//512 507//507 417//417
f 417//417 507//507 440//440
f 403//403 448//448 417//417
f 417//417 404//404 397//397
f 427//427 404//404 420//420
f 417//417 420//420 404//404
f 440//440 427//427 420//420
f 363//363 250//250 297//297
f 154//154 118//118 35//35
f 412//412 407//407 418//418
f 418//418 463//463 454//454
f 218//218 232//232 216//216
f 414//414 404//404 427//427
f 440//440 414//414 427//427
f 404//404 317//317 397//397
f 250//250 258//258 279//279
f 271//271 245//245 289//289
f 68//68 72//72 79//79
f 217//217 329//329 314//314
f 527//527 535//535 508//508
f 385//385 373//373 348//348
f 295//295 325//325 348//348
f 285//285 295//295 321//321
f 367//367 385//385 480//480
f 367//367 480//480 398//398
f 385//385 372//372 390//390
f 402//402 422//422 474//474
f 443//443 474//474 422//422
f 402//402 390//390 382//382
f 402//402 382//382 428//428
f 402//402 474//474 490//490
f 372//372 385//385 348//348
f 372//372 348//348 382//382
f 382//382 325//325 428//428
f 480//480 465//465 518//518
f 372//372 382//382 390//390
f 499//499 503//503 497//497
f 506//506 497//497 503//503
f 514//514 538//538 530//530
f 506//506 530//530 545//545
f 503//503 499//499 484//484
f 619//619 581//581 601//601
f 514//514 601//601 533//533
f 581//581 619//619 545//545
f 613//613 659//659 619//619
f 613//613 619//619 601//601
f 514//514 595//595 613//613
f 601//601 514//514 613//613
f 613//613 595//595 660//660
f 686//686 659//659 693//693
f 506//506 619//619 686//686
f 686//686 619//619 659//659
f 696//696 608//608 798//798
f 798//798 686//686 793//793
f 686//686 798//798 608//608
f 538//538 542//542 530//530
f 462//462 474//474 456//456
f 428//428 429//429 462//462
f 474//474 462//462 484//484
f 428//428 456//456 444//444
f 456//456 443//443 447//447
f 422//422 402//402 428//428
f 474//474 484//484 490//490
f 366//366 455//455 429//429
f 497//497 462//462 429//429
f 428//428 325//325 429//429
f 608//608 657//657 566//566
f 608//608 696//696 657//657
f 455//455 515//515 595//595
f 455//455 488//488 429//429
f 455//455 419//419 492//492
f 455//455 320//320 419//419
f 510//510 497//497 514//514
f 484//484 497//497 503//503
f 239//239 224//224 285//285
f 285//285 321//321 239//239
f 239//239 152//152 224//224
f 152//152 140//140 224//224
f 188//188 140//140 163//163
f 224//224 140//140 188//188
f 265//265 231//231 299//299
f 224//224 188//188 265//265
f 265//265 188//188 231//231
f 163//163 231//231 188//188
f 36//36 11//11 2//2
f 163//163 140//140 36//36
f 163//163 36//36 142//142
f 48//48 2//2 8//8
f 2//2 48//48 1//1
f 1//1 48//48 44//44
f 5//5 1//1 44//44
f 91//91 44//44 48//48
f 142//142 157//157 163//163
f 36//36 5//5 23//23
f 142//142 36//36 23//23
f 91//91 5//5 44//44
f 36//36 2//2 1//1
f 325//325 299//299 303//303
f 303//303 320//320 366//366
f 320//320 347//347 419//419
f 340//340 288//288 294//294
f 340//340 294//294 380//380
f 288//288 320//320 263//263
f 347//347 340//340 364//364
f 142//142 172//172 288//288
f 142//142 30//30 172//172
f 274//274 206//206 246//246
f 294//294 172//172 274//274
f 170//170 198//198 246//246
f 206//206 172//172 246//246
f 239//239 196//196 169//169
f 480//480 518//518 531//531
f 398//398 531//531 540//540
f 540//540 531//531 625//625
f 625//625 684//684 540//540
f 540//540 684//684 570//570
f 683//683 465//465 490//490
f 648//648 683//683 770//770
f 585//585 684//684 714//714
f 585//585 714//714 808//808
f 714//714 684//684 808//808
f 808//808 684//684 792//792
f 792//792 648//648 817//817
f 829//829 792//792 853//853
f 808//808 792//792 829//829
f 684//684 625//625 648//648
f 817//817 837//837 792//792
f 830//830 657//657 825//825
f 857//857 882//882 825//825
f 778//778 857//857 825//825
f 657//657 696//696 778//778
f 770//770 657//657 830//830
f 817//817 770//770 830//830
f 849//849 861//861 817//817
f 881//881 830//830 898//898
f 792//792 837//837 861//861
f 861//861 879//879 853//853
f 861//861 881//881 879//879
f 879//879 881//881 949//949
f 870//870 825//825 898//898
f 898//898 945//945 881//881
f 881//881 945//945 949//949
f 830//830 825//825 870//870
f 670//670 660//660 595//595
f 690//690 702//702 693//693
f 793//793 702//702 730//730
f 702//702 690//690 670//670
f 730//730 748//748 749//749
f 734//734 748//748 730//730
f 670//670 669//669 730//730
f 730//730 749//749 823//823
f 730//730 823//823 834//834
f 780//780 749//749 748//748
f 748//748 756//756 780//780
f 756//756 748//748 669//669
f 756//756 794//794 788//788
f 756//756 694//694 794//794
f 794//794 694//694 790//790
f 694//694 782//782 790//790
f 780//780 756//756 788//788
f 823//823 807//807 855//855
f 807//807 794//794 797//797
f 807//807 797//797 878//878
f 749//749 807//807 823//823
f 794//794 807//807 788//788
f 595//595 492//492 617//617
f 595//595 617//617 669//669
f 461//461 466//466 492//492
f 492//492 466//466 525//525
f 694//694 726//726 782//782
f 517//517 638//638 617//617
f 617//617 638//638 694//694
f 694//694 638//638 726//726
f 517//517 607//607 638//638
f 783//783 773//773 782//782
f 783//783 772//772 785//785
f 782//782 772//772 783//783
f 785//785 772//772 776//776
f 772//772 768//768 776//776
f 772//772 726//726 768//768
f 726//726 767//767 768//768
f 726//726 762//762 763//763
f 726//726 765//765 764//764
f 726//726 729//729 761//761
f 726//726 761//761 765//765
f 763//763 767//767 726//726
f 771//771 767//767 762//762
f 763//763 762//762 767//767
f 782//782 785//785 797//797
f 785//785 777//777 797//797
f 811//811 777//777 766//766
f 607//607 655//655 638//638
f 638//638 703//703 729//729
f 766//766 745//745 758//758
f 729//729 745//745 766//766
f 729//729 703//703 745//745
f 745//745 750//750 758//758
f 638//638 655//655 703//703
f 758//758 750//750 738//738
f 750//750 731//731 738//738
f 731//731 703//703 722//722
f 758//758 738//738 805//805
f 785//785 776//776 777//777
f 776//776 768//768 777//777
f 771//771 777//777 768//768
f 761//761 729//729 766//766
f 811//811 766//766 758//758
f 688//688 694//694 756//756
f 783//783 773//773 782//782
f 782//782 773//773 783//783
f 466//466 461//461 347//347
f 347//347 364//364 466//466
f 364//364 409//409 466//466
f 340//340 409//409 364//364
f 466//466 517//517 525//525
f 466//466 409//409 517//517
f 409//409 504//504 517//517
f 607//607 517//517 504//504
f 423//423 380//380 374//374
f 409//409 423//423 504//504
f 380//380 274//274 308//308
f 274//274 246//246 308//308
f 374//374 308//308 345//345
f 345//345 308//308 341//341
f 198//198 291//291 246//246
f 246//246 291//291 308//308
f 345//345 341//341 375//375
f 445//445 374//374 392//392
f 302//302 349//349 341//341
f 349//349 379//379 341//341
f 349//349 302//302 354//354
f 431//431 379//379 349//349
f 431//431 349//349 354//354
f 354//354 353//353 396//396
f 423//423 516//516 558//558
f 567//567 558//558 516//516
f 567//567 586//586 609//609
f 567//567 511//511 544//544
f 567//567 495//495 511//511
f 655//655 628//628 703//703
f 655//655 607//607 628//628
f 622//622 636//636 628//628
f 636//636 652//652 628//628
f 628//628 621//621 622//622
f 586//586 615//615 609//609
f 621//621 615//615 663//663
f 722//722 652//652 663//663
f 663//663 598//598 602//602
f 586//586 567//567 598//598
f 598//598 567//567 602//602
f 602//602 567//567 578//578
f 622//622 621//621 615//615
f 615//615 621//621 622//622
f 663//663 586//586 598//598
f 445//445 392//392 438//438
f 392//392 406//406 438//438
f 487//487 498//498 495//495
f 498//498 544//544 511//511
f 460//460 478//478 438//438
f 478//478 491//491 438//438
f 487//487 491//491 498//498
f 491//491 433//433 431//431
f 425//425 426//426 438//438
f 445//445 438//438 495//495
f 433//433 460//460 432//432
f 578//578 544//544 505//505
f 607//607 504//504 628//628
f 504//504 558//558 628//628
f 423//423 374//374 445//445
f 793//793 821//821 798//798
f 815//815 798//798 821//821
f 821//821 834//834 883//883
f 857//857 815//815 821//821
f 855//855 878//878 891//891
f 857//857 821//821 895//895
f 882//882 857//857 895//895
f 891//891 878//878 918//918
f 883//883 891//891 936//936
f 891//891 918//918 936//936
f 947//947 918//918 919//919
f 855//855 891//891 883//883
f 882//882 895//895 936//936
f 898//898 936//936 945//945
f 960//960 945//945 956//956
f 918//918 947//947 936//936
f 947//947 950//950 956//956
f 919//919 925//925 947//947
f 925//925 950//950 947//947
f 956//956 950//950 960//960
f 950//950 944//944 960//960
f 936//936 947//947 956//956
f 797//797 886//886 878//878
f 797//797 811//811 877//877
f 886//886 877//877 910//910
f 878//878 886//886 918//918
f 877//877 758//758 851//851
f 877//877 851//851 910//910
f 851//851 758//758 805//805
f 919//919 910//910 925//925
f 851//851 859//859 910//910
f 918//918 886//886 910//910
f 877//877 811//811 758//758
f 950//950 925//925 934//934
f 572//572 588//588 590//590
f 934//934 923//923 950//950
f 944//944 923//923 928//928
f 588//588 656//656 590//590
f 650//650 656//656 588//588
f 744//744 812//812 710//710
f 812//812 744//744 816//816
f 623//623 672//672 588//588
f 673//673 744//744 631//631
f 673//673 631//631 620//620
f 672//672 710//710 650//650
f 588//588 672//672 650//650
f 828//828 746//746 736//736
f 736//736 746//746 681//681
f 736//736 806//806 828//828
f 806//806 736//736 732//732
f 802//802 663//663 779//779
f 859//859 851//851 828//828
f 828//828 851//851 779//779
f 779//779 602//602 681//681
f 828//828 779//779 746//746
f 602//602 505//505 593//593
f 572//572 505//505 396//396
f 709//709 681//681 593//593
f 709//709 593//593 604//604
f 721//721 732//732 709//709
f 709//709 604//604 644//644
f 593//593 572//572 604//604
f 572//572 644//644 604//604
f 590//590 662//662 572//572
f 893//893 828//828 806//806
f 934//934 910//910 923//923
f 910//910 828//828 893//893
f 806//806 812//812 893//893
f 732//732 812//812 806//806
f 644//644 662//662 709//709
f 695//695 725//725 662//662
f 725//725 709//709 662//662
f 695//695 662//662 656//656
f 656//656 662//662 590//590
f 828//828 910//910 859//859
f 686//686 693//693 793//793
f 805//805 722//722 802//802
f 320//320 455//455 366//366
f 33//33 91//91 83//83
f 83//83 91//91 97//97
f 76//76 97//97 100//100
f 100//100 108//108 104//104
f 100//100 91//91 108//108
f 46//46 49//49 70//70
f 49//49 45//45 95//95
f 49//49 46//46 45//45
f 95//95 45//45 61//61
f 47//47 31//31 33//33
f 33//33 83//83 47//47
f 47//47 83//83 88//88
f 88//88 105//105 47//47
f 88//88 83//83 97//97
f 88//88 97//97 105//105
f 94//94 47//47 105//105
f 94//94 145//145 134//134
f 149//149 116//116 133//133
f 94//94 149//149 145//145
f 116//116 90//90 133//133
f 90//90 97//97 76//76
f 90//90 95//95 133//133
f 148//148 133//133 95//95
f 149//149 133//133 156//156
f 156//156 133//133 175//175
f 161//161 175//175 148//148
f 170//170 191//191 198//198
f 177//177 145//145 149//149
f 134//134 177//177 191//191
f 191//191 177//177 202//202
f 177//177 149//149 264//264
f 130//130 134//134 170//170
f 134//134 145//145 177//177
f 149//149 156//156 264//264
f 156//156 175//175 264//264
f 94//94 134//134 130//130
f 94//94 105//105 116//116
f 61//61 67//67 95//95
f 104//104 98//98 70//70
f 70//70 98//98 109//109
f 45//45 46//46 70//70
f 70//70 109//109 113//113
f 113//113 109//109 110//110
f 147//147 110//110 129//129
f 129//129 110//110 176//176
f 67//67 45//45 71//71
f 71//71 70//70 113//113
f 67//67 71//71 147//147
f 71//71 113//113 147//147
f 207//207 183//183 227//227
f 227//227 199//199 225//225
f 129//129 199//199 227//227
f 144//144 111//111 162//162
f 162//162 222//222 176//176
f 162//162 111//111 192//192
f 162//162 192//192 222//222
f 199//199 222//222 248//248
f 248//248 222//222 287//287
f 222//222 205//205 287//287
f 358//358 290//290 248//248
f 175//175 286//286 305//305
f 148//148 95//95 161//161
f 95//95 67//67 161//161
f 207//207 161//161 183//183
f 286//286 211//211 207//207
f 233//233 227//227 225//225
f 233//233 225//225 283//283
f 286//286 207//207 282//282
f 500//500 424//424 521//521
f 381//381 290//290 306//306
f 225//225 248//248 283//283
f 381//381 377//377 283//283
f 381//381 283//283 290//290
f 424//424 377//377 381//381
f 513//513 381//381 306//306
f 479//479 424//424 381//381
f 110//110 109//109 77//77
f 175//175 161//161 211//211
f 192//192 205//205 222//222
f 198//198 191//191 291//291
f 291//291 230//230 256//256
f 202//202 177//177 230//230
f 230//230 269//269 256//256
f 177//177 264//264 269//269
f 291//291 273//273 302//302
f 273//273 256//256 302//302
f 230//230 177//177 269//269
f 269//269 264//264 353//353
f 353//353 352//352 362//362
f 352//352 342//342 424//424
f 424//424 342//342 377//377
f 459//459 464//464 496//496
f 459//459 424//424 464//464
f 500//500 618//618 464//464
f 618//618 524//524 496//496
f 524//524 618//618 620//620
f 620//620 623//623 524//524
f 522//522 524//524 572//572
f 623//623 588//588 524//524
f 524//524 522//522 496//496
f 620//620 631//631 623//623
f 264//264 305//305 353//353
f 585//585 850//850 842//842
f 938//938 836//836 885//885
f 856//856 884//884 876//876
f 856//856 876//876 850//850
f 876//876 926//926 937//937
f 876//876 884//884 926//926
f 879//879 949//949 926//926
f 864//864 836//836 938//938
f 965//965 916//916 973//973
f 900//900 864//864 938//938
f 965//965 973//973 976//976
f 938//938 972//972 973//973
f 937//937 967//967 972//972
f 967//967 978//978 972//972
f 938//938 937//937 972//972
f 976//976 973//973 980//980
f 973//973 978//978 980//980
f 973//973 972//972 978//978
f 982//982 978//978 981//981
f 982//982 981//981 986//986
f 961//961 970//970 955//955
f 967//967 955//955 970//970
f 961//961 955//955 959//959
f 961//961 959//959 954//954
f 961//961 940//940 951//951
f 967//967 970//970 978//978
f 978//978 946//946 981//981
f 981//981 946//946 986//986
f 970//970 946//946 978//978
f 946//946 951//951 927//927
f 946//946 933//933 942//942
f 946//946 927//927 933//933
f 941//941 933//933 854//854
f 933//933 941//941 942//942
f 957//957 946//946 952//952
f 939//939 957//957 952//952
f 942//942 924//924 939//939
f 951//951 940//940 927//927
f 965//965 984//984 966//966
f 965//965 976//976 984//984
f 976//976 985//985 986//986
f 986//986 988//988 987//987
f 976//976 986//986 984//984
f 984//984 986//986 987//987
f 896//896 977//977 971//971
f 971//971 977//977 974//974
f 931//931 971//971 930//930
f 917//917 971//971 914//914
f 917//917 930//930 971//971
f 977//977 988//988 983//983
f 983//983 979//979 974//974
f 979//979 983//983 975//975
f 988//988 946//946 983//983
f 975//975 962//962 969//969
f 968//968 975//975 969//969
f 968//968 969//969 964//964
f 971//971 979//979 968//968
f 929//929 969//969 962//962
f 969//969 929//929 964//964
f 958//958 960//960 953//953
f 953//953 960//960 928//928
f 953//953 928//928 867//867
f 940//940 867//867 833//833
f 833//833 867//867 816//816
f 954//954 953//953 940//940
f 961//961 954//954 940//940
f 810//810 899//899 833//833
f 810//810 673//673 804//804
f 620//620 651//651 673//673
f 940//940 899//899 927//927
f 940//940 833//833 899//899
f 899//899 804//804 871//871
f 804//804 753//753 871//871
f 816//816 744//744 673//673
f 810//810 816//816 673//673
f 810//810 833//833 816//816
f 927//927 871//871 854//854
f 871//871 753//753 827//827
f 986//986 946//946 988//988
f 957//957 939//939 963//963
f 287//287 336//336 248//248
f 332//332 336//336 358//358
f 537//537 485//485 481//481
f 537//537 481//481 351//351
f 537//537 351//351 550//550
f 546//546 592//592 576//576
f 599//599 576//576 592//592
f 575//575 592//592 546//546
f 546//546 550//550 575//575
f 521//521 479//479 597//597
f 479//479 582//582 680//680
f 610//610 680//680 582//582
f 513//513 306//306 358//358
f 610//610 513//513 573//573
f 887//887 800//800 791//791
f 791//791 800//800 704//704
f 827//827 680//680 854//854
f 701//701 854//854 680//680
f 801//801 847//847 854//854
f 704//704 801//801 741//741
f 854//854 741//741 801//801
f 643//643 704//704 610//610
f 668//668 704//704 643//643
f 704//704 741//741 701//701
f 704//704 701//701 610//610
f 869//869 847//847 880//880
f 800//800 801//801 704//704
f 801//801 800//800 847//847
f 939//939 887//887 929//929
f 939//939 924//924 880//880
f 887//887 939//939 880//880
f 887//887 880//880 800//800
f 880//880 847//847 800//800
f 606//606 553//553 579//579
f 553//553 358//358 552//552
f 661//661 791//791 664//664
f 661//661 664//664 599//599
f 606//606 637//637 664//664
f 664//664 668//668 606//606
f 576//576 561//561 537//537
f 537//537 546//546 576//576
f 576//576 579//579 552//552
f 612//612 610//610 573//573
f 573//573 553//553 606//606
f 610//610 612//612 643//643
f 561//561 552//552 537//537
f 576//576 664//664 637//637
f 661//661 599//599 592//592
f 552//552 358//358 485//485
f 664//664 791//791 668//668
f 287//287 205//205 280//280
f 327//327 236//236 266//266
f 287//287 280//280 310//310
f 336//336 310//310 358//358
f 358//358 310//310 356//356
f 310//310 327//327 356//356
f 327//327 387//387 356//356
f 387//387 350//350 335//335
f 335//335 307//307 351//351
f 405//405 457//457 550//550
f 414//414 457//457 376//376
f 405//405 376//376 457//457
f 481//481 387//387 351//351
f 351//351 387//387 335//335
f 335//335 327//327 307//307
f 917//917 914//914 901//901
f 914//914 932//932 852//852
f 901//901 914//914 839//839
f 860//860 897//897 839//839
f 860//860 874//874 897//897
f 831//831 860//860 845//845
f 845//845 784//784 831//831
f 860//860 818//818 784//784
f 845//845 860//860 784//784
f 839//839 818//818 860//860
f 814//814 920//920 943//943
f 739//739 781//781 814//814
f 852//852 920//920 840//840
f 920//920 935//935 943//943
f 935//935 920//920 932//932
f 852//852 840//840 832//832
f 818//818 832//832 781//781
f 818//818 826//826 832//832
f 826//826 852//852 832//832
f 814//814 781//781 832//832
f 528//528 649//649 611//611
f 565//565 603//603 591//591
f 591//591 550//550 565//565
f 591//591 692//692 654//654
f 603//603 692//692 591//591
f 760//760 754//754 737//737
f 760//760 737//737 751//751
f 799//799 813//813 751//751
f 795//795 813//813 784//784
f 742//742 781//781 727//727
f 692//692 742//742 700//700
f 818//818 781//781 742//742
f 646//646 718//718 611//611
f 718//718 642//642 611//611
f 724//724 737//737 718//718
f 737//737 642//642 718//718
f 700//700 781//781 739//739
f 727//727 781//781 700//700
f 654//654 626//626 591//591
f 626//626 592//592 591//591
f 700//700 654//654 692//692
f 737//737 724//724 678//678
f 692//692 642//642 742//742
f 626//626 700//700 674//674
f 890//890 897//897 874//874
f 890//890 874//874 831//831
f 831//831 874//874 860//860
f 803//803 887//887 791//791
f 922//922 887//887 943//943
f 814//814 943//943 887//887
f 739//739 803//803 791//791
f 665//665 791//791 661//661
f 791//791 665//665 739//739
f 799//799 831//831 813//813
f 457//457 470//470 520//520
f 470//470 457//457 440//440
f 563//563 642//642 520//520
f 520//520 536//536 457//457
f 521//521 618//618 500//500
f 634//634 521//521 597//597
f 591//591 592//592 575//575
f 457//457 414//414 440//440
f 98//98 85//85 62//62
f 307//307 296//296 351//351
f 520//520 507//507 528//528
f 808//808 829//829 856//856
f 960//960 958//958 949//949
f 114//114 117//117 106//106
f 127//127 166//166 236//236
f 841//841 819//819 863//863
f 914//914 968//968 932//932
f 277//277 212//212 229//229
f 196//196 180//180 169//169
f 131//131 55//55 87//87
f 12//12 8//8 27//27
f 82//82 48//48 63//63
f 55//55 63//63 48//48
f 136//136 243//243 146//146
f 473//473 371//371 483//483
f 197//197 136//136 138//138
f 56//56 92//92 86//86
f 138//138 86//86 92//92
f 483//483 371//371 441//441
f 128//128 53//53 18//18
f 89//89 39//39 42//42
f 59//59 16//16 58//58
f 34//34 19//19 106//106
f 34//34 106//106 69//69
f 58//58 16//16 78//78
f 179//179 128//128 59//59
f 624//624 568//568 584//584
f 242//242 240//240 254//254
f 568//568 434//434 509//509
f 434//434 477//477 509//509
f 698//698 846//846 697//697
f 866//866 820//820 759//759
f 757//757 896//896 862//862
f 101//101 81//81 139//139
f 186//186 168//168 218//218
f 240//240 242//242 195//195
f 259//259 257//257 252//252
f 259//259 252//252 260//260
f 195//195 185//185 184//184
f 128//128 80//80 53//53
f 74//74 81//81 54//54
f 65//65 24//24 43//43
f 208//208 173//173 186//186
f 217//217 173//173 208//208
f 65//65 43//43 115//115
f 168//168 65//65 123//123
f 9//9 10//10 20//20
f 216//216 186//186 193//193
f 132//132 96//96 57//57
f 79//79 118//118 68//68
f 268//268 292//292 249//249
f 121//121 99//99 132//132
f 267//267 260//260 259//259
f 252//252 257//257 259//259
f 260//260 261//261 252//252
f 232//232 218//218 257//257
f 260//260 257//257 259//259
f 322//322 333//333 331//331
f 338//338 343//343 333//333
f 338//338 333//333 328//328
f 369//369 338//338 218//218
f 218//218 168//168 253//253
f 293//293 261//261 267//267
f 331//331 344//344 338//338
f 316//316 293//293 309//309
f 328//328 331//331 333//333
f 333//333 331//331 328//328
f 322//322 316//316 331//331
f 331//331 333//333 343//343
f 333//333 322//322 328//328
f 416//416 413//413 411//411
f 471//471 415//415 489//489
f 331//331 316//316 309//309
f 388//388 360//360 369//369
f 355//355 344//344 331//331
f 630//630 616//616 564//564
f 313//313 344//344 329//329
f 365//365 399//399 329//329
f 370//370 314//314 383//383
f 370//370 383//383 407//407
f 449//449 452//452 453//453
f 472//472 446//446 408//408
f 476//476 549//549 541//541
f 549//549 571//571 541//541
f 383//383 399//399 407//407
f 276//276 234//234 235//235
f 276//276 235//235 278//278
f 208//208 238//238 217//217
f 217//217 314//314 214//214
f 314//314 241//241 214//214
f 314//314 346//346 272//272
f 181//181 154//154 119//119
f 292//292 312//312 284//284
f 292//292 284//284 209//209
f 209//209 219//219 171//171
f 284//284 245//245 219//219
f 209//209 284//284 219//219
f 245//245 221//221 219//219
f 220//220 203//203 151//151
f 226//226 189//189 221//221
f 258//258 250//250 226//226
f 201//201 189//189 250//250
f 296//296 376//376 351//351
f 317//317 326//326 301//301
f 639//639 594//594 577//577
f 639//639 577//577 647//647
f 641//641 640//640 630//630
f 728//728 682//682 707//707
f 616//616 640//640 600//600
f 600//600 614//614 549//549
f 577//577 629//629 687//687
f 687//687 720//720 679//679
f 555//555 523//523 541//541
f 577//577 555//555 629//629
f 454//454 475//475 502//502
f 502//502 430//430 454//454
f 556//556 532//532 577//577
f 594//594 605//605 548//548
f 667//667 653//653 685//685
f 667//667 685//685 705//705
f 548//548 486//486 502//502
f 548//548 502//502 532//532
f 873//873 848//848 841//841
f 838//838 873//873 858//858
f 822//822 787//787 774//774
f 913//913 906//906 909//909
f 903//903 913//913 909//909
f 915//915 903//903 906//906
f 903//903 894//894 844//844
f 888//888 844//844 894//894
f 912//912 894//894 903//903
f 787//787 796//796 733//733
f 678//678 596//596 633//633
f 589//589 535//535 596//596
f 589//589 508//508 535//535
f 649//649 627//627 678//678
f 678//678 589//589 596//596
f 889//889 904//904 902//902
f 705//705 685//685 712//712
f 705//705 717//717 667//667
f 735//735 751//751 717//717
f 751//751 737//737 713//713
f 799//799 751//751 775//775
f 775//775 705//705 743//743
f 735//735 717//717 705//705
f 713//713 667//667 717//717
f 907//907 905//905 908//908
f 897//897 890//890 902//902
f 889//889 888//888 908//908
f 889//889 908//908 904//904
f 902//902 889//889 905//905
f 888//888 894//894 905//905
f 186//186 216//216 208//208
f 888//888 905//905 894//894
f 908//908 888//888 894//894
f 915//915 907//907 912//912
f 902//902 872//872 889//889
f 890//890 872//872 902//902
f 831//831 872//872 890//890
f 653//653 605//605 594//594
f 430//430 393//393 412//412
f 284//284 361//361 318//318
f 430//430 486//486 393//393
f 300//300 297//297 271//271
f 300//300 271//271 289//289
f 279//279 258//258 271//271
f 508//508 448//448 437//437
f 403//403 410//410 437//437
f 493//493 440//440 507//507
f 417//417 384//384 403//403
f 417//417 397//397 384//384
f 403//403 384//384 363//363
f 440//440 420//420 417//417
f 337//337 363//363 297//297
f 630//630 640//640 616//616
f 542//542 533//533 545//545
f 216//216 193//193 218//218
f 218//218 193//193 186//186
f 502//502 486//486 430//430
f 402//402 490//490 390//390
f 325//325 382//382 348//348
f 497//497 510//510 503//503
f 506//506 499//499 497//497
f 510//510 506//506 503//503
f 510//510 514//514 530//530
f 530//530 506//506 510//510
f 447//447 428//428 444//444
f 447//447 444//444 443//443
f 533//533 581//581 545//545
f 533//533 601//601 581//581
f 613//613 660//660 659//659
f 545//545 530//530 542//542
f 514//514 533//533 538//538
f 456//456 474//474 443//443
f 428//428 447//447 443//443
f 762//762 726//726 764//764
f 462//462 497//497 484//484
f 443//443 444//444 456//456
f 428//428 462//462 456//456
f 456//456 447//447 443//443
f 497//497 429//429 514//514
f 366//366 429//429 325//325
f 484//484 608//608 566//566
f 455//455 514//514 488//488
f 595//595 514//514 455//455
f 428//428 443//443 422//422
f 93//93 140//140 152//152
f 325//325 265//265 299//299
f 263//263 299//299 231//231
f 263//263 231//231 163//163
f 8//8 11//11 4//4
f 2//2 11//11 8//8
f 23//23 30//30 142//142
f 163//163 288//288 263//263
f 340//340 320//320 288//288
f 340//340 347//347 320//320
f 142//142 288//288 157//157
f 294//294 274//274 380//380
f 130//130 170//170 246//246
f 263//263 303//303 299//299
f 830//830 849//849 817//817
f 817//817 861//861 837//837
f 660//660 675//675 659//659
f 660//660 670//670 675//675
f 675//675 690//690 659//659
f 690//690 675//675 670//670
f 461//461 492//492 419//419
f 688//688 756//756 669//669
f 525//525 517//517 617//617
f 785//785 782//782 773//773
f 768//768 767//767 771//771
f 764//764 771//771 762//762
f 628//628 609//609 615//615
f 628//628 615//615 621//621
f 703//703 731//731 750//750
f 731//731 722//722 738//738
f 738//738 722//722 805//805
f 765//765 777//777 764//764
f 782//782 797//797 790//790
f 772//772 782//782 726//726
f 785//785 773//773 783//783
f 308//308 374//374 380//380
f 308//308 302//302 341//341
f 375//375 392//392 374//374
f 567//567 609//609 558//558
f 677//677 703//703 652//652
f 722//722 677//677 652//652
f 652//652 636//636 663//663
f 615//615 586//586 663//663
f 425//425 406//406 433//433
f 622//622 621//621 636//636
f 379//379 406//406 392//392
f 379//379 392//392 375//375
f 432//432 438//438 426//426
f 432//432 426//426 425//425
f 478//478 487//487 495//495
f 478//478 495//495 491//491
f 460//460 433//433 491//491
f 460//460 438//438 432//432
f 460//460 491//491 478//478
f 491//491 487//487 478//478
f 498//498 511//511 495//495
f 438//438 406//406 425//425
f 491//491 544//544 498//498
f 491//491 495//495 438//438
f 406//406 379//379 433//433
f 482//482 505//505 544//544
f 431//431 482//482 544//544
f 558//558 504//504 423//423
f 883//883 834//834 855//855
f 883//883 936//936 895//895
f 945//945 960//960 948//948
f 710//710 656//656 650//650
f 672//672 623//623 631//631
f 578//578 505//505 602//602
f 602//602 593//593 681//681
f 925//925 910//910 934//934
f 690//690 693//693 659//659
f 85//85 104//104 108//108
f 95//95 90//90 49//49
f 52//52 31//31 47//47
f 47//47 130//130 52//52
f 116//116 149//149 94//94
f 148//148 175//175 133//133
f 134//134 191//191 170//170
f 31//31 30//30 33//33
f 71//71 45//45 70//70
f 45//45 67//67 61//61
f 176//176 199//199 129//129
f 233//233 283//283 227//227
f 424//424 479//479 521//521
f 273//273 291//291 256//256
f 496//496 522//522 459//459
f 572//572 524//524 588//588
f 836//836 864//864 786//786
f 808//808 856//856 850//850
f 937//937 938//938 876//876
f 853//853 926//926 856//856
f 926//926 884//884 856//856
f 978//978 982//982 980//980
f 927//927 854//854 933//933
f 924//924 942//942 941//941
f 875//875 965//965 966//966
f 930//930 921//921 931//931
f 896//896 971//971 931//931
f 974//974 979//979 971//971
f 979//979 975//975 968//968
f 953//953 867//867 940//940
f 804//804 651//651 666//666
f 867//867 812//812 816//816
f 550//550 546//546 537//537
f 561//561 576//576 552//552
f 205//205 236//236 280//280
f 236//236 327//327 280//280
f 839//839 914//914 826//826
f 611//611 649//649 646//646
f 813//813 795//795 751//751
f 784//784 760//760 795//795
f 754//754 760//760 784//784
f 646//646 649//649 699//699
f 699//699 678//678 724//724
f 646//646 699//699 718//718
f 718//718 699//699 724//724
f 665//665 626//626 674//674
f 943//943 929//929 922//922
f 831//831 784//784 813//813
f 547//547 520//520 528//528
f 470//470 440//440 493//493
f 547//547 528//528 611//611
f 547//547 563//563 520//520
f 563//563 611//611 642//642
f 563//563 547//547 611//611
f 520//520 565//565 536//536
f 457//457 536//536 550//550
f 93//93 152//152 169//169
f 239//239 229//229 196//196
f 18//18 25//25 15//15
f 968//968 935//935 932//932
