# convertido de flygym/NeuroMechFly (lf_tarsus3)
v -0.01724 -0.00774 -0.12376
v -0.01703 -0.00842 -0.12295
v -0.01702 -0.00761 -0.12330
v -0.01685 -0.00755 -0.12334
v -0.01630 -0.00824 -0.12238
v -0.01615 -0.00981 -0.12237
v -0.01611 -0.00982 -0.12319
v -0.01599 -0.00822 -0.12344
v -0.01596 -0.00924 -0.11928
v -0.01586 -0.00842 -0.11927
v -0.01583 -0.00781 -0.12065
v -0.01572 -0.00839 -0.12352
v -0.01556 -0.00882 -0.11768
v -0.01546 -0.00997 -0.12309
v -0.01532 -0.01079 -0.11862
v -0.01525 -0.00744 -0.11900
v -0.01502 -0.00786 -0.12299
v -0.01490 -0.01122 -0.12104
v -0.01478 -0.00868 -0.11599
v -0.01466 0.01450 -0.11879
v -0.01461 0.01505 -0.11655
v -0.01457 -0.00669 -0.12003
v -0.01445 -0.01055 -0.11560
v -0.01443 -0.00905 -0.11447
v -0.01442 0.01454 -0.11948
v -0.01441 0.01376 -0.11991
v -0.01440 -0.00922 -0.12378
v -0.01434 -0.00778 -0.11538
v -0.01429 -0.01072 -0.12325
v -0.01419 0.01247 -0.11498
v -0.01405 0.01170 -0.11786
v -0.01397 0.01485 -0.11523
v -0.01383 0.01452 -0.11430
v -0.01375 -0.01153 -0.12255
v -0.01367 -0.00960 -0.11173
v -0.01361 -0.01236 -0.11589
v -0.01360 0.01183 -0.11985
v -0.01338 0.01607 -0.11623
v -0.01316 0.01602 -0.11894
v -0.01293 0.01456 -0.12139
v -0.01277 -0.01306 -0.11831
v -0.01268 0.01459 -0.11327
v -0.01268 -0.01094 -0.12388
v -0.01267 -0.00825 -0.12478
v -0.01248 -0.00637 -0.10979
v -0.01242 0.01109 -0.11183
v -0.01239 -0.00562 -0.11306
v -0.01236 -0.00545 -0.12186
v -0.01219 0.01359 -0.11191
v -0.01219 -0.00796 -0.08927
v -0.01210 -0.00840 -0.09284
v -0.01205 -0.00618 -0.10815
v -0.01200 0.00854 -0.11294
v -0.01194 -0.00867 -0.08743
v -0.01193 0.01243 -0.12220
v -0.01192 -0.00545 -0.10837
v -0.01188 -0.00626 -0.09356
v -0.01181 -0.00564 -0.09211
v -0.01180 -0.01034 -0.09154
v -0.01178 -0.01322 -0.10936
v -0.01177 -0.00579 -0.12416
v -0.01176 -0.00690 -0.12494
v -0.01173 -0.00799 -0.10657
v -0.01158 -0.01047 -0.12454
v -0.01149 -0.00616 -0.08725
v -0.01144 -0.01125 -0.08719
v -0.01144 0.01417 -0.12347
v -0.01141 -0.01415 -0.11167
v -0.01136 0.01661 -0.11684
v -0.01133 0.01530 -0.11261
v -0.01129 -0.00389 -0.11147
v -0.01128 0.00740 -0.11246
v -0.01125 -0.00869 -0.05304
v -0.01118 -0.01031 -0.05558
v -0.01117 -0.01059 -0.06867
v -0.01115 -0.00880 -0.07099
v -0.01114 -0.00641 -0.12504
v -0.01114 0.01287 -0.11009
v -0.01113 -0.01132 -0.09518
v -0.01113 -0.00905 -0.07160
v -0.01112 -0.00901 -0.06658
v -0.01112 0.01439 -0.12346
v -0.01110 -0.01034 -0.08464
v -0.01105 -0.00869 -0.06112
v -0.01105 0.01484 -0.12201
v -0.01102 -0.00865 -0.10437
v -0.01100 0.01094 -0.09295
v -0.01098 -0.01302 -0.10694
v -0.01096 -0.01021 -0.06476
v -0.01095 0.01097 -0.09162
v -0.01092 -0.01458 -0.11341
v -0.01091 0.00793 -0.11948
v -0.01089 -0.00459 -0.12419
v -0.01088 0.01225 -0.12267
v -0.01087 -0.00332 -0.03346
v -0.01086 -0.01216 -0.05609
v -0.01084 -0.00913 -0.05039
v -0.01082 -0.01243 -0.12373
v -0.01081 -0.01092 -0.07423
v -0.01081 -0.00377 -0.11689
v -0.01080 -0.01088 -0.06169
v -0.01080 -0.00391 -0.12449
v -0.01079 -0.00654 -0.05550
v -0.01078 -0.01474 -0.11461
v -0.01078 -0.00082 -0.03298
v -0.01077 0.01252 -0.12340
v -0.01074 -0.01098 -0.07598
v -0.01074 -0.00388 -0.12014
v -0.01066 -0.00330 -0.12441
v -0.01063 0.00852 -0.09375
v -0.01062 0.01162 -0.09275
v -0.01060 0.01282 -0.10908
v -0.01060 -0.00821 -0.10145
v -0.01059 -0.00038 -0.03246
v -0.01058 -0.00282 -0.03259
v -0.01055 -0.01431 -0.11919
v -0.01055 -0.00344 -0.12268
v -0.01054 -0.00510 -0.08350
v -0.01054 -0.00933 -0.10075
v -0.01054 0.00697 -0.11831
v -0.01053 0.01110 -0.09427
v -0.01051 0.01020 -0.10833
v -0.01050 0.01619 -0.11911
v -0.01049 -0.00591 -0.06583
v -0.01046 -0.00609 -0.10034
v -0.01045 -0.01054 -0.04947
v -0.01044 0.01261 -0.12388
v -0.01037 -0.00597 -0.08221
v -0.01036 -0.00973 -0.08114
v -0.01034 -0.01336 -0.07008
v -0.01033 0.00987 -0.09599
v -0.01033 -0.00285 -0.12438
v -0.01031 -0.00574 -0.05167
v -0.01029 -0.01493 -0.09264
v -0.01028 -0.01221 -0.06169
v -0.01028 0.00901 -0.10823
v -0.01026 -0.00487 -0.06078
v -0.01026 0.00885 -0.08948
v -0.01025 0.00182 -0.03227
v -0.01024 -0.00894 -0.07927
v -0.01023 -0.01307 -0.05396
v -0.01021 -0.00792 -0.04734
v -0.01021 -0.01332 -0.05798
v -0.01016 -0.00481 -0.10058
v -0.01014 -0.00219 -0.11650
v -0.01014 -0.00279 -0.11997
v -0.01014 0.01098 -0.12250
v -0.01011 0.01096 -0.08943
v -0.01006 0.01354 -0.12367
v -0.01005 0.00221 -0.03612
v -0.01004 -0.00141 -0.10521
v -0.01004 0.00253 -0.03224
v -0.01004 0.00280 -0.03230
v -0.01003 0.00253 -0.03228
v -0.01003 -0.00127 -0.12376
v -0.00999 0.00865 -0.12199
v -0.00998 -0.00073 -0.12419
v -0.00998 0.00498 -0.11644
v -0.00997 0.00322 -0.03234
v -0.00997 -0.00994 -0.04559
v -0.00997 -0.00777 -0.03306
v -0.00995 -0.00398 -0.10073
v -0.00991 -0.01398 -0.07663
v -0.00988 0.00248 -0.03210
v -0.00988 -0.01243 -0.08172
v -0.00985 -0.00748 -0.03686
v -0.00984 0.01256 -0.12273
v -0.00984 -0.01392 -0.05679
v -0.00984 0.00151 -0.12420
v -0.00983 0.00087 -0.12381
v -0.00983 0.00315 -0.03217
v -0.00983 -0.00577 -0.07777
v -0.00982 0.00306 -0.12362
v -0.00981 0.00178 -0.12405
v -0.00981 -0.00946 -0.04397
v -0.00980 0.01293 -0.12278
v -0.00978 0.00362 -0.03218
v -0.00978 -0.01509 -0.10617
v -0.00977 0.01328 -0.12259
v -0.00977 -0.00279 -0.03184
v -0.00975 0.00161 -0.12410
v -0.00975 0.00360 -0.03220
v -0.00970 -0.00437 -0.07872
v -0.00968 0.00511 -0.03462
v -0.00966 0.01235 -0.09100
v -0.00965 -0.01356 -0.06046
v -0.00964 -0.00670 -0.03891
v -0.00964 0.00361 -0.12141
v -0.00961 0.00245 -0.11309
v -0.00961 -0.01431 -0.07253
v -0.00961 -0.01599 -0.11071
v -0.00960 -0.00809 -0.04157
v -0.00957 -0.01179 -0.10212
v -0.00956 -0.00466 -0.07631
v -0.00956 0.00465 -0.12392
v -0.00955 0.00700 -0.08791
v -0.00955 -0.01349 -0.08017
v -0.00955 -0.01145 -0.04467
v -0.00954 -0.01506 -0.07503
v -0.00953 -0.00388 -0.07833
v -0.00953 0.00581 -0.12357
v -0.00952 0.01283 -0.12347
v -0.00950 0.01113 -0.10680
v -0.00949 0.01041 -0.09814
v -0.00948 0.01572 -0.11977
v -0.00947 -0.00075 -0.08945
v -0.00946 0.00677 -0.12363
v -0.00945 0.00083 -0.10873
v -0.00945 0.00799 -0.10652
v -0.00945 -0.00635 -0.04084
v -0.00943 0.01001 -0.12351
v -0.00939 0.01206 -0.12346
v -0.00934 -0.01576 -0.08933
v -0.00930 -0.01549 -0.06634
v -0.00930 -0.01389 -0.08156
v -0.00930 0.00391 -0.03181
v -0.00928 -0.01641 -0.09258
v -0.00925 -0.01448 -0.06227
v -0.00924 -0.00085 -0.09506
v -0.00923 -0.01002 -0.03908
v -0.00921 0.00743 -0.12372
v -0.00919 0.00363 -0.12419
v -0.00918 0.00337 -0.10966
v -0.00917 -0.01030 -0.03454
v -0.00914 -0.00005 -0.08737
v -0.00910 0.00770 -0.10076
v -0.00910 -0.01609 -0.10696
v -0.00908 0.00289 -0.09354
v -0.00908 -0.01414 -0.12279
v -0.00904 0.00668 -0.03268
v -0.00903 0.00617 -0.08545
v -0.00900 0.00107 -0.09104
v -0.00897 0.00809 -0.08586
v -0.00895 0.00991 -0.10325
v -0.00895 0.01401 -0.12209
v -0.00895 0.01393 -0.10806
v -0.00894 0.01595 -0.11171
v -0.00894 0.00517 -0.10710
v -0.00893 0.01508 -0.10956
v -0.00892 0.00026 -0.09520
v -0.00890 0.00247 -0.12465
v -0.00889 0.01091 -0.10499
v -0.00885 0.00969 -0.10146
v -0.00885 0.00109 -0.12473
v -0.00883 -0.00299 -0.04593
v -0.00882 0.01068 -0.08666
v -0.00881 0.00217 -0.10509
v -0.00881 -0.01623 -0.06641
v -0.00880 0.00308 -0.08446
v -0.00878 0.01308 -0.10688
v -0.00869 -0.01620 -0.09611
v -0.00869 0.01633 -0.11275
v -0.00868 0.00110 -0.08442
v -0.00864 -0.00219 -0.04612
v -0.00864 0.00655 -0.03696
v -0.00863 0.00139 -0.10101
v -0.00860 0.00345 -0.10376
v -0.00856 0.00355 -0.10118
v -0.00853 0.00773 -0.03222
v -0.00847 -0.00134 -0.04410
v -0.00847 0.01287 -0.09578
v -0.00839 0.00755 -0.08321
v -0.00833 0.00240 -0.04063
v -0.00827 0.01032 -0.08533
v -0.00827 0.00188 -0.08081
v -0.00822 -0.01342 -0.04032
v -0.00822 0.00883 -0.08397
v -0.00821 -0.01396 -0.04345
v -0.00814 -0.01768 -0.09307
v -0.00809 0.01129 -0.10152
v -0.00804 0.01490 -0.10869
v -0.00801 -0.01232 -0.03269
v -0.00800 -0.01623 -0.11261
v -0.00793 -0.01659 -0.10281
v -0.00792 0.00227 -0.04296
v -0.00792 -0.01640 -0.10111
v -0.00776 -0.01456 -0.04685
v -0.00775 -0.01714 -0.09897
v -0.00775 -0.00343 -0.12589
v -0.00759 0.01285 -0.10493
v -0.00757 0.01184 -0.10131
v -0.00749 -0.00622 -0.03017
v -0.00744 0.01405 -0.12289
v -0.00733 -0.01639 -0.05204
v -0.00726 0.01535 -0.12023
v -0.00722 -0.01777 -0.10644
v -0.00722 -0.01309 -0.12343
v -0.00721 -0.01830 -0.08592
v -0.00719 -0.01736 -0.10930
v -0.00717 -0.01669 -0.06108
v -0.00716 -0.00766 -0.12565
v -0.00714 -0.00662 -0.12598
v -0.00707 0.01104 -0.03209
v -0.00707 0.00326 -0.05147
v -0.00704 -0.01314 -0.03125
v -0.00700 0.00475 -0.06227
v -0.00696 0.01084 -0.08285
v -0.00690 0.00788 -0.04035
v -0.00690 -0.00039 -0.02937
v -0.00686 0.01320 -0.09736
v -0.00667 0.01239 -0.08583
v -0.00661 0.00656 -0.04342
v -0.00658 -0.01573 -0.12159
v -0.00658 0.00739 -0.07584
v -0.00656 0.01394 -0.09070
v -0.00653 -0.01809 -0.10229
v -0.00645 0.00832 -0.07646
v -0.00642 -0.01607 -0.11514
v -0.00638 0.01227 -0.03373
v -0.00638 0.01294 -0.08705
v -0.00638 -0.01771 -0.10841
v -0.00629 0.01200 -0.03206
v -0.00628 -0.01920 -0.08565
v -0.00628 0.01402 -0.12263
v -0.00623 0.01089 -0.07971
v -0.00621 0.00998 -0.12362
v -0.00620 -0.01530 -0.03568
v -0.00620 0.01546 -0.10894
v -0.00615 0.01357 -0.10424
v -0.00613 -0.01875 -0.10160
v -0.00601 -0.00241 -0.02870
v -0.00601 0.00921 -0.06961
v -0.00600 0.00915 -0.03050
v -0.00592 -0.01862 -0.08008
v -0.00591 0.00812 -0.04384
v -0.00585 0.01212 -0.08262
v -0.00584 0.00825 -0.06085
v -0.00584 0.01335 -0.10005
v -0.00584 0.00770 -0.04639
v -0.00574 -0.01576 -0.03795
v -0.00566 0.00154 -0.12643
v -0.00551 0.01177 -0.12309
v -0.00542 0.00885 -0.05139
v -0.00537 0.01021 -0.03996
v -0.00536 0.01105 -0.06736
v -0.00530 -0.01636 -0.12133
v -0.00529 0.01093 -0.07667
v -0.00527 0.01026 -0.06211
v -0.00522 0.00988 -0.05975
v -0.00518 0.01105 -0.07454
v -0.00517 0.01135 -0.06524
v -0.00516 -0.01658 -0.03194
v -0.00514 -0.01918 -0.10269
v -0.00511 0.01164 -0.06925
v -0.00506 -0.01640 -0.03136
v -0.00493 -0.01742 -0.04644
v -0.00484 -0.01949 -0.07168
v -0.00478 0.01039 -0.05697
v -0.00473 0.01470 -0.10675
v -0.00468 0.01429 -0.10482
v -0.00464 -0.01083 -0.02902
v -0.00459 -0.02007 -0.07892
v -0.00450 0.01594 -0.11359
v -0.00445 -0.00207 -0.12762
v -0.00440 0.01085 -0.05393
v -0.00440 -0.01469 -0.12283
v -0.00439 0.01042 -0.04463
v -0.00438 0.01201 -0.07357
v -0.00426 0.01381 -0.08638
v -0.00419 0.00442 -0.12545
v -0.00415 0.01269 -0.03053
v -0.00413 0.01529 -0.10959
v -0.00406 0.01424 -0.12221
v -0.00405 0.01435 -0.03462
v -0.00399 0.01267 -0.06717
v -0.00394 -0.02071 -0.07939
v -0.00393 0.01244 -0.07636
v -0.00388 -0.02060 -0.09199
v -0.00370 0.01181 -0.04042
v -0.00361 -0.01742 -0.12039
v -0.00360 0.01158 -0.04775
v -0.00341 0.01277 -0.06179
v -0.00340 -0.02011 -0.10263
v -0.00327 0.01192 -0.04280
v -0.00318 -0.00564 -0.12740
v -0.00314 -0.01853 -0.03242
v -0.00304 -0.01883 -0.03322
v -0.00300 -0.02046 -0.10144
v -0.00298 -0.01524 -0.02925
v -0.00294 0.01562 -0.11589
v -0.00281 0.00286 -0.02766
v -0.00273 -0.01038 -0.12569
v -0.00261 0.01460 -0.10837
v -0.00258 0.00046 -0.12765
v -0.00254 0.01317 -0.05819
v -0.00252 0.01278 -0.05305
v -0.00248 0.01483 -0.10481
v -0.00246 0.01408 -0.03060
v -0.00233 -0.01933 -0.03219
v -0.00222 -0.00180 -0.12795
v -0.00220 0.01365 -0.03815
v -0.00217 -0.02257 -0.08328
v -0.00208 0.01380 -0.06959
v -0.00199 0.01242 -0.02953
v -0.00199 -0.01829 -0.11999
v -0.00176 -0.01803 -0.03040
v -0.00170 0.01483 -0.12142
v -0.00166 0.01576 -0.03301
v -0.00158 -0.02001 -0.03145
v -0.00148 -0.01436 -0.02792
v -0.00140 -0.02184 -0.06372
v -0.00126 0.01348 -0.04435
v -0.00122 0.01437 -0.06174
v -0.00117 0.00754 -0.12423
v -0.00088 0.01584 -0.03238
v -0.00078 0.01391 -0.05336
v -0.00068 0.00284 -0.12686
v -0.00061 -0.01427 -0.12421
v -0.00057 -0.02241 -0.05595
v -0.00053 0.01499 -0.10486
v -0.00052 -0.02020 -0.03075
v -0.00051 -0.02241 -0.05523
v -0.00045 -0.02179 -0.09641
v -0.00042 0.01466 -0.03032
v -0.00040 0.01417 -0.10920
v -0.00039 0.01418 -0.11251
v -0.00033 0.00535 -0.02758
v -0.00028 0.01397 -0.04003
v -0.00025 -0.01929 -0.11920
v -0.00025 0.01428 -0.07320
v -0.00024 0.01470 -0.03746
v -0.00023 0.01540 -0.10346
v -0.00012 0.00102 -0.12751
v -0.00011 0.01546 -0.07901
v 0.00002 0.01485 -0.12071
v 0.00003 -0.01945 -0.11047
v 0.00018 0.01624 -0.09090
v 0.00024 0.01597 -0.08806
v 0.00039 -0.00311 -0.12776
v 0.00040 -0.02270 -0.06374
v 0.00042 -0.01146 -0.12570
v 0.00046 -0.01621 -0.02734
v 0.00053 0.00140 -0.02618
v 0.00056 -0.02292 -0.06855
v 0.00057 0.01611 -0.09978
v 0.00060 -0.02071 -0.03862
v 0.00060 -0.02256 -0.09522
v 0.00061 -0.02267 -0.05230
v 0.00064 -0.02365 -0.08056
v 0.00079 0.01444 -0.03947
v 0.00096 -0.01973 -0.11786
v 0.00124 0.01472 -0.12021
v 0.00125 -0.02262 -0.04961
v 0.00126 -0.01734 -0.12208
v 0.00129 0.01557 -0.03096
v 0.00134 -0.01532 -0.12376
v 0.00145 0.01542 -0.05677
v 0.00150 -0.02346 -0.05444
v 0.00159 -0.02148 -0.03325
v 0.00166 -0.02490 -0.08719
v 0.00169 -0.02100 -0.02988
v 0.00180 0.01633 -0.08554
v 0.00182 -0.02147 -0.03917
v 0.00188 0.01672 -0.09650
v 0.00191 -0.02489 -0.08851
v 0.00199 -0.02061 -0.11722
v 0.00200 -0.01371 -0.12460
v 0.00202 0.01469 -0.03902
v 0.00212 0.01459 -0.11960
v 0.00232 -0.02424 -0.07605
v 0.00232 0.01654 -0.09755
v 0.00240 -0.02088 -0.02902
v 0.00243 -0.00061 -0.02488
v 0.00246 0.01362 -0.11213
v 0.00248 0.01643 -0.08698
v 0.00262 -0.02050 -0.11111
v 0.00277 -0.02011 -0.11872
v 0.00288 -0.00224 -0.02428
v 0.00297 -0.02166 -0.03686
v 0.00303 0.01539 -0.05309
v 0.00303 -0.02482 -0.09174
v 0.00304 0.01636 -0.07575
v 0.00309 0.01694 -0.08042
v 0.00316 -0.02107 -0.10828
v 0.00330 0.01544 -0.07244
v 0.00351 0.01563 -0.04420
v 0.00352 0.01388 -0.02909
v 0.00367 -0.02394 -0.06254
v 0.00370 -0.02282 -0.09846
v 0.00372 -0.01573 -0.02481
v 0.00380 0.00176 -0.12619
v 0.00390 -0.00298 -0.12685
v 0.00392 -0.02141 -0.11597
v 0.00397 0.01650 -0.03311
v 0.00407 -0.02376 -0.04902
v 0.00409 -0.01909 -0.12026
v 0.00412 -0.02191 -0.10245
v 0.00413 0.01555 -0.05355
v 0.00413 0.01072 -0.12192
v 0.00422 0.00711 -0.12386
v 0.00428 0.01611 -0.03107
v 0.00435 -0.02118 -0.11008
v 0.00445 -0.02297 -0.04092
v 0.00454 -0.02442 -0.05890
v 0.00462 -0.02309 -0.09826
v 0.00462 -0.01491 -0.12351
v 0.00466 0.01409 -0.11925
v 0.00485 0.01092 -0.02757
v 0.00487 0.01563 -0.07070
v 0.00490 -0.02503 -0.06897
v 0.00496 0.01399 -0.11919
v 0.00498 0.01396 -0.11929
v 0.00505 -0.02580 -0.09022
v 0.00506 -0.02523 -0.07048
v 0.00520 0.01380 -0.11929
v 0.00537 -0.01700 -0.02430
v 0.00537 -0.01122 -0.02247
v 0.00538 0.01346 -0.10850
v 0.00548 -0.00968 -0.12538
v 0.00555 -0.02442 -0.06372
v 0.00562 -0.00369 -0.02251
v 0.00568 0.01409 -0.11864
v 0.00569 -0.02539 -0.08534
v 0.00572 -0.02157 -0.10810
v 0.00578 -0.02232 -0.03578
v 0.00600 -0.00244 -0.12655
v 0.00601 -0.00182 -0.02267
v 0.00601 -0.02188 -0.02745
v 0.00603 -0.01641 -0.12249
v 0.00605 -0.02190 -0.11421
v 0.00606 0.01408 -0.11847
v 0.00612 0.01532 -0.03716
v 0.00619 -0.01765 -0.12124
v 0.00644 0.01604 -0.10171
v 0.00654 -0.02169 -0.11064
v 0.00677 0.01508 -0.03816
v 0.00690 -0.02186 -0.11537
v 0.00691 -0.01570 -0.02303
v 0.00692 0.01643 -0.03413
v 0.00695 -0.02603 -0.09013
v 0.00715 0.01638 -0.06149
v 0.00716 0.01597 -0.05106
v 0.00746 0.01572 -0.05408
v 0.00746 0.01315 -0.10965
v 0.00758 0.00207 -0.12560
v 0.00759 0.00023 -0.02287
v 0.00778 -0.02429 -0.04357
v 0.00781 0.01690 -0.03179
v 0.00798 -0.02225 -0.11538
v 0.00798 -0.01833 -0.02394
v 0.00808 0.00884 -0.02560
v 0.00819 0.01535 -0.02898
v 0.00868 -0.00393 -0.12603
v 0.00872 -0.02635 -0.08815
v 0.00873 -0.02223 -0.02609
v 0.00890 -0.02480 -0.04886
v 0.00893 -0.01198 -0.12367
v 0.00904 0.01484 -0.03798
v 0.00905 0.01581 -0.04521
v 0.00913 0.01661 -0.08696
v 0.00927 0.00240 -0.12503
v 0.00935 0.01413 -0.11563
v 0.00938 0.01655 -0.03058
v 0.00940 0.01410 -0.11637
v 0.00944 -0.02248 -0.02629
v 0.00949 0.01798 -0.07901
v 0.00963 -0.02637 -0.09005
v 0.00990 -0.00172 -0.12558
v 0.00992 -0.02349 -0.03768
v 0.00999 -0.02493 -0.06469
v 0.01016 0.01342 -0.10769
v 0.01019 0.01314 -0.10845
v 0.01022 -0.00637 -0.01996
v 0.01037 0.01550 -0.04412
v 0.01048 -0.00515 -0.12505
v 0.01049 -0.02227 -0.11550
v 0.01068 0.01077 -0.02547
v 0.01074 0.01642 -0.08750
v 0.01077 -0.02269 -0.11496
v 0.01090 0.01297 -0.11024
v 0.01095 0.01729 -0.07039
v 0.01097 -0.00307 -0.12507
v 0.01100 0.01789 -0.08116
v 0.01107 -0.02235 -0.02538
v 0.01109 0.00748 -0.12260
v 0.01123 -0.01031 -0.01945
v 0.01125 0.01555 -0.10283
v 0.01131 -0.01993 -0.02396
v 0.01137 -0.02215 -0.10776
v 0.01138 0.01634 -0.09258
v 0.01143 0.00874 -0.12163
v 0.01149 0.01377 -0.11479
v 0.01150 0.01632 -0.09523
v 0.01152 -0.02209 -0.02487
v 0.01154 0.01624 -0.02986
v 0.01154 -0.02223 -0.10984
v 0.01165 -0.02255 -0.11525
v 0.01170 -0.01737 -0.11927
v 0.01172 -0.02294 -0.10380
v 0.01182 0.01442 -0.03566
v 0.01188 -0.01572 -0.12008
v 0.01196 -0.00603 -0.12402
v 0.01198 0.01054 -0.11973
v 0.01199 -0.02678 -0.07266
v 0.01229 0.01621 -0.08578
v 0.01232 0.00338 -0.02089
v 0.01240 0.01329 -0.10720
v 0.01240 -0.02152 -0.11619
v 0.01257 -0.02271 -0.03094
v 0.01257 0.01812 -0.07896
v 0.01259 -0.02218 -0.11637
v 0.01259 0.01676 -0.06803
v 0.01266 0.01572 -0.05575
v 0.01268 0.01690 -0.06832
v 0.01273 0.01331 -0.11400
v 0.01283 0.01469 -0.02795
v 0.01287 0.00111 -0.02005
v 0.01294 0.01598 -0.10074
v 0.01303 0.01621 -0.09981
v 0.01309 -0.00306 -0.01915
v 0.01322 -0.02420 -0.09987
v 0.01324 0.00247 -0.12356
v 0.01332 -0.02225 -0.10705
v 0.01349 0.01518 -0.02829
v 0.01365 -0.01068 -0.01881
v 0.01366 -0.02631 -0.07153
v 0.01371 -0.02351 -0.10266
v 0.01372 0.00935 -0.11979
v 0.01379 -0.02186 -0.11651
v 0.01384 0.01536 -0.10289
v 0.01390 -0.02268 -0.10498
v 0.01391 0.01803 -0.07414
v 0.01400 -0.02194 -0.10884
v 0.01404 0.01246 -0.10817
v 0.01406 0.01658 -0.06854
v 0.01409 -0.01272 -0.01941
v 0.01422 0.01504 -0.03169
v 0.01424 -0.02538 -0.05007
v 0.01429 -0.02159 -0.11646
v 0.01430 0.01489 -0.02806
v 0.01431 -0.02745 -0.08113
v 0.01433 -0.01876 -0.02274
v 0.01434 -0.02443 -0.09960
v 0.01441 -0.02170 -0.11632
v 0.01443 -0.02170 -0.11636
v 0.01450 0.01464 -0.02785
v 0.01454 0.00443 -0.02043
v 0.01459 0.01725 -0.07927
v 0.01460 0.01491 -0.10289
v 0.01464 -0.02175 -0.11629
v 0.01465 -0.02521 -0.05358
v 0.01469 0.01513 -0.08608
v 0.01475 -0.02369 -0.03662
v 0.01478 0.01370 -0.03687
v 0.01478 0.01552 -0.08385
v 0.01478 0.00692 -0.12093
v 0.01479 -0.02754 -0.08910
v 0.01481 0.01486 -0.05263
v 0.01485 -0.02123 -0.11633
v 0.01486 0.01458 -0.02775
v 0.01492 -0.02108 -0.02390
v 0.01496 0.01280 -0.10596
v 0.01498 -0.01030 -0.12048
v 0.01499 -0.02401 -0.10064
v 0.01501 0.01106 -0.11578
v 0.01512 -0.02304 -0.10310
v 0.01516 -0.02790 -0.08635
v 0.01523 0.01539 -0.10007
v 0.01526 0.01373 -0.03455
v 0.01532 0.01489 -0.08888
v 0.01536 0.01750 -0.07687
v 0.01536 -0.02651 -0.09300
v 0.01538 -0.02456 -0.06662
v 0.01539 -0.02468 -0.09851
v 0.01540 0.01338 -0.02699
v 0.01548 0.00818 -0.02230
v 0.01557 0.01398 -0.02734
v 0.01558 -0.02144 -0.11605
v 0.01562 -0.02014 -0.11681
v 0.01567 0.00938 -0.11797
v 0.01577 0.01195 -0.11169
v 0.01581 -0.00072 -0.12210
v 0.01586 -0.01877 -0.11757
v 0.01589 -0.02167 -0.10664
v 0.01591 0.00217 -0.12175
v 0.01602 -0.02198 -0.11321
v 0.01602 0.01380 -0.04286
v 0.01610 -0.01008 -0.01829
v 0.01614 -0.02788 -0.08705
v 0.01617 0.01568 -0.06906
v 0.01618 -0.00776 -0.01794
v 0.01623 0.01646 -0.06049
v 0.01628 0.01634 -0.07323
v 0.01630 -0.02497 -0.04238
v 0.01636 -0.02490 -0.05690
v 0.01640 0.01425 -0.08389
v 0.01640 -0.00608 -0.12070
v 0.01645 0.01531 -0.09500
v 0.01648 0.01250 -0.10459
v 0.01650 -0.02520 -0.04500
v 0.01661 -0.02473 -0.05910
v 0.01668 -0.02638 -0.09332
v 0.01680 0.01564 -0.06645
v 0.01681 0.01368 -0.02833
v 0.01683 0.00896 -0.11692
v 0.01684 0.01437 -0.09921
v 0.01685 -0.01684 -0.11811
v 0.01692 0.01631 -0.05987
v 0.01715 -0.02477 -0.05392
v 0.01716 0.01510 -0.06934
v 0.01718 -0.00194 -0.01870
v 0.01718 0.01265 -0.03604
v 0.01721 0.00570 -0.02077
v 0.01725 0.01428 -0.09083
v 0.01728 -0.02106 -0.10871
v 0.01729 -0.02572 -0.09478
v 0.01733 -0.02192 -0.03166
v 0.01733 0.01113 -0.11156
v 0.01735 0.01135 -0.10659
v 0.01736 -0.01887 -0.02262
v 0.01740 -0.02445 -0.06899
v 0.01748 -0.02143 -0.11452
v 0.01753 0.00723 -0.11776
v 0.01760 -0.02258 -0.10192
v 0.01762 -0.02487 -0.04654
v 0.01763 0.01414 -0.09251
v 0.01771 -0.02409 -0.03975
v 0.01773 -0.01404 -0.02026
v 0.01783 -0.02689 -0.07881
v 0.01785 -0.02752 -0.08852
v 0.01789 0.01380 -0.05361
v 0.01793 -0.02704 -0.09088
v 0.01796 -0.02438 -0.06015
v 0.01801 0.00766 -0.02219
v 0.01802 -0.02370 -0.09905
v 0.01802 -0.02720 -0.08104
v 0.01802 -0.02062 -0.11574
v 0.01805 0.01556 -0.06363
v 0.01805 -0.00795 -0.01795
v 0.01806 0.00163 -0.11998
v 0.01819 -0.02461 -0.04270
v 0.01837 0.01463 -0.07614
v 0.01842 -0.02729 -0.08596
v 0.01845 -0.02054 -0.10632
v 0.01861 -0.01459 -0.11809
v 0.01862 -0.02078 -0.02910
v 0.01884 -0.00819 -0.11924
v 0.01887 -0.02547 -0.09403
v 0.01888 0.01302 -0.09250
v 0.01893 -0.01730 -0.11700
v 0.01896 0.01272 -0.09843
v 0.01922 -0.02704 -0.08863
v 0.01925 -0.02112 -0.10304
v 0.01928 -0.02049 -0.11242
v 0.01938 0.01204 -0.02670
v 0.01939 -0.02676 -0.08447
v 0.01946 -0.02136 -0.03257
v 0.01947 0.01055 -0.02540
v 0.01954 0.01240 -0.08178
v 0.01964 -0.02355 -0.04172
v 0.01969 -0.00958 -0.01839
v 0.01970 -0.02617 -0.09071
v 0.01970 -0.02381 -0.04851
v 0.01971 0.00376 -0.02052
v 0.01971 0.01175 -0.03005
v 0.01975 -0.02419 -0.07048
v 0.01978 0.01321 -0.05291
v 0.01989 0.01234 -0.08094
v 0.01990 0.00755 -0.11252
v 0.01991 0.01489 -0.06088
v 0.01997 0.00010 -0.01927
v 0.02008 0.01280 -0.07334
v 0.02010 -0.01937 -0.11523
v 0.02010 -0.01662 -0.02191
v 0.02016 -0.00563 -0.11870
v 0.02018 -0.02626 -0.08493
v 0.02026 -0.02216 -0.03740
v 0.02030 0.01157 -0.04103
v 0.02032 0.00947 -0.10527
v 0.02041 0.01116 -0.02620
v 0.02046 -0.02340 -0.05003
v 0.02050 -0.00243 -0.11804
v 0.02052 -0.01613 -0.02158
v 0.02068 0.00895 -0.10879
v 0.02073 -0.02223 -0.03977
v 0.02081 0.01281 -0.05321
v 0.02101 0.01254 -0.05156
v 0.02118 0.01063 -0.02631
v 0.02122 -0.01918 -0.11282
v 0.02124 0.01017 -0.03401
v 0.02125 0.01406 -0.05827
v 0.02129 -0.00022 -0.11671
v 0.02140 -0.01506 -0.02121
v 0.02148 0.01129 -0.08027
v 0.02149 0.00237 -0.02038
v 0.02155 0.01017 -0.02598
v 0.02155 0.01354 -0.05740
v 0.02156 0.01137 -0.07751
v 0.02159 -0.02371 -0.07264
v 0.02168 0.00883 -0.10276
v 0.02174 -0.01848 -0.11437
v 0.02193 -0.02074 -0.03749
v 0.02196 -0.00810 -0.11770
v 0.02203 -0.01669 -0.11472
v 0.02209 -0.01371 -0.02060
v 0.02210 0.00749 -0.10894
v 0.02225 -0.01398 -0.11605
v 0.02225 0.00929 -0.03396
v 0.02238 0.01142 -0.04720
v 0.02243 0.01091 -0.07484
v 0.02246 -0.00521 -0.11695
v 0.02262 -0.00455 -0.01843
v 0.02263 -0.02377 -0.06615
v 0.02268 0.01302 -0.06016
v 0.02274 -0.02334 -0.07094
v 0.02274 -0.00752 -0.01838
v 0.02285 -0.01778 -0.10440
v 0.02294 0.00825 -0.02528
v 0.02297 0.00075 -0.11327
v 0.02298 -0.01175 -0.01994
v 0.02302 -0.01891 -0.03274
v 0.02309 -0.01185 -0.02056
v 0.02310 -0.01713 -0.11330
v 0.02312 0.00625 -0.10968
v 0.02323 -0.01058 -0.01960
v 0.02326 0.00799 -0.03294
v 0.02329 0.01103 -0.04900
v 0.02333 0.00888 -0.03647
v 0.02334 0.00856 -0.09223
v 0.02336 -0.01673 -0.10732
v 0.02336 -0.01290 -0.11500
v 0.02345 -0.01980 -0.04120
v 0.02350 0.00348 -0.11109
v 0.02355 -0.02312 -0.06485
v 0.02355 -0.01757 -0.02953
v 0.02365 -0.01620 -0.11334
v 0.02373 -0.02331 -0.07622
v 0.02379 0.00631 -0.02783
v 0.02392 0.00524 -0.10969
v 0.02397 0.00096 -0.11188
v 0.02398 -0.02083 -0.05497
v 0.02400 -0.01462 -0.11267
v 0.02402 0.01011 -0.06865
v 0.02402 0.01035 -0.06479
v 0.02413 -0.00186 -0.01948
v 0.02425 -0.01534 -0.11260
v 0.02428 -0.01722 -0.03087
v 0.02429 -0.01527 -0.11250
v 0.02431 -0.00657 -0.11451
v 0.02434 -0.00679 -0.01881
v 0.02455 0.00438 -0.10937
v 0.02458 -0.02066 -0.04909
v 0.02460 0.00413 -0.10995
v 0.02471 -0.02153 -0.09428
v 0.02479 -0.02196 -0.06340
v 0.02479 0.00907 -0.04664
v 0.02485 -0.01947 -0.09852
v 0.02489 -0.02146 -0.08971
v 0.02500 0.00262 -0.11046
v 0.02511 -0.00454 -0.01887
v 0.02511 -0.02193 -0.07390
v 0.02515 -0.00890 -0.11237
v 0.02517 -0.02023 -0.05790
v 0.02520 -0.00381 -0.01905
v 0.02521 0.00356 -0.02270
v 0.02539 -0.00307 -0.11150
v 0.02543 -0.00200 -0.01951
v 0.02547 -0.01480 -0.10482
v 0.02547 -0.01268 -0.11023
v 0.02548 0.00562 -0.09512
v 0.02551 -0.00335 -0.01923
v 0.02558 -0.02180 -0.06795
v 0.02558 -0.00391 -0.02001
v 0.02559 0.00238 -0.02210
v 0.02561 -0.01352 -0.10607
v 0.02574 -0.00646 -0.11165
v 0.02575 0.00241 -0.10988
v 0.02578 -0.01631 -0.10169
v 0.02589 -0.00166 -0.01987
v 0.02593 0.00768 -0.04469
v 0.02595 -0.01532 -0.03292
v 0.02597 -0.00062 -0.02064
v 0.02604 -0.00192 -0.01991
v 0.02609 -0.01069 -0.10969
v 0.02628 -0.00840 -0.02599
v 0.02629 -0.00149 -0.02071
v 0.02634 0.00478 -0.03438
v 0.02636 -0.00110 -0.02213
v 0.02638 0.00356 -0.09891
v 0.02645 -0.01261 -0.02881
v 0.02653 -0.02081 -0.07907
v 0.02655 0.00014 -0.10865
v 0.02661 0.00823 -0.05363
v 0.02663 -0.01087 -0.10535
v 0.02668 -0.00788 -0.11018
v 0.02677 0.00561 -0.09013
v 0.02679 0.00784 -0.05357
v 0.02679 -0.02072 -0.07533
v 0.02680 -0.01461 -0.10264
v 0.02683 -0.00493 -0.10961
v 0.02688 0.00662 -0.04292
v 0.02690 -0.01843 -0.05495
v 0.02700 -0.00394 -0.10945
v 0.02703 -0.01863 -0.04652
v 0.02710 -0.01647 -0.04010
v 0.02712 -0.01867 -0.05760
v 0.02714 -0.00259 -0.10771
v 0.02721 -0.00209 -0.10634
v 0.02724 -0.01623 -0.09928
v 0.02730 -0.00126 -0.10473
v 0.02731 0.00067 -0.03140
v 0.02733 -0.01791 -0.09678
v 0.02738 -0.00515 -0.10435
v 0.02750 -0.00064 -0.02891
v 0.02757 0.00649 -0.06847
v 0.02766 0.00219 -0.09735
v 0.02770 -0.01898 -0.09027
v 0.02770 -0.01957 -0.07302
v 0.02772 0.00682 -0.05459
v 0.02778 0.00820 -0.07793
v 0.02788 -0.01803 -0.05071
v 0.02796 -0.01804 -0.05872
v 0.02805 -0.00132 -0.03065
v 0.02807 -0.01888 -0.06804
v 0.02813 -0.01873 -0.08786
v 0.02816 -0.00766 -0.03175
v 0.02817 -0.01709 -0.04520
v 0.02824 -0.00912 -0.03362
v 0.02829 0.00508 -0.06752
v 0.02840 0.00449 -0.04308
v 0.02844 -0.01311 -0.09975
v 0.02845 -0.01832 -0.08153
v 0.02852 0.00620 -0.08210
v 0.02859 -0.01571 -0.04240
v 0.02862 -0.00142 -0.09929
v 0.02862 -0.00308 -0.03121
v 0.02872 -0.01799 -0.08704
v 0.02879 0.00783 -0.07648
v 0.02885 -0.00113 -0.09791
v 0.02892 0.00262 -0.09318
v 0.02892 0.00510 -0.08328
v 0.02914 0.00702 -0.07762
v 0.02916 -0.00826 -0.09901
v 0.02918 0.00385 -0.06752
v 0.02920 0.00284 -0.04712
v 0.02924 0.00343 -0.04101
v 0.02934 0.00336 -0.08889
v 0.02936 -0.01578 -0.05086
v 0.02940 0.00197 -0.04556
v 0.02950 -0.01537 -0.05503
v 0.02951 0.00291 -0.08989
v 0.02953 0.00247 -0.03999
v 0.02957 -0.01593 -0.06282
v 0.02980 -0.00396 -0.03420
v 0.02984 -0.00422 -0.09637
v 0.02989 0.00402 -0.06064
v 0.02990 0.00092 -0.04638
v 0.02996 -0.01572 -0.09179
v 0.02996 0.00258 -0.06869
v 0.02998 -0.01384 -0.05358
v 0.02999 -0.01335 -0.04410
v 0.03002 -0.01578 -0.09041
v 0.03003 -0.01418 -0.06095
v 0.03006 0.00575 -0.07738
v 0.03027 -0.01238 -0.06492
v 0.03029 0.00253 -0.08224
v 0.03039 0.00231 -0.05570
v 0.03040 0.00498 -0.07696
v 0.03042 -0.01445 -0.06957
v 0.03044 -0.00144 -0.03675
v 0.03056 -0.01428 -0.09035
v 0.03056 0.00076 -0.06733
v 0.03058 -0.00011 -0.09218
v 0.03064 -0.01006 -0.06855
v 0.03065 -0.01385 -0.06845
v 0.03088 0.00118 -0.08124
v 0.03097 0.00047 -0.09003
v 0.03100 -0.00237 -0.04655
v 0.03101 -0.00786 -0.04029
v 0.03101 0.00025 -0.06445
v 0.03102 -0.01265 -0.07152
v 0.03102 0.00113 -0.07338
v 0.03104 -0.00008 -0.07060
v 0.03106 0.00141 -0.06164
v 0.03109 -0.00227 -0.06745
v 0.03110 -0.00743 -0.05932
v 0.03112 -0.00102 -0.06590
v 0.03116 -0.00168 -0.09145
v 0.03125 -0.00336 -0.07683
v 0.03126 -0.00145 -0.05942
v 0.03127 -0.00496 -0.04825
v 0.03130 -0.00279 -0.04941
v 0.03131 -0.00603 -0.04048
v 0.03132 -0.00140 -0.05363
v 0.03133 0.00000 -0.06246
v 0.03135 -0.00309 -0.04450
v 0.03137 -0.00230 -0.03911
v 0.03144 -0.00247 -0.04077
v 0.03149 -0.00607 -0.04209
v 0.03159 -0.01078 -0.07915
v 0.03208 -0.00307 -0.08739
v 0.03213 -0.00620 -0.08937
v 0.03236 -0.00865 -0.08593
v 0.03247 -0.00673 -0.08312
v 0.03254 -0.00568 -0.08502
vn -0.5742 -0.3291 -0.7497
vn -0.8392 -0.1070 0.5331
vn -0.1556 0.7837 0.6013
vn 0.4102 0.8083 -0.4224
vn -0.8586 0.4746 0.1938
vn -0.8832 -0.4666 0.0482
vn -0.3644 -0.4527 -0.8138
vn 0.5377 0.8425 -0.0316
vn -0.9826 -0.1027 0.1548
vn -0.9210 0.3355 0.1977
vn -0.7506 0.6607 -0.0101
vn -0.0713 0.2279 -0.9711
vn -0.9460 0.0505 0.3203
vn -0.4959 -0.7320 -0.4673
vn -0.8599 -0.4858 0.1568
vn -0.7264 0.6558 0.2056
vn -0.5388 0.7087 -0.4554
vn -0.5765 -0.8055 -0.1372
vn -0.9431 0.0125 0.3322
vn -0.9870 0.1534 -0.0483
vn -0.9500 0.2690 0.1585
vn -0.6026 0.7927 -0.0926
vn -0.8989 -0.3687 0.2368
vn -0.9578 0.1154 0.2632
vn -0.6886 0.5715 -0.4464
vn -0.8462 -0.1891 -0.4983
vn -0.3604 -0.1649 -0.9181
vn -0.7985 0.5771 0.1714
vn -0.3951 -0.5178 -0.7588
vn -0.9495 -0.2255 0.2182
vn -0.8613 -0.5038 -0.0658
vn -0.8660 0.3265 0.3787
vn -0.7918 0.3161 0.5227
vn -0.4851 -0.7694 -0.4156
vn -0.9437 -0.1008 0.3152
vn -0.7277 -0.6811 0.0813
vn -0.7513 -0.4846 -0.4480
vn -0.4368 0.8734 0.2152
vn -0.3442 0.8898 -0.2995
vn -0.5125 0.6929 -0.5072
vn -0.5561 -0.8213 -0.1272
vn -0.5798 0.5429 0.6074
vn -0.3861 -0.5015 -0.7742
vn -0.4070 0.0048 -0.9134
vn -0.9110 0.3701 0.1821
vn -0.8798 -0.1147 0.4613
vn -0.8015 0.5972 0.0306
vn -0.6440 0.7392 -0.1968
vn -0.7236 0.3699 0.5828
vn -0.9970 0.0281 0.0727
vn -0.9921 -0.0515 -0.1140
vn -0.9419 0.1549 0.2981
vn -0.8893 -0.4121 0.1986
vn -0.9760 0.0231 0.2164
vn -0.6863 -0.3981 -0.6087
vn -0.9546 0.2586 0.1480
vn -0.9546 0.2502 -0.1618
vn -0.9446 0.3261 0.0386
vn -0.9655 -0.2589 -0.0274
vn -0.8877 -0.3804 0.2593
vn -0.8249 0.4089 -0.3903
vn -0.5062 0.4715 -0.7221
vn -0.9575 0.0594 0.2822
vn -0.1482 -0.3071 -0.9400
vn -0.9355 0.3332 0.1172
vn -0.9112 -0.3963 0.1125
vn -0.7275 -0.0898 -0.6803
vn -0.7559 -0.6475 0.0967
vn 0.0643 0.9950 -0.0770
vn -0.4705 0.7633 0.4428
vn -0.9032 0.4279 -0.0329
vn -0.9046 -0.4124 0.1075
vn -0.9976 0.0367 0.0582
vn -0.9958 -0.0883 -0.0244
vn -0.9787 -0.2047 -0.0135
vn -0.9711 0.2365 -0.0327
vn -0.3154 0.0471 -0.9478
vn -0.7643 0.3692 0.5288
vn -0.9525 -0.2312 -0.1981
vn -0.9870 0.0999 -0.1259
vn -0.9943 0.1051 0.0149
vn -0.0160 0.8166 -0.5770
vn -0.9569 -0.1909 0.2190
vn -0.9965 0.0811 -0.0178
vn 0.0828 0.8767 -0.4739
vn -0.9259 -0.2092 0.3146
vn -0.9890 0.0368 -0.1430
vn -0.8984 -0.2895 0.3302
vn -0.9964 -0.0768 0.0360
vn -0.9785 0.0850 0.1879
vn -0.7097 -0.7045 -0.0115
vn -0.8053 -0.4638 -0.3692
vn -0.8440 0.5169 -0.1431
vn -0.0410 -0.6339 -0.7723
vn -0.9952 -0.0525 -0.0826
vn -0.9617 -0.2738 0.0105
vn -0.9849 0.0773 0.1551
vn -0.2254 -0.5648 -0.7938
vn -0.9718 -0.2316 -0.0453
vn -0.7455 0.6662 0.0190
vn -0.9557 -0.2925 0.0320
vn -0.7844 0.3445 -0.5158
vn -0.9529 0.3032 0.0111
vn -0.4381 -0.8949 -0.0848
vn -0.9913 0.1316 -0.0055
vn -0.3159 -0.8706 -0.3772
vn -0.9941 0.0035 -0.1085
vn -0.7686 0.6397 0.0015
vn 0.0000 0.0000 0.0000
vn -0.9709 -0.2354 -0.0444
vn -0.6704 0.7279 -0.1440
vn -0.8118 0.2780 0.5135
vn -0.9857 0.0003 0.1684
vn -0.6816 0.0262 0.7312
vn -0.8296 -0.1074 0.5480
vn -0.4614 -0.8727 -0.1598
vn -0.8883 0.4587 -0.0221
vn -0.9490 0.2782 0.1486
vn -0.9477 -0.2819 -0.1498
vn -0.8518 -0.5126 -0.1081
vn -0.8671 0.4022 -0.2939
vn -0.8917 0.0246 0.4520
vn 0.0302 0.9535 -0.3000
vn -0.9544 0.2968 -0.0312
vn -0.9758 0.1592 -0.1499
vn -0.9220 -0.3612 0.1393
vn -0.2640 -0.4620 -0.8467
vn -0.9791 0.0770 0.1885
vn -0.9790 -0.0583 0.1951
vn -0.9300 -0.3671 0.0204
vn -0.9686 0.0314 -0.2465
vn -0.6433 0.2144 -0.7350
vn -0.9607 0.2527 0.1150
vn -0.9185 -0.3954 -0.0084
vn -0.9025 -0.4239 -0.0766
vn -0.8989 -0.1500 0.4117
vn -0.9490 0.3145 0.0238
vn -0.9674 -0.1527 0.2023
vn -0.8386 0.0653 0.5409
vn -0.9998 0.0199 -0.0058
vn -0.8410 -0.5198 0.1498
vn -0.9660 0.1840 0.1815
vn -0.8762 -0.4731 -0.0923
vn -0.9731 0.2259 -0.0451
vn -0.9793 0.2017 -0.0138
vn -0.9747 0.2237 -0.0019
vn -0.6076 -0.1494 -0.7801
vn -0.9033 0.2094 0.3745
vn 0.6677 0.6122 -0.4236
vn -0.9603 0.1054 -0.2583
vn -0.9365 0.3231 0.1364
vn -0.7168 0.1817 0.6732
vn -0.6310 0.1378 0.7634
vn -0.6707 0.1732 0.7212
vn -0.9844 0.1741 0.0261
vn -0.8383 -0.2087 -0.5037
vn -0.8108 0.1142 -0.5740
vn -0.9298 -0.3433 -0.1325
vn -0.9716 0.2238 0.0762
vn -0.9920 0.0718 0.1036
vn -0.8792 -0.2162 0.4245
vn -0.9646 0.2307 0.1280
vn -0.9495 -0.3010 -0.0889
vn -0.6484 0.0773 0.7573
vn -0.9475 -0.2660 0.1773
vn -0.9780 -0.1965 -0.0695
vn -0.5588 -0.0629 -0.8269
vn -0.7617 -0.6478 0.0135
vn -0.6506 0.0731 -0.7559
vn -0.9965 0.0836 0.0079
vn -0.6788 0.1360 0.7217
vn -0.9863 0.1646 -0.0110
vn -0.9836 0.0787 -0.1624
vn -0.7949 0.1573 -0.5860
vn -0.9868 -0.1176 0.1114
vn 0.2839 0.2468 -0.9265
vn -0.8073 0.2447 0.5370
vn -0.8296 -0.5109 0.2252
vn 0.2720 0.6978 -0.6626
vn -0.6842 -0.0785 0.7251
vn -0.8675 0.2986 -0.3979
vn -0.6282 0.0793 0.7740
vn -0.9664 0.2382 0.0965
vn -0.9435 0.3233 -0.0725
vn -0.5887 0.7651 0.2608
vn -0.9012 -0.4257 -0.0817
vn -0.9763 0.0268 -0.2148
vn -0.9978 0.0623 0.0214
vn -0.9966 -0.0613 0.0552
vn -0.7462 -0.6656 -0.0130
vn -0.5396 -0.8378 -0.0838
vn -0.9980 -0.0272 0.0572
vn -0.9303 -0.3004 0.2107
vn -0.9653 0.2612 -0.0077
vn -0.7505 0.0713 -0.6570
vn -0.9788 -0.1617 0.1254
vn -0.9150 -0.3867 -0.1150
vn -0.9219 -0.3782 0.0845
vn -0.8231 -0.5676 -0.0201
vn -0.9762 0.2047 0.0721
vn -0.9954 0.0959 0.0064
vn -0.0593 0.3771 -0.9243
vn -0.8763 0.1277 0.4646
vn -0.8925 0.3625 -0.2686
vn 0.1404 0.8320 -0.5366
vn -0.9184 0.3932 -0.0431
vn -0.9766 -0.1565 -0.1472
vn -0.9591 0.2816 0.0285
vn -0.9570 -0.1729 0.2327
vn -0.9870 0.1592 -0.0221
vn -0.3108 0.0703 -0.9479
vn -0.0816 0.0879 -0.9928
vn -0.8532 -0.5024 0.1399
vn -0.8441 -0.5358 -0.0194
vn -0.8546 -0.5072 0.1113
vn -0.5895 0.1556 0.7926
vn -0.8169 -0.5736 -0.0612
vn -0.8321 -0.5498 0.0733
vn -0.9224 0.3720 -0.1034
vn -0.9639 -0.2608 0.0543
vn -0.2960 0.0947 -0.9505
vn -0.2566 0.1920 -0.9473
vn -0.9907 -0.0118 0.1356
vn -0.9384 -0.3454 0.0129
vn -0.9602 0.2676 0.0806
vn -0.9833 -0.1246 -0.1327
vn -0.7310 -0.6759 0.0939
vn -0.9895 -0.1415 -0.0290
vn -0.4181 -0.8277 -0.3743
vn -0.9438 0.2984 0.1420
vn -0.9708 0.0344 0.2374
vn -0.9927 0.1169 -0.0282
vn -0.9423 0.1157 0.3142
vn -0.9949 0.0706 0.0725
vn 0.0231 0.8075 -0.5894
vn -0.6085 0.6686 0.4273
vn -0.2690 0.9029 0.3352
vn -0.9916 -0.0834 0.0988
vn -0.5083 0.7064 0.4926
vn -0.9905 0.1346 -0.0284
vn -0.4269 0.2019 -0.8815
vn -0.9045 0.3454 0.2500
vn -0.9616 0.2449 -0.1241
vn -0.5184 0.0912 -0.8502
vn -0.9772 0.1947 0.0843
vn -0.7617 0.4995 0.4127
vn -0.9727 0.2047 0.1092
vn -0.6518 -0.7549 0.0731
vn -0.9897 0.0029 0.1430
vn -0.7150 0.4927 0.4960
vn -0.8963 -0.4098 -0.1693
vn -0.0498 0.9843 0.1694
vn -0.9812 0.1771 0.0772
vn -0.9493 0.3137 0.0190
vn -0.8973 0.3484 -0.2709
vn -0.9832 0.1812 0.0239
vn -0.9972 -0.0578 0.0477
vn -0.9966 -0.0632 -0.0522
vn -0.7651 0.3121 0.5633
vn -0.9843 0.1763 -0.0105
vn -0.5074 0.8532 -0.1207
vn -0.9498 0.1813 0.2550
vn -0.9181 0.2749 -0.2853
vn -0.8277 0.4373 0.3516
vn -0.9740 0.2040 0.0982
vn -0.8680 -0.4856 0.1044
vn -0.8965 0.2914 0.3337
vn -0.7562 -0.6516 0.0594
vn -0.6198 -0.7830 -0.0519
vn -0.8451 0.5164 -0.1383
vn -0.4502 0.7761 0.4415
vn -0.8647 -0.4919 0.1018
vn -0.3121 -0.9229 -0.2256
vn -0.8626 -0.4552 0.2206
vn -0.9680 0.1675 -0.1867
vn -0.9148 -0.3950 -0.0848
vn -0.8093 -0.5739 0.1250
vn -0.8121 -0.5726 -0.1125
vn -0.4397 0.0727 -0.8952
vn -0.6702 0.6572 0.3448
vn -0.7238 0.6852 -0.0818
vn -0.6377 -0.1289 0.7594
vn -0.0172 0.7027 -0.7113
vn -0.6863 -0.7234 0.0758
vn 0.0674 0.9681 -0.2412
vn -0.5645 -0.8249 -0.0282
vn -0.0863 -0.5263 -0.8459
vn -0.8221 -0.5568 0.1192
vn -0.3573 -0.9158 -0.1835
vn -0.6742 -0.7373 0.0423
vn -0.1677 -0.2694 -0.9483
vn -0.2784 -0.1175 -0.9533
vn -0.9006 0.4342 0.0227
vn -0.9585 0.2848 0.0112
vn -0.6547 -0.2534 0.7121
vn -0.9570 0.2898 -0.0087
vn -0.8332 0.4882 0.2596
vn -0.8447 0.4548 -0.2821
vn -0.5521 0.1032 0.8273
vn -0.3948 0.9077 -0.1422
vn -0.6159 0.7292 0.2981
vn -0.9417 0.2865 -0.1765
vn -0.3380 -0.9208 -0.1945
vn -0.9714 0.2335 0.0433
vn -0.3768 0.9262 0.0157
vn -0.6805 -0.7317 0.0395
vn -0.9576 0.2290 0.1750
vn -0.4240 -0.8977 -0.1195
vn -0.8265 0.5266 -0.1989
vn -0.4516 0.8536 0.2596
vn -0.3558 -0.9198 -0.1656
vn -0.6299 0.6144 0.4752
vn -0.6679 -0.7434 0.0350
vn 0.1786 0.2337 -0.9558
vn -0.8530 0.4751 0.2163
vn -0.1548 0.1988 -0.9677
vn -0.7949 -0.6068 -0.0058
vn -0.0311 0.9653 0.2591
vn -0.4614 0.8451 0.2699
vn -0.5921 -0.8037 -0.0590
vn -0.4788 -0.0218 0.8776
vn -0.9641 0.2649 0.0204
vn -0.4773 0.2016 0.8553
vn -0.8061 -0.5918 0.0046
vn -0.8572 0.4893 -0.1606
vn -0.6266 0.7601 0.1718
vn -0.9472 0.3181 0.0400
vn -0.6374 0.7693 -0.0438
vn -0.9417 0.3327 -0.0502
vn -0.6642 -0.7471 0.0243
vn -0.2561 0.3869 -0.8858
vn 0.1078 0.2992 -0.9481
vn -0.9281 0.3718 0.0209
vn -0.7286 0.6432 -0.2353
vn -0.8703 0.4919 0.0228
vn -0.3076 -0.7943 -0.5239
vn -0.8447 0.5123 0.1552
vn -0.8636 0.4887 0.1238
vn -0.8727 0.4829 0.0720
vn -0.8808 0.4733 -0.0128
vn -0.8892 0.4519 0.0719
vn -0.7932 -0.6025 0.0889
vn -0.5453 -0.8369 -0.0465
vn -0.7662 0.6419 -0.0311
vn -0.5173 -0.5220 0.6782
vn -0.6289 -0.7694 0.1121
vn -0.6410 -0.7675 0.0103
vn -0.8255 0.5614 0.0580
vn 0.1940 0.9558 0.2209
vn -0.3427 0.9394 0.0018
vn -0.4741 -0.1269 0.8713
vn -0.6572 -0.7522 0.0473
vn 0.2072 0.9759 0.0684
vn -0.3667 0.0433 -0.9293
vn -0.8198 0.5719 0.0275
vn -0.1884 -0.5595 -0.8071
vn -0.7891 0.6101 -0.0713
vn -0.6440 0.7647 -0.0213
vn -0.4466 0.8864 0.1216
vn -0.1556 0.3385 -0.9280
vn -0.4618 0.3613 0.8101
vn 0.2018 0.9624 0.1820
vn 0.1634 0.3073 -0.9375
vn -0.5989 0.7557 -0.2651
vn -0.6240 0.7813 0.0172
vn -0.5825 -0.8090 0.0788
vn -0.6161 0.7825 0.0905
vn -0.5030 -0.8589 -0.0960
vn -0.5889 0.7922 -0.1600
vn -0.4651 -0.8850 -0.0209
vn -0.7821 0.6222 0.0350
vn -0.6855 0.7251 0.0656
vn -0.3469 -0.9185 -0.1898
vn -0.6400 0.7656 -0.0657
vn -0.1078 -0.2499 -0.9622
vn -0.5431 -0.6206 0.5656
vn -0.7005 -0.7127 -0.0369
vn -0.3187 -0.9410 -0.1138
vn -0.5248 -0.4543 0.7199
vn 0.1745 0.9835 -0.0474
vn -0.4047 0.1623 0.8999
vn -0.1549 -0.4029 -0.9021
vn 0.1793 0.9832 0.0334
vn -0.2338 0.2415 -0.9418
vn -0.6654 0.7438 0.0629
vn -0.6433 0.7649 0.0327
vn -0.1793 0.9779 -0.1079
vn -0.4028 0.6848 0.6073
vn -0.7447 -0.4701 0.4737
vn -0.0168 -0.0109 -0.9998
vn -0.5035 0.7933 -0.3423
vn -0.5719 -0.8202 0.0141
vn -0.3947 0.9187 -0.0133
vn -0.2514 0.2718 0.9289
vn -0.2529 -0.8178 -0.5170
vn -0.6071 -0.4789 0.6341
vn 0.1400 0.7287 -0.6704
vn -0.3189 0.9447 -0.0764
vn -0.5778 -0.8152 0.0399
vn -0.5445 -0.1138 0.8310
vn -0.5976 -0.8011 0.0329
vn -0.5299 0.8479 0.0154
vn -0.4828 0.8742 0.0527
vn 0.0754 0.4275 -0.9009
vn -0.1991 0.9187 0.3410
vn -0.4294 0.9025 0.0326
vn -0.0183 0.4499 -0.8929
vn -0.1852 -0.5223 -0.8324
vn -0.6201 -0.7845 0.0099
vn 0.0529 0.9550 -0.2918
vn -0.5284 -0.4994 0.6865
vn -0.6059 -0.7853 0.1275
vn -0.4010 -0.9071 -0.1282
vn -0.2014 0.5319 0.8225
vn 0.1373 0.9822 -0.1281
vn 0.2850 0.9518 0.1134
vn -0.3248 0.2522 0.9115
vn -0.4458 0.8930 -0.0621
vn -0.1935 -0.8482 -0.4931
vn -0.2790 0.9494 0.1444
vn -0.1726 0.9455 -0.2760
vn -0.0617 0.9775 -0.2018
vn 0.1950 0.2320 -0.9530
vn -0.4606 0.8846 0.0737
vn 0.1479 0.9511 -0.2710
vn -0.3126 -0.9479 -0.0609
vn -0.2966 0.9521 0.0744
vn -0.3535 0.9309 0.0917
vn 0.1459 -0.1459 -0.9785
vn -0.3735 -0.9275 -0.0138
vn 0.0573 -0.3002 -0.9522
vn -0.5397 -0.3892 0.7465
vn -0.3047 0.2731 0.9124
vn -0.4893 -0.8706 0.0509
vn -0.2464 0.9667 -0.0689
vn -0.5799 -0.8139 0.0355
vn -0.3667 -0.8813 -0.2982
vn -0.5722 -0.8065 0.1491
vn -0.4246 -0.9022 0.0758
vn -0.1805 0.9472 -0.2651
vn -0.4194 -0.9050 -0.0708
vn 0.3180 0.6036 -0.7312
vn -0.4693 -0.8763 0.1089
vn -0.1085 -0.6987 -0.7072
vn -0.1762 0.8368 0.5184
vn 0.0145 -0.5517 -0.8339
vn -0.2170 0.9761 -0.0059
vn -0.3161 -0.9475 0.0480
vn -0.2103 -0.9771 0.0312
vn -0.4252 -0.9050 0.0129
vn -0.3314 -0.9226 0.1977
vn -0.3069 0.9517 -0.0067
vn -0.4452 -0.8864 0.1266
vn -0.0819 0.9964 -0.0200
vn -0.4734 -0.8667 -0.1571
vn -0.4643 -0.8840 -0.0549
vn 0.1575 -0.3923 -0.9063
vn -0.1510 0.9883 0.0201
vn 0.2192 0.9707 0.0982
vn -0.3593 -0.9331 0.0151
vn -0.0428 0.9849 -0.1676
vn -0.4782 -0.5135 0.7125
vn -0.4097 0.1908 0.8920
vn 0.0784 0.9937 0.0803
vn -0.0287 0.9991 -0.0316
vn -0.4015 -0.9158 0.0128
vn -0.0954 -0.8658 -0.4912
vn -0.5047 -0.0360 0.8626
vn -0.3221 -0.9444 0.0657
vn -0.3600 0.9318 0.0459
vn -0.4310 -0.8750 -0.2207
vn -0.2674 0.9505 0.1583
vn -0.2537 0.9669 0.0284
vn -0.2794 -0.9458 -0.1653
vn -0.3631 0.8943 0.2614
vn -0.2199 0.9748 0.0383
vn -0.2120 0.5147 0.8308
vn -0.3351 -0.9410 -0.0482
vn -0.2368 -0.9376 -0.2546
vn -0.5387 -0.2535 0.8035
vn 0.1916 0.2983 -0.9350
vn 0.1848 -0.1697 -0.9680
vn -0.2262 -0.9625 -0.1500
vn -0.1135 0.9935 -0.0057
vn -0.2770 -0.9603 0.0343
vn 0.0646 -0.7487 -0.6598
vn -0.1898 -0.9685 -0.1611
vn -0.1058 0.9942 -0.0181
vn 0.2257 0.4261 -0.8761
vn 0.1554 0.4776 -0.8647
vn -0.1434 0.8432 0.5182
vn -0.2678 -0.9634 -0.0085
vn -0.3378 -0.9325 0.1278
vn -0.0845 -0.9964 -0.0064
vn -0.1752 -0.9499 -0.2588
vn 0.2255 -0.3682 -0.9020
vn 0.1156 0.9894 0.0881
vn -0.2651 0.2699 0.9257
vn -0.2522 0.9676 0.0086
vn -0.2137 -0.9643 0.1566
vn 0.2909 0.8308 -0.4745
vn 0.3082 0.6025 -0.7362
vn -0.1802 -0.9633 -0.1991
vn -0.2674 -0.9633 0.0231
vn 0.4948 0.4794 -0.7248
vn -0.4666 -0.4366 0.7692
vn -0.5319 -0.0836 0.8427
vn 0.1136 0.9809 -0.1582
vn 0.2077 -0.2625 -0.9423
vn -0.2543 -0.9655 0.0560
vn -0.4222 0.1952 0.8853
vn -0.0378 0.9986 0.0376
vn -0.2543 -0.9644 0.0721
vn -0.1413 -0.9849 -0.1006
vn -0.1921 -0.9697 0.1512
vn 0.2102 0.1164 -0.9707
vn -0.3862 0.2765 0.8800
vn -0.3809 -0.7880 0.4838
vn 0.2293 -0.5157 -0.8255
vn -0.2554 -0.9660 0.0406
vn 0.2363 0.6432 -0.7283
vn -0.0778 0.9615 -0.2637
vn 0.2293 -0.6339 -0.7387
vn 0.0065 0.9627 -0.2703
vn -0.1409 -0.9881 0.0618
vn 0.0445 0.9989 0.0164
vn -0.1578 -0.9483 -0.2753
vn -0.3493 -0.3310 0.8766
vn 0.0755 0.9507 -0.3008
vn -0.1224 -0.9913 -0.0475
vn -0.0973 0.9943 0.0428
vn 0.0358 0.9993 0.0121
vn -0.0342 0.9969 0.0705
vn 0.0790 0.9963 -0.0343
vn 0.1667 0.3051 -0.9376
vn -0.4154 0.2679 0.8693
vn -0.1844 -0.9752 0.1226
vn 0.0763 0.9969 0.0201
vn -0.1592 -0.9866 -0.0367
vn -0.3001 -0.4825 0.8229
vn -0.3718 0.3338 0.8662
vn -0.1427 0.6673 0.7310
vn 0.2235 -0.1527 -0.9627
vn -0.2536 -0.9672 0.0123
vn -0.3359 -0.5280 0.7800
vn -0.1503 -0.9878 0.0409
vn 0.4048 -0.3443 -0.8471
vn 0.2169 0.9725 0.0849
vn 0.0682 0.9968 0.0424
vn -0.0275 0.9913 -0.1289
vn 0.3117 0.2563 -0.9150
vn 0.0110 0.9913 0.1312
vn -0.1008 0.8660 0.4898
vn 0.3987 0.7905 -0.4649
vn -0.1097 -0.9938 0.0193
vn -0.1296 0.9916 -0.0023
vn -0.1631 -0.9535 -0.2535
vn 0.3143 0.1162 -0.9422
vn -0.1246 -0.9762 0.1775
vn 0.0174 -0.9821 0.1875
vn 0.0615 0.9080 -0.4145
vn 0.0576 0.9485 -0.3115
vn -0.4542 0.0415 0.8899
vn 0.2577 0.9576 0.1289
vn 0.3473 -0.2448 -0.9052
vn 0.0206 -0.8068 -0.5904
vn -0.2403 0.5013 0.8313
vn 0.2519 0.9608 -0.1162
vn -0.0055 -0.9995 0.0309
vn 0.1138 0.9851 0.1289
vn -0.1692 0.9800 0.1049
vn 0.5247 -0.0870 -0.8468
vn -0.0098 0.9832 -0.1821
vn 0.2208 -0.9651 0.1406
vn 0.2599 0.3960 -0.8807
vn -0.3604 -0.1242 0.9245
vn 0.0297 0.9382 -0.3447
vn -0.2435 -0.4417 0.8635
vn -0.0359 -0.9972 -0.0649
vn 0.1324 0.9911 0.0113
vn 0.1969 0.5964 -0.7782
vn 0.3155 0.9439 -0.0980
vn 0.0656 0.9977 0.0150
vn -0.1967 -0.4770 0.8566
vn 0.1869 0.9550 0.2304
vn -0.0104 -0.9971 0.0757
vn 0.1400 -0.9758 -0.1682
vn 0.2406 -0.5027 -0.8303
vn -0.1345 -0.9704 -0.2006
vn 0.2544 0.9370 -0.2395
vn 0.3810 -0.3459 -0.8574
vn 0.5348 -0.2404 -0.8100
vn 0.3874 0.7394 -0.5507
vn -0.0660 -0.9901 0.1237
vn 0.3940 0.8989 -0.1916
vn -0.4736 0.3004 0.8279
vn 0.2741 0.8471 -0.4554
vn 0.1605 -0.5826 -0.7967
vn 0.0079 -0.9908 0.1351
vn 0.2562 0.9503 -0.1769
vn 0.0935 -0.8820 -0.4619
vn 0.1016 0.9942 0.0363
vn 0.1495 0.9733 0.1740
vn 0.0896 0.9711 0.2214
vn 0.4011 0.9159 -0.0170
vn -0.0912 0.6286 0.7723
vn -0.4254 0.1872 0.8854
vn 0.1868 0.9589 -0.2135
vn 0.0881 0.9934 -0.0730
vn -0.3211 0.1575 0.9339
vn -0.1528 -0.9512 -0.2680
vn 0.4515 0.1942 -0.8709
vn 0.1020 -0.9770 -0.1874
vn -0.0535 0.7572 0.6510
vn -0.2196 -0.1911 0.9567
vn 0.2685 -0.9295 0.2531
vn 0.0116 -0.9541 -0.2993
vn 0.4767 0.5862 -0.6550
vn 0.1581 -0.5437 -0.8243
vn 0.2243 0.8881 -0.4011
vn 0.1197 -0.9502 -0.2878
vn 0.1797 0.9759 0.1234
vn 0.1963 -0.9804 0.0142
vn 0.2785 0.9502 -0.1397
vn 0.3685 0.8911 0.2648
vn -0.1710 -0.4293 0.8868
vn 0.4116 0.8937 -0.1786
vn 0.0288 -0.9996 -0.0027
vn -0.0868 0.4289 -0.8992
vn 0.4075 0.9091 0.0862
vn -0.1045 -0.9929 0.0571
vn -0.1144 -0.4636 0.8787
vn -0.0261 -0.9536 -0.2999
vn 0.3466 -0.2744 -0.8970
vn 0.2439 -0.3455 -0.9062
vn -0.0495 0.5756 0.8162
vn -0.2036 0.3460 0.9159
vn 0.4052 0.8705 -0.2794
vn 0.5750 0.7391 -0.3510
vn 0.2729 -0.8957 -0.3512
vn -0.0407 -0.9984 -0.0402
vn 0.4744 0.8795 -0.0381
vn -0.0256 -0.9821 0.1864
vn 0.2256 0.9728 0.0519
vn 0.5367 0.8039 -0.2562
vn 0.5766 0.3752 -0.7257
vn -0.1026 -0.9722 -0.2104
vn 0.2452 0.9671 0.0682
vn -0.0385 0.5726 -0.8189
vn 0.4208 0.8470 0.3247
vn 0.4263 -0.8174 0.3874
vn 0.4257 0.7950 -0.4320
vn 0.5023 -0.2932 -0.8135
vn 0.2185 -0.9137 -0.3427
vn 0.5769 0.7251 -0.3761
vn 0.3121 -0.8968 -0.3136
vn -0.1617 -0.9867 0.0165
vn 0.5070 0.8403 -0.1916
vn 0.4235 0.8935 -0.1495
vn 0.4026 0.9140 0.0493
vn 0.6177 0.7774 -0.1189
vn -0.0922 -0.9549 -0.2823
vn 0.0332 -0.9994 0.0025
vn 0.1285 -0.9344 -0.3322
vn 0.1407 0.6861 0.7137
vn -0.0992 0.5902 0.8011
vn 0.2180 0.5971 0.7719
vn 0.2503 -0.6264 -0.7382
vn 0.1899 -0.5163 -0.8351
vn 0.5614 0.6357 -0.5298
vn 0.4271 0.9031 -0.0440
vn 0.5793 -0.0000 -0.8151
vn 0.2737 -0.4384 -0.8561
vn 0.3138 -0.9325 -0.1789
vn 0.6058 0.1993 -0.7703
vn 0.2102 -0.9764 0.0500
vn 0.3706 0.9254 0.0794
vn 0.0147 -0.3317 0.9433
vn 0.1218 -0.9896 -0.0771
vn 0.4173 0.9010 0.1187
vn -0.1429 0.0718 0.9871
vn 0.0574 0.9971 0.0501
vn 0.6371 0.7654 0.0909
vn -0.0449 -0.9850 0.1669
vn 0.1085 -0.9934 -0.0369
vn 0.5915 0.7880 -0.1708
vn 0.5181 -0.1952 -0.8328
vn 0.4150 0.9096 0.0183
vn 0.5826 0.7621 -0.2824
vn -0.0365 -0.9972 0.0650
vn 0.2047 -0.9772 -0.0555
vn 0.1753 -0.9235 -0.3412
vn 0.3064 0.9470 -0.0962
vn 0.4878 0.8697 0.0756
vn 0.7005 0.6321 -0.3314
vn 0.6280 0.7474 -0.2170
vn 0.2985 -0.3430 -0.8907
vn 0.2960 0.9270 0.2305
vn 0.3758 -0.9246 -0.0629
vn 0.6030 0.7965 -0.0451
vn -0.0526 0.1849 0.9813
vn 0.4622 0.8826 0.0858
vn 0.0618 0.3871 0.9200
vn 0.6418 0.7219 0.2588
vn 0.3292 -0.9430 0.0495
vn 0.2115 -0.9123 -0.3507
vn 0.2458 -0.9315 0.2682
vn 0.6147 0.7393 -0.2749
vn 0.4703 0.8750 -0.1147
vn 0.0458 -0.4787 0.8768
vn 0.2438 -0.9451 0.2178
vn 0.3820 -0.9090 -0.1666
vn 0.7586 0.3866 -0.5245
vn 0.3751 -0.8607 -0.3443
vn 0.3154 -0.9485 -0.0281
vn 0.5422 0.8340 0.1026
vn 0.2929 -0.9256 0.2397
vn 0.0686 -0.4379 0.8964
vn 0.3384 -0.9173 0.2100
vn 0.2040 -0.9720 -0.1166
vn 0.2533 0.9339 0.2522
vn 0.2964 -0.9134 -0.2791
vn 0.3128 -0.9456 0.0899
vn 0.2700 0.6005 0.7527
vn 0.3495 -0.8604 -0.3708
vn 0.2788 -0.9555 0.0968
vn 0.3869 -0.5533 -0.7377
vn 0.5520 0.8184 -0.1594
vn 0.0645 -0.0557 0.9964
vn 0.7048 0.1964 -0.6816
vn 0.4167 -0.9056 0.0788
vn 0.7027 0.7114 0.0058
vn 0.2924 -0.9555 0.0390
vn 0.5373 -0.8383 -0.0930
vn 0.3805 -0.2044 -0.9019
vn 0.3896 -0.8925 0.2274
vn 0.3872 -0.1778 -0.9047
vn 0.4892 -0.8023 -0.3421
vn 0.6876 0.7254 -0.0322
vn 0.4825 -0.3237 -0.8139
vn 0.7202 0.6849 -0.1107
vn 0.5963 -0.8003 -0.0629
vn 0.5467 -0.7561 -0.3597
vn 0.4537 -0.8899 0.0468
vn 0.3523 0.8019 0.4826
vn 0.4790 -0.8762 0.0536
vn 0.4918 -0.8397 0.2302
vn 0.2966 0.6250 0.7221
vn 0.5788 0.8116 -0.0791
vn 0.6057 -0.7876 0.1130
vn 0.1319 -0.3511 0.9270
vn 0.6334 -0.7632 -0.1275
vn 0.5645 -0.8234 0.0580
vn 0.2303 0.4013 0.8865
vn 0.5709 0.8181 -0.0698
vn 0.1386 -0.9903 -0.0136
vn 0.3287 0.9414 0.0764
vn 0.6368 0.7445 -0.2003
vn 0.7120 0.5842 -0.3896
vn 0.5530 0.8188 -0.1539
vn 0.0856 0.2713 0.9587
vn 0.6761 0.7358 0.0386
vn 0.5731 -0.4863 -0.6596
vn 0.5574 -0.7555 0.3441
vn 0.5759 -0.0433 -0.8164
vn 0.6424 -0.7663 -0.0132
vn 0.5440 -0.8160 0.1955
vn 0.5960 0.7920 0.1325
vn 0.6006 0.7841 -0.1563
vn 0.3315 0.6504 0.6834
vn 0.4959 -0.8667 -0.0539
vn 0.6841 0.1215 -0.7192
vn 0.1180 -0.4539 0.8832
vn 0.6523 0.7145 -0.2529
vn 0.6204 -0.7749 0.1207
vn 0.5049 0.8453 0.1747
vn 0.3792 0.9209 0.0900
vn 0.7673 0.6411 0.0113
vn 0.6355 -0.7714 0.0324
vn 0.5652 0.8217 -0.0740
vn 0.5316 0.8326 0.1553
vn 0.7898 0.2703 -0.5506
vn 0.6083 -0.5630 0.5595
vn 0.4666 0.8844 -0.0080
vn 0.3331 0.4850 0.8086
vn 0.4779 0.5837 0.6565
vn 0.6126 0.7537 0.2381
vn 0.5879 0.8069 -0.0569
vn 0.3718 -0.9089 0.1887
vn 0.7477 0.6559 -0.1037
vn 0.6624 -0.6504 -0.3718
vn 0.6832 -0.7141 0.1528
vn 0.6483 -0.0944 -0.7555
vn 0.6884 -0.2868 -0.6662
vn 0.8409 -0.4898 0.2302
vn 0.7545 0.6507 -0.0850
vn 0.5988 -0.2581 -0.7582
vn 0.7254 0.6875 0.0348
vn 0.5169 0.8464 0.1279
vn 0.5199 0.8540 -0.0184
vn 0.7793 0.1374 -0.6115
vn 0.0747 0.1533 0.9853
vn 0.3353 -0.9421 0.0019
vn 0.7431 0.6666 -0.0581
vn 0.3530 -0.9334 -0.0640
vn 0.1833 -0.1326 0.9741
vn 0.6368 -0.7286 -0.2521
vn 0.6228 0.5957 0.5072
vn 0.8137 0.2681 -0.5158
vn 0.1728 -0.4167 0.8925
vn 0.5838 -0.7841 0.2107
vn 0.7977 -0.4865 0.3565
vn 0.7846 -0.6197 -0.0189
vn 0.6688 0.5607 -0.4882
vn 0.8335 -0.2991 0.4645
vn 0.7923 0.6009 0.1059
vn 0.6623 0.7436 0.0916
vn 0.6582 0.7408 0.1341
vn 0.6982 0.6897 -0.1918
vn 0.7254 -0.6878 -0.0255
vn 0.8571 -0.1555 -0.4912
vn 0.6333 -0.7551 0.1699
vn 0.7589 0.3857 -0.5247
vn 0.4535 -0.8650 0.2147
vn 0.6737 -0.6589 0.3345
vn 0.7392 -0.2375 -0.6302
vn 0.5596 -0.8250 0.0789
vn 0.8730 0.4789 0.0919
vn 0.7938 0.5790 -0.1861
vn 0.7003 0.2449 -0.6705
vn 0.5341 -0.8452 -0.0190
vn 0.8680 -0.1768 -0.4641
vn 0.5959 0.8027 0.0236
vn 0.6955 0.7092 -0.1155
vn 0.2013 0.3396 0.9188
vn 0.7282 0.0547 -0.6831
vn 0.7744 -0.6260 0.0912
vn 0.8771 -0.4759 -0.0645
vn 0.8475 0.0102 -0.5307
vn 0.7329 -0.3011 0.6100
vn 0.8529 0.5143 -0.0893
vn 0.5895 -0.8049 0.0680
vn 0.6109 0.4621 -0.6428
vn 0.6506 -0.7346 -0.1924
vn 0.6563 -0.7411 0.1417
vn 0.7829 0.6221 0.0045
vn 0.5653 -0.7286 -0.3868
vn 0.6768 -0.7344 -0.0505
vn 0.7529 0.1949 -0.6286
vn 0.4039 -0.0363 0.9141
vn 0.5244 -0.8514 0.0076
vn 0.8826 -0.1246 -0.4533
vn 0.5032 -0.8456 0.1780
vn 0.3080 0.1692 0.9362
vn 0.6546 0.5659 0.5012
vn 0.8206 0.1749 -0.5441
vn 0.1671 0.2904 0.9422
vn 0.7521 -0.5962 -0.2808
vn 0.9478 -0.2570 -0.1889
vn 0.7004 0.6876 -0.1914
vn 0.8063 -0.0932 0.5842
vn 0.6900 -0.7226 0.0415
vn 0.9498 -0.1505 0.2743
vn 0.8750 0.4169 0.2459
vn 0.8999 -0.4060 -0.1594
vn 0.8805 0.0343 -0.4728
vn 0.9029 0.3682 -0.2219
vn 0.6266 -0.6689 -0.3998
vn 0.3483 0.5476 0.7608
vn 0.7356 0.6734 0.0736
vn 0.8409 -0.5002 0.2068
vn 0.3624 0.4252 0.8294
vn 0.9555 -0.1864 0.2288
vn 0.9598 -0.1801 -0.2152
vn 0.9201 -0.2289 0.3179
vn 0.9573 0.2045 0.2041
vn 0.8156 0.5262 0.2407
vn 0.9876 0.0395 0.1516
vn 0.7866 0.6071 -0.1129
vn 0.8887 -0.3523 0.2935
vn 0.6882 -0.7244 -0.0402
vn 0.9249 0.3394 -0.1713
vn 0.7144 0.6973 0.0588
vn 0.9559 -0.1307 -0.2629
vn 0.9423 -0.0717 -0.3271
vn 0.6416 0.7544 -0.1388
vn 0.7867 0.5916 0.1767
vn 0.7095 -0.7046 -0.0059
vn 0.8199 -0.4300 -0.3780
vn 0.9074 0.0067 -0.4203
vn 0.6773 0.7290 0.0986
vn 0.7076 -0.7066 0.0106
vn 0.8741 0.1398 -0.4652
vn 0.6178 -0.7689 0.1650
vn 0.6661 -0.7165 0.2070
vn 0.6323 -0.7683 0.1002
vn 0.9936 -0.0554 -0.0982
vn 0.9725 0.0346 -0.2304
vn 0.7723 -0.5202 -0.3646
vn 0.9548 0.2477 -0.1646
vn 0.8683 0.4212 0.2618
vn 0.7995 -0.5409 -0.2612
vn 0.9547 -0.0943 -0.2822
vn 0.9454 0.2890 0.1507
vn 0.7705 0.6149 0.1681
vn 0.8983 0.3753 -0.2285
vn 0.7385 -0.6683 -0.0893
vn 0.7955 -0.6058 0.0130
vn 0.8515 0.5164 0.0913
vn 0.5385 0.8230 -0.1805
vn 0.7135 -0.7002 -0.0261
vn 0.7622 -0.6406 0.0934
vn 0.8949 0.3285 0.3021
vn 0.8490 -0.5276 0.0277
vn 0.7113 -0.7019 -0.0369
vn 0.9340 -0.2182 0.2828
vn 0.7986 -0.5897 0.1204
vn 0.9122 -0.3235 0.2513
vn 0.7820 0.6226 -0.0289
vn 0.8363 0.5308 -0.1372
vn 0.9283 -0.2257 -0.2955
vn 0.8931 -0.4499 0.0027
vn 0.7729 0.6008 -0.2039
vn 0.8872 -0.3922 0.2431
vn 0.9596 0.1584 -0.2326
vn 0.9355 0.1974 0.2931
vn 0.8271 -0.5611 -0.0337
vn 0.6748 0.7290 0.1145
vn 0.9163 0.2639 -0.3014
vn 0.7676 0.6020 -0.2199
vn 0.8967 0.4364 -0.0738
vn 0.7389 0.6372 -0.2191
vn 0.9577 -0.0633 -0.2808
vn 0.8846 0.4576 -0.0906
vn 0.8580 0.5038 0.1005
vn 0.8538 0.5159 0.0694
vn 0.8172 0.5638 -0.1198
vn 0.8995 -0.4349 0.0424
vn 0.8931 0.4468 -0.0526
vn 0.9186 -0.3949 0.0161
vn 0.7870 0.5831 -0.2017
vn 0.8603 0.4392 0.2589
vn 0.9111 -0.4100 0.0427
vn 0.9486 -0.1157 0.2945
vn 0.9501 0.0917 -0.2983
vn 0.8058 0.5904 -0.0460
vn 0.9390 0.3337 0.0837
vn 0.9206 -0.3193 -0.2250
vn 0.8938 0.4190 0.1597
vn 0.9842 -0.1769 0.0054
vn 0.9728 -0.2300 0.0271
vn 0.9260 -0.3765 0.0278
vn 0.9835 -0.1802 0.0145
vn 0.8704 0.4492 -0.2014
vn 0.9914 -0.1058 0.0774
vn 0.8970 0.4271 -0.1136
vn 0.9117 0.4019 0.0855
vn 0.9520 0.3007 0.0565
vn 0.9030 -0.4297 -0.0052
vn 0.8782 0.3625 0.3119
vn 0.9675 -0.1962 -0.1597
vn 0.9512 0.3058 -0.0408
vn 0.9184 0.2569 -0.3007
vn 0.9986 -0.0481 0.0204
vn 0.9665 -0.2467 0.0707
vn 0.9817 0.1902 0.0025
vn 0.9382 0.3347 -0.0877
vn 0.9543 0.2987 -0.0115
vn 0.9255 -0.2668 0.2688
vn 0.9963 0.0482 -0.0715
vn 0.9880 -0.1418 0.0619
vn 0.9976 0.0647 0.0261
vn 0.9649 0.2479 0.0870
vn 0.9516 0.3063 -0.0252
vn 0.9993 -0.0254 -0.0288
vn 0.9953 -0.0969 -0.0061
vn 0.9986 0.0509 -0.0148
vn 0.9658 0.1479 -0.2128
vn 0.9925 0.0818 0.0914
vn 1.0000 0.0054 0.0027
vn 0.9920 -0.1261 -0.0070
vn 0.9958 0.0893 0.0214
vn 0.9897 -0.0689 0.1252
vn 0.9889 0.1436 0.0380
vn 0.9985 -0.0096 -0.0542
vn 0.9964 0.0403 -0.0748
vn 0.9732 0.0947 0.2095
vn 0.9718 0.2339 -0.0282
vn 0.9951 -0.0963 -0.0203
vn 0.9421 -0.3349 0.0189
vn 0.9831 0.1832 0.0001
vn 0.9692 -0.0430 -0.2423
vn 0.9791 -0.1994 -0.0400
vn 0.9937 -0.0062 0.1120
vn 0.9885 0.1472 0.0353
f 398//398 484//484 529//529
f 405//405 491//491 484//484
f 529//529 522//522 421//421
f 361//361 398//398 312//312
f 184//184 293//293 309//309
f 255//255 309//309 298//298
f 406//406 402//402 476//476
f 458//458 476//476 418//418
f 369//369 391//391 418//418
f 374//374 418//418 402//402
f 476//476 526//526 549//549
f 371//371 402//402 386//386
f 298//298 334//334 325//325
f 294//294 329//329 333//333
f 294//294 254//254 329//329
f 603//603 721//721 698//698
f 721//721 776//776 698//698
f 721//721 757//757 776//776
f 698//698 760//760 728//728
f 682//682 698//698 728//728
f 698//698 781//781 760//760
f 834//834 728//728 760//760
f 372//372 393//393 365//365
f 335//335 341//341 365//365
f 499//499 531//531 571//571
f 420//420 472//472 424//424
f 393//393 424//424 367//367
f 393//393 499//499 420//420
f 488//488 532//532 533//533
f 488//488 533//533 447//447
f 531//531 447//447 533//533
f 603//603 648//648 721//721
f 339//339 372//372 338//338
f 327//327 339//339 338//338
f 322//322 327//327 341//341
f 602//602 531//531 682//682
f 622//622 680//680 700//700
f 604//604 625//625 622//622
f 335//335 365//365 344//344
f 476//476 488//488 470//470
f 315//315 367//367 326//326
f 322//322 335//335 344//344
f 304//304 322//322 307//307
f 265//265 304//304 307//307
f 262//262 249//249 307//307
f 307//307 322//322 340//340
f 254//254 327//327 137//137
f 137//137 296//296 124//124
f 124//124 296//296 194//194
f 194//194 296//296 322//322
f 128//128 140//140 183//183
f 622//622 600//600 556//556
f 568//568 600//600 595//595
f 600//600 645//645 595//595
f 359//359 424//424 452//452
f 550//550 556//556 573//573
f 472//472 556//556 473//473
f 472//472 473//473 424//424
f 739//739 660//660 749//749
f 704//704 716//716 660//660
f 550//550 580//580 465//465
f 454//454 583//583 609//609
f 583//583 688//688 609//609
f 568//568 660//660 580//580
f 788//788 762//762 800//800
f 784//784 758//758 788//788
f 700//700 833//833 800//800
f 788//788 800//800 928//928
f 749//749 758//758 784//784
f 739//739 749//749 886//886
f 886//886 910//910 923//923
f 886//886 819//819 739//739
f 645//645 661//661 758//758
f 568//568 595//595 660//660
f 639//639 620//620 658//658
f 577//577 524//524 609//609
f 620//620 561//561 577//577
f 696//696 658//658 688//688
f 577//577 609//609 608//608
f 652//652 689//689 624//624
f 624//624 709//709 671//671
f 759//759 655//655 774//774
f 695//695 655//655 759//759
f 741//741 739//739 879//879
f 739//739 819//819 879//879
f 860//860 819//819 886//886
f 860//860 886//886 930//930
f 930//930 886//886 941//941
f 879//879 796//796 790//790
f 796//796 841//841 814//814
f 843//843 841//841 867//867
f 814//814 829//829 843//843
f 713//713 823//823 782//782
f 882//882 867//867 841//841
f 882//882 906//906 900//900
f 849//849 882//882 893//893
f 856//856 849//849 893//893
f 300//300 305//305 328//328
f 435//435 461//461 524//524
f 435//435 524//524 422//422
f 236//236 271//271 112//112
f 280//280 271//271 250//250
f 203//203 112//112 122//122
f 203//203 250//250 112//112
f 319//319 271//271 280//280
f 85//85 82//82 40//40
f 40//40 39//39 85//85
f 318//318 349//349 362//362
f 318//318 362//362 353//353
f 380//380 459//459 425//425
f 285//285 380//380 425//425
f 387//387 410//410 383//383
f 353//353 383//383 416//416
f 383//383 415//415 464//464
f 534//534 570//570 464//464
f 497//497 464//464 512//512
f 353//353 362//362 383//383
f 464//464 415//415 508//508
f 353//353 416//416 380//380
f 70//70 38//38 33//33
f 239//239 271//271 318//318
f 70//70 252//252 38//38
f 239//239 237//237 70//70
f 20//20 30//30 21//21
f 31//31 53//53 30//30
f 32//32 21//21 30//30
f 69//69 380//380 285//285
f 285//285 397//397 283//283
f 31//31 20//20 26//26
f 147//147 55//55 94//94
f 92//92 55//55 156//156
f 173//173 188//188 201//201
f 521//521 489//489 505//505
f 363//363 314//314 283//283
f 222//222 316//316 360//360
f 38//38 21//21 32//32
f 149//149 82//82 85//85
f 195//195 173//173 201//201
f 326//326 359//359 301//301
f 310//310 301//301 359//359
f 310//310 305//305 185//185
f 264//264 246//246 233//233
f 148//148 233//233 246//246
f 359//359 427//427 305//305
f 231//231 233//233 196//196
f 110//110 90//90 87//87
f 219//219 206//206 232//232
f 240//240 219//219 232//232
f 226//226 131//131 204//204
f 243//243 226//226 204//204
f 257//257 209//209 238//238
f 238//238 209//209 223//223
f 151//151 162//162 247//247
f 208//208 151//151 247//247
f 253//253 265//265 249//249
f 253//253 183//183 265//265
f 225//225 206//206 58//58
f 118//118 183//183 225//225
f 58//58 65//65 225//225
f 225//225 183//183 253//253
f 51//51 50//50 58//58
f 57//57 51//51 58//58
f 128//128 183//183 118//118
f 59//59 66//66 50//50
f 125//125 240//240 144//144
f 131//131 110//110 87//87
f 79//79 59//59 51//51
f 63//63 113//113 56//56
f 63//63 56//56 52//52
f 63//63 86//86 113//113
f 251//251 79//79 119//119
f 193//193 119//119 113//113
f 193//193 276//276 119//119
f 274//274 193//193 88//88
f 508//508 562//562 534//534
f 552//552 570//570 582//582
f 189//189 223//223 209//209
f 189//189 158//158 207//207
f 490//490 521//521 581//581
f 646//646 713//713 730//730
f 535//535 575//575 551//551
f 612//612 575//575 646//646
f 593//593 655//655 670//670
f 407//407 404//404 490//490
f 481//481 423//423 490//490
f 384//384 331//331 407//407
f 730//730 713//713 782//782
f 672//672 730//730 765//765
f 572//572 672//672 765//765
f 592//592 572//572 687//687
f 558//558 612//612 572//572
f 793//793 801//801 856//856
f 793//793 856//856 839//839
f 737//737 687//687 765//765
f 592//592 687//687 653//653
f 523//523 519//519 591//591
f 519//519 547//547 591//591
f 419//419 444//444 467//467
f 496//496 509//509 519//519
f 535//535 551//551 558//558
f 565//565 572//572 592//592
f 547//547 592//592 653//653
f 173//173 170//170 188//188
f 100//100 145//145 146//146
f 100//100 108//108 48//48
f 155//155 146//146 170//170
f 100//100 146//146 108//108
f 22//22 48//48 17//17
f 56//56 71//71 45//45
f 100//100 71//71 145//145
f 35//35 52//52 45//45
f 23//23 35//35 24//24
f 24//24 35//35 45//45
f 23//23 19//19 13//13
f 11//11 16//16 22//22
f 28//28 100//100 16//16
f 14//14 18//18 6//6
f 279//279 244//244 241//241
f 291//291 375//375 382//382
f 27//27 17//17 44//44
f 43//43 27//27 64//64
f 64//64 27//27 44//44
f 86//86 63//63 35//35
f 86//86 60//60 88//88
f 86//86 35//35 60//60
f 60//60 23//23 68//68
f 23//23 36//36 68//68
f 191//191 68//68 91//91
f 229//229 41//41 18//18
f 306//306 227//227 286//286
f 311//311 286//286 289//289
f 308//308 311//311 273//273
f 441//441 311//311 308//308
f 91//91 68//68 104//104
f 303//303 287//287 336//336
f 444//444 336//336 356//356
f 395//395 444//444 419//419
f 370//370 308//308 336//336
f 48//48 62//62 17//17
f 29//29 34//34 14//14
f 209//209 72//72 189//189
f 422//422 410//410 387//387
f 112//112 271//271 239//239
f 113//113 162//162 56//56
f 745//745 665//665 724//724
f 748//748 745//745 724//724
f 630//630 694//694 627//627
f 529//529 627//627 590//590
f 526//526 529//529 590//590
f 648//648 644//644 677//677
f 627//627 694//694 755//755
f 627//627 755//755 780//780
f 855//855 808//808 785//785
f 785//785 786//786 724//724
f 785//785 724//724 754//754
f 761//761 754//754 703//703
f 785//785 754//754 761//761
f 835//835 872//872 785//785
f 761//761 703//703 637//637
f 816//816 778//778 828//828
f 818//818 816//816 877//877
f 864//864 878//878 904//904
f 585//585 630//630 627//627
f 864//864 855//855 785//785
f 872//872 864//864 785//785
f 323//323 312//312 259//259
f 477//477 414//414 541//541
f 414//414 394//394 498//498
f 394//394 388//388 361//361
f 417//417 394//394 361//361
f 139//139 153//153 159//159
f 182//182 177//177 159//159
f 177//177 159//159 171//171
f 152//152 139//139 164//164
f 164//164 153//153 152//152
f 154//154 153//153 139//139
f 171//171 153//153 164//164
f 216//216 182//182 171//171
f 184//184 255//255 150//150
f 184//184 105//105 159//159
f 299//299 164//164 114//114
f 187//187 166//166 95//95
f 323//323 216//216 299//299
f 563//563 511//511 468//468
f 507//507 468//468 400//400
f 563//563 468//468 507//507
f 468//468 321//321 351//351
f 400//400 468//468 351//351
f 282//282 295//295 351//351
f 432//432 400//400 379//379
f 342//342 345//345 295//295
f 376//376 379//379 345//345
f 376//376 396//396 379//379
f 377//377 342//342 317//317
f 377//377 376//376 342//342
f 379//379 400//400 295//295
f 166//166 224//224 161//161
f 677//677 799//799 817//817
f 648//648 677//677 777//777
f 883//883 817//817 887//887
f 883//883 776//776 817//817
f 935//935 846//846 870//870
f 883//883 909//909 946//946
f 787//787 776//776 883//883
f 946//946 804//804 883//883
f 919//919 834//834 946//946
f 834//834 804//804 946//946
f 909//909 935//935 957//957
f 939//939 920//920 936//936
f 942//942 987//987 936//936
f 988//988 968//968 936//936
f 968//968 986//986 989//989
f 968//968 988//988 986//986
f 947//947 939//939 968//968
f 935//935 947//947 984//984
f 984//984 982//982 981//981
f 887//887 935//935 909//909
f 854//854 861//861 857//857
f 840//840 850//850 806//806
f 751//751 806//806 729//729
f 678//678 729//729 681//681
f 751//751 718//718 810//810
f 812//812 795//795 783//783
f 773//773 783//783 718//718
f 806//806 751//751 815//815
f 878//878 864//864 876//876
f 904//904 878//878 863//863
f 863//863 916//916 944//944
f 825//825 783//783 764//764
f 871//871 880//880 825//825
f 918//918 916//916 880//880
f 873//873 878//878 876//876
f 528//528 576//576 507//507
f 507//507 506//506 528//528
f 632//632 626//626 540//540
f 506//506 480//480 432//432
f 540//540 506//506 462//462
f 432//432 399//399 411//411
f 449//449 451//451 399//399
f 399//399 377//377 330//330
f 399//399 330//330 436//436
f 436//436 449//449 399//399
f 469//469 449//449 436//436
f 449//449 599//599 555//555
f 559//559 599//599 515//515
f 537//537 515//515 493//493
f 599//599 736//736 574//574
f 707//707 747//747 736//736
f 643//643 717//717 599//599
f 989//989 983//983 969//969
f 989//989 969//969 951//951
f 938//938 924//924 917//917
f 938//938 951//951 924//924
f 981//981 950//950 976//976
f 894//894 917//917 895//895
f 771//771 842//842 753//753
f 537//537 485//485 546//546
f 690//690 684//684 537//537
f 715//715 771//771 753//753
f 976//976 950//950 940//940
f 911//911 917//917 894//894
f 938//938 917//917 911//911
f 911//911 842//842 831//831
f 853//853 896//896 831//831
f 824//824 853//853 723//723
f 824//824 845//845 853//853
f 750//750 775//775 717//717
f 576//576 563//563 507//507
f 480//480 507//507 432//432
f 988//988 983//983 989//989
f 775//775 792//792 767//767
f 792//792 837//837 811//811
f 210//210 187//187 275//275
f 160//160 245//245 142//142
f 73//73 74//74 96//96
f 142//142 245//245 133//133
f 133//133 254//254 103//103
f 342//342 272//272 317//317
f 377//377 317//317 330//330
f 317//317 272//272 330//330
f 268//268 266//266 198//198
f 277//277 126//126 141//141
f 436//436 330//330 346//346
f 137//137 103//103 254//254
f 73//73 103//103 84//84
f 81//81 84//84 124//124
f 101//101 84//84 89//89
f 135//135 186//186 96//96
f 143//143 96//96 186//186
f 168//168 141//141 96//96
f 74//74 73//73 84//84
f 101//101 96//96 84//84
f 130//130 101//101 75//75
f 75//75 80//80 99//99
f 352//352 347//347 199//199
f 346//346 284//284 412//412
f 448//448 412//412 409//409
f 401//401 430//430 409//409
f 510//510 478//478 430//430
f 434//434 500//500 510//510
f 510//510 430//430 434//434
f 347//347 401//401 248//248
f 347//347 434//434 401//401
f 75//75 81//81 76//76
f 537//537 443//443 485//485
f 443//443 546//546 485//485
f 448//448 443//443 438//438
f 510//510 560//560 494//494
f 594//594 560//560 500//500
f 500//500 560//560 510//510
f 663//663 494//494 560//560
f 494//494 641//641 546//546
f 934//934 919//919 946//946
f 958//958 928//928 949//949
f 977//977 962//962 970//970
f 949//949 973//973 972//972
f 905//905 919//919 949//949
f 932//932 928//928 954//954
f 985//985 976//976 970//970
f 962//962 977//977 975//975
f 977//977 976//976 975//975
f 985//985 980//980 976//976
f 954//954 928//928 958//958
f 979//979 995//995 991//991
f 975//975 964//964 972//972
f 979//979 964//964 971//971
f 971//971 965//965 959//959
f 979//979 971//971 994//994
f 993//993 994//994 990//990
f 990//990 971//971 922//922
f 993//993 990//990 952//952
f 927//927 922//922 915//915
f 925//925 906//906 929//929
f 906//906 963//963 929//929
f 991//991 993//993 992//992
f 967//967 966//966 991//991
f 906//906 930//930 963//963
f 903//903 898//898 933//933
f 903//903 933//933 884//884
f 933//933 948//948 921//921
f 921//921 948//948 902//902
f 907//907 948//948 927//927
f 844//844 948//948 907//907
f 933//933 925//925 945//945
f 914//914 912//912 862//862
f 959//959 965//965 914//914
f 908//908 922//922 914//914
f 862//862 845//845 824//824
f 888//888 908//908 862//862
f 789//789 851//851 805//805
f 827//827 789//789 719//719
f 922//922 888//888 881//881
f 827//827 851//851 789//789
f 955//955 943//943 965//965
f 956//956 966//966 967//967
f 975//975 976//976 964//964
f 288//288 215//215 66//66
f 288//288 213//213 217//217
f 313//313 366//366 288//288
f 368//368 269//269 320//320
f 479//479 413//413 378//378
f 460//460 434//434 439//439
f 439//439 434//434 366//366
f 439//439 513//513 460//460
f 848//848 766//766 742//742
f 647//647 679//679 657//657
f 647//647 722//722 679//679
f 513//513 439//439 450//450
f 503//503 455//455 471//471
f 557//557 503//503 479//479
f 495//495 557//557 479//479
f 479//479 471//471 437//437
f 320//320 269//269 278//278
f 320//320 306//306 343//343
f 378//378 474//474 487//487
f 589//589 613//613 621//621
f 832//832 874//874 859//859
f 821//821 874//874 832//832
f 797//797 821//821 794//794
f 820//820 813//813 838//838
f 813//813 820//820 779//779
f 705//705 744//744 734//734
f 676//676 744//744 705//705
f 832//832 859//859 838//838
f 727//727 669//669 740//740
f 712//712 727//727 763//763
f 740//740 793//793 797//797
f 467//467 486//486 566//566
f 527//527 520//520 483//483
f 527//527 566//566 539//539
f 569//569 586//586 525//525
f 598//598 601//601 566//566
f 579//579 676//676 623//623
f 579//579 586//586 676//676
f 587//587 712//712 569//569
f 539//539 569//569 525//525
f 640//640 668//668 712//712
f 738//738 743//743 847//847
f 617//617 654//654 611//611
f 734//734 807//807 743//743
f 743//743 714//714 734//734
f 674//674 734//734 656//656
f 664//664 654//654 725//725
f 654//654 633//633 611//611
f 738//738 847//847 844//844
f 722//722 844//844 752//752
f 611//611 664//664 662//662
f 692//692 738//738 722//722
f 725//725 738//738 706//706
f 611//611 495//495 589//589
f 617//617 611//611 589//589
f 474//474 373//373 311//311
f 378//378 373//373 474//474
f 441//441 426//426 311//311
f 711//711 560//560 616//616
f 616//616 594//594 719//719
f 726//726 827//827 719//719
f 766//766 733//733 742//742
f 733//733 766//766 746//746
f 733//733 746//746 726//726
f 631//631 594//594 504//504
f 441//441 456//456 466//466
f 548//548 644//644 648//648
f 293//293 259//259 312//312
f 781//781 883//883 804//804
f 833//833 834//834 905//905
f 923//923 910//910 932//932
f 756//756 723//723 663//663
f 340//340 344//344 358//358
f 340//340 358//358 367//367
f 340//340 367//367 337//337
f 454//454 461//461 435//435
f 524//524 562//562 410//410
f 582//582 605//605 655//655
f 210//210 275//275 260//260
f 529//529 526//526 522//522
f 564//564 526//526 548//548
f 548//548 648//648 564//564
f 491//491 405//405 445//445
f 405//405 414//414 445//445
f 398//398 405//405 484//484
f 398//398 529//529 421//421
f 421//421 391//391 364//364
f 398//398 388//388 405//405
f 398//398 361//361 388//388
f 421//421 364//364 398//398
f 334//334 298//298 364//364
f 391//391 334//334 364//364
f 184//184 309//309 255//255
f 476//476 402//402 418//418
f 532//532 488//488 476//476
f 476//476 549//549 532//532
f 402//402 406//406 386//386
f 458//458 418//418 440//440
f 458//458 440//440 421//421
f 526//526 476//476 458//458
f 522//522 526//526 458//458
f 421//421 418//418 391//391
f 421//421 440//440 418//418
f 333//333 371//371 355//355
f 386//386 355//355 371//371
f 333//333 355//355 327//327
f 357//357 325//325 334//334
f 334//334 374//374 357//357
f 374//374 402//402 357//357
f 357//357 371//371 329//329
f 302//302 298//298 325//325
f 302//302 325//325 329//329
f 275//275 302//302 329//329
f 254//254 275//275 329//329
f 333//333 327//327 294//294
f 402//402 371//371 357//357
f 371//371 333//333 329//329
f 522//522 458//458 421//421
f 721//721 648//648 757//757
f 781//781 804//804 760//760
f 787//787 883//883 781//781
f 700//700 728//728 834//834
f 760//760 804//804 834//834
f 698//698 776//776 781//781
f 403//403 393//393 372//372
f 341//341 372//372 365//365
f 341//341 335//335 322//322
f 447//447 531//531 499//499
f 604//604 571//571 602//602
f 571//571 472//472 499//499
f 447//447 499//499 393//393
f 475//475 472//472 420//420
f 499//499 472//472 475//475
f 420//420 424//424 393//393
f 393//393 367//367 358//358
f 367//367 424//424 359//359
f 447//447 403//403 470//470
f 406//406 470//470 403//403
f 488//488 447//447 470//470
f 603//603 533//533 532//532
f 682//682 533//533 603//603
f 533//533 682//682 531//531
f 603//603 532//532 648//648
f 385//385 372//372 348//348
f 386//386 406//406 385//385
f 348//348 355//355 385//385
f 355//355 386//386 385//385
f 403//403 385//385 406//406
f 348//348 372//372 339//339
f 327//327 348//348 339//339
f 327//327 355//355 348//348
f 338//338 341//341 327//327
f 682//682 603//603 698//698
f 531//531 602//602 571//571
f 625//625 604//604 602//602
f 693//693 728//728 700//700
f 680//680 693//693 700//700
f 693//693 680//680 602//602
f 682//682 728//728 693//693
f 385//385 403//403 372//372
f 526//526 564//564 549//549
f 549//549 564//564 648//648
f 315//315 326//326 297//297
f 322//322 344//344 340//340
f 340//340 337//337 307//307
f 337//337 367//367 315//315
f 297//297 262//262 315//315
f 337//337 315//315 307//307
f 315//315 262//262 307//307
f 265//265 307//307 249//249
f 327//327 322//322 296//296
f 137//137 327//327 296//296
f 194//194 322//322 304//304
f 194//194 304//304 265//265
f 200//200 265//265 183//183
f 200//200 194//194 265//265
f 76//76 124//124 194//194
f 76//76 194//194 80//80
f 194//194 200//200 172//172
f 200//200 183//183 140//140
f 172//172 200//200 140//140
f 107//107 194//194 172//172
f 172//172 140//140 107//107
f 140//140 128//128 129//129
f 197//197 140//140 129//129
f 80//80 194//194 107//107
f 454//454 524//524 461//461
f 700//700 834//834 833//833
f 661//661 600//600 622//622
f 472//472 571//571 556//556
f 573//573 556//556 600//600
f 571//571 622//622 556//556
f 600//600 638//638 645//645
f 573//573 600//600 568//568
f 638//638 661//661 645//645
f 686//686 645//645 758//758
f 645//645 686//686 642//642
f 452//452 473//473 556//556
f 428//428 359//359 452//452
f 550//550 465//465 556//556
f 568//568 550//550 573//573
f 465//465 427//427 428//428
f 473//473 452//452 424//424
f 595//595 642//642 660//660
f 645//645 642//642 595//595
f 660//660 739//739 704//704
f 660//660 642//642 749//749
f 642//642 686//686 749//749
f 716//716 688//688 660//660
f 716//716 704//704 739//739
f 688//688 716//716 739//739
f 550//550 568//568 580//580
f 465//465 580//580 583//583
f 465//465 583//583 454//454
f 465//465 454//454 427//427
f 427//427 454//454 305//305
f 583//583 580//580 688//688
f 312//312 398//398 364//364
f 312//312 364//364 309//309
f 688//688 658//658 609//609
f 609//609 524//524 454//454
f 660//660 688//688 580//580
f 622//622 700//700 683//683
f 683//683 700//700 762//762
f 732//732 762//762 788//788
f 661//661 732//732 788//788
f 788//788 758//758 661//661
f 762//762 700//700 800//800
f 788//788 928//928 910//910
f 928//928 800//800 833//833
f 686//686 758//758 749//749
f 749//749 910//910 886//886
f 886//886 923//923 937//937
f 784//784 788//788 910//910
f 688//688 739//739 741//741
f 620//620 577//577 608//608
f 608//608 609//609 658//658
f 608//608 658//658 620//620
f 639//639 652//652 620//620
f 689//689 639//639 658//658
f 652//652 639//639 689//689
f 577//577 561//561 524//524
f 524//524 561//561 562//562
f 561//561 620//620 597//597
f 562//562 624//624 570//570
f 561//561 624//624 562//562
f 605//605 582//582 570//570
f 597//597 620//620 652//652
f 597//597 652//652 624//624
f 624//624 671//671 570//570
f 570//570 671//671 605//605
f 696//696 688//688 741//741
f 658//658 696//696 689//689
f 696//696 741//741 689//689
f 709//709 689//689 769//769
f 671//671 709//709 769//769
f 741//741 790//790 769//769
f 769//769 790//790 796//796
f 741//741 769//769 689//689
f 624//624 689//689 709//709
f 774//774 769//769 796//796
f 655//655 708//708 774//774
f 713//713 695//695 759//759
f 886//886 937//937 941//941
f 879//879 860//860 930//930
f 930//930 906//906 879//879
f 741//741 879//879 790//790
f 841//841 796//796 879//879
f 774//774 796//796 814//814
f 843//843 823//823 814//814
f 823//823 843//843 849//849
f 829//829 841//841 843//843
f 814//814 841//841 829//829
f 759//759 814//814 823//823
f 823//823 809//809 782//782
f 841//841 879//879 882//882
f 900//900 897//897 882//882
f 893//893 882//882 897//897
f 897//897 898//898 903//903
f 898//898 897//897 900//900
f 830//830 849//849 856//856
f 856//856 782//782 809//809
f 885//885 866//866 856//856
f 856//856 893//893 890//890
f 856//856 890//890 885//885
f 839//839 856//856 866//866
f 849//849 830//830 823//823
f 774//774 814//814 759//759
f 906//906 925//925 900//900
f 261//261 111//111 305//305
f 305//305 111//111 185//185
f 305//305 300//300 261//261
f 121//121 87//87 111//111
f 121//121 111//111 204//204
f 305//305 454//454 435//435
f 300//300 281//281 261//261
f 261//261 281//281 111//111
f 300//300 328//328 281//281
f 204//204 281//281 270//270
f 111//111 281//281 204//204
f 435//435 387//387 350//350
f 524//524 410//410 422//422
f 305//305 435//435 350//350
f 387//387 383//383 350//350
f 383//383 349//349 350//350
f 350//350 318//318 319//319
f 328//328 319//319 281//281
f 319//319 280//280 281//281
f 305//305 350//350 328//328
f 328//328 350//350 319//319
f 236//236 112//112 250//250
f 242//242 250//250 203//203
f 250//250 242//242 280//280
f 78//78 46//46 112//112
f 122//122 112//112 136//136
f 281//281 280//280 242//242
f 234//234 281//281 242//242
f 234//234 242//242 209//209
f 242//242 203//203 209//209
f 203//203 136//136 209//209
f 203//203 122//122 136//136
f 136//136 72//72 209//209
f 236//236 250//250 271//271
f 69//69 39//39 38//38
f 21//21 38//38 20//20
f 69//69 123//123 39//39
f 123//123 205//205 85//85
f 39//39 40//40 25//25
f 40//40 67//67 26//26
f 39//39 25//25 20//20
f 318//318 353//353 252//252
f 410//410 562//562 508//508
f 410//410 415//415 383//383
f 349//349 383//383 362//362
f 383//383 464//464 416//416
f 464//464 552//552 512//512
f 521//521 512//512 552//552
f 416//416 464//464 459//459
f 380//380 416//416 459//459
f 459//459 464//464 497//497
f 415//415 410//410 508//508
f 239//239 70//70 49//49
f 252//252 70//70 237//237
f 70//70 33//33 42//42
f 252//252 353//353 69//69
f 318//318 237//237 239//239
f 252//252 237//237 318//318
f 49//49 78//78 239//239
f 42//42 33//33 49//49
f 30//30 20//20 31//31
f 49//49 33//33 46//46
f 353//353 380//380 69//69
f 69//69 285//285 123//123
f 205//205 285//285 235//235
f 37//37 55//55 92//92
f 31//31 26//26 37//37
f 37//37 26//26 55//55
f 235//235 179//179 85//85
f 283//283 179//179 235//235
f 167//167 147//147 94//94
f 205//205 235//235 85//85
f 67//67 127//127 55//55
f 55//55 127//127 106//106
f 92//92 31//31 37//37
f 156//156 147//147 211//211
f 55//55 147//147 156//156
f 46//46 30//30 53//53
f 136//136 46//46 72//72
f 46//46 53//53 72//72
f 189//189 72//72 158//158
f 31//31 72//72 53//53
f 120//120 31//31 92//92
f 120//120 92//92 207//207
f 158//158 72//72 120//120
f 207//207 201//201 188//188
f 72//72 31//31 120//120
f 70//70 42//42 49//49
f 78//78 49//49 46//46
f 285//285 283//283 235//235
f 554//554 521//521 552//552
f 502//502 442//442 459//459
f 425//425 442//442 489//489
f 497//497 512//512 501//501
f 501//501 512//512 502//502
f 512//512 521//521 505//505
f 489//489 502//502 505//505
f 497//497 501//501 502//502
f 489//489 442//442 502//502
f 363//363 397//397 489//489
f 332//332 314//314 363//363
f 149//149 202//202 127//127
f 283//283 332//332 212//212
f 332//332 316//316 211//211
f 212//212 332//332 211//211
f 332//332 489//489 404//404
f 489//489 490//490 404//404
f 221//221 316//316 222//222
f 207//207 222//222 195//195
f 207//207 195//195 201//201
f 207//207 221//221 222//222
f 360//360 241//241 222//222
f 316//316 221//221 211//211
f 459//459 442//442 425//425
f 127//127 67//67 82//82
f 202//202 176//176 283//283
f 147//147 212//212 211//211
f 94//94 106//106 127//127
f 211//211 221//221 156//156
f 207//207 156//156 221//221
f 425//425 397//397 285//285
f 195//195 222//222 173//173
f 241//241 174//174 173//173
f 326//326 301//301 297//297
f 301//301 185//185 246//246
f 185//185 148//148 246//246
f 301//301 264//264 297//297
f 297//297 264//264 267//267
f 264//264 301//301 246//246
f 233//233 148//148 196//196
f 148//148 138//138 196//196
f 359//359 305//305 310//310
f 148//148 185//185 90//90
f 87//87 90//90 111//111
f 262//262 233//233 231//231
f 262//262 267//267 233//233
f 231//231 196//196 249//249
f 253//253 249//249 225//225
f 138//138 148//148 90//90
f 301//301 310//310 185//185
f 297//297 267//267 262//262
f 121//121 131//131 87//87
f 138//138 110//110 196//196
f 228//228 196//196 110//110
f 138//138 90//90 110//110
f 225//225 249//249 228//228
f 232//232 225//225 228//228
f 228//228 249//249 196//196
f 110//110 131//131 226//226
f 228//228 110//110 226//226
f 258//258 228//228 226//226
f 257//257 226//226 234//234
f 257//257 234//234 209//209
f 226//226 257//257 258//258
f 257//257 238//238 247//247
f 247//247 238//238 223//223
f 240//240 228//228 258//258
f 256//256 240//240 258//258
f 240//240 256//256 162//162
f 240//240 162//162 144//144
f 257//257 247//247 256//256
f 162//162 256//256 247//247
f 151//151 208//208 56//56
f 144//144 162//162 113//113
f 151//151 56//56 162//162
f 256//256 258//258 257//257
f 118//118 225//225 65//65
f 225//225 232//232 206//206
f 206//206 219//219 57//57
f 206//206 57//57 58//58
f 50//50 65//65 58//58
f 54//54 128//128 118//118
f 118//118 50//50 54//54
f 165//165 129//129 83//83
f 134//134 66//66 59//59
f 59//59 79//79 134//134
f 50//50 51//51 59//59
f 66//66 54//54 50//50
f 128//128 54//54 129//129
f 57//57 219//219 125//125
f 79//79 57//57 125//125
f 79//79 125//125 119//119
f 125//125 113//113 119//119
f 125//125 219//219 240//240
f 240//240 232//232 228//228
f 113//113 86//86 193//193
f 86//86 88//88 193//193
f 274//274 88//88 178//178
f 193//193 274//274 276//276
f 320//320 276//276 274//274
f 251//251 119//119 276//276
f 562//562 570//570 534//534
f 247//247 223//223 208//208
f 208//208 189//189 145//145
f 208//208 223//223 189//189
f 189//189 207//207 188//188
f 189//189 188//188 170//170
f 56//56 208//208 71//71
f 593//593 618//618 581//581
f 489//489 521//521 490//490
f 521//521 593//593 581//581
f 490//490 581//581 575//575
f 670//670 618//618 593//593
f 618//618 670//670 646//646
f 618//618 646//646 581//581
f 646//646 730//730 675//675
f 646//646 675//675 612//612
f 670//670 695//695 713//713
f 575//575 612//612 551//551
f 551//551 612//612 558//558
f 521//521 554//554 593//593
f 360//360 404//404 407//407
f 490//490 575//575 535//535
f 423//423 407//407 490//490
f 241//241 360//360 331//331
f 331//331 384//384 241//241
f 423//423 384//384 407//407
f 384//384 390//390 354//354
f 535//535 516//516 481//481
f 482//482 429//429 516//516
f 481//481 516//516 423//423
f 535//535 558//558 516//516
f 516//516 543//543 482//482
f 390//390 384//384 423//423
f 423//423 516//516 429//429
f 354//354 390//390 375//375
f 354//354 375//375 292//292
f 429//429 431//431 375//375
f 375//375 431//431 382//382
f 490//490 535//535 481//481
f 730//730 772//772 765//765
f 612//612 672//672 572//572
f 572//572 765//765 687//687
f 782//782 856//856 801//801
f 821//821 793//793 839//839
f 765//765 772//772 801//801
f 765//765 801//801 793//793
f 653//653 737//737 591//591
f 558//558 572//572 543//543
f 516//516 558//558 543//543
f 543//543 572//572 565//565
f 543//543 509//509 482//482
f 509//509 565//565 547//547
f 429//429 509//509 431//431
f 509//509 496//496 457//457
f 431//431 509//509 457//457
f 446//446 444//444 408//408
f 457//457 446//446 431//431
f 509//509 547//547 519//519
f 547//547 653//653 591//591
f 519//519 444//444 446//446
f 486//486 523//523 566//566
f 444//444 486//486 467//467
f 565//565 592//592 547//547
f 457//457 519//519 446//446
f 170//170 157//157 155//155
f 155//155 132//132 117//117
f 93//93 61//61 48//48
f 146//146 155//155 117//117
f 117//117 48//48 108//108
f 117//117 93//93 48//48
f 62//62 48//48 61//61
f 22//22 17//17 11//11
f 17//17 12//12 5//5
f 47//47 45//45 71//71
f 71//71 208//208 145//145
f 71//71 100//100 47//47
f 56//56 45//45 52//52
f 47//47 28//28 45//45
f 24//24 45//45 28//28
f 28//28 19//19 24//24
f 23//23 24//24 19//19
f 100//100 22//22 16//16
f 28//28 16//16 13//13
f 19//19 28//28 13//13
f 9//9 5//5 6//6
f 11//11 5//5 9//9
f 34//34 18//18 14//14
f 23//23 15//15 36//36
f 13//13 15//15 23//23
f 36//36 15//15 18//18
f 15//15 13//13 9//9
f 15//15 6//6 18//18
f 3//3 8//8 4//4
f 4//4 1//1 3//3
f 157//157 132//132 155//155
f 157//157 244//244 132//132
f 132//132 244//244 279//279
f 279//279 241//241 354//354
f 132//132 102//102 109//109
f 132//132 102//102 93//93
f 102//102 132//132 77//77
f 77//77 132//132 279//279
f 77//77 62//62 61//61
f 292//292 375//375 291//291
f 291//291 64//64 292//292
f 64//64 291//291 382//382
f 64//64 382//382 287//287
f 77//77 292//292 64//64
f 62//62 44//44 17//17
f 29//29 27//27 43//43
f 98//98 34//34 43//43
f 98//98 43//43 64//64
f 98//98 229//229 34//34
f 29//29 43//43 34//34
f 292//292 279//279 354//354
f 279//279 292//292 77//77
f 8//8 12//12 1//1
f 12//12 27//27 7//7
f 23//23 60//60 35//35
f 303//303 308//308 104//104
f 36//36 41//41 104//104
f 41//41 229//229 116//116
f 104//104 116//116 303//303
f 104//104 41//41 116//116
f 60//60 68//68 227//227
f 178//178 60//60 227//227
f 289//289 191//191 273//273
f 311//311 289//289 273//273
f 289//289 286//286 191//191
f 68//68 191//191 286//286
f 308//308 273//273 104//104
f 191//191 104//104 273//273
f 68//68 36//36 104//104
f 382//382 431//431 408//408
f 408//408 356//356 382//382
f 287//287 382//382 356//356
f 356//356 408//408 444//444
f 336//336 308//308 303//303
f 287//287 356//356 336//336
f 229//229 98//98 287//287
f 229//229 287//287 303//303
f 116//116 229//229 303//303
f 441//441 308//308 370//370
f 441//441 370//370 395//395
f 441//441 395//395 419//419
f 229//229 18//18 34//34
f 27//27 29//29 14//14
f 226//226 243//243 234//234
f 241//241 244//244 169//169
f 112//112 239//239 78//78
f 63//63 52//52 35//35
f 274//274 178//178 227//227
f 419//419 467//467 441//441
f 585//585 606//606 614//614
f 650//650 694//694 630//630
f 650//650 630//630 636//636
f 630//630 585//585 614//614
f 585//585 538//538 553//553
f 538//538 542//542 553//553
f 491//491 542//542 538//538
f 585//585 542//542 606//606
f 606//606 665//665 667//667
f 665//665 694//694 667//667
f 778//778 745//745 770//770
f 786//786 778//778 770//770
f 770//770 748//748 786//786
f 745//745 748//748 770//770
f 542//542 477//477 567//567
f 606//606 542//542 567//567
f 665//665 606//606 666//666
f 666//666 567//567 637//637
f 665//665 666//666 724//724
f 659//659 702//702 644//644
f 627//627 659//659 590//590
f 590//590 644//644 548//548
f 659//659 644//644 590//590
f 702//702 799//799 677//677
f 799//799 702//702 768//768
f 644//644 702//702 677//677
f 745//745 755//755 694//694
f 780//780 702//702 659//659
f 755//755 778//778 780//780
f 780//780 778//778 798//798
f 798//798 778//778 816//816
f 627//627 780//780 659//659
f 780//780 818//818 702//702
f 768//768 702//702 818//818
f 768//768 818//818 891//891
f 780//780 798//798 818//818
f 798//798 816//816 818//818
f 748//748 724//724 786//786
f 724//724 666//666 703//703
f 808//808 786//786 785//785
f 666//666 637//637 703//703
f 596//596 541//541 536//536
f 607//607 596//596 536//536
f 637//637 607//607 610//610
f 610//610 607//607 536//536
f 637//637 610//610 701//701
f 761//761 637//637 701//701
f 808//808 828//828 786//786
f 778//778 786//786 828//828
f 808//808 855//855 828//828
f 828//828 901//901 877//877
f 877//877 901//901 960//960
f 864//864 904//904 828//828
f 855//855 864//864 828//828
f 828//828 877//877 816//816
f 904//904 913//913 901//901
f 913//913 926//926 960//960
f 901//901 913//913 960//960
f 538//538 627//627 529//529
f 414//414 388//388 394//394
f 542//542 491//491 477//477
f 498//498 394//394 417//417
f 541//541 414//414 498//498
f 541//541 498//498 417//417
f 541//541 417//417 536//536
f 536//536 417//417 463//463
f 417//417 323//323 381//381
f 321//321 463//463 381//381
f 463//463 417//417 433//433
f 433//433 381//381 463//463
f 417//417 381//381 433//433
f 159//159 177//177 230//230
f 259//259 230//230 177//177
f 177//177 171//171 182//182
f 171//171 164//164 216//216
f 152//152 164//164 154//154
f 159//159 164//164 171//171
f 164//164 152//152 154//154
f 171//171 164//164 159//159
f 216//216 177//177 182//182
f 177//177 216//216 259//259
f 230//230 184//184 159//159
f 150//150 255//255 263//263
f 255//255 298//298 263//263
f 150//150 105//105 184//184
f 105//105 150//150 95//95
f 150//150 263//263 275//275
f 114//114 164//164 105//105
f 105//105 115//115 114//114
f 180//180 95//95 161//161
f 115//115 95//95 180//180
f 105//105 95//95 115//115
f 381//381 299//299 321//321
f 321//321 180//180 282//282
f 282//282 180//180 161//161
f 187//187 150//150 275//275
f 139//139 159//159 105//105
f 180//180 321//321 299//299
f 299//299 114//114 180//180
f 275//275 263//263 302//302
f 536//536 463//463 517//517
f 321//321 468//468 463//463
f 463//463 468//468 511//511
f 536//536 511//511 610//610
f 610//610 511//511 563//563
f 463//463 511//511 517//517
f 282//282 161//161 295//295
f 295//295 345//345 379//379
f 272//272 342//342 295//295
f 432//432 379//379 396//396
f 321//321 282//282 351//351
f 263//263 298//298 302//302
f 507//507 400//400 432//432
f 677//677 817//817 777//777
f 777//777 817//817 776//776
f 757//757 777//777 776//776
f 799//799 870//870 846//846
f 768//768 870//870 799//799
f 768//768 891//891 870//870
f 891//891 920//920 870//870
f 846//846 935//935 817//817
f 817//817 935//935 887//887
f 799//799 846//846 817//817
f 887//887 909//909 883//883
f 909//909 957//957 946//946
f 946//946 974//974 934//934
f 957//957 974//974 946//946
f 818//818 877//877 936//936
f 891//891 936//936 920//920
f 891//891 818//818 936//936
f 877//877 942//942 936//936
f 939//939 870//870 920//920
f 935//935 939//939 947//947
f 987//987 988//988 936//936
f 987//987 960//960 944//944
f 936//936 968//968 939//939
f 986//986 988//988 989//989
f 942//942 960//960 987//987
f 935//935 984//984 957//957
f 947//947 968//968 984//984
f 957//957 984//984 974//974
f 984//984 980//980 974//974
f 974//974 980//980 985//985
f 984//984 968//968 982//982
f 982//982 989//989 981//981
f 984//984 981//981 976//976
f 984//984 976//976 980//980
f 935//935 870//870 939//939
f 968//968 989//989 982//982
f 873//873 869//869 857//857
f 857//857 835//835 802//802
f 835//835 761//761 802//802
f 854//854 802//802 850//850
f 857//857 802//802 854//854
f 850//850 840//840 863//863
f 861//861 854//854 863//863
f 850//850 863//863 854//854
f 861//861 863//863 873//873
f 850//850 802//802 806//806
f 802//802 701//701 681//681
f 802//802 729//729 806//806
f 806//806 815//815 840//840
f 810//810 812//812 815//815
f 751//751 678//678 718//718
f 810//810 783//783 795//795
f 810//810 718//718 783//783
f 773//773 764//764 783//783
f 795//795 812//812 810//810
f 872//872 876//876 864//864
f 926//926 904//904 863//863
f 840//840 815//815 863//863
f 873//873 863//863 878//878
f 960//960 926//926 944//944
f 926//926 863//863 944//944
f 916//916 969//969 944//944
f 916//916 918//918 969//969
f 875//875 815//815 880//880
f 875//875 880//880 916//916
f 880//880 812//812 825//825
f 812//812 783//783 825//825
f 880//880 871//871 918//918
f 825//825 837//837 871//871
f 871//871 837//837 792//792
f 875//875 916//916 863//863
f 815//815 812//812 880//880
f 681//681 610//610 576//576
f 615//615 681//681 576//576
f 615//615 576//576 626//626
f 626//626 576//576 528//528
f 480//480 506//506 507//507
f 718//718 626//626 632//632
f 540//540 545//545 578//578
f 545//545 574//574 584//584
f 574//574 545//545 555//555
f 632//632 540//540 578//578
f 626//626 528//528 540//540
f 632//632 584//584 651//651
f 432//432 462//462 506//506
f 396//396 399//399 432//432
f 432//432 411//411 462//462
f 396//396 389//389 399//399
f 376//376 389//389 396//396
f 462//462 411//411 451//451
f 389//389 377//377 399//399
f 462//462 518//518 540//540
f 451//451 518//518 462//462
f 545//545 518//518 555//555
f 599//599 574//574 555//555
f 837//837 825//825 811//811
f 449//449 469//469 515//515
f 436//436 453//453 469//469
f 453//453 443//443 493//493
f 599//599 449//449 515//515
f 599//599 559//559 643//643
f 559//559 515//515 537//537
f 515//515 469//469 493//493
f 469//469 453//453 493//493
f 574//574 651//651 584//584
f 825//825 764//764 651//651
f 825//825 651//651 736//736
f 736//736 651//651 574//574
f 707//707 736//736 599//599
f 717//717 707//707 599//599
f 792//792 811//811 747//747
f 792//792 747//747 767//767
f 747//747 707//707 717//717
f 731//731 717//717 684//684
f 718//718 710//710 773//773
f 710//710 632//632 651//651
f 710//710 651//651 764//764
f 518//518 449//449 555//555
f 684//684 717//717 643//643
f 969//969 983//983 987//987
f 969//969 987//987 944//944
f 989//989 951//951 981//981
f 924//924 918//918 871//871
f 969//969 924//924 951//951
f 924//924 871//871 895//895
f 918//918 924//924 969//969
f 981//981 951//951 950//950
f 895//895 871//871 792//792
f 792//792 822//822 895//895
f 842//842 822//822 775//775
f 775//775 750//750 753//753
f 894//894 895//895 822//822
f 894//894 822//822 842//842
f 917//917 924//924 895//895
f 753//753 750//750 731//731
f 842//842 775//775 753//753
f 546//546 641//641 628//628
f 684//684 559//559 537//537
f 715//715 731//731 690//690
f 690//690 537//537 546//546
f 731//731 715//715 753//753
f 715//715 690//690 628//628
f 628//628 690//690 546//546
f 699//699 771//771 715//715
f 715//715 628//628 699//699
f 950//950 938//938 940//940
f 938//938 911//911 940//940
f 976//976 940//940 953//953
f 912//912 892//892 896//896
f 912//912 940//940 892//892
f 940//940 912//912 943//943
f 912//912 896//896 853//853
f 911//911 894//894 842//842
f 911//911 831//831 892//892
f 771//771 831//831 842//842
f 699//699 685//685 831//831
f 896//896 892//892 831//831
f 685//685 641//641 494//494
f 699//699 641//641 685//685
f 853//853 831//831 723//723
f 831//831 685//685 723//723
f 663//663 685//685 494//494
f 691//691 723//723 685//685
f 775//775 767//767 717//717
f 717//717 731//731 750//750
f 699//699 831//831 771//771
f 913//913 904//904 926//926
f 610//610 563//563 576//576
f 987//987 983//983 988//988
f 684//684 643//643 559//559
f 678//678 681//681 615//615
f 615//615 626//626 678//678
f 951//951 938//938 950//950
f 192//192 187//187 210//210
f 192//192 220//220 187//187
f 166//166 187//187 220//220
f 260//260 254//254 245//245
f 254//254 294//294 327//327
f 245//245 254//254 133//133
f 133//133 103//103 73//73
f 210//210 260//260 245//245
f 210//210 245//245 160//160
f 142//142 97//97 160//160
f 160//160 192//192 210//210
f 192//192 160//160 175//175
f 126//126 160//160 97//97
f 160//160 126//126 198//198
f 198//198 175//175 160//160
f 220//220 192//192 175//175
f 142//142 133//133 97//97
f 126//126 97//97 73//73
f 126//126 73//73 96//96
f 141//141 126//126 96//96
f 133//133 73//73 97//97
f 220//220 266//266 272//272
f 272//272 266//266 330//330
f 220//220 272//272 224//224
f 220//220 198//198 266//266
f 198//198 126//126 277//277
f 330//330 266//266 268//268
f 346//346 330//330 268//268
f 346//346 268//268 277//277
f 346//346 277//277 284//284
f 277//277 141//141 284//284
f 141//141 168//168 284//284
f 103//103 137//137 84//84
f 124//124 84//84 137//137
f 168//168 96//96 143//143
f 143//143 186//186 168//168
f 74//74 84//84 96//96
f 168//168 218//218 290//290
f 168//168 186//186 218//218
f 135//135 96//96 101//101
f 81//81 124//124 76//76
f 75//75 101//101 89//89
f 75//75 89//89 81//81
f 89//89 84//84 81//81
f 218//218 135//135 101//101
f 186//186 135//135 218//218
f 218//218 101//101 214//214
f 218//218 214//214 248//248
f 75//75 199//199 130//130
f 199//199 75//75 99//99
f 199//199 190//190 130//130
f 199//199 99//99 107//107
f 99//99 80//80 107//107
f 107//107 163//163 199//199
f 199//199 163//163 197//197
f 107//107 197//197 163//163
f 214//214 130//130 190//190
f 214//214 347//347 248//248
f 190//190 199//199 347//347
f 199//199 197//197 324//324
f 352//352 199//199 324//324
f 214//214 190//190 347//347
f 284//284 168//168 290//290
f 409//409 284//284 290//290
f 346//346 412//412 438//438
f 284//284 409//409 412//412
f 478//478 494//494 448//448
f 448//448 438//438 412//412
f 290//290 218//218 248//248
f 430//430 401//401 434//434
f 430//430 448//448 409//409
f 448//448 430//430 478//478
f 434//434 460//460 504//504
f 434//434 504//504 500//500
f 434//434 352//352 366//366
f 290//290 401//401 409//409
f 346//346 443//443 436//436
f 346//346 438//438 443//443
f 546//546 443//443 448//448
f 546//546 448//448 494//494
f 494//494 478//478 510//510
f 905//905 834//834 919//919
f 905//905 928//928 833//833
f 905//905 949//949 928//928
f 934//934 949//949 919//919
f 974//974 962//962 934//934
f 962//962 974//974 970//970
f 973//973 962//962 975//975
f 949//949 972//972 958//958
f 949//949 962//962 973//973
f 958//958 972//972 966//966
f 976//976 977//977 970//970
f 974//974 985//985 970//970
f 923//923 954//954 956//956
f 931//931 923//923 956//956
f 954//954 958//958 956//956
f 958//958 966//966 956//956
f 923//923 932//932 954//954
f 937//937 931//931 956//956
f 937//937 956//956 967//967
f 979//979 991//991 966//966
f 966//966 972//972 979//979
f 979//979 994//994 995//995
f 972//972 964//964 979//979
f 953//953 955//955 964//964
f 964//964 965//965 971//971
f 976//976 953//953 964//964
f 955//955 965//965 964//964
f 994//994 993//993 995//995
f 971//971 959//959 922//922
f 971//971 990//990 994//994
f 952//952 922//922 927//927
f 915//915 922//922 881//881
f 848//848 881//881 766//766
f 915//915 881//881 848//848
f 990//990 922//922 952//952
f 963//963 941//941 967//967
f 941//941 963//963 930//930
f 967//967 978//978 963//963
f 978//978 992//992 963//963
f 945//945 925//925 929//929
f 929//929 963//963 945//945
f 991//991 992//992 967//967
f 995//995 993//993 991//991
f 945//945 992//992 933//933
f 967//967 992//992 978//978
f 945//945 963//963 992//992
f 933//933 921//921 884//884
f 900//900 925//925 898//898
f 925//925 933//933 898//898
f 897//897 885//885 890//890
f 885//885 852//852 866//866
f 903//903 884//884 897//897
f 897//897 874//874 885//885
f 897//897 884//884 874//874
f 852//852 885//885 874//874
f 874//874 884//884 865//865
f 859//859 874//874 865//865
f 859//859 865//865 838//838
f 884//884 921//921 889//889
f 865//865 884//884 889//889
f 893//893 897//897 890//890
f 992//992 948//948 933//933
f 993//993 961//961 992//992
f 952//952 948//948 961//961
f 868//868 899//899 847//847
f 948//948 844//844 902//902
f 847//847 902//902 844//844
f 847//847 899//899 902//902
f 927//927 915//915 907//907
f 907//907 915//915 848//848
f 907//907 848//848 844//844
f 952//952 927//927 948//948
f 921//921 902//902 899//899
f 921//921 899//899 889//889
f 899//899 868//868 889//889
f 961//961 993//993 952//952
f 992//992 961//961 948//948
f 940//940 943//943 953//953
f 953//953 943//943 955//955
f 853//853 845//845 912//912
f 914//914 943//943 912//912
f 862//862 912//912 845//845
f 908//908 914//914 862//862
f 959//959 914//914 922//922
f 862//862 824//824 803//803
f 805//805 803//803 756//756
f 663//663 560//560 711//711
f 711//711 756//756 663//663
f 756//756 711//711 789//789
f 862//862 803//803 851//851
f 851//851 803//803 805//805
f 756//756 803//803 723//723
f 805//805 756//756 789//789
f 922//922 908//908 888//888
f 888//888 851//851 827//827
f 881//881 827//827 766//766
f 766//766 827//827 726//726
f 973//973 975//975 972//972
f 129//129 165//165 197//197
f 215//215 197//197 165//165
f 324//324 197//197 215//215
f 324//324 215//215 288//288
f 213//213 134//134 217//217
f 217//217 313//313 288//288
f 324//324 288//288 352//352
f 352//352 288//288 366//366
f 269//269 392//392 313//313
f 313//313 217//217 269//269
f 366//366 313//313 392//392
f 213//213 288//288 66//66
f 471//471 368//368 413//413
f 378//378 413//413 368//368
f 368//368 320//320 378//378
f 437//437 471//471 413//413
f 437//437 413//413 479//479
f 631//631 504//504 657//657
f 439//439 366//366 392//392
f 450//450 439//439 392//392
f 460//460 513//513 544//544
f 657//657 504//504 544//544
f 722//722 742//742 720//720
f 557//557 657//657 544//544
f 647//647 657//657 557//557
f 662//662 647//647 557//557
f 662//662 722//722 647//647
f 720//720 679//679 722//722
f 513//513 450//450 544//544
f 450//450 455//455 503//503
f 544//544 450//450 503//503
f 455//455 368//368 471//471
f 471//471 479//479 503//503
f 557//557 530//530 503//503
f 530//530 557//557 544//544
f 530//530 544//544 503//503
f 392//392 269//269 450//450
f 544//544 504//504 460//460
f 217//217 79//79 251//251
f 269//269 217//217 251//251
f 269//269 251//251 278//278
f 492//492 474//474 466//466
f 474//474 426//426 466//466
f 495//495 487//487 589//589
f 479//479 378//378 487//487
f 495//495 479//479 487//487
f 613//613 589//589 579//579
f 579//579 589//589 514//514
f 487//487 474//474 514//514
f 514//514 474//474 492//492
f 525//525 514//514 492//492
f 525//525 579//579 514//514
f 514//514 589//589 487//487
f 821//821 839//839 852//852
f 793//793 821//821 797//797
f 832//832 794//794 821//821
f 737//737 793//793 735//735
f 737//737 735//735 591//591
f 591//591 697//697 588//588
f 588//588 697//697 673//673
f 673//673 740//740 669//669
f 697//697 740//740 673//673
f 734//734 820//820 807//807
f 820//820 858//858 807//807
f 838//838 865//865 820//820
f 623//623 674//674 613//613
f 705//705 734//734 674//674
f 705//705 674//674 623//623
f 676//676 705//705 623//623
f 838//838 836//836 832//832
f 836//836 813//813 826//826
f 826//826 813//813 791//791
f 794//794 826//826 791//791
f 813//813 779//779 791//791
f 836//836 838//838 813//813
f 794//794 791//791 763//763
f 791//791 712//712 763//763
f 779//779 712//712 791//791
f 740//740 763//763 727//727
f 588//588 673//673 669//669
f 588//588 669//669 598//598
f 523//523 591//591 588//588
f 467//467 566//566 483//483
f 483//483 466//466 456//456
f 566//566 527//527 483//483
f 539//539 525//525 520//520
f 539//539 520//520 527//527
f 566//566 569//569 539//539
f 483//483 520//520 466//466
f 569//569 676//676 586//586
f 649//649 598//598 668//668
f 619//619 640//640 601//601
f 712//712 676//676 569//569
f 601//601 712//712 587//587
f 668//668 640//640 649//649
f 635//635 634//634 649//649
f 634//634 635//635 640//640
f 629//629 635//635 619//619
f 668//668 598//598 669//669
f 629//629 601//601 649//649
f 629//629 619//619 601//601
f 633//633 664//664 611//611
f 868//868 743//743 807//807
f 656//656 714//714 654//654
f 656//656 654//654 617//617
f 613//613 674//674 621//621
f 674//674 656//656 621//621
f 714//714 743//743 725//725
f 633//633 654//654 664//664
f 714//714 725//725 654//654
f 848//848 752//752 844//844
f 752//752 848//848 742//742
f 738//738 844//844 722//722
f 742//742 722//722 752//752
f 706//706 692//692 662//662
f 706//706 664//664 725//725
f 722//722 662//662 692//692
f 743//743 738//738 725//725
f 495//495 611//611 557//557
f 889//889 868//868 807//807
f 586//586 579//579 525//525
f 525//525 492//492 520//520
f 669//669 727//727 668//668
f 286//286 373//373 343//343
f 373//373 286//286 311//311
f 426//426 474//474 311//311
f 466//466 426//426 441//441
f 616//616 560//560 594//594
f 789//789 711//711 616//616
f 594//594 500//500 504//504
f 789//789 616//616 719//719
f 719//719 594//594 726//726
f 594//594 631//631 726//726
f 657//657 726//726 631//631
f 733//733 657//657 679//679
f 742//742 733//733 679//679
f 733//733 726//726 657//657
f 742//742 679//679 720//720
f 611//611 662//662 557//557
f 405//405 388//388 414//414
f 184//184 259//259 293//293
f 254//254 260//260 275//275
f 757//757 648//648 777//777
f 937//937 923//923 931//931
f 66//66 134//134 213//213
f 217//217 134//134 79//79
f 571//571 604//604 622//622
f 367//367 359//359 326//326
f 428//428 427//427 359//359
f 436//436 443//443 453//453
f 839//839 866//866 852//852
f 865//865 858//858 820//820
f 807//807 858//858 889//889
f 868//868 847//847 743//743
f 491//491 538//538 484//484
f 538//538 529//529 484//484
f 590//590 548//548 526//526
f 344//344 365//365 393//393
f 344//344 393//393 358//358
f 309//309 293//293 312//312
f 374//374 369//369 418//418
f 374//374 334//334 369//369
f 357//357 329//329 325//325
f 369//369 334//334 391//391
f 298//298 309//309 364//364
f 781//781 776//776 787//787
f 447//447 393//393 403//403
f 600//600 661//661 638//638
f 475//475 420//420 499//499
f 648//648 532//532 549//549
f 372//372 341//341 338//338
f 680//680 625//625 602//602
f 680//680 622//622 625//625
f 693//693 602//602 682//682
f 476//476 470//470 406//406
f 683//683 661//661 622//622
f 661//661 683//683 762//762
f 661//661 762//762 732//732
f 465//465 428//428 452//452
f 465//465 452//452 556//556
f 655//655 605//605 671//671
f 655//655 671//671 708//708
f 784//784 910//910 749//749
f 624//624 561//561 597//597
f 769//769 774//774 671//671
f 671//671 774//774 708//708
f 879//879 819//819 860//860
f 867//867 849//849 843//843
f 759//759 823//823 713//713
f 830//830 809//809 823//823
f 882//882 879//879 906//906
f 867//867 882//882 849//849
f 830//830 856//856 809//809
f 435//435 422//422 387//387
f 271//271 319//319 318//318
f 318//318 350//350 349//349
f 204//204 270//270 243//243
f 176//176 179//179 283//283
f 281//281 234//234 270//270
f 234//234 243//243 270//270
f 136//136 112//112 46//46
f 39//39 20//20 38//38
f 85//85 39//39 123//123
f 26//26 25//25 40//40
f 82//82 67//67 40//40
f 534//534 464//464 508//508
f 69//69 38//38 252//252
f 33//33 38//38 32//32
f 33//33 30//30 46//46
f 32//32 30//30 33//33
f 205//205 123//123 285//285
f 179//179 149//149 85//85
f 167//167 94//94 176//176
f 106//106 94//94 55//55
f 360//360 316//316 332//332
f 360//360 332//332 404//404
f 120//120 207//207 158//158
f 207//207 92//92 156//156
f 497//497 502//502 459//459
f 505//505 502//502 501//501
f 502//502 505//505 501//501
f 512//512 505//505 502//502
f 425//425 489//489 397//397
f 397//397 363//363 283//283
f 202//202 283//283 212//212
f 489//489 332//332 363//363
f 167//167 176//176 202//202
f 167//167 202//202 212//212
f 332//332 283//283 314//314
f 26//26 20//20 25//25
f 55//55 26//26 67//67
f 149//149 127//127 82//82
f 127//127 202//202 176//176
f 127//127 176//176 94//94
f 167//167 212//212 147//147
f 149//149 179//179 176//176
f 149//149 176//176 202//202
f 173//173 222//222 241//241
f 66//66 165//165 83//83
f 264//264 233//233 267//267
f 111//111 90//90 185//185
f 231//231 249//249 262//262
f 204//204 131//131 121//121
f 54//54 66//66 83//83
f 54//54 83//83 129//129
f 165//165 66//66 215//215
f 554//554 582//582 655//655
f 554//554 655//655 593//593
f 65//65 50//50 118//118
f 79//79 51//51 57//57
f 144//144 113//113 125//125
f 251//251 276//276 278//278
f 552//552 464//464 570//570
f 189//189 170//170 145//145
f 390//390 429//429 375//375
f 655//655 695//695 670//670
f 713//713 646//646 670//670
f 646//646 575//575 581//581
f 360//360 407//407 331//331
f 384//384 354//354 241//241
f 423//423 429//429 390//390
f 482//482 509//509 429//429
f 6//6 2//2 1//1
f 6//6 1//1 7//7
f 730//730 672//672 675//675
f 782//782 772//772 730//730
f 672//672 612//612 675//675
f 782//782 801//801 772//772
f 765//765 793//793 737//737
f 737//737 653//653 687//687
f 565//565 509//509 543//543
f 446//446 408//408 431//431
f 496//496 519//519 457//457
f 486//486 444//444 519//519
f 486//486 519//519 523//523
f 582//582 554//554 552//552
f 117//117 132//132 93//93
f 146//146 117//117 108//108
f 170//170 146//146 145//145
f 8//8 5//5 12//12
f 8//8 3//3 5//5
f 17//17 5//5 11//11
f 22//22 100//100 48//48
f 47//47 100//100 28//28
f 16//16 10//10 13//13
f 10//10 9//9 13//13
f 10//10 16//16 11//11
f 11//11 9//9 10//10
f 9//9 6//6 15//15
f 18//18 41//41 36//36
f 2//2 5//5 3//3
f 3//3 1//1 2//2
f 6//6 5//5 2//2
f 12//12 17//17 27//27
f 14//14 6//6 7//7
f 169//169 157//157 170//170
f 169//169 170//170 181//181
f 169//169 244//244 157//157
f 102//102 132//132 109//109
f 61//61 93//93 102//102
f 102//102 77//77 61//61
f 77//77 64//64 62//62
f 181//181 174//174 241//241
f 181//181 241//241 169//169
f 62//62 64//64 44//44
f 287//287 98//98 64//64
f 1//1 12//12 7//7
f 27//27 14//14 7//7
f 88//88 60//60 178//178
f 191//191 91//91 104//104
f 274//274 227//227 306//306
f 68//68 286//286 227//227
f 444//444 395//395 336//336
f 336//336 395//395 370//370
f 8//8 1//1 4//4
f 170//170 173//173 174//174
f 170//170 174//174 181//181
f 630//630 614//614 606//606
f 630//630 606//606 636//636
f 181//181 169//169 174//174
f 169//169 181//181 174//174
f 667//667 650//650 636//636
f 606//606 667//667 636//636
f 161//161 224//224 272//272
f 161//161 272//272 295//295
f 542//542 585//585 553//553
f 627//627 538//538 585//585
f 694//694 650//650 667//667
f 745//745 694//694 665//665
f 541//541 567//567 477//477
f 567//567 666//666 606//606
f 541//541 637//637 567//567
f 778//778 755//755 745//745
f 703//703 754//754 724//724
f 541//541 596//596 637//637
f 607//607 637//637 596//596
f 785//785 761//761 835//835
f 610//610 681//681 701//701
f 904//904 901//901 828//828
f 445//445 414//414 491//491
f 477//477 491//491 414//414
f 312//312 323//323 361//361
f 323//323 417//417 361//361
f 182//182 159//159 177//177
f 159//159 153//153 171//171
f 154//154 139//139 152//152
f 153//153 154//154 152//152
f 184//184 230//230 259//259
f 115//115 180//180 114//114
f 299//299 381//381 323//323
f 187//187 95//95 150//150
f 95//95 166//166 161//161
f 216//216 164//164 299//299
f 105//105 164//164 139//139
f 259//259 216//216 323//323
f 517//517 511//511 536//536
f 736//736 747//747 811//811
f 736//736 811//811 825//825
f 342//342 376//376 345//345
f 295//295 400//400 351//351
f 960//960 942//942 877//877
f 873//873 876//876 869//869
f 876//876 872//872 869//869
f 873//873 857//857 861//861
f 761//761 701//701 802//802
f 681//681 729//729 802//802
f 810//810 815//815 751//751
f 678//678 751//751 729//729
f 815//815 875//875 863//863
f 835//835 857//857 869//869
f 835//835 869//869 872//872
f 506//506 540//540 528//528
f 578//578 584//584 632//632
f 578//578 545//545 584//584
f 376//376 377//377 389//389
f 399//399 451//451 411//411
f 540//540 518//518 545//545
f 537//537 493//493 443//443
f 764//764 773//773 710//710
f 450//450 269//269 368//368
f 450//450 368//368 455//455
f 767//767 747//747 717//717
f 632//632 710//710 718//718
f 518//518 451//451 449//449
f 775//775 822//822 792//792
f 684//684 690//690 731//731
f 628//628 641//641 699//699
f 911//911 892//892 940//940
f 691//691 685//685 663//663
f 691//691 663//663 723//723
f 626//626 718//718 678//678
f 220//220 224//224 166//166
f 198//198 277//277 268//268
f 220//220 175//175 198//198
f 130//130 214//214 101//101
f 76//76 80//80 75//75
f 140//140 197//197 107//107
f 401//401 290//290 248//248
f 352//352 434//434 347//347
f 962//962 949//949 934//934
f 967//967 941//941 937//937
f 865//865 889//889 858//858
f 943//943 914//914 965//965
f 851//851 888//888 862//862
f 827//827 881//881 888//888
f 320//320 373//373 378//378
f 794//794 832//832 836//836
f 794//794 836//836 826//826
f 306//306 320//320 274//274
f 343//343 373//373 320//320
f 466//466 520//520 492//492
f 874//874 821//821 852//852
f 740//740 735//735 793//793
f 697//697 591//591 735//735
f 797//797 794//794 740//740
f 740//740 697//697 735//735
f 820//820 734//734 779//779
f 744//744 712//712 779//779
f 744//744 676//676 712//712
f 744//744 779//779 734//734
f 456//456 441//441 467//467
f 456//456 467//467 483//483
f 794//794 763//763 740//740
f 588//588 598//598 523//523
f 598//598 566//566 523//523
f 803//803 824//824 723//723
f 601//601 598//598 649//649
f 712//712 601//601 640//640
f 566//566 587//587 569//569
f 566//566 601//601 587//587
f 623//623 613//613 579//579
f 635//635 649//649 640//640
f 649//649 634//634 629//629
f 635//635 629//629 634//634
f 634//634 619//619 635//635
f 640//640 619//619 634//634
f 668//668 727//727 712//712
f 617//617 621//621 656//656
f 714//714 656//656 734//734
f 692//692 706//706 738//738
f 662//662 664//664 706//706
f 621//621 617//617 589//589
f 343//343 306//306 286//286
f 726//726 746//746 766//766
f 932//932 910//910 928//928
f 276//276 320//320 278//278
