# convertido de flygym/NeuroMechFly (lh_tarsus4)
v -0.03627 0.00180 -0.08163
v -0.03627 0.00083 -0.08278
v -0.03623 0.00727 -0.08219
v -0.03622 0.00336 -0.08010
v -0.03621 0.00634 -0.08169
v -0.03619 0.00522 -0.08080
v -0.03618 0.00224 -0.08118
v -0.03610 0.00075 -0.07460
v -0.03606 0.01696 -0.08400
v -0.03601 0.00811 -0.08131
v -0.03597 0.00038 -0.08297
v -0.03596 0.00035 -0.08216
v -0.03584 0.01789 -0.08347
v -0.03581 0.00242 -0.07158
v -0.03578 0.01882 -0.08315
v -0.03578 0.01445 -0.08208
v -0.03576 0.00018 -0.08243
v -0.03573 0.01829 -0.08323
v -0.03572 -0.00282 -0.06995
v -0.03572 0.00028 -0.08225
v -0.03571 0.01866 -0.08318
v -0.03569 -0.00018 -0.08254
v -0.03569 0.00484 -0.08158
v -0.03565 0.01849 -0.08304
v -0.03564 0.01253 -0.08061
v -0.03561 0.00684 -0.01115
v -0.03556 0.00005 -0.07855
v -0.03556 -0.00016 -0.08266
v -0.03554 0.01035 -0.07908
v -0.03551 0.01954 -0.08244
v -0.03550 0.01910 -0.08216
v -0.03549 0.00599 -0.08186
v -0.03548 0.01985 -0.08247
v -0.03538 0.01952 -0.08243
v -0.03535 0.00764 -0.01128
v -0.03533 0.00934 -0.08066
v -0.03533 0.00735 -0.01146
v -0.03531 0.00668 -0.01160
v -0.03530 0.00672 -0.01130
v -0.03523 0.02033 -0.08132
v -0.03522 0.00792 -0.01147
v -0.03517 0.00036 -0.08221
v -0.03517 0.00808 -0.01147
v -0.03514 0.02081 -0.08157
v -0.03514 0.00730 -0.01152
v -0.03513 0.01315 -0.08172
v -0.03513 0.00626 -0.01215
v -0.03512 0.01431 -0.08228
v -0.03512 0.00262 -0.06558
v -0.03511 0.00736 -0.01192
v -0.03511 0.00765 -0.08203
v -0.03511 0.00822 -0.01160
v -0.03509 0.00569 -0.01202
v -0.03509 0.02080 -0.08154
v -0.03507 -0.00113 -0.08229
v -0.03504 0.00981 -0.07215
v -0.03502 0.00530 -0.01250
v -0.03501 0.00789 -0.01155
v -0.03501 -0.00115 -0.06500
v -0.03500 0.00140 -0.08166
v -0.03497 0.02101 -0.08177
v -0.03495 0.02117 -0.08138
v -0.03494 0.00456 -0.01253
v -0.03492 0.00633 -0.01180
v -0.03487 0.00664 -0.01158
v -0.03486 0.00458 -0.01293
v -0.03483 -0.00450 -0.07299
v -0.03480 0.01490 -0.07519
v -0.03476 0.01553 -0.08284
v -0.03472 0.02101 -0.08187
v -0.03462 0.01449 -0.06978
v -0.03460 0.00717 -0.01160
v -0.03459 -0.00188 -0.08172
v -0.03458 0.02168 -0.08220
v -0.03448 0.01971 -0.07610
v -0.03447 0.01393 -0.06782
v -0.03439 0.01047 -0.08214
v -0.03438 0.01164 -0.08204
v -0.03436 0.00509 -0.01380
v -0.03424 0.00879 -0.01175
v -0.03423 0.01527 -0.06831
v -0.03422 0.01527 -0.06831
v -0.03418 0.01552 -0.06836
v -0.03418 0.01336 -0.00979
v -0.03418 -0.00184 -0.08180
v -0.03415 0.01722 -0.08329
v -0.03412 -0.00256 -0.08107
v -0.03412 0.01379 -0.01004
v -0.03411 0.01584 -0.06817
v -0.03409 0.00839 -0.01141
v -0.03407 0.01220 -0.01084
v -0.03406 0.01631 -0.06458
v -0.03405 0.01918 -0.08273
v -0.03399 0.01384 -0.08229
v -0.03394 0.01888 -0.06960
v -0.03394 0.01271 -0.06240
v -0.03393 0.00609 -0.01376
v -0.03392 0.00921 -0.01295
v -0.03386 0.02038 -0.07836
v -0.03386 0.02277 -0.08374
v -0.03376 0.00156 -0.05736
v -0.03375 0.00353 -0.01318
v -0.03373 0.01091 -0.01193
v -0.03373 0.00562 -0.01477
v -0.03371 0.01002 -0.01187
v -0.03358 0.00058 -0.08169
v -0.03352 0.00964 -0.01107
v -0.03349 0.02150 -0.07595
v -0.03347 -0.00330 -0.08089
v -0.03343 0.00160 -0.05224
v -0.03343 0.00545 -0.05333
v -0.03340 -0.00225 -0.06226
v -0.03339 0.00867 -0.05685
v -0.03333 -0.00013 -0.05853
v -0.03328 -0.00844 -0.06983
v -0.03322 -0.00940 -0.07309
v -0.03318 -0.00397 -0.08050
v -0.03316 0.00001 -0.04851
v -0.03316 0.00455 -0.04832
v -0.03313 0.01170 -0.01052
v -0.03306 0.01767 -0.08290
v -0.03304 0.01582 -0.05789
v -0.03304 0.01652 -0.08270
v -0.03303 0.01582 -0.05791
v -0.03303 0.01568 -0.05769
v -0.03302 0.01581 -0.05789
v -0.03299 0.00612 -0.01594
v -0.03298 0.01608 -0.01233
v -0.03297 0.02002 -0.07149
v -0.03293 0.02410 -0.08529
v -0.03293 -0.00295 -0.08141
v -0.03290 0.01622 -0.05763
v -0.03289 0.02411 -0.08540
v -0.03289 0.01858 -0.06472
v -0.03285 -0.00434 -0.08118
v -0.03284 0.00732 -0.01519
v -0.03281 -0.00064 -0.05267
v -0.03278 0.02331 -0.08510
v -0.03274 0.01376 -0.00993
v -0.03274 0.00968 -0.02226
v -0.03273 -0.00450 -0.08239
v -0.03272 -0.00007 -0.04323
v -0.03260 -0.00247 -0.08166
v -0.03259 0.01042 -0.02711
v -0.03259 0.02423 -0.08577
v -0.03255 0.01696 -0.01375
v -0.03253 -0.00477 -0.08327
v -0.03252 0.00982 -0.01988
v -0.03252 0.00960 -0.01656
v -0.03251 0.02425 -0.08637
v -0.03248 0.01410 -0.03032
v -0.03248 0.02423 -0.08657
v -0.03245 -0.00371 -0.08134
v -0.03245 0.02430 -0.08663
v -0.03245 0.02001 -0.08299
v -0.03244 0.00744 -0.04451
v -0.03243 0.00924 -0.03146
v -0.03242 0.00642 -0.01697
v -0.03242 0.02423 -0.08638
v -0.03235 0.01960 -0.05384
v -0.03230 0.02152 -0.06998
v -0.03225 0.01241 -0.01965
v -0.03225 0.01401 -0.03866
v -0.03224 0.00051 -0.03842
v -0.03223 -0.00151 -0.04537
v -0.03222 0.01632 -0.01222
v -0.03222 -0.00560 -0.07907
v -0.03220 0.01520 -0.05113
v -0.03216 0.00318 -0.01350
v -0.03212 0.02269 -0.08536
v -0.03206 0.00359 -0.03462
v -0.03204 -0.00540 -0.08364
v -0.03202 0.01859 -0.05792
v -0.03193 0.02452 -0.08754
v -0.03193 0.02107 -0.06022
v -0.03192 -0.00918 -0.06691
v -0.03188 -0.00539 -0.08374
v -0.03185 0.01846 -0.01446
v -0.03185 0.02330 -0.08644
v -0.03180 0.01573 -0.04417
v -0.03179 -0.00062 -0.03572
v -0.03178 0.01855 -0.01425
v -0.03175 0.01731 -0.02667
v -0.03175 -0.00566 -0.08364
v -0.03173 -0.00470 -0.08334
v -0.03173 -0.00227 -0.05587
v -0.03173 -0.00552 -0.08351
v -0.03172 0.01844 -0.04848
v -0.03169 0.02092 -0.08343
v -0.03162 -0.00583 -0.08350
v -0.03161 0.01955 -0.03159
v -0.03161 0.02456 -0.08800
v -0.03160 -0.00756 -0.06453
v -0.03158 0.02052 -0.03804
v -0.03154 0.02534 -0.07946
v -0.03153 0.00026 -0.03127
v -0.03152 0.00212 -0.01435
v -0.03135 0.00253 -0.02062
v -0.03130 -0.00346 -0.08254
v -0.03123 0.02487 -0.08761
v -0.03120 -0.00290 -0.04885
v -0.03118 0.02335 -0.07220
v -0.03109 0.01382 -0.00976
v -0.03106 0.02124 -0.05794
v -0.03095 0.02160 -0.05786
v -0.03094 0.00149 -0.01576
v -0.03094 0.01997 -0.02041
v -0.03093 -0.00101 -0.02952
v -0.03093 0.02159 -0.05786
v -0.03092 -0.00676 -0.08375
v -0.03090 0.02170 -0.05765
v -0.03089 0.02042 -0.01614
v -0.03087 0.01346 -0.00971
v -0.03086 -0.00685 -0.08367
v -0.03086 0.02481 -0.08815
v -0.03085 0.00141 -0.01453
v -0.03082 0.02436 -0.08763
v -0.03081 0.02239 -0.06465
v -0.03078 0.02044 -0.01585
v -0.03078 0.02210 -0.04729
v -0.03078 -0.00234 -0.03671
v -0.03076 -0.00009 -0.02287
v -0.03071 0.02226 -0.05815
v -0.03062 0.02016 -0.02307
v -0.03059 0.02336 -0.04569
v -0.03058 0.02117 -0.01565
v -0.03054 -0.00635 -0.08367
v -0.03047 -0.00330 -0.04212
v -0.03043 0.02488 -0.08783
v -0.03036 -0.00736 -0.08390
v -0.03028 0.01966 -0.01434
v -0.03012 0.02183 -0.02878
v -0.03009 -0.00417 -0.05608
v -0.03006 -0.00862 -0.07784
v -0.03003 -0.00236 -0.08186
v -0.03002 0.02244 -0.01390
v -0.03002 0.02489 -0.08794
v -0.03001 0.02173 -0.08514
v -0.03001 -0.01182 -0.07018
v -0.03001 0.02217 -0.03346
v -0.02992 -0.00778 -0.08371
v -0.02991 0.01018 -0.01051
v -0.02991 0.02486 -0.08768
v -0.02990 0.00043 -0.01576
v -0.02990 0.01642 -0.01152
v -0.02989 0.02499 -0.08780
v -0.02985 0.02437 -0.08745
v -0.02979 0.02524 -0.08728
v -0.02970 0.02307 -0.01370
v -0.02967 -0.00519 -0.05717
v -0.02964 -0.00466 -0.04585
v -0.02964 -0.00183 -0.02423
v -0.02963 0.00028 -0.01446
v -0.02959 -0.01120 -0.06834
v -0.02958 -0.01139 -0.07288
v -0.02957 0.02648 -0.07953
v -0.02954 0.02329 -0.01380
v -0.02951 0.02496 -0.05413
v -0.02951 0.02214 -0.02657
v -0.02949 0.02121 -0.01477
v -0.02948 0.01880 -0.01319
v -0.02942 0.02452 -0.04027
v -0.02941 0.02562 -0.08559
v -0.02941 0.00203 -0.01368
v -0.02940 0.02389 -0.06707
v -0.02936 -0.00098 -0.08195
v -0.02929 0.02271 -0.01389
v -0.02926 -0.00797 -0.08384
v -0.02904 0.02413 -0.03345
v -0.02903 0.02218 -0.02312
v -0.02901 0.02513 -0.08781
v -0.02887 -0.00570 -0.05489
v -0.02876 -0.00504 -0.03904
v -0.02871 0.02363 -0.01938
v -0.02869 0.02374 -0.02646
v -0.02857 -0.00910 -0.08080
v -0.02843 0.01933 -0.01292
v -0.02842 0.02372 -0.03004
v -0.02841 -0.00109 -0.01377
v -0.02829 -0.00215 -0.01810
v -0.02821 -0.00764 -0.06061
v -0.02816 0.02230 -0.01350
v -0.02815 0.02440 -0.05906
v -0.02812 0.02442 -0.01325
v -0.02810 0.02459 -0.01358
v -0.02804 -0.00052 -0.01365
v -0.02803 -0.01175 -0.07079
v -0.02801 -0.00158 -0.01333
v -0.02798 -0.01139 -0.06963
v -0.02796 0.02796 -0.05030
v -0.02779 0.00143 -0.01302
v -0.02778 0.02529 -0.08732
v -0.02771 -0.00201 -0.01261
v -0.02767 -0.00198 -0.01307
v -0.02764 -0.00856 -0.08386
v -0.02756 -0.00911 -0.08337
v -0.02754 0.01269 -0.08285
v -0.02739 0.02486 -0.08722
v -0.02732 -0.00427 -0.02234
v -0.02730 0.02524 -0.01233
v -0.02723 -0.00255 -0.01197
v -0.02713 0.02611 -0.05667
v -0.02712 0.02498 -0.02144
v -0.02710 -0.00518 -0.02656
v -0.02702 -0.00616 -0.04725
v -0.02702 -0.00292 -0.01232
v -0.02694 -0.00162 -0.01268
v -0.02684 0.01656 -0.08417
v -0.02675 0.02677 -0.03671
v -0.02671 0.02945 -0.04738
v -0.02668 0.02047 -0.08550
v -0.02664 -0.00627 -0.03247
v -0.02655 0.02840 -0.04308
v -0.02645 0.01570 -0.01010
v -0.02644 -0.00732 -0.05741
v -0.02643 -0.00287 -0.01166
v -0.02641 -0.00308 -0.01154
v -0.02638 -0.00380 -0.01490
v -0.02630 -0.00807 -0.08350
v -0.02624 0.02623 -0.02993
v -0.02623 0.02524 -0.01136
v -0.02612 0.02797 -0.07519
v -0.02611 0.02608 -0.08557
v -0.02610 -0.00999 -0.07749
v -0.02597 -0.00948 -0.08341
v -0.02593 0.02601 -0.02322
v -0.02586 0.02591 -0.01623
v -0.02584 0.02836 -0.07780
v -0.02584 0.02627 -0.01105
v -0.02582 -0.00353 -0.01173
v -0.02579 0.02644 -0.01026
v -0.02575 0.02950 -0.04535
v -0.02571 -0.01160 -0.07129
v -0.02569 -0.00686 -0.03590
v -0.02560 -0.00902 -0.08284
v -0.02556 -0.00958 -0.08256
v -0.02543 0.02691 -0.03193
v -0.02539 -0.00140 -0.01185
v -0.02530 -0.01073 -0.07474
v -0.02523 -0.01158 -0.07175
v -0.02523 0.02610 -0.01039
v -0.02507 0.02363 -0.08673
v -0.02505 -0.00577 -0.01799
v -0.02504 -0.00395 -0.01146
v -0.02502 0.02666 -0.01036
v -0.02501 0.02676 -0.02649
v -0.02500 -0.00669 -0.02877
v -0.02484 0.00664 -0.01075
v -0.02482 0.02803 -0.07156
v -0.02482 -0.00954 -0.08222
v -0.02475 0.01815 -0.01079
v -0.02466 0.03012 -0.04585
v -0.02463 0.02670 -0.01948
v -0.02458 0.02397 -0.01081
v -0.02457 -0.00652 -0.02532
v -0.02454 0.02663 -0.08494
v -0.02450 -0.00963 -0.08072
v -0.02448 0.02172 -0.01107
v -0.02445 -0.00624 -0.02151
v -0.02440 -0.00816 -0.08280
v -0.02436 0.00998 -0.00976
v -0.02407 0.02691 -0.01005
v -0.02404 0.02944 -0.08040
v -0.02402 0.03020 -0.05089
v -0.02396 0.02481 -0.08584
v -0.02396 -0.00787 -0.05695
v -0.02389 0.02763 -0.06614
v -0.02389 0.01593 -0.08415
v -0.02386 -0.00249 -0.01115
v -0.02379 -0.01196 -0.06799
v -0.02349 0.01365 -0.00885
v -0.02340 -0.00995 -0.07465
v -0.02323 -0.00071 -0.01081
v -0.02321 -0.00562 -0.01337
v -0.02307 -0.00882 -0.05906
v -0.02307 -0.00958 -0.08100
v -0.02307 -0.00885 -0.08171
v -0.02306 -0.00526 -0.01147
v -0.02306 0.02925 -0.05300
v -0.02305 0.01995 -0.01081
v -0.02299 -0.00791 -0.08237
v -0.02298 -0.00992 -0.06184
v -0.02294 -0.00619 -0.08224
v -0.02288 0.00146 -0.01054
v -0.02278 0.02718 -0.01000
v -0.02277 0.02907 -0.03932
v -0.02272 -0.00685 -0.01884
v -0.02262 -0.00505 -0.01134
v -0.02246 0.02414 -0.08578
v -0.02240 -0.00781 -0.05472
v -0.02227 -0.00749 -0.05028
v -0.02220 0.02641 -0.01017
v -0.02206 0.01621 -0.00931
v -0.02205 0.00408 -0.01011
v -0.02202 -0.00788 -0.04662
v -0.02197 0.02763 -0.01743
v -0.02176 0.02855 -0.03372
v -0.02162 0.02748 -0.01020
v -0.02157 0.02818 -0.02651
v -0.02153 0.02791 -0.06007
v -0.02150 0.02442 -0.01018
v -0.02142 0.03047 -0.04423
v -0.02135 0.02754 -0.01069
v -0.02130 0.03069 -0.08124
v -0.02122 -0.00789 -0.08183
v -0.02108 -0.00443 -0.08190
v -0.02081 0.02987 -0.06985
v -0.02071 -0.00850 -0.03306
v -0.02070 0.02695 -0.08501
v -0.02063 0.01329 -0.08368
v -0.02055 0.03170 -0.07530
v -0.02052 -0.00936 -0.08132
v -0.02048 -0.00937 -0.07845
v -0.02032 0.02783 -0.01302
v -0.02027 0.02938 -0.03729
v -0.02021 0.02093 -0.08577
v -0.02020 0.02669 -0.01049
v -0.02019 0.02775 -0.01087
v -0.01999 -0.01077 -0.06552
v -0.01998 -0.00851 -0.03699
v -0.01991 0.03286 -0.07844
v -0.01986 0.03289 -0.07845
v -0.01979 -0.00803 -0.08136
v -0.01967 0.02913 -0.03021
v -0.01957 0.02443 -0.08537
v -0.01947 -0.00588 -0.08164
v -0.01921 -0.00765 -0.02062
v -0.01920 0.02891 -0.02343
v -0.01917 -0.00829 -0.02656
v -0.01916 0.01693 -0.00876
v -0.01914 -0.00977 -0.07354
v -0.01912 -0.00914 -0.08137
v -0.01910 0.02953 -0.05484
v -0.01895 -0.00427 -0.08184
v -0.01884 0.02863 -0.01657
v -0.01854 0.03042 -0.04585
v -0.01853 0.02792 -0.01039
v -0.01850 0.03023 -0.05148
v -0.01846 -0.00886 -0.05774
v -0.01843 -0.00557 -0.01121
v -0.01827 0.02803 -0.01032
v -0.01808 -0.00650 -0.01184
v -0.01806 -0.00897 -0.08161
v -0.01804 0.02708 -0.08512
v -0.01798 0.02985 -0.04087
v -0.01797 0.01364 -0.00820
v -0.01791 0.03294 -0.07702
v -0.01788 -0.00609 -0.01099
v -0.01777 -0.00727 -0.01657
v -0.01761 0.02962 -0.03744
v -0.01755 0.02148 -0.08539
v -0.01747 -0.00810 -0.05052
v -0.01724 0.02962 -0.05828
v -0.01718 0.01755 -0.08460
v -0.01710 -0.00880 -0.08153
v -0.01700 0.03049 -0.08220
v -0.01698 0.02724 -0.00980
v -0.01697 -0.00820 -0.04642
v -0.01695 0.02972 -0.05476
v -0.01693 -0.00589 -0.01097
v -0.01685 -0.00769 -0.01935
v -0.01677 -0.00615 -0.01072
v -0.01674 0.02970 -0.03670
v -0.01671 -0.00633 -0.01139
v -0.01658 -0.00604 -0.01108
v -0.01655 0.03023 -0.06210
v -0.01634 -0.00609 -0.01111
v -0.01620 0.03068 -0.06441
v -0.01619 -0.00958 -0.07157
v -0.01617 0.02810 -0.00978
v -0.01607 -0.00579 -0.01111
v -0.01607 0.03279 -0.07857
v -0.01599 -0.00619 -0.01102
v -0.01598 -0.00607 -0.01089
v -0.01591 0.01108 -0.08370
v -0.01576 0.03296 -0.07548
v -0.01570 0.02537 -0.00919
v -0.01546 0.02955 -0.01970
v -0.01542 0.02707 -0.00864
v -0.01538 0.03150 -0.06860
v -0.01532 -0.00848 -0.02936
v -0.01526 -0.00860 -0.08193
v -0.01509 -0.00776 -0.08196
v -0.01492 0.02819 -0.00947
v -0.01491 -0.00860 -0.05428
v -0.01484 -0.00907 -0.07517
v -0.01483 -0.00603 -0.01110
v -0.01463 0.02805 -0.00803
v -0.01456 0.02984 -0.02732
v -0.01454 0.02472 -0.00881
v -0.01436 0.03205 -0.07874
v -0.01431 -0.00600 -0.01124
v -0.01427 -0.00832 -0.08171
v -0.01427 0.02979 -0.04776
v -0.01421 0.01754 -0.08457
v -0.01396 -0.00598 -0.01133
v -0.01395 0.02789 -0.00747
v -0.01383 -0.00551 -0.01123
v -0.01376 -0.00959 -0.06238
v -0.01347 -0.00850 -0.07872
v -0.01338 -0.00900 -0.05778
v -0.01322 -0.00973 -0.06590
v -0.01317 -0.00782 -0.03862
v -0.01311 0.02360 -0.08526
v -0.01307 -0.00600 -0.01170
v -0.01289 0.02492 -0.08544
v -0.01284 -0.00923 -0.07186
v -0.01283 -0.00783 -0.08209
v -0.01283 -0.00823 -0.03349
v -0.01280 0.03106 -0.07934
v -0.01270 0.03215 -0.07281
v -0.01268 0.01754 -0.00764
v -0.01263 -0.00787 -0.04966
v -0.01255 0.02979 -0.05645
v -0.01239 0.02521 -0.08542
v -0.01234 0.02992 -0.02053
v -0.01230 -0.00850 -0.02677
v -0.01224 -0.00634 -0.08193
v -0.01221 0.02881 -0.01152
v -0.01218 0.02317 -0.08549
v -0.01216 0.02207 -0.00783
v -0.01211 0.02439 -0.08589
v -0.01183 0.02977 -0.01379
v -0.01182 -0.00763 -0.08210
v -0.01180 -0.00557 -0.01098
v -0.01179 -0.00728 -0.04398
v -0.01177 -0.00452 -0.01071
v -0.01151 0.03041 -0.07805
v -0.01146 0.02337 -0.08593
v -0.01141 -0.00321 -0.01038
v -0.01141 0.02378 -0.08614
v -0.01141 0.02404 -0.08602
v -0.01139 0.02388 -0.08621
v -0.01138 0.02735 -0.00732
v -0.01137 -0.00751 -0.08143
v -0.01132 0.02295 -0.08562
v -0.01124 0.02367 -0.08644
v -0.01123 -0.00534 -0.01006
v -0.01115 0.03078 -0.07696
v -0.01105 -0.00154 -0.01005
v -0.01102 -0.00543 -0.08219
v -0.01093 -0.00825 -0.02464
v -0.01087 -0.00664 -0.08131
v -0.01086 -0.00804 -0.02989
v -0.01085 0.02352 -0.08630
v -0.01077 0.02963 -0.01696
v -0.01062 0.00021 -0.00968
v -0.01062 0.01530 -0.00717
v -0.01058 0.02219 -0.08524
v -0.01037 -0.00734 -0.08019
v -0.01036 -0.00496 -0.00956
v -0.01035 0.02661 -0.00733
v -0.01034 -0.00728 -0.01957
v -0.01031 0.01566 -0.08466
v -0.01026 0.03127 -0.06753
v -0.01022 0.02338 -0.08596
v -0.01009 0.02573 -0.00729
v -0.00999 -0.00778 -0.03048
v -0.00999 0.03136 -0.07245
v -0.00996 -0.00650 -0.08099
v -0.00990 0.03028 -0.06283
v -0.00975 0.02963 -0.02367
v -0.00962 0.00426 -0.00881
v -0.00942 -0.00917 -0.06735
v -0.00937 0.02340 -0.08528
v -0.00926 -0.00455 -0.00905
v -0.00921 -0.00838 -0.05488
v -0.00920 0.02898 -0.04993
v -0.00911 -0.00820 -0.07289
v -0.00894 0.00207 -0.00835
v -0.00892 -0.00677 -0.08000
v -0.00876 -0.00785 -0.02708
v -0.00875 0.00751 -0.00810
v -0.00870 -0.00872 -0.05941
v -0.00855 0.02312 -0.08489
v -0.00844 -0.00776 -0.07338
v -0.00841 -0.00637 -0.08124
v -0.00832 -0.00445 -0.00904
v -0.00831 0.02348 -0.00663
v -0.00824 -0.00766 -0.02406
v -0.00822 0.02963 -0.06115
v -0.00806 0.02252 -0.08474
v -0.00806 -0.00608 -0.04436
v -0.00805 0.03029 -0.06766
v -0.00801 -0.00316 -0.00835
v -0.00801 0.02691 -0.00762
v -0.00791 0.01105 -0.00735
v -0.00782 0.00986 -0.08310
v -0.00779 -0.00589 -0.08234
v -0.00737 -0.00638 -0.03741
v -0.00736 -0.00699 -0.07593
v -0.00734 0.01191 -0.08376
v -0.00728 -0.00735 -0.02438
v -0.00728 0.02876 -0.01404
v -0.00717 -0.00759 -0.05245
v -0.00714 0.02118 -0.00588
v -0.00708 -0.00413 -0.00898
v -0.00702 0.02906 -0.01850
v -0.00684 0.02531 -0.00629
v -0.00682 0.02838 -0.04786
v -0.00670 -0.00553 -0.01619
v -0.00667 0.02784 -0.07590
v -0.00664 0.01732 -0.08444
v -0.00664 -0.00607 -0.04667
v -0.00654 -0.00255 -0.08244
v -0.00642 -0.00492 -0.08243
v -0.00638 0.02570 -0.00624
v -0.00622 -0.00562 -0.07890
v -0.00618 -0.00829 -0.06900
v -0.00613 -0.00336 -0.00754
v -0.00606 0.02877 -0.02379
v -0.00604 -0.00165 -0.08252
v -0.00587 -0.00688 -0.02516
v -0.00584 0.02556 -0.00588
v -0.00576 -0.00781 -0.05489
v -0.00572 0.02794 -0.01477
v -0.00570 0.02477 -0.00519
v -0.00568 0.02908 -0.07075
v -0.00566 -0.00303 -0.00687
v -0.00565 0.02741 -0.01220
v -0.00562 0.02347 -0.08138
v -0.00555 -0.00071 -0.00587
v -0.00551 -0.00541 -0.04072
v -0.00539 -0.00279 -0.00653
v -0.00528 -0.00601 -0.03411
v -0.00524 -0.00569 -0.07496
v -0.00522 -0.00647 -0.02802
v -0.00519 -0.00603 -0.07457
v -0.00513 -0.00410 -0.08238
v -0.00498 -0.00699 -0.05316
v -0.00496 -0.00793 -0.06350
v -0.00496 0.02124 -0.08391
v -0.00494 -0.00233 -0.00562
v -0.00491 -0.00412 -0.08203
v -0.00488 0.02597 -0.00510
v -0.00480 0.00290 -0.08252
v -0.00475 -0.00525 -0.07610
v -0.00475 -0.00232 -0.00553
v -0.00474 -0.00227 -0.00558
v -0.00464 0.02511 -0.00449
v -0.00464 0.02728 -0.07363
v -0.00453 0.02015 -0.08373
v -0.00449 -0.00760 -0.05965
v -0.00436 -0.00199 -0.00491
v -0.00434 -0.00216 -0.00529
v -0.00431 0.02761 -0.01444
v -0.00423 -0.00355 -0.08156
v -0.00411 0.02823 -0.02137
v -0.00404 0.02565 -0.00408
v -0.00399 0.01340 -0.00589
v -0.00398 -0.00095 -0.00477
v -0.00397 -0.00564 -0.02074
v -0.00396 0.02085 -0.08341
v -0.00393 -0.00481 -0.07572
v -0.00388 -0.00691 -0.05509
v -0.00380 -0.00503 -0.03765
v -0.00378 0.02751 -0.04556
v -0.00377 -0.00144 -0.00421
v -0.00370 0.02531 -0.00427
v -0.00369 0.00410 -0.08230
v -0.00365 -0.00450 -0.01611
v -0.00356 -0.00319 -0.01092
v -0.00353 -0.00214 -0.08115
v -0.00344 0.02782 -0.07050
v -0.00340 0.02352 -0.00430
v -0.00324 -0.00107 -0.00415
v -0.00323 -0.00092 -0.00383
v -0.00313 -0.00548 -0.03061
v -0.00305 0.02762 -0.03886
v -0.00298 -0.00261 -0.08092
v -0.00288 0.00969 -0.08281
v -0.00286 -0.00004 -0.00379
v -0.00286 0.00743 -0.08253
v -0.00283 0.01420 -0.08507
v -0.00282 -0.00545 -0.04959
v -0.00266 0.01938 -0.00395
v -0.00265 -0.00046 -0.00367
v -0.00264 0.01938 -0.08386
v -0.00250 0.02457 -0.00450
v -0.00249 0.02508 -0.00663
v -0.00243 -0.00228 -0.08042
v -0.00243 0.00577 -0.00524
v -0.00222 -0.00617 -0.05535
v -0.00221 0.02747 -0.02835
v -0.00219 -0.00002 -0.00296
v -0.00205 -0.00359 -0.07447
v -0.00196 0.00009 -0.00307
v -0.00194 -0.00195 -0.07993
v -0.00191 -0.00510 -0.07113
v -0.00175 0.02432 -0.00469
v -0.00169 -0.00613 -0.06224
v -0.00168 0.01861 -0.08380
v -0.00165 -0.00458 -0.03429
v -0.00156 0.00079 -0.00307
v -0.00154 0.00836 -0.00475
v -0.00151 0.01802 -0.08389
v -0.00150 0.00296 -0.08043
v -0.00150 0.00331 -0.00386
v -0.00148 0.01877 -0.08274
v -0.00144 0.02340 -0.00358
v -0.00143 0.02671 -0.07033
v -0.00135 0.02768 -0.06700
v -0.00124 0.02363 -0.00369
v -0.00112 0.02687 -0.02029
v -0.00109 0.02340 -0.00340
v -0.00108 0.02332 -0.00355
v -0.00102 -0.00397 -0.02041
v -0.00097 0.02311 -0.00329
v -0.00092 -0.00390 -0.03593
v -0.00086 -0.00216 -0.01240
v -0.00084 0.02483 -0.01048
v -0.00081 0.02570 -0.01323
v -0.00081 0.02323 -0.00344
v -0.00080 -0.00089 -0.07871
v -0.00078 0.02110 -0.00292
v -0.00076 0.02304 -0.00318
v -0.00076 0.02296 -0.00332
v -0.00072 0.01727 -0.08303
v -0.00071 0.00126 -0.00272
v -0.00069 -0.00509 -0.06735
v -0.00063 0.02744 -0.06288
v -0.00062 0.02279 -0.00274
v -0.00061 -0.00208 -0.07542
v -0.00061 0.00108 -0.00299
v -0.00059 -0.00401 -0.03043
v -0.00050 0.02324 -0.07440
v -0.00043 0.02283 -0.00332
v -0.00040 0.02260 -0.00249
v -0.00040 0.02250 -0.00268
v -0.00039 -0.00557 -0.05874
v -0.00035 0.02173 -0.00271
v -0.00030 0.01453 -0.08448
v -0.00027 0.02723 -0.06005
v -0.00026 0.00056 -0.07825
v -0.00024 -0.00346 -0.02493
v -0.00022 0.02221 -0.00220
v -0.00020 -0.00286 -0.01902
v -0.00013 0.02237 -0.00264
v -0.00011 -0.00306 -0.04457
v -0.00011 0.00632 -0.08130
v -0.00007 0.02209 -0.00245
v -0.00005 0.00189 -0.00241
v -0.00003 0.02195 -0.00229
v -0.00002 0.02291 -0.00698
v 0.00005 0.01672 -0.08306
v 0.00011 -0.00013 -0.00777
v 0.00012 0.01737 -0.00307
v 0.00013 0.01706 -0.08255
v 0.00018 0.00280 -0.00234
v 0.00021 0.02157 -0.00246
v 0.00021 0.02168 -0.00229
v 0.00024 -0.00284 -0.01744
v 0.00025 0.02210 -0.00294
v 0.00032 0.01633 -0.00343
v 0.00033 -0.00206 -0.07269
v 0.00034 0.00225 -0.07838
v 0.00038 0.02591 -0.04955
v 0.00040 0.02119 -0.00220
v 0.00043 0.01853 -0.00254
v 0.00045 0.00906 -0.08239
v 0.00056 0.00252 -0.00212
v 0.00059 0.02592 -0.03918
v 0.00062 0.01309 -0.08522
v 0.00063 0.02122 -0.00265
v 0.00076 0.02061 -0.00226
v 0.00076 0.02070 -0.00212
v 0.00078 0.01508 -0.00365
v 0.00078 0.00281 -0.00183
v 0.00088 -0.00464 -0.06243
v 0.00091 0.02026 -0.00187
v 0.00096 0.00415 -0.07910
v 0.00097 0.01533 -0.08398
v 0.00105 0.00384 -0.00125
v 0.00107 0.02039 -0.00217
v 0.00112 -0.00431 -0.05578
v 0.00115 0.01980 -0.00197
v 0.00119 0.01853 -0.07761
v 0.00119 0.00777 -0.08156
v 0.00120 0.00694 -0.00345
v 0.00124 0.00344 -0.00104
v 0.00133 -0.00239 -0.03714
v 0.00137 0.01434 -0.08490
v 0.00150 0.02056 -0.00587
v 0.00152 0.02521 -0.04220
v 0.00160 0.01962 -0.00286
v 0.00160 0.02628 -0.06708
v 0.00164 0.00393 -0.00065
v 0.00164 0.02511 -0.04602
v 0.00166 0.02588 -0.05372
v 0.00176 0.01186 -0.00236
v 0.00178 0.01813 -0.00379
v 0.00179 0.02372 -0.01208
v 0.00185 0.00426 -0.00001
v 0.00191 0.01274 -0.00239
v 0.00209 0.00432 -0.00065
v 0.00209 0.01267 -0.08521
v 0.00214 0.01593 -0.00326
v 0.00214 0.00638 -0.00202
v 0.00217 0.00506 -0.00057
v 0.00218 0.01897 -0.00374
v 0.00220 0.02422 -0.06940
v 0.00220 0.01120 -0.08375
v 0.00223 0.02506 -0.02980
v 0.00225 -0.00339 -0.06569
v 0.00225 0.02587 -0.06611
v 0.00228 0.00662 -0.08035
v 0.00233 0.00417 -0.07773
v 0.00235 0.01021 -0.00203
v 0.00235 0.00919 -0.08248
v 0.00237 0.00643 -0.00186
v 0.00239 -0.00383 -0.05906
v 0.00243 0.00538 -0.00047
v 0.00247 0.02474 -0.03886
v 0.00247 0.00450 -0.00316
v 0.00264 0.01512 -0.07952
v 0.00267 0.00819 -0.00232
v 0.00267 0.00745 -0.00271
v 0.00269 0.00640 -0.00191
v 0.00271 0.01827 -0.00447
v 0.00275 -0.00319 -0.06556
v 0.00275 0.00604 -0.00211
v 0.00276 0.00655 -0.00175
v 0.00277 0.02108 -0.00925
v 0.00281 -0.00106 -0.02787
v 0.00289 0.02587 -0.06036
v 0.00294 0.00678 -0.00186
v 0.00299 0.00167 -0.01033
v 0.00301 0.01668 -0.00348
v 0.00302 0.02534 -0.06490
v 0.00310 0.00251 -0.07390
v 0.00311 0.01192 -0.00087
v 0.00312 -0.00151 -0.04796
v 0.00312 0.02331 -0.01484
v 0.00321 0.00010 -0.01455
v 0.00321 0.01577 -0.00291
v 0.00329 0.01541 -0.00262
v 0.00335 0.00773 -0.00273
v 0.00338 0.02432 -0.01896
v 0.00342 -0.00058 -0.04073
v 0.00343 0.01152 -0.00019
v 0.00344 0.00887 -0.00174
v 0.00347 0.02296 -0.01498
v 0.00349 0.01406 -0.00155
v 0.00356 0.01536 -0.00312
v 0.00358 0.01259 -0.00049
v 0.00359 -0.00315 -0.05916
v 0.00363 0.02498 -0.06361
v 0.00363 0.01236 -0.00030
v 0.00363 -0.00032 -0.02264
v 0.00364 0.01063 0.00013
v 0.00365 0.01190 -0.00071
v 0.00369 0.01200 -0.00057
v 0.00371 0.01122 0.00001
v 0.00375 0.00010 -0.06972
v 0.00376 -0.00043 -0.03076
v 0.00387 0.01177 -0.00094
v 0.00390 0.01522 -0.07563
v 0.00392 0.02476 -0.06360
v 0.00401 -0.00034 -0.04398
v 0.00411 0.00794 -0.07599
v 0.00413 0.02444 -0.06392
v 0.00419 -0.00281 -0.06563
v 0.00426 0.02352 -0.03290
v 0.00426 0.01256 -0.00457
v 0.00440 0.02464 -0.05725
v 0.00445 0.02378 -0.05023
v 0.00459 0.02375 -0.05066
v 0.00460 0.02446 -0.05690
v 0.00462 -0.00287 -0.06251
v 0.00473 0.02271 -0.04409
v 0.00481 0.01133 -0.07515
v 0.00491 0.00093 -0.03617
v 0.00494 0.01347 -0.00651
v 0.00500 0.00120 -0.02985
v 0.00501 0.02322 -0.02601
v 0.00506 -0.00117 -0.05470
v 0.00507 0.00206 -0.06955
v 0.00510 -0.00219 -0.06415
v 0.00511 0.00511 -0.01006
v 0.00543 0.02190 -0.03992
v 0.00547 0.00215 -0.02031
v 0.00549 0.02197 -0.03585
v 0.00551 -0.00087 -0.06707
v 0.00557 0.02261 -0.02444
v 0.00562 0.02284 -0.01917
v 0.00562 -0.00242 -0.06566
v 0.00571 0.02370 -0.06082
v 0.00584 0.02169 -0.01774
v 0.00590 0.01442 -0.00976
v 0.00601 0.01354 -0.07206
v 0.00602 0.02211 -0.02266
v 0.00604 0.02337 -0.05371
v 0.00608 0.00325 -0.02394
v 0.00615 0.00400 -0.06939
v 0.00627 0.02007 -0.06724
v 0.00629 0.02224 -0.06413
v 0.00631 0.02134 -0.03276
v 0.00635 0.00420 -0.01898
v 0.00637 0.00099 -0.04863
v 0.00665 0.00065 -0.05151
v 0.00671 0.00254 -0.04537
v 0.00686 0.00777 -0.01285
v 0.00691 0.02171 -0.05252
v 0.00709 0.00707 -0.01786
v 0.00712 0.00013 -0.05675
v 0.00723 -0.00194 -0.06564
v 0.00724 0.01112 -0.01311
v 0.00736 0.02009 -0.04387
v 0.00739 0.00075 -0.06796
v 0.00741 0.02213 -0.05744
v 0.00743 0.02131 -0.05096
v 0.00759 -0.00028 -0.05949
v 0.00765 0.01647 -0.01608
v 0.00778 0.00202 -0.04906
v 0.00778 0.01935 -0.02641
v 0.00779 0.01796 -0.01997
v 0.00780 0.01902 -0.03919
v 0.00782 0.00048 -0.06765
v 0.00786 0.01966 -0.04719
v 0.00792 0.00264 -0.04796
v 0.00804 0.02061 -0.06126
v 0.00810 0.01220 -0.01818
v 0.00811 0.02060 -0.06096
v 0.00812 0.01882 -0.02891
v 0.00813 -0.00081 -0.06278
v 0.00818 0.02048 -0.06113
v 0.00818 0.01825 -0.03459
v 0.00827 0.01807 -0.02424
v 0.00829 0.00656 -0.06589
v 0.00831 0.00526 -0.04587
v 0.00835 0.00225 -0.05192
v 0.00835 0.01698 -0.02485
v 0.00840 -0.00102 -0.06352
v 0.00846 0.00716 -0.06630
v 0.00848 0.02046 -0.05386
v 0.00850 0.00715 -0.04193
v 0.00854 0.01732 -0.02268
v 0.00856 0.00685 -0.03176
v 0.00866 0.01983 -0.06047
v 0.00874 -0.00068 -0.06346
v 0.00875 0.01499 -0.02312
v 0.00875 0.02015 -0.05457
v 0.00879 0.01684 -0.02871
v 0.00891 0.00869 -0.04471
v 0.00897 0.01678 -0.06552
v 0.00907 0.01396 -0.04282
v 0.00911 -0.00026 -0.06710
v 0.00915 0.01941 -0.05433
v 0.00915 0.00239 -0.06574
v 0.00919 0.01033 -0.02889
v 0.00925 0.00210 -0.06459
v 0.00933 0.01282 -0.03474
v 0.00947 0.00193 -0.06558
v 0.00953 -0.00075 -0.06424
v 0.00969 0.01309 -0.04701
v 0.00971 0.00851 -0.04701
v 0.00974 0.01590 -0.06419
v 0.00976 0.01678 -0.05034
v 0.00978 0.01807 -0.05632
v 0.00982 0.00638 -0.06183
v 0.00983 0.01313 -0.06479
v 0.00993 0.01865 -0.05797
v 0.01001 -0.00139 -0.06611
v 0.01013 0.01740 -0.06131
v 0.01023 -0.00077 -0.06645
v 0.01031 -0.00104 -0.06543
v 0.01038 0.01137 -0.04909
v 0.01044 -0.00057 -0.06521
v 0.01052 -0.00056 -0.06588
v 0.01059 0.00715 -0.05066
v 0.01061 0.01616 -0.05827
v 0.01068 0.01706 -0.05484
v 0.01072 0.01505 -0.05246
v 0.01100 0.00930 -0.05255
vn -0.9994 0.0346 -0.0054
vn -0.9810 0.0134 -0.1938
vn -0.9810 0.1108 -0.1590
vn -0.9997 0.0014 0.0254
vn -0.6698 -0.3184 -0.6708
vn -0.9982 0.0260 0.0538
vn -0.6841 0.1449 -0.7148
vn -0.9982 0.0385 0.0465
vn -0.1709 -0.3178 -0.9326
vn -0.3837 0.6521 -0.6539
vn 0.5850 -0.1319 -0.8002
vn -0.8560 -0.5149 0.0454
vn -0.9680 0.2267 -0.1075
vn -0.9932 0.0721 0.0917
vn -0.4415 0.6360 -0.6329
vn -0.9932 0.0259 0.1135
vn -0.5693 -0.3858 -0.7260
vn -0.9473 0.3038 -0.1017
vn -0.9797 -0.1886 0.0681
vn 0.6116 0.1380 -0.7790
vn 0.1719 0.2794 -0.9447
vn -0.8569 -0.4693 -0.2134
vn -0.3167 -0.0617 -0.9465
vn -0.9374 -0.1269 0.3245
vn -0.9991 -0.0262 0.0333
vn -0.8818 0.0847 0.4640
vn -0.9225 -0.3733 -0.0978
vn 0.3354 0.1130 -0.9353
vn -0.9949 0.0823 0.0581
vn -0.9668 0.0966 0.2367
vn -0.9780 0.0759 0.1945
vn -0.1459 -0.1379 -0.9796
vn -0.4216 0.4585 -0.7823
vn -0.3818 0.5635 -0.7326
vn -0.2935 0.0894 0.9518
vn -0.8432 0.3008 -0.4455
vn -0.4849 0.5687 0.6644
vn -0.8189 -0.0014 -0.5740
vn 0.4672 -0.4381 0.7680
vn -0.9625 0.1999 0.1832
vn -0.7577 0.3847 -0.5271
vn 0.1557 0.4900 -0.8577
vn -0.0897 -0.0400 0.9952
vn -0.8540 0.4959 -0.1575
vn 0.0362 -0.5065 0.8615
vn -0.5542 -0.3056 -0.7743
vn -0.9904 0.0862 -0.1084
vn -0.1192 -0.4831 -0.8674
vn -0.9889 0.0455 0.1416
vn -0.8230 0.1324 -0.5525
vn -0.1088 -0.0286 -0.9936
vn -0.8085 0.5823 -0.0849
vn -0.4259 -0.5477 0.7202
vn -0.9859 0.1640 0.0325
vn -0.5159 -0.4956 -0.6987
vn -0.9937 0.0996 0.0516
vn -0.8258 0.1498 -0.5436
vn -0.0367 0.3714 0.9277
vn -0.9158 -0.3000 0.2671
vn -0.0104 0.1119 -0.9937
vn -0.8500 0.1598 -0.5019
vn -0.8134 0.4857 0.3202
vn -0.0672 -0.3722 0.9257
vn -0.9392 -0.2444 -0.2411
vn 0.4926 -0.2266 0.8403
vn -0.7786 -0.3641 -0.5112
vn -0.9107 -0.3685 -0.1865
vn -0.9923 0.0920 0.0827
vn 0.2209 -0.3418 -0.9135
vn -0.4098 -0.1135 -0.9051
vn -0.9917 0.1207 0.0439
vn 0.3417 -0.2216 0.9133
vn -0.8229 -0.5678 -0.0207
vn -0.8090 0.5875 0.0180
vn -0.9635 0.2213 0.1509
vn -0.9928 0.0846 0.0844
vn -0.2910 0.0493 -0.9555
vn -0.4734 -0.0630 -0.8786
vn -0.7010 -0.3816 -0.6025
vn -0.7933 0.5404 0.2805
vn -0.9809 0.1775 0.0793
vn -0.9651 0.2232 0.1367
vn -0.9718 0.1430 0.1873
vn -0.2409 -0.3246 0.9147
vn -0.2507 -0.6191 -0.7442
vn 0.2848 0.0262 -0.9582
vn -0.8203 -0.5714 -0.0250
vn -0.7097 0.6125 0.3481
vn -0.9941 0.1083 0.0082
vn -0.0915 -0.2167 0.9720
vn -0.9820 -0.0434 -0.1837
vn -0.9680 0.2084 0.1398
vn -0.0341 0.2875 -0.9572
vn -0.1037 -0.1336 -0.9856
vn -0.9407 0.3232 0.1035
vn -0.9865 0.0941 0.1341
vn -0.8480 0.3149 -0.4263
vn -0.9236 0.1364 -0.3584
vn -0.8351 0.5175 0.1866
vn -0.9312 0.1668 -0.3241
vn -0.9888 -0.0843 0.1231
vn -0.6053 -0.7774 -0.1712
vn -0.9918 0.0785 -0.1006
vn -0.8513 0.3775 -0.3644
vn -0.9579 0.2461 0.1476
vn 0.1135 0.0403 -0.9927
vn -0.4079 -0.1273 0.9041
vn -0.8488 0.5145 0.1217
vn -0.3967 -0.6061 -0.6895
vn -0.9964 -0.0665 0.0518
vn -0.9946 0.0810 0.0642
vn -0.8268 -0.4566 0.3285
vn -0.9896 0.0638 0.1291
vn -0.8364 -0.4925 0.2407
vn -0.8677 -0.4635 0.1795
vn -0.7527 -0.6030 -0.2644
vn -0.8521 -0.5179 -0.0751
vn -0.9673 -0.2502 0.0413
vn -0.9934 0.0695 0.0909
vn -0.2298 -0.2838 0.9309
vn 0.1151 0.0353 -0.9927
vn -0.9709 0.2131 0.1089
vn -0.1411 -0.1654 -0.9761
vn -0.9660 0.2423 0.0903
vn -0.9896 0.0722 0.1246
vn -0.9037 0.2478 -0.3491
vn -0.8598 0.3505 -0.3713
vn -0.9462 0.2562 -0.1974
vn -0.8119 0.5715 0.1190
vn -0.5702 0.8184 -0.0718
vn -0.3382 -0.4980 -0.7985
vn -0.9399 0.3135 -0.1352
vn -0.7433 -0.2905 -0.6026
vn -0.8786 0.4710 0.0788
vn -0.9471 -0.2876 -0.1423
vn -0.9450 0.0583 -0.3219
vn -0.8558 -0.5173 0.0005
vn -0.6584 -0.3545 -0.6639
vn -0.0397 0.3615 0.9315
vn -0.9994 -0.0209 0.0293
vn -0.9268 -0.3359 -0.1677
vn -0.9911 -0.1051 0.0812
vn -0.0502 0.0107 -0.9987
vn -0.9999 -0.0097 -0.0089
vn -0.5755 0.8112 -0.1039
vn -0.9740 0.1694 -0.1507
vn -0.8596 0.0340 -0.5098
vn -0.9969 -0.0733 -0.0302
vn -0.9808 0.0673 -0.1832
vn -0.9078 -0.3356 -0.2516
vn -0.9951 0.0964 -0.0217
vn -0.7917 -0.4764 -0.3825
vn -0.7021 0.2842 -0.6529
vn -0.7950 -0.2986 -0.5281
vn -0.3146 -0.1871 -0.9306
vn -0.9967 0.0721 0.0382
vn -0.9998 -0.0096 -0.0202
vn -0.9303 -0.3088 -0.1980
vn -0.9527 -0.2677 -0.1436
vn -0.9607 0.2752 0.0372
vn -0.8028 0.5792 0.1419
vn -0.9899 0.1152 -0.0827
vn -0.9991 0.0417 0.0092
vn -0.9941 -0.0710 0.0819
vn -0.8178 -0.5729 0.0548
vn -0.2783 0.6587 0.6991
vn -0.8102 -0.5294 -0.2516
vn -0.9914 0.0788 0.1048
vn -0.1788 -0.7356 0.6534
vn -0.4896 -0.6679 -0.5606
vn -0.9989 -0.0399 0.0232
vn -0.7407 -0.5950 -0.3120
vn -0.9407 0.3386 0.0220
vn -0.8519 0.2945 -0.4330
vn -0.8822 0.4611 0.0953
vn -0.7033 -0.6078 0.3688
vn 0.1076 0.3897 -0.9146
vn -0.8685 0.4895 0.0772
vn -0.1330 -0.5956 -0.7922
vn -0.9932 0.1138 -0.0231
vn -0.9131 -0.4024 0.0658
vn -0.5027 0.6414 0.5795
vn -0.9705 0.2298 0.0734
vn -0.1711 -0.9008 -0.3992
vn -0.0465 0.5374 -0.8421
vn -0.8310 -0.5542 0.0468
vn 0.7617 0.0799 -0.6430
vn -0.9900 0.1151 0.0819
vn -0.4562 -0.5430 -0.7050
vn -0.7929 -0.5752 -0.2009
vn -0.9686 0.2460 0.0355
vn -0.2399 -0.5696 -0.7862
vn -0.7554 -0.5306 0.3846
vn -0.9454 0.3256 0.0166
vn -0.7059 0.7012 0.1002
vn -0.9884 -0.1461 0.0413
vn -0.7505 -0.5903 -0.2972
vn -0.9678 -0.2494 0.0349
vn -0.4143 0.4379 -0.7979
vn -0.3477 0.9349 -0.0708
vn -0.7344 -0.6786 0.0122
vn -0.6723 0.7153 0.1906
vn -0.1541 0.4617 0.8735
vn -0.9363 0.3491 0.0391
vn -0.9401 0.3363 0.0558
vn -0.8062 -0.4436 -0.3915
vn -0.9493 0.3002 -0.0934
vn -0.7917 -0.6044 0.0886
vn -0.9159 0.3838 -0.1175
vn -0.1728 0.1118 -0.9786
vn -0.9490 0.2185 -0.2272
vn -0.9085 0.4173 -0.0209
vn -0.1390 0.0119 0.9902
vn -0.7179 -0.6958 -0.0209
vn 0.1074 0.1397 -0.9844
vn -0.6076 -0.6426 0.4667
vn 0.1253 -0.7428 -0.6577
vn -0.8254 0.5627 0.0460
vn -0.6706 0.5412 0.5074
vn -0.9790 0.1425 0.1461
vn -0.7740 -0.6276 0.0837
vn -0.9257 -0.3666 0.0934
vn -0.8077 0.5799 -0.1065
vn -0.9228 0.3850 -0.0146
vn -0.9141 0.4043 0.0310
vn -0.9387 0.3297 0.1006
vn 0.2013 0.3462 -0.9163
vn -0.7389 -0.6710 0.0623
vn 0.0345 0.7459 -0.6651
vn -0.0259 0.0493 -0.9985
vn -0.5136 0.5619 0.6484
vn -0.8221 0.5693 0.0023
vn -0.7802 -0.6104 0.1367
vn -0.4680 -0.7982 -0.3792
vn 0.0283 0.3271 -0.9446
vn -0.5418 -0.3865 0.7464
vn 0.1952 -0.4594 -0.8665
vn -0.3494 -0.6533 -0.6716
vn -0.5175 -0.8488 0.1082
vn -0.8567 0.5105 0.0732
vn -0.5460 -0.8231 -0.1558
vn -0.1273 -0.2459 0.9609
vn 0.1477 -0.0883 -0.9851
vn -0.8582 -0.5035 0.1003
vn -0.2353 0.5611 0.7936
vn -0.2609 0.8324 -0.4890
vn 0.1892 -0.7496 -0.6343
vn -0.1342 0.9544 -0.2666
vn 0.0345 -0.1390 0.9897
vn -0.7301 -0.6159 0.2961
vn -0.6605 -0.7504 0.0255
vn -0.7710 -0.6287 0.1018
vn -0.5502 -0.4861 0.6789
vn -0.2464 -0.9041 0.3492
vn -0.2075 -0.9203 -0.3316
vn -0.4834 0.8752 -0.0196
vn -0.7791 0.6268 0.0113
vn -0.7891 0.5956 -0.1504
vn -0.9041 0.4196 0.0806
vn -0.6501 0.0701 0.7567
vn -0.3603 0.6066 0.7087
vn -0.8005 0.5873 0.1191
vn -0.3133 0.9413 -0.1257
vn -0.1575 -0.3990 0.9033
vn -0.6376 0.7643 0.0966
vn -0.0297 -0.0254 -0.9992
vn -0.1462 -0.0366 0.9886
vn -0.2649 -0.6397 -0.7215
vn -0.7671 0.6356 0.0868
vn -0.7587 0.6144 0.2165
vn -0.0382 0.8532 -0.5202
vn -0.5296 -0.8454 0.0691
vn -0.6379 -0.7684 0.0515
vn -0.7292 0.6798 -0.0785
vn -0.7387 0.6700 0.0728
vn -0.4748 -0.8742 -0.1019
vn -0.4191 0.3223 0.8488
vn -0.7827 0.6189 0.0662
vn -0.8313 -0.5075 0.2266
vn -0.7626 -0.6322 0.1369
vn -0.3748 -0.8344 0.4041
vn -0.5398 -0.0474 0.8404
vn -0.5765 0.8167 -0.0255
vn -0.6727 0.7384 0.0473
vn -0.5900 0.8043 -0.0708
vn -0.6590 -0.1658 0.7336
vn 0.0445 -0.9987 -0.0230
vn -0.8310 -0.5076 0.2276
vn 0.1224 -0.9498 0.2880
vn -0.7790 0.6182 -0.1050
vn -0.4431 -0.1165 0.8889
vn 0.3584 0.5948 -0.7196
vn -0.5899 0.5948 0.5462
vn -0.8757 -0.4242 0.2308
vn 0.0522 0.2211 -0.9739
vn -0.2731 -0.9510 -0.1449
vn -0.0694 -0.0991 -0.9927
vn 0.1172 -0.1726 -0.9780
vn -0.7129 -0.6907 0.1215
vn -0.5813 -0.1108 0.8061
vn -0.6222 0.0936 0.7773
vn -0.4845 0.8158 -0.3159
vn -0.6001 0.7977 0.0597
vn -0.6775 -0.7297 0.0925
vn -0.4499 -0.8931 0.0037
vn -0.6456 -0.7517 0.1346
vn -0.4911 0.0703 0.8683
vn -0.1383 -0.2664 -0.9539
vn -0.6510 0.7476 0.1316
vn -0.6988 0.7128 0.0606
vn -0.1355 -0.3877 -0.9118
vn -0.5397 -0.8399 0.0577
vn -0.6564 0.7356 0.1675
vn -0.2145 0.4409 0.8715
vn -0.3695 -0.8939 0.2538
vn -0.2942 0.1990 0.9348
vn -0.5795 -0.5960 0.5559
vn -0.6902 -0.7082 0.1489
vn 0.2240 0.2074 -0.9523
vn -0.6722 0.7368 0.0724
vn -0.6086 -0.2953 0.7365
vn -0.5535 0.8176 0.1588
vn -0.2900 0.9016 -0.3208
vn -0.1842 -0.9478 -0.2604
vn 0.2929 -0.4602 -0.8381
vn -0.6356 0.7720 0.0019
vn -0.5284 0.8481 -0.0388
vn -0.4632 0.8840 0.0638
vn -0.3735 0.9276 -0.0061
vn -0.4877 -0.7263 0.4844
vn -0.7161 0.1280 0.6861
vn -0.4514 0.8628 0.2274
vn -0.0624 -0.9974 -0.0369
vn -0.4120 -0.9110 0.0186
vn 0.7163 -0.0820 -0.6930
vn -0.0755 -0.9955 -0.0580
vn -0.4464 0.8903 0.0899
vn -0.4131 0.1007 0.9051
vn 0.1266 -0.9651 -0.2294
vn 0.1662 -0.9514 -0.2592
vn -0.2012 -0.2873 0.9365
vn 0.1115 -0.1365 -0.9843
vn -0.5080 -0.8463 0.1605
vn -0.4716 -0.6967 0.5405
vn -0.2871 0.8334 0.4723
vn -0.5135 0.8556 0.0649
vn -0.3648 -0.9283 0.0723
vn -0.3856 -0.1898 0.9029
vn -0.5566 0.8163 0.1544
vn 0.3748 -0.6547 -0.6564
vn -0.3029 0.3889 0.8701
vn -0.2089 0.9729 0.0992
vn -0.4744 0.8799 0.0250
vn -0.3741 -0.1814 0.9095
vn -0.3337 -0.9384 0.0902
vn -0.1159 0.6901 -0.7144
vn 0.0443 -0.9934 -0.1062
vn -0.3983 -0.0286 0.9168
vn -0.4261 -0.9029 0.0573
vn 0.3252 -0.1892 -0.9265
vn -0.1235 -0.2187 0.9679
vn -0.2705 0.8456 0.4602
vn -0.5171 0.8391 -0.1688
vn -0.2177 0.9581 -0.1861
vn 0.3108 0.4469 -0.8389
vn -0.2844 -0.9232 0.2586
vn -0.4722 0.8727 0.1240
vn -0.0498 -0.2423 -0.9689
vn -0.2134 -0.0327 0.9764
vn 0.0920 -0.9927 0.0780
vn -0.1284 0.0330 0.9912
vn 0.1873 -0.9631 -0.1933
vn -0.0910 -0.1413 0.9858
vn -0.2281 -0.9631 0.1429
vn -0.2091 -0.9327 0.2938
vn 0.0383 -0.9812 -0.1892
vn 0.1934 -0.6463 -0.7382
vn -0.4576 -0.8111 0.3644
vn -0.2907 0.9068 -0.3053
vn -0.2900 0.1164 0.9499
vn 0.3279 -0.2614 -0.9078
vn -0.0851 -0.9482 0.3062
vn 0.1687 0.1614 -0.9724
vn -0.4454 -0.0184 0.8951
vn -0.1271 0.0025 0.9919
vn -0.3003 0.9369 0.1788
vn -0.2486 -0.9589 0.1367
vn -0.0745 -0.2236 0.9718
vn 0.1428 0.2350 -0.9614
vn -0.1845 -0.9713 0.1498
vn -0.2431 -0.9700 0.0083
vn 0.1897 0.0121 0.9818
vn -0.2064 0.2685 0.9409
vn -0.1617 -0.1334 0.9778
vn -0.2164 -0.9757 -0.0338
vn -0.3215 0.9461 0.0384
vn -0.2738 0.9574 0.0919
vn -0.0357 0.8268 0.5613
vn -0.3386 0.9399 0.0431
vn -0.3949 0.9160 -0.0703
vn -0.2088 0.0322 0.9774
vn -0.0750 0.9852 0.1544
vn -0.2114 0.9730 0.0931
vn -0.2065 0.7533 -0.6243
vn 0.2196 -0.1653 -0.9615
vn 0.0665 0.0716 -0.9952
vn -0.4204 0.8835 0.2069
vn -0.2016 -0.9788 0.0360
vn -0.0311 0.3759 -0.9261
vn -0.0687 -0.2047 -0.9764
vn -0.3890 0.8990 0.2012
vn 0.1189 -0.8442 -0.5227
vn 0.1104 -0.9912 -0.0736
vn -0.2614 0.9633 0.0611
vn -0.1458 0.9840 0.1021
vn 0.0466 -0.2085 -0.9769
vn -0.0647 0.2334 0.9702
vn -0.2030 0.7666 0.6092
vn 0.1659 -0.9848 0.0508
vn -0.0737 -0.9970 -0.0219
vn -0.6202 0.7824 -0.0562
vn -0.0768 0.9214 -0.3810
vn -0.0171 -0.1377 -0.9903
vn -0.2512 0.9668 0.0473
vn 0.0720 0.1026 -0.9921
vn 0.0061 -0.0373 -0.9993
vn -0.1107 -0.9883 0.1045
vn -0.2500 0.9678 0.0288
vn -0.1539 -0.9854 0.0732
vn -0.2225 0.1516 0.9631
vn 0.1718 -0.9766 -0.1297
vn 0.0993 -0.8365 -0.5389
vn -0.2029 0.9668 -0.1556
vn -0.0452 -0.1608 -0.9859
vn -0.2434 0.9672 0.0723
vn 0.0479 0.9988 0.0096
vn -0.2502 0.8719 0.4209
vn 0.0412 0.9980 -0.0489
vn -0.0703 -0.9710 0.2283
vn -0.0712 -0.1824 0.9806
vn -0.1827 0.9692 0.1653
vn -0.0890 -0.9668 0.2396
vn 0.1637 -0.9865 -0.0026
vn 0.0074 0.5963 -0.8027
vn -0.0808 0.9871 0.1381
vn -0.1482 -0.0865 0.9852
vn -0.1274 0.9802 0.1515
vn -0.3894 -0.4258 0.8168
vn -0.0451 -0.9833 0.1765
vn -0.1001 0.9928 0.0653
vn 0.0375 0.0926 -0.9950
vn -0.0620 -0.9977 0.0286
vn -0.2061 0.9785 0.0095
vn -0.0318 -0.2065 -0.9779
vn 0.0414 -0.8592 -0.5099
vn 0.1365 0.7311 -0.6685
vn -0.2892 0.2022 0.9357
vn 0.0617 -0.9980 -0.0132
vn -0.0804 0.9812 -0.1757
vn -0.0016 0.5850 0.8110
vn 0.0315 -0.9961 0.0819
vn -0.0185 -0.8286 0.5595
vn 0.0535 0.9984 0.0166
vn 0.1173 -0.9747 0.1905
vn 0.5956 -0.3827 0.7063
vn -0.2107 0.9712 0.1113
vn -0.3759 -0.6827 0.6266
vn -0.2043 0.9621 0.1805
vn 0.1267 -0.9876 -0.0932
vn -0.2040 0.8610 0.4660
vn -0.0561 -0.1646 0.9848
vn 0.1523 0.9028 -0.4021
vn 0.0690 -0.9541 0.2916
vn 0.1217 0.5354 0.8358
vn -0.0222 -0.1164 -0.9930
vn 0.1588 0.9837 0.0843
vn -0.2774 -0.0090 0.9607
vn -0.1519 0.9873 0.0469
vn -0.5967 0.2461 0.7638
vn -0.1541 0.9727 0.1733
vn 0.0376 -0.9991 0.0215
vn 0.0856 -0.9338 -0.3475
vn -0.0453 -0.0676 -0.9967
vn 0.0344 0.9600 0.2780
vn 0.0066 -0.9917 0.1285
vn 0.1607 -0.9808 -0.1101
vn 0.1891 0.2470 0.9504
vn -0.6834 0.2560 0.6837
vn -0.0054 0.9999 -0.0110
vn -0.3187 0.0394 0.9470
vn 0.4110 0.9021 -0.1314
vn 0.1295 -0.8924 0.4322
vn 0.2863 -0.9412 -0.1796
vn 0.1584 0.9868 0.0343
vn 0.0577 -0.1319 -0.9896
vn 0.3281 -0.3354 0.8831
vn -0.1677 0.3383 0.9260
vn 0.0167 -0.4753 0.8797
vn 0.0992 -0.9878 0.1198
vn 0.2621 -0.9611 -0.0867
vn 0.0398 -0.9874 0.1528
vn 0.1440 -0.9871 -0.0696
vn 0.2034 -0.9773 -0.0589
vn -0.0220 0.0134 -0.9997
vn 0.1190 -0.9762 0.1813
vn -0.0965 -0.0258 -0.9950
vn 0.1886 -0.9766 -0.1032
vn 0.0450 -0.2380 -0.9702
vn 0.1025 -0.9933 -0.0533
vn 0.4314 0.7016 -0.5671
vn 0.1572 0.9870 0.0335
vn -0.2458 0.0388 0.9685
vn 0.1380 -0.9844 0.1094
vn 0.0687 0.9965 0.0467
vn 0.4255 0.6690 -0.6094
vn 0.0569 0.9983 0.0080
vn 0.0143 -0.9991 -0.0410
vn 0.0096 -0.0633 -0.9980
vn 0.1600 0.9373 0.3097
vn -0.4117 -0.4696 -0.7810
vn -0.2694 0.0991 0.9579
vn -0.0067 0.3790 -0.9254
vn -0.0227 0.9911 0.1311
vn 0.4267 -0.0710 -0.9016
vn 0.1999 -0.9547 0.2205
vn 0.2422 -0.9700 0.0201
vn -0.1832 -0.2195 0.9583
vn 0.5494 0.6582 -0.5147
vn -0.3569 -0.5929 -0.7219
vn -0.5335 0.0113 0.8457
vn -0.4773 -0.1557 -0.8648
vn 0.4053 0.7860 -0.4668
vn -0.3984 -0.0245 -0.9169
vn 0.0364 0.2126 0.9765
vn 0.6362 -0.4630 -0.6172
vn -0.2764 -0.6309 -0.7250
vn -0.4195 -0.3934 -0.8181
vn -0.2312 -0.7670 0.5986
vn 0.5223 0.8114 -0.2624
vn -0.1749 -0.1551 0.9723
vn -0.0446 -0.1031 -0.9937
vn 0.0881 -0.9876 0.1297
vn 0.4170 -0.4719 -0.7768
vn 0.0998 -0.9945 -0.0314
vn 0.0570 -0.4330 -0.8996
vn 0.0556 0.9983 0.0168
vn -0.1201 -0.1513 0.9812
vn -0.1985 0.0087 0.9801
vn 0.0950 -0.1875 -0.9777
vn 0.3445 -0.9145 -0.2123
vn -0.5315 0.0538 0.8453
vn 0.1034 0.0987 0.9897
vn 0.1567 -0.9704 0.1837
vn -0.0320 -0.1254 -0.9916
vn 0.1839 0.9742 0.1305
vn 0.5192 -0.0084 -0.8546
vn -0.2587 -0.0528 0.9645
vn 0.2831 -0.9541 -0.0977
vn 0.4371 0.8824 -0.1740
vn 0.1688 -0.7822 -0.5997
vn 0.0487 0.9877 0.1487
vn 0.1674 0.9856 -0.0226
vn -0.1407 -0.1410 0.9800
vn 0.2092 -0.9762 -0.0569
vn 0.4126 0.6731 -0.6137
vn -0.0873 -0.5316 0.8425
vn 0.0956 -0.9856 0.1397
vn 0.1560 0.9860 0.0583
vn 0.2577 -0.9536 -0.1555
vn -0.5024 -0.0127 0.8646
vn 0.4109 -0.8835 -0.2250
vn 0.2693 -0.9617 -0.0509
vn -0.1737 -0.1658 0.9707
vn 0.1886 -0.9793 0.0739
vn 0.5348 0.5697 -0.6241
vn 0.4516 -0.8871 -0.0952
vn 0.1462 -0.9165 -0.3723
vn 0.1850 -0.8629 0.4702
vn -0.3677 0.0789 0.9266
vn 0.2157 -0.9441 0.2494
vn 0.2678 0.9599 0.0828
vn 0.1952 0.0555 -0.9792
vn 0.2561 -0.9649 0.0589
vn 0.3468 0.9373 0.0354
vn -0.5326 -0.1641 0.8303
vn 0.1384 0.9095 0.3920
vn -0.2556 -0.1363 0.9571
vn 0.0543 -0.1208 -0.9912
vn 0.0340 -0.6646 -0.7464
vn 0.2743 -0.9568 -0.0968
vn 0.3506 -0.9238 -0.1536
vn -0.0196 -0.3131 -0.9495
vn 0.3169 -0.9480 0.0293
vn 0.2891 0.9253 0.2455
vn 0.1850 -0.9648 0.1870
vn -0.3410 -0.0476 0.9389
vn 0.3397 -0.9081 0.2450
vn 0.2870 0.9558 0.0631
vn -0.3455 0.3264 0.8798
vn 0.2000 0.9798 0.0046
vn 0.2692 -0.9347 0.2321
vn 0.5624 0.7442 -0.3603
vn 0.0670 0.0847 -0.9941
vn 0.2946 -0.9442 0.1470
vn 0.0452 -0.0544 -0.9975
vn 0.3753 -0.7026 -0.6046
vn 0.0757 0.9541 0.2896
vn 0.5230 -0.8333 -0.1792
vn 0.3925 -0.9050 -0.1642
vn 0.2965 -0.9124 0.2820
vn 0.2960 0.9550 -0.0208
vn 0.4068 -0.1433 -0.9022
vn 0.4359 -0.8995 0.0277
vn -0.5704 0.3971 0.7190
vn 0.2757 -0.9560 0.1001
vn 0.3759 0.9131 0.1580
vn -0.5487 0.1734 0.8178
vn 0.4960 0.8402 -0.2190
vn 0.4577 -0.8744 0.1608
vn 0.3175 0.9120 0.2597
vn 0.5605 0.6843 -0.4664
vn -0.5670 0.0397 0.8228
vn 0.3506 -0.9359 -0.0329
vn -0.0334 -0.8437 0.5358
vn 0.3333 -0.9383 -0.0919
vn 0.5277 -0.8084 -0.2609
vn 0.4251 -0.9049 -0.0197
vn 0.4488 -0.8712 -0.1993
vn 0.3469 0.0824 -0.9343
vn 0.3733 -0.9072 0.1942
vn 0.4205 -0.9054 -0.0594
vn 0.4045 0.3594 -0.8410
vn -0.7539 -0.2622 0.6024
vn 0.6016 -0.7757 -0.1908
vn -0.0658 0.9943 0.0841
vn 0.1579 -0.0675 -0.9851
vn 0.5354 -0.8316 -0.1474
vn 0.0747 -0.9207 0.3831
vn 0.0461 -0.9124 0.4068
vn -0.3528 -0.0282 0.9353
vn 0.6161 0.7306 -0.2945
vn 0.1327 0.1417 -0.9810
vn 0.3723 -0.9251 0.0749
vn -0.6421 -0.0853 0.7619
vn 0.5018 -0.8332 0.2323
vn 0.3675 0.9160 0.1607
vn 0.6638 -0.2546 -0.7032
vn 0.3512 0.9362 0.0122
vn 0.4009 0.8787 0.2593
vn -0.3382 -0.0971 0.9361
vn -0.6122 0.2023 0.7644
vn 0.4222 -0.9003 0.1058
vn 0.5904 0.6514 -0.4766
vn 0.6225 -0.7501 -0.2233
vn 0.4188 -0.9081 0.0016
vn 0.4437 -0.8909 -0.0967
vn 0.3810 0.9242 -0.0273
vn -0.3829 -0.2606 0.8863
vn -0.1231 -0.5090 0.8519
vn 0.4819 -0.3316 -0.8110
vn 0.3809 -0.8999 0.2125
vn 0.3524 -0.9076 0.2281
vn 0.5746 -0.0833 -0.8142
vn 0.4896 0.8341 -0.2540
vn -0.3344 0.0123 0.9423
vn 0.3041 -0.7903 0.5319
vn -0.5792 -0.0700 0.8122
vn 0.4389 -0.8958 -0.0706
vn 0.3251 0.9454 -0.0232
vn 0.5510 -0.0279 -0.8341
vn 0.0036 -0.3307 -0.9437
vn -0.6893 0.2572 0.6773
vn 0.2588 -0.2073 -0.9434
vn -0.0310 -0.1150 -0.9929
vn 0.4267 -0.8861 0.1812
vn -0.4259 -0.1093 0.8982
vn -0.4121 -0.1605 0.8969
vn 0.4779 0.6000 -0.6416
vn 0.2416 0.6274 0.7402
vn 0.4266 0.8847 0.1878
vn 0.7337 -0.1700 -0.6579
vn -0.4646 0.0591 0.8835
vn 0.4486 -0.8850 0.1251
vn 0.4000 0.9165 -0.0097
vn -0.6162 0.3568 0.7021
vn 0.6571 -0.6956 -0.2904
vn 0.2920 -0.7297 0.6183
vn 0.7102 -0.6710 -0.2128
vn 0.5316 -0.8249 -0.1921
vn 0.5887 0.7957 0.1425
vn 0.4835 -0.8738 -0.0517
vn 0.5788 0.5041 -0.6410
vn 0.4216 -0.9057 -0.0432
vn -0.5213 0.2542 0.8147
vn -0.4534 -0.0495 0.8899
vn 0.1895 0.2573 -0.9476
vn 0.6381 -0.1563 -0.7539
vn -0.6282 0.2869 0.7232
vn 0.6763 0.6267 -0.3871
vn -0.4107 0.1206 0.9038
vn 0.5341 0.7415 -0.4061
vn 0.4434 0.8880 -0.1220
vn 0.3474 0.7893 0.5063
vn 0.4352 0.8965 0.0834
vn 0.0054 0.5797 0.8148
vn 0.2925 0.7429 0.6022
vn 0.5601 -0.8225 0.0987
vn -0.2503 0.2119 0.9447
vn 0.4870 -0.8602 -0.1512
vn 0.5448 -0.8096 0.2184
vn 0.5380 0.8155 0.2131
vn 0.4670 0.8651 0.1830
vn 0.5963 0.7376 0.3168
vn 0.7756 -0.5397 -0.3273
vn -0.5064 -0.0496 0.8609
vn -0.8943 0.2849 0.3452
vn -0.2291 0.3038 0.9248
vn 0.7004 0.5317 -0.4762
vn -0.4825 0.1460 0.8637
vn 0.5805 -0.7903 -0.1962
vn 0.3617 0.9315 0.0377
vn -0.5957 0.1950 0.7792
vn 0.6494 -0.7134 -0.2633
vn 0.5457 -0.7836 0.2969
vn 0.5582 -0.8296 0.0067
vn 0.6612 0.6213 -0.4205
vn 0.7163 0.6946 0.0671
vn 0.6095 0.7215 0.3286
vn -0.6897 0.2157 0.6912
vn 0.4779 -0.8775 0.0400
vn -0.5339 -0.0725 0.8424
vn 0.2053 0.3990 -0.8937
vn 0.3574 0.9320 0.0602
vn 0.7567 -0.2101 -0.6191
vn 0.5639 -0.8246 0.0443
vn -0.5661 -0.0635 0.8219
vn 0.5502 -0.8310 0.0821
vn 0.6718 0.6816 0.2901
vn 0.4658 -0.8824 0.0661
vn 0.3791 -0.4071 -0.8310
vn 0.4485 0.1819 0.8751
vn 0.6426 -0.6465 0.4111
vn 0.2826 0.4487 0.8478
vn 0.7523 0.6379 0.1645
vn 0.4821 0.5238 -0.7022
vn 0.6160 -0.7435 0.2603
vn -0.3004 -0.1886 0.9350
vn 0.7548 0.5646 -0.3339
vn -0.6616 -0.0775 0.7458
vn 0.4340 0.4067 0.8039
vn 0.5956 0.1876 0.7811
vn 0.5665 -0.8168 0.1095
vn 0.7860 0.6112 0.0934
vn -0.2081 -0.2567 0.9438
vn 0.7093 -0.6354 -0.3052
vn 0.6911 -0.4216 -0.5871
vn 0.3931 0.9177 0.0565
vn -0.3099 0.0225 0.9505
vn -0.1578 -0.3839 0.9098
vn 0.1552 -0.3534 -0.9225
vn 0.6318 -0.7329 0.2524
vn 0.4621 0.8868 -0.0082
vn -0.0570 -0.4083 -0.9110
vn 0.8370 0.4957 0.2318
vn -0.2916 0.1926 0.9370
vn 0.6899 0.5516 0.4688
vn -0.4197 0.0770 0.9044
vn 0.4917 -0.7830 0.3809
vn 0.5194 -0.8518 -0.0674
vn -0.4556 -0.0418 0.8892
vn 0.5067 -0.5020 -0.7009
vn 0.7208 0.5777 -0.3830
vn -0.7424 0.3216 0.5877
vn 0.8316 0.4627 0.3072
vn 0.5514 -0.8230 0.1367
vn 0.6020 -0.3736 0.7057
vn 0.7843 0.5268 -0.3276
vn 0.2190 -0.5248 -0.8226
vn -0.5361 0.1654 0.8278
vn 0.6495 -0.7379 0.1835
vn 0.5718 -0.8199 -0.0296
vn 0.0984 0.4713 -0.8765
vn 0.6995 0.6120 0.3690
vn 0.5138 0.8573 -0.0327
vn 0.9052 0.1604 0.3936
vn 0.5852 0.7712 -0.2505
vn 0.0046 -0.7810 0.6245
vn 0.4860 0.8729 0.0434
vn 0.3552 0.9312 0.0814
vn -0.5618 -0.0607 0.8251
vn 0.5349 -0.0953 0.8395
vn 0.5847 0.7402 0.3322
vn -0.5610 0.2082 0.8012
vn -0.5284 0.2493 0.8116
vn 0.8481 -0.5140 0.1288
vn 0.9122 0.2104 -0.3515
vn -0.2980 0.2362 0.9249
vn -0.6645 0.4795 0.5731
vn -0.3865 0.4985 0.7759
vn 0.8669 0.1478 0.4761
vn 0.7062 0.5638 -0.4282
vn 0.9492 0.0106 -0.3145
vn 0.5660 0.8243 -0.0124
vn 0.5363 -0.8073 -0.2462
vn 0.5970 0.8010 -0.0452
vn 0.4483 -0.5640 -0.6935
vn 0.8497 -0.3798 -0.3656
vn -0.7922 -0.1911 0.5796
vn 0.6153 -0.4661 -0.6357
vn -0.5666 0.6758 0.4715
vn 0.5410 -0.8391 0.0563
vn 0.9403 -0.1546 0.3033
vn 0.5517 0.8338 -0.0193
vn 0.8947 -0.3420 0.2872
vn 0.8746 0.4010 -0.2725
vn -0.5246 -0.1941 0.8289
vn -0.3777 0.1992 0.9043
vn 0.9705 -0.1214 0.2082
vn 0.8741 0.4348 0.2165
vn 0.4221 -0.9033 -0.0763
vn 0.9604 -0.2372 0.1460
vn 0.0931 0.6363 0.7658
vn 0.8034 0.5090 0.3089
vn 0.6906 -0.7229 0.0218
vn 0.4918 0.8706 -0.0126
vn 0.1254 0.5355 0.8351
vn 0.6908 -0.6614 0.2921
vn 0.2379 0.2786 0.9305
vn 0.5970 0.8011 -0.0429
vn 0.8101 -0.4358 -0.3922
vn -0.6992 0.2193 0.6805
vn 0.5749 -0.8052 0.1454
vn 0.5786 0.7928 0.1916
vn 0.7254 -0.6650 0.1779
vn 0.1555 0.5748 0.8034
vn -0.3857 0.4101 0.8265
vn 0.9732 -0.2219 0.0602
vn 0.5338 0.8441 0.0502
vn 0.6552 -0.7554 0.0110
vn -0.7305 -0.1512 0.6659
vn 0.9215 -0.2880 0.2607
vn 0.8140 0.4792 0.3283
vn 0.7412 0.4277 0.5173
vn 0.9371 0.2483 0.2456
vn -0.4315 0.4316 0.7922
vn 0.5304 -0.8417 0.1012
vn 0.5027 0.8639 -0.0302
vn -0.4052 -0.3172 0.8574
vn 0.6984 -0.7153 0.0247
vn 0.8462 -0.3782 0.3754
vn -0.0997 0.2583 0.9609
vn 0.9347 0.2342 0.2674
vn 0.7381 0.3774 0.5593
vn 0.6291 -0.6227 -0.4653
vn 0.7119 -0.7022 -0.0126
vn 0.9930 -0.0123 0.1174
vn 0.8299 0.3801 -0.4083
vn 0.6806 0.7139 -0.1647
vn 0.6376 -0.7671 0.0715
vn 0.9139 -0.2185 -0.3421
vn 0.7305 0.6275 -0.2695
vn 0.2576 -0.8872 -0.3829
vn 0.6652 0.7463 -0.0235
vn 0.9873 -0.0720 0.1413
vn 0.5156 0.8551 0.0544
vn 0.6018 0.7900 0.1173
vn 0.5648 0.8171 0.1155
vn 0.6785 0.7344 0.0139
vn 0.4199 -0.9064 -0.0462
vn 0.6770 0.7335 0.0595
vn 0.9453 -0.0045 -0.3260
vn 0.8180 -0.5748 0.0237
vn 0.9420 0.0614 0.3300
vn 0.8018 -0.5972 0.0237
vn 0.6337 0.7725 -0.0405
vn 0.6103 -0.7804 0.1361
vn 0.6953 -0.3750 -0.6132
vn 0.3851 -0.9221 0.0370
vn 0.8388 -0.4913 0.2347
vn 0.7062 0.7078 -0.0152
vn 0.8282 -0.5557 0.0726
vn 0.7295 0.6833 -0.0305
vn 0.3001 -0.7206 -0.6251
vn 0.8120 0.5832 -0.0209
vn 0.7079 0.7012 0.0850
vn 0.2773 -0.9526 -0.1247
vn 0.7199 0.6922 -0.0522
vn 0.8400 0.4827 0.2478
vn 0.9003 0.2715 0.3403
vn 0.8915 0.0694 -0.4476
vn 0.7694 0.6380 0.0302
vn 0.6858 0.7220 0.0913
vn 0.8760 -0.4791 0.0561
vn 0.8708 -0.1304 -0.4740
vn 0.7904 0.4500 -0.4157
vn 0.7627 0.5837 -0.2786
vn 0.7895 0.6126 -0.0375
vn 0.9065 -0.4099 0.1010
vn 0.6244 -0.7563 0.1951
vn 0.6491 -0.7458 0.1500
vn 0.8016 -0.5850 0.1231
vn 0.9454 -0.1843 0.2689
vn 0.7098 0.6868 0.1566
vn 0.9692 -0.2224 0.1056
vn 0.7331 -0.6662 0.1371
vn 0.1729 -0.8733 -0.4555
vn 0.9658 0.0055 0.2594
vn 0.7275 0.6834 0.0610
vn 0.5900 -0.2785 -0.7578
vn 0.7259 0.6873 -0.0252
vn 0.7033 0.6962 0.1436
vn 0.7698 -0.5983 0.2226
vn 0.9193 0.2846 0.2717
vn 0.8380 -0.5267 0.1428
vn 0.8535 0.5202 0.0317
vn 0.9210 0.3703 0.1206
vn 0.9179 0.3966 0.0127
vn 0.3076 -0.3728 -0.8754
vn 0.8708 0.4777 0.1160
vn 0.8394 -0.4656 0.2804
vn 0.8121 0.5327 -0.2383
vn 0.9876 -0.0910 0.1278
vn 0.7687 0.6380 -0.0466
vn 0.9282 0.3708 -0.0321
vn 0.6990 -0.6929 0.1767
vn 0.7929 0.5198 -0.3179
vn 0.9235 0.3827 -0.0253
vn 0.9801 0.1949 -0.0365
vn 0.9564 0.1059 -0.2722
vn 0.9066 -0.3371 0.2539
vn 0.8183 -0.5670 0.0946
vn 0.9705 0.2359 0.0493
vn 0.2900 -0.9102 0.2956
vn 0.8891 -0.0707 -0.4522
vn 0.8276 0.5547 0.0857
vn 0.9547 -0.2969 0.0213
vn 0.9481 0.2969 0.1142
vn 0.9250 -0.3795 0.0175
vn 0.8916 0.4399 -0.1070
vn 0.7004 0.2209 0.6787
vn 0.9942 0.0577 0.0912
vn 0.7912 0.6102 0.0413
vn 0.9799 0.1993 0.0108
vn 0.9781 -0.1089 0.1777
vn 0.8433 0.3327 -0.4220
vn 0.9912 0.1176 0.0604
vn 0.3183 -0.2161 -0.9230
vn 0.8822 0.4486 0.1428
vn 0.8504 0.1282 -0.5103
vn 0.9838 -0.1617 0.0778
vn 0.9383 -0.3426 0.0479
vn 0.9994 0.0309 -0.0175
vn 0.8805 0.2972 0.3692
vn 0.7044 -0.0972 0.7032
vn 0.9783 0.0290 0.2050
vn 0.9515 -0.1050 0.2891
vn 0.9356 0.2530 -0.2462
vn 0.9361 0.3019 0.1804
vn 0.9035 0.4285 0.0076
vn 0.9857 -0.0837 -0.1465
vn 0.9562 -0.0475 -0.2889
vn 0.8783 0.4760 -0.0449
vn 0.2824 -0.9530 -0.1098
vn 0.9019 0.4003 -0.1622
vn 0.6795 0.2357 -0.6948
vn 0.6569 -0.6849 0.3152
vn 0.9730 0.0636 0.2218
vn 0.8138 0.2565 0.5215
vn 0.9638 0.1711 -0.2043
vn 0.9511 -0.2983 0.0800
vn 0.9936 0.0785 -0.0808
vn 0.9326 0.3572 0.0522
vn 0.9829 0.1437 0.1149
vn 0.9986 -0.0419 -0.0315
f 763//763 809//809 671//671
f 592//592 554//554 674//674
f 592//592 588//588 475//475
f 592//592 674//674 671//671
f 732//732 763//763 674//674
f 801//801 857//857 726//726
f 805//805 858//858 786//786
f 632//632 582//582 621//621
f 603//603 642//642 696//696
f 642//642 692//692 696//696
f 699//699 692//692 678//678
f 726//726 699//699 621//621
f 582//582 603//603 495//495
f 696//696 674//674 603//603
f 653//653 632//632 621//621
f 618//618 726//726 641//641
f 511//511 602//602 539//539
f 555//555 618//618 559//559
f 726//726 618//618 701//701
f 618//618 702//702 664//664
f 726//726 621//621 602//602
f 906//906 947//947 963//963
f 965//965 949//949 953//953
f 940//940 954//954 953//953
f 771//771 660//660 740//740
f 647//647 681//681 688//688
f 660//660 771//771 756//756
f 663//663 734//734 714//714
f 434//434 518//518 426//426
f 588//588 671//671 636//636
f 605//605 636//636 612//612
f 605//605 606//606 541//541
f 541//541 518//518 434//434
f 654//654 634//634 688//688
f 626//626 654//654 628//628
f 609//609 628//628 631//631
f 413//413 455//455 482//482
f 432//432 443//443 413//413
f 508//508 483//483 426//426
f 455//455 432//432 423//423
f 628//628 609//609 564//564
f 860//860 802//802 871//871
f 807//807 806//806 809//809
f 830//830 860//860 894//894
f 890//890 961//961 894//894
f 890//890 895//895 945//945
f 861//861 895//895 801//801
f 896//896 921//921 895//895
f 971//971 957//957 964//964
f 961//961 957//957 971//971
f 961//961 945//945 957//957
f 933//933 886//886 906//906
f 869//869 925//925 846//846
f 689//689 720//720 691//691
f 877//877 894//894 909//909
f 769//769 804//804 846//846
f 934//934 960//960 929//929
f 960//960 970//970 951//951
f 857//857 895//895 890//890
f 905//905 846//846 912//912
f 949//949 947//947 918//918
f 925//925 940//940 953//953
f 581//581 721//721 584//584
f 921//921 861//861 887//887
f 865//865 858//858 847//847
f 887//887 858//858 865//865
f 865//865 825//825 733//733
f 923//923 962//962 939//939
f 959//959 971//971 962//962
f 867//867 868//868 865//865
f 903//903 935//935 892//892
f 867//867 892//892 868//868
f 911//911 935//935 903//903
f 581//581 733//733 721//721
f 788//788 757//757 657//657
f 581//581 514//514 568//568
f 973//973 972//972 948//948
f 956//956 974//974 967//967
f 970//970 974//974 956//956
f 882//882 927//927 917//917
f 917//917 870//870 880//880
f 813//813 784//784 762//762
f 669//669 657//657 600//600
f 803//803 882//882 813//813
f 803//803 813//813 684//684
f 813//813 669//669 684//684
f 866//866 757//757 788//788
f 813//813 880//880 784//784
f 416//416 454//454 308//308
f 416//416 308//308 311//311
f 298//298 179//179 247//247
f 189//189 238//238 155//155
f 70//70 155//155 93//93
f 40//40 34//34 31//31
f 31//31 30//30 15//15
f 16//16 40//40 31//31
f 311//311 308//308 155//155
f 506//506 444//444 515//515
f 409//409 356//356 404//404
f 504//504 549//549 451//451
f 409//409 506//506 504//504
f 409//409 504//504 425//425
f 495//495 416//416 549//549
f 425//425 416//416 389//389
f 539//539 510//510 491//491
f 447//447 422//422 411//411
f 476//476 411//411 511//511
f 480//480 468//468 555//555
f 323//323 263//263 256//256
f 356//356 323//323 363//363
f 363//363 323//323 256//256
f 195//195 263//263 130//130
f 195//195 74//74 62//62
f 263//263 145//145 130//130
f 407//407 349//349 367//367
f 411//411 422//422 421//421
f 475//475 541//541 297//297
f 541//541 434//434 266//266
f 1//1 2//2 27//27
f 143//143 55//55 106//106
f 12//12 55//55 27//27
f 27//27 2//2 12//12
f 297//297 266//266 51//51
f 51//51 266//266 32//32
f 78//78 77//77 36//36
f 36//36 51//51 10//10
f 94//94 78//78 46//46
f 4//4 1//1 27//27
f 376//376 412//412 413//413
f 266//266 319//319 295//295
f 295//295 235//235 266//266
f 141//141 190//190 167//167
f 296//296 357//357 276//276
f 357//357 376//376 413//413
f 339//339 324//324 357//357
f 324//324 276//276 357//357
f 234//234 255//255 116//116
f 324//324 255//255 234//234
f 255//255 324//324 339//339
f 296//296 336//336 357//357
f 372//372 431//431 340//340
f 116//116 167//167 234//234
f 27//27 117//117 167//167
f 4//4 27//27 8//8
f 19//19 59//59 49//49
f 67//67 27//27 167//167
f 265//265 202//202 161//161
f 95//95 161//161 129//129
f 56//56 71//71 95//95
f 14//14 76//76 56//56
f 89//89 95//95 83//83
f 134//134 95//95 92//92
f 265//265 175//175 283//283
f 223//223 175//175 204//204
f 283//283 175//175 223//223
f 258//258 283//283 223//223
f 160//160 258//258 223//223
f 96//96 76//76 14//14
f 101//101 49//49 59//59
f 160//160 168//168 188//188
f 125//125 124//124 96//96
f 75//75 108//108 99//99
f 466//466 561//561 468//468
f 581//581 561//561 514//514
f 514//514 466//466 453//453
f 453//453 400//400 433//433
f 433//433 400//400 379//379
f 459//459 438//438 514//514
f 494//494 600//600 568//568
f 514//514 438//438 494//494
f 364//364 302//302 290//290
f 436//436 364//364 352//352
f 302//302 258//258 290//290
f 225//225 290//290 160//160
f 290//290 258//258 160//160
f 459//459 379//379 364//364
f 600//600 463//463 489//489
f 450//450 415//415 463//463
f 489//489 463//463 424//424
f 220//220 225//225 160//160
f 332//332 310//310 313//313
f 180//180 225//225 188//188
f 225//225 220//220 188//188
f 194//194 262//262 225//225
f 386//386 402//402 352//352
f 309//309 386//386 313//313
f 463//463 415//415 397//397
f 424//424 463//463 397//397
f 309//309 313//313 262//262
f 514//514 561//561 466//466
f 419//419 431//431 502//502
f 775//775 730//730 811//811
f 630//630 683//683 675//675
f 914//914 931//931 970//970
f 675//675 832//832 739//739
f 643//643 574//574 631//631
f 683//683 574//574 643//643
f 501//501 574//574 485//485
f 485//485 574//574 567//567
f 615//615 574//574 655//655
f 595//595 615//615 630//630
f 675//675 595//595 630//630
f 452//452 485//485 513//513
f 739//739 604//604 675//675
f 623//623 739//739 781//781
f 526//526 458//458 513//513
f 623//623 583//583 604//604
f 623//623 625//625 590//590
f 583//583 526//526 604//604
f 503//503 625//625 558//558
f 509//509 503//503 558//558
f 420//420 503//503 509//509
f 574//574 499//499 564//564
f 938//938 936//936 952//952
f 950//950 952//952 943//943
f 950//950 943//943 941//941
f 625//625 781//781 709//709
f 709//709 781//781 725//725
f 781//781 872//872 874//874
f 824//824 781//781 855//855
f 725//725 781//781 824//824
f 938//938 874//874 872//872
f 898//898 849//849 893//893
f 625//625 725//725 668//668
f 735//735 824//824 849//849
f 915//915 897//897 884//884
f 932//932 941//941 943//943
f 913//913 916//916 888//888
f 838//838 891//891 803//803
f 684//684 838//838 803//803
f 704//704 833//833 838//838
f 888//888 842//842 913//913
f 704//704 838//838 684//684
f 879//879 898//898 902//902
f 902//902 907//907 873//873
f 712//712 823//823 792//792
f 783//783 823//823 744//744
f 727//727 680//680 690//690
f 679//679 680//680 649//649
f 844//844 873//873 819//819
f 800//800 819//819 764//764
f 819//819 753//753 764//764
f 828//828 844//844 819//819
f 665//665 640//640 596//596
f 747//747 650//650 754//754
f 715//715 747//747 759//759
f 676//676 596//596 650//650
f 744//744 823//823 680//680
f 753//753 819//819 744//744
f 711//711 823//823 712//712
f 823//823 889//889 913//913
f 707//707 849//849 737//737
f 752//752 849//849 834//834
f 827//827 834//834 879//879
f 834//834 827//827 710//710
f 593//593 613//613 652//652
f 652//652 627//627 735//735
f 553//553 542//542 652//652
f 661//661 553//553 652//652
f 661//661 652//652 707//707
f 662//662 661//661 710//710
f 624//624 746//746 645//645
f 619//619 746//746 624//624
f 525//525 553//553 601//601
f 563//563 547//547 570//570
f 610//610 597//597 746//746
f 585//585 551//551 566//566
f 578//578 538//538 525//525
f 578//578 525//525 597//597
f 650//650 790//790 794//794
f 695//695 779//779 816//816
f 790//790 816//816 808//808
f 790//790 695//695 816//816
f 817//817 816//816 779//779
f 587//587 570//570 682//682
f 587//587 573//573 570//570
f 587//587 695//695 650//650
f 746//746 879//879 814//814
f 724//724 645//645 746//746
f 677//677 666//666 687//687
f 645//645 724//724 666//666
f 698//698 779//779 682//682
f 570//570 622//622 682//682
f 742//742 814//814 761//761
f 841//841 864//864 856//856
f 814//814 873//873 864//864
f 370//370 431//431 419//419
f 382//382 370//370 419//419
f 176//176 239//239 254//254
f 281//281 382//382 375//375
f 382//382 254//254 370//370
f 59//59 115//115 176//176
f 112//112 59//59 193//193
f 59//59 176//176 193//193
f 382//382 501//501 439//439
f 375//375 382//382 439//439
f 390//390 439//439 485//485
f 315//315 272//272 250//250
f 391//391 272//272 390//390
f 59//59 112//112 114//114
f 101//101 59//59 114//114
f 137//137 110//110 101//101
f 110//110 111//111 101//101
f 250//250 272//272 233//233
f 137//137 186//186 272//272
f 118//118 110//110 137//137
f 272//272 305//305 201//201
f 188//188 111//111 119//119
f 142//142 119//119 118//118
f 163//163 142//142 164//164
f 458//458 420//420 395//395
f 305//305 395//395 334//334
f 305//305 334//334 273//273
f 408//408 420//420 481//481
f 334//334 420//420 312//312
f 312//312 420//420 408//408
f 142//142 221//221 164//164
f 312//312 429//429 347//347
f 157//157 191//191 163//163
f 309//309 194//194 269//269
f 191//191 269//269 240//240
f 274//274 326//326 224//224
f 157//157 144//144 151//151
f 144//144 196//196 140//140
f 222//222 140//140 196//196
f 198//198 140//140 222//222
f 148//148 140//140 198//198
f 224//224 140//140 207//207
f 212//212 207//207 146//146
f 103//103 128//128 146//146
f 224//224 183//183 140//140
f 562//562 598//598 611//611
f 489//489 478//478 562//562
f 562//562 478//478 516//516
f 546//546 478//478 523//523
f 441//441 478//478 435//435
f 523//523 598//598 546//546
f 470//470 519//519 441//441
f 435//435 478//478 396//396
f 437//437 414//414 418//418
f 441//441 414//414 437//437
f 414//414 396//396 329//329
f 327//327 329//329 396//396
f 477//477 521//521 490//490
f 512//512 596//596 521//521
f 650//650 548//548 446//446
f 446//446 548//548 430//430
f 607//607 680//680 586//586
f 607//607 599//599 614//614
f 596//596 617//617 579//579
f 586//586 484//484 497//497
f 596//596 579//579 521//521
f 457//457 418//418 417//417
f 401//401 358//358 380//380
f 226//226 207//207 212//212
f 282//282 277//277 358//358
f 236//236 249//249 257//257
f 354//354 321//321 300//300
f 341//341 321//321 354//354
f 371//371 446//446 393//393
f 329//329 362//362 385//385
f 441//441 457//457 470//470
f 139//139 166//166 88//88
f 355//355 429//429 427//427
f 449//449 461//461 553//553
f 427//427 553//553 461//461
f 387//387 427//427 449//449
f 359//359 387//387 343//343
f 387//387 449//449 343//343
f 374//374 343//343 449//449
f 442//442 505//505 492//492
f 525//525 527//527 498//498
f 373//373 440//440 471//471
f 492//492 464//464 442//442
f 547//547 394//394 373//373
f 547//547 563//563 394//394
f 280//280 299//299 343//343
f 136//136 127//127 97//97
f 216//216 244//244 253//253
f 158//158 206//206 197//197
f 63//63 72//72 53//53
f 102//102 79//79 197//197
f 90//90 63//63 242//242
f 253//253 291//291 264//264
f 306//306 318//318 344//344
f 361//361 587//587 446//446
f 587//587 361//361 573//573
f 371//371 213//213 361//361
f 213//213 203//203 120//120
f 446//446 371//371 361//361
f 91//91 120//120 84//84
f 252//252 208//208 304//304
f 208//208 252//252 222//222
f 178//178 219//219 212//212
f 115//115 116//116 239//239
f 19//19 115//115 59//59
f 495//495 554//554 454//454
f 528//528 515//515 510//510
f 502//502 431//431 469//469
f 501//501 485//485 439//439
f 481//481 420//420 509//509
f 598//598 648//648 611//611
f 544//544 509//509 558//558
f 796//796 802//802 763//763
f 671//671 674//674 763//763
f 809//809 760//760 671//671
f 592//592 671//671 588//588
f 554//554 592//592 475//475
f 537//537 533//533 545//545
f 696//696 718//718 745//745
f 748//748 718//718 696//696
f 782//782 763//763 732//732
f 782//782 772//772 796//796
f 796//796 772//772 815//815
f 815//815 772//772 748//748
f 674//674 696//696 732//732
f 696//696 745//745 732//732
f 745//745 748//748 772//772
f 745//745 718//718 748//748
f 857//857 802//802 815//815
f 802//802 796//796 815//815
f 777//777 748//748 699//699
f 777//777 699//699 726//726
f 857//857 815//815 777//777
f 748//748 777//777 815//815
f 857//857 777//777 726//726
f 895//895 857//857 801//801
f 858//858 805//805 829//829
f 858//858 801//801 786//786
f 642//642 653//653 678//678
f 678//678 692//692 642//642
f 632//632 642//642 603//603
f 642//642 632//632 653//653
f 603//603 582//582 632//632
f 653//653 621//621 699//699
f 575//575 549//549 556//556
f 621//621 582//582 575//575
f 582//582 549//549 575//575
f 545//545 529//529 537//537
f 545//545 532//532 556//556
f 565//565 515//515 575//575
f 522//522 520//520 504//504
f 536//536 549//549 520//520
f 522//522 515//515 565//565
f 565//565 556//556 522//522
f 582//582 495//495 549//549
f 621//621 575//575 515//515
f 621//621 515//515 528//528
f 603//603 674//674 554//554
f 554//554 495//495 603//603
f 699//699 678//678 653//653
f 602//602 621//621 539//539
f 618//618 602//602 559//559
f 618//618 641//641 602//602
f 726//726 602//602 641//641
f 602//602 511//511 559//559
f 801//801 701//701 702//702
f 618//618 664//664 701//701
f 847//847 702//702 721//721
f 805//805 786//786 847//847
f 786//786 702//702 847//847
f 702//702 584//584 721//721
f 618//618 555//555 584//584
f 581//581 584//584 555//555
f 701//701 801//801 726//726
f 545//545 533//533 531//531
f 969//969 966//966 963//963
f 969//969 963//963 965//965
f 968//968 953//953 954//954
f 951//951 953//953 949//949
f 963//963 966//966 954//954
f 933//933 963//963 954//954
f 968//968 954//954 966//966
f 809//809 806//806 778//778
f 809//809 778//778 760//760
f 806//806 740//740 778//778
f 740//740 760//760 778//778
f 760//760 673//673 671//671
f 740//740 673//673 760//760
f 740//740 806//806 771//771
f 636//636 660//660 697//697
f 740//740 660//660 673//673
f 636//636 697//697 663//663
f 612//612 636//636 663//663
f 663//663 688//688 681//681
f 670//670 681//681 647//647
f 663//663 605//605 612//612
f 629//629 605//605 663//663
f 647//647 663//663 670//670
f 663//663 681//681 670//670
f 734//734 663//663 697//697
f 660//660 756//756 697//697
f 807//807 756//756 771//771
f 756//756 734//734 697//697
f 756//756 807//807 830//830
f 734//734 756//756 830//830
f 734//734 830//830 714//714
f 807//807 771//771 806//806
f 688//688 663//663 714//714
f 673//673 636//636 671//671
f 673//673 660//660 636//636
f 636//636 605//605 475//475
f 605//605 541//541 475//475
f 636//636 475//475 588//588
f 589//589 541//541 606//606
f 606//606 634//634 608//608
f 634//634 647//647 688//688
f 637//637 608//608 654//654
f 654//654 608//608 634//634
f 637//637 626//626 591//591
f 714//714 723//723 654//654
f 723//723 714//714 755//755
f 688//688 714//714 654//654
f 686//686 689//689 654//654
f 628//628 654//654 689//689
f 686//686 755//755 689//689
f 654//654 723//723 686//686
f 628//628 689//689 631//631
f 637//637 654//654 626//626
f 541//541 543//543 518//518
f 518//518 535//535 524//524
f 508//508 524//524 535//535
f 508//508 535//535 550//550
f 508//508 550//550 493//493
f 518//518 508//508 426//426
f 482//482 426//426 483//483
f 426//426 482//482 423//423
f 482//482 493//493 500//500
f 432//432 413//413 412//412
f 482//482 455//455 423//423
f 443//443 455//455 413//413
f 413//413 486//486 431//431
f 413//413 482//482 486//486
f 589//589 606//606 577//577
f 577//577 560//560 541//541
f 591//591 606//606 608//608
f 591//591 608//608 637//637
f 628//628 591//591 626//626
f 500//500 591//591 486//486
f 493//493 591//591 500//500
f 550//550 571//571 591//591
f 591//591 628//628 576//576
f 569//569 591//591 576//576
f 486//486 591//591 569//569
f 507//507 569//569 502//502
f 576//576 628//628 569//569
f 564//564 569//569 628//628
f 502//502 569//569 564//564
f 486//486 569//569 507//507
f 486//486 507//507 502//502
f 486//486 502//502 469//469
f 431//431 486//486 469//469
f 500//500 486//486 482//482
f 634//634 606//606 629//629
f 755//755 714//714 830//830
f 629//629 606//606 605//605
f 543//543 550//550 535//535
f 493//493 550//550 591//591
f 807//807 809//809 860//860
f 809//809 802//802 860//860
f 802//802 857//857 871//871
f 871//871 890//890 894//894
f 807//807 860//860 830//830
f 934//934 949//949 894//894
f 894//894 961//961 934//934
f 921//921 945//945 895//895
f 957//957 945//945 921//921
f 926//926 921//921 923//923
f 921//921 896//896 861//861
f 861//861 801//801 858//858
f 896//896 895//895 861//861
f 964//964 939//939 971//971
f 921//921 926//926 957//957
f 974//974 961//961 971//971
f 964//964 957//957 926//926
f 939//939 964//964 926//926
f 877//877 854//854 830//830
f 830//830 854//854 755//755
f 877//877 909//909 854//854
f 883//883 906//906 886//886
f 918//918 906//906 883//883
f 918//918 883//883 909//909
f 854//854 909//909 883//883
f 894//894 949//949 909//909
f 949//949 929//929 960//960
f 918//918 947//947 906//906
f 862//862 804//804 883//883
f 883//883 886//886 862//862
f 854//854 804//804 755//755
f 883//883 804//804 854//854
f 862//862 820//820 804//804
f 933//933 925//925 878//878
f 878//878 886//886 933//933
f 869//869 878//878 925//925
f 846//846 811//811 769//769
f 846//846 925//925 912//912
f 940//940 925//925 933//933
f 691//691 720//720 804//804
f 691//691 804//804 769//769
f 631//631 689//689 691//691
f 878//878 862//862 886//886
f 804//804 820//820 869//869
f 820//820 878//878 869//869
f 804//804 869//869 846//846
f 934//934 961//961 960//960
f 961//961 974//974 960//960
f 912//912 951//951 905//905
f 905//905 951//951 931//931
f 960//960 974//974 970//970
f 925//925 953//953 951//951
f 561//561 581//581 555//555
f 861//861 858//858 887//887
f 865//865 847//847 825//825
f 910//910 923//923 868//868
f 887//887 865//865 868//868
f 923//923 887//887 868//868
f 962//962 923//923 942//942
f 923//923 910//910 942//942
f 972//972 959//959 948//948
f 942//942 948//948 959//959
f 962//962 942//942 959//959
f 962//962 971//971 939//939
f 868//868 942//942 910//910
f 867//867 865//865 789//789
f 866//866 867//867 789//789
f 867//867 903//903 892//892
f 733//733 847//847 721//721
f 825//825 847//847 733//733
f 865//865 733//733 789//789
f 789//789 733//733 581//581
f 757//757 866//866 789//789
f 757//757 789//789 600//600
f 757//757 600//600 657//657
f 568//568 600//600 581//581
f 600//600 789//789 581//581
f 971//971 973//973 974//974
f 935//935 948//948 942//942
f 935//935 958//958 948//948
f 974//974 973//973 967//967
f 967//967 973//973 958//958
f 958//958 935//935 919//919
f 958//958 946//946 955//955
f 935//935 911//911 919//919
f 919//919 911//911 866//866
f 870//870 919//919 866//866
f 908//908 919//919 870//870
f 946//946 919//919 917//917
f 944//944 956//956 955//955
f 956//956 967//967 955//955
f 955//955 946//946 944//944
f 955//955 967//967 958//958
f 946//946 958//958 919//919
f 870//870 866//866 788//788
f 908//908 870//870 917//917
f 917//917 880//880 882//882
f 917//917 927//927 952//952
f 946//946 917//917 952//952
f 897//897 882//882 863//863
f 927//927 882//882 897//897
f 882//882 880//880 813//813
f 784//784 870//870 788//788
f 784//784 657//657 669//669
f 762//762 784//784 669//669
f 870//870 784//784 880//880
f 669//669 813//813 762//762
f 863//863 882//882 803//803
f 684//684 669//669 562//562
f 958//958 973//973 948//948
f 917//917 919//919 908//908
f 684//684 562//562 611//611
f 229//229 246//246 237//237
f 495//495 454//454 416//416
f 416//416 311//311 342//342
f 454//454 410//410 368//368
f 454//454 475//475 410//410
f 475//475 297//297 410//410
f 454//454 368//368 308//308
f 410//410 297//297 368//368
f 368//368 297//297 308//308
f 298//298 311//311 179//179
f 298//298 247//247 271//271
f 200//200 248//248 229//229
f 174//174 145//145 200//200
f 247//247 179//179 217//217
f 217//217 179//179 192//192
f 192//192 200//200 215//215
f 238//238 170//170 179//179
f 238//238 189//189 170//170
f 179//179 311//311 238//238
f 179//179 154//154 174//174
f 159//159 150//150 152//152
f 138//138 145//145 170//170
f 152//152 154//154 179//179
f 152//152 150//150 154//154
f 159//159 145//145 154//154
f 154//154 150//150 159//159
f 170//170 189//189 100//100
f 189//189 70//70 100//100
f 170//170 100//100 138//138
f 138//138 100//100 130//130
f 138//138 130//130 133//133
f 308//308 123//123 155//155
f 297//297 94//94 123//123
f 308//308 297//297 123//123
f 93//93 121//121 86//86
f 121//121 93//93 155//155
f 15//15 34//34 93//93
f 93//93 34//34 33//33
f 86//86 21//21 93//93
f 21//21 15//15 93//93
f 33//33 70//70 93//93
f 61//61 70//70 54//54
f 33//33 30//30 40//40
f 9//9 16//16 13//13
f 69//69 9//9 86//86
f 31//31 13//13 16//16
f 94//94 48//48 69//69
f 123//123 94//94 69//69
f 48//48 16//16 9//9
f 40//40 16//16 75//75
f 34//34 30//30 31//31
f 54//54 44//44 40//40
f 54//54 44//44 61//61
f 13//13 21//21 86//86
f 24//24 21//21 13//13
f 24//24 18//18 21//21
f 70//70 74//74 100//100
f 179//179 174//174 192//192
f 174//174 200//200 192//192
f 70//70 189//189 155//155
f 298//298 271//271 292//292
f 215//215 200//200 229//229
f 311//311 298//298 342//342
f 506//506 409//409 444//444
f 510//510 456//456 472//472
f 456//456 444//444 404//404
f 472//472 456//456 422//422
f 422//422 456//456 404//404
f 356//356 363//363 404//404
f 404//404 363//363 421//421
f 421//421 422//422 404//404
f 515//515 444//444 456//456
f 510//510 472//472 491//491
f 491//491 472//472 476//476
f 422//422 447//447 472//472
f 271//271 323//323 292//292
f 472//472 447//447 476//476
f 425//425 451//451 416//416
f 451//451 425//425 504//504
f 549//549 416//416 451//451
f 409//409 425//425 389//389
f 342//342 365//365 389//389
f 342//342 298//298 365//365
f 389//389 416//416 342//342
f 365//365 356//356 389//389
f 539//539 491//491 476//476
f 476//476 511//511 539//539
f 511//511 555//555 559//559
f 421//421 363//363 411//411
f 322//322 407//407 411//411
f 411//411 363//363 322//322
f 480//480 511//511 411//411
f 561//561 555//555 468//468
f 480//480 407//407 468//468
f 411//411 407//407 480//480
f 407//407 367//367 468//468
f 298//298 323//323 356//356
f 271//271 263//263 323//323
f 263//263 271//271 248//248
f 263//263 200//200 145//145
f 263//263 195//195 256//256
f 363//363 256//256 328//328
f 363//363 328//328 322//322
f 130//130 100//100 195//195
f 130//130 145//145 133//133
f 328//328 256//256 322//322
f 256//256 202//202 322//322
f 349//349 322//322 202//202
f 40//40 75//75 99//99
f 62//62 40//40 99//99
f 256//256 195//195 202//202
f 202//202 195//195 108//108
f 195//195 62//62 99//99
f 108//108 75//75 202//202
f 108//108 195//195 99//99
f 100//100 74//74 195//195
f 322//322 349//349 407//407
f 367//367 349//349 265//265
f 349//349 202//202 265//265
f 389//389 356//356 409//409
f 298//298 356//356 365//365
f 434//434 406//406 266//266
f 541//541 266//266 297//297
f 143//143 106//106 266//266
f 106//106 60//60 266//266
f 28//28 42//42 106//106
f 42//42 60//60 106//106
f 20//20 60//60 42//42
f 55//55 28//28 106//106
f 55//55 143//143 85//85
f 55//55 12//12 22//22
f 55//55 22//22 28//28
f 2//2 1//1 60//60
f 78//78 297//297 77//77
f 297//297 51//51 77//77
f 32//32 3//3 51//51
f 10//10 3//3 29//29
f 10//10 29//29 36//36
f 46//46 48//48 94//94
f 46//46 78//78 25//25
f 25//25 16//16 46//46
f 75//75 16//16 25//25
f 75//75 25//25 29//29
f 68//68 75//75 29//29
f 60//60 7//7 23//23
f 23//23 266//266 60//60
f 266//266 23//23 32//32
f 32//32 23//23 5//5
f 6//6 5//5 23//23
f 23//23 4//4 6//6
f 3//3 6//6 29//29
f 7//7 4//4 23//23
f 29//29 4//4 8//8
f 3//3 5//5 6//6
f 68//68 29//29 8//8
f 68//68 8//8 56//56
f 56//56 8//8 14//14
f 325//325 319//319 335//335
f 325//325 336//336 296//296
f 405//405 381//381 383//383
f 426//426 406//406 434//434
f 426//426 405//405 383//383
f 426//426 383//383 406//406
f 381//381 360//360 383//383
f 350//350 319//319 360//360
f 383//383 360//360 319//319
f 266//266 406//406 383//383
f 412//412 377//377 405//405
f 376//376 377//377 412//412
f 350//350 381//381 377//377
f 381//381 350//350 360//360
f 350//350 336//336 335//335
f 376//376 357//357 377//377
f 377//377 357//357 350//350
f 350//350 357//357 336//336
f 214//214 230//230 241//241
f 214//214 210//210 230//230
f 296//296 276//276 241//241
f 296//296 241//241 268//268
f 187//187 185//185 190//190
f 185//185 199//199 235//235
f 227//227 185//185 235//235
f 227//227 235//235 295//295
f 276//276 234//234 167//167
f 357//357 413//413 431//431
f 372//372 357//357 431//431
f 339//339 372//372 340//340
f 339//339 357//357 372//372
f 190//190 214//214 167//167
f 141//141 153//153 185//185
f 190//190 141//141 147//147
f 141//141 135//135 153//153
f 147//147 141//141 185//185
f 153//153 131//131 143//143
f 109//109 85//85 131//131
f 117//117 109//109 131//131
f 109//109 117//117 87//87
f 153//153 117//117 131//131
f 85//85 87//87 73//73
f 73//73 87//87 27//27
f 143//143 199//199 153//153
f 135//135 117//117 153//153
f 116//116 67//67 167//167
f 27//27 67//67 19//19
f 19//19 8//8 27//27
f 19//19 14//14 8//8
f 49//49 14//14 19//19
f 67//67 115//115 19//19
f 131//131 85//85 143//143
f 55//55 73//73 27//27
f 235//235 143//143 266//266
f 190//190 172//172 187//187
f 199//199 143//143 235//235
f 67//67 116//116 115//115
f 466//466 367//367 400//400
f 468//468 367//367 466//466
f 68//68 95//95 75//75
f 129//129 75//75 95//95
f 75//75 129//129 202//202
f 265//265 161//161 95//95
f 95//95 68//68 56//56
f 76//76 71//71 56//56
f 89//89 83//83 82//82
f 218//218 95//95 134//134
f 89//89 92//92 95//95
f 71//71 82//82 81//81
f 83//83 71//71 81//81
f 95//95 71//71 83//83
f 367//367 283//283 400//400
f 400//400 283//283 302//302
f 265//265 218//218 175//175
f 283//283 258//258 302//302
f 218//218 134//134 175//175
f 175//175 134//134 92//92
f 204//204 175//175 173//173
f 223//223 209//209 211//211
f 223//223 204//204 205//205
f 223//223 211//211 160//160
f 204//204 209//209 205//205
f 367//367 265//265 283//283
f 76//76 96//96 92//92
f 96//96 14//14 49//49
f 124//124 175//175 96//96
f 96//96 113//113 125//125
f 113//113 96//96 49//49
f 113//113 101//101 111//111
f 113//113 49//49 101//101
f 124//124 126//126 132//132
f 124//124 126//126 122//122
f 124//124 132//132 173//173
f 160//160 173//173 132//132
f 160//160 125//125 113//113
f 168//168 160//160 113//113
f 125//125 122//122 126//126
f 160//160 132//132 125//125
f 188//188 168//168 111//111
f 111//111 168//168 113//113
f 92//92 96//96 175//175
f 175//175 124//124 173//173
f 248//248 200//200 263//263
f 61//61 44//44 62//62
f 466//466 400//400 453//453
f 453//453 433//433 459//459
f 433//433 379//379 459//459
f 514//514 494//494 568//568
f 438//438 436//436 494//494
f 438//438 459//459 364//364
f 438//438 364//364 436//436
f 514//514 453//453 459//459
f 302//302 379//379 400//400
f 302//302 364//364 379//379
f 364//364 290//290 310//310
f 436//436 352//352 402//402
f 310//310 332//332 352//352
f 352//352 364//364 310//310
f 600//600 494//494 463//463
f 436//436 402//402 445//445
f 450//450 463//463 445//445
f 463//463 436//436 445//445
f 600//600 489//489 562//562
f 489//489 424//424 399//399
f 160//160 188//188 220//220
f 313//313 310//310 225//225
f 332//332 313//313 352//352
f 313//313 225//225 262//262
f 225//225 180//180 194//194
f 262//262 194//194 309//309
f 386//386 352//352 313//313
f 386//386 337//337 397//397
f 386//386 309//309 337//337
f 397//397 415//415 386//386
f 424//424 397//397 337//337
f 337//337 309//309 269//269
f 445//445 386//386 415//415
f 445//445 415//415 450//450
f 499//499 502//502 564//564
f 419//419 499//499 382//382
f 419//419 502//502 499//499
f 811//811 876//876 775//775
f 846//846 876//876 811//811
f 631//631 691//691 643//643
f 691//691 769//769 811//811
f 691//691 730//730 683//683
f 730//730 775//775 683//683
f 655//655 683//683 630//630
f 691//691 811//811 730//730
f 691//691 683//683 643//643
f 876//876 931//931 900//900
f 775//775 876//876 832//832
f 914//914 970//970 920//920
f 832//832 931//931 899//899
f 920//920 901//901 899//899
f 920//920 930//930 901//901
f 931//931 914//914 899//899
f 683//683 775//775 832//832
f 683//683 832//832 675//675
f 739//739 832//832 859//859
f 739//739 839//839 781//781
f 839//839 739//739 859//859
f 859//859 832//832 901//901
f 564//564 631//631 574//574
f 615//615 595//595 574//574
f 615//615 655//655 630//630
f 574//574 595//595 567//567
f 501//501 382//382 499//499
f 513//513 485//485 595//595
f 485//485 567//567 595//595
f 604//604 595//595 675//675
f 452//452 513//513 458//458
f 604//604 739//739 623//623
f 625//625 623//623 656//656
f 623//623 781//781 656//656
f 526//526 513//513 604//604
f 526//526 583//583 623//623
f 526//526 623//623 503//503
f 458//458 526//526 503//503
f 503//503 590//590 625//625
f 503//503 623//623 590//590
f 781//781 625//625 656//656
f 846//846 905//905 876//876
f 513//513 595//595 604//604
f 509//509 544//544 481//481
f 970//970 930//930 920//920
f 970//970 956//956 930//930
f 956//956 944//944 930//930
f 901//901 930//930 936//936
f 930//930 944//944 936//936
f 839//839 901//901 872//872
f 872//872 936//936 938//938
f 859//859 901//901 839//839
f 952//952 927//927 943//943
f 943//943 927//927 897//897
f 897//897 924//924 943//943
f 950//950 941//941 922//922
f 839//839 872//872 781//781
f 781//781 874//874 855//855
f 855//855 874//874 824//824
f 693//693 709//709 725//725
f 824//824 874//874 893//893
f 725//725 824//824 735//735
f 893//893 874//874 938//938
f 938//938 950//950 893//893
f 950//950 898//898 893//893
f 950//950 922//922 904//904
f 824//824 893//893 849//849
f 849//849 881//881 834//834
f 898//898 950//950 904//904
f 904//904 902//902 898//898
f 881//881 898//898 834//834
f 625//625 693//693 725//725
f 625//625 668//668 627//627
f 668//668 725//725 627//627
f 558//558 625//625 627//627
f 625//625 709//709 693//693
f 884//884 897//897 875//875
f 891//891 915//915 884//884
f 924//924 897//897 915//915
f 928//928 941//941 932//932
f 915//915 937//937 928//928
f 937//937 915//915 916//916
f 928//928 937//937 941//941
f 916//916 915//915 891//891
f 891//891 888//888 916//916
f 937//937 916//916 941//941
f 916//916 913//913 941//941
f 875//875 897//897 803//803
f 875//875 803//803 891//891
f 891//891 884//884 875//875
f 704//704 684//684 611//611
f 704//704 611//611 648//648
f 598//598 704//704 648//648
f 598//598 712//712 704//704
f 885//885 891//891 838//838
f 885//885 888//888 891//891
f 888//888 838//838 833//833
f 885//885 838//838 888//888
f 833//833 842//842 888//888
f 823//823 842//842 833//833
f 833//833 704//704 712//712
f 712//712 598//598 646//646
f 711//711 712//712 620//620
f 620//620 712//712 646//646
f 941//941 913//913 922//922
f 922//922 913//913 907//907
f 904//904 922//922 902//902
f 913//913 889//889 907//907
f 889//889 873//873 907//907
f 902//902 922//922 907//907
f 823//823 913//913 842//842
f 873//873 889//889 823//823
f 711//711 620//620 680//680
f 727//727 690//690 703//703
f 753//753 744//744 680//680
f 680//680 635//635 649//649
f 703//703 679//679 700//700
f 640//640 665//665 679//679
f 680//680 679//679 690//690
f 659//659 679//679 649//649
f 783//783 819//819 823//823
f 785//785 800//800 764//764
f 764//764 774//774 785//785
f 844//844 828//828 835//835
f 819//819 791//791 828//828
f 797//797 835//835 828//828
f 754//754 828//828 747//747
f 797//797 754//754 767//767
f 785//785 776//776 791//791
f 770//770 776//776 774//774
f 791//791 776//776 759//759
f 797//797 836//836 835//835
f 759//759 747//747 791//791
f 738//738 753//753 727//727
f 706//706 700//700 708//708
f 717//717 708//708 715//715
f 764//764 766//766 765//765
f 750//750 731//731 758//758
f 753//753 750//750 764//764
f 715//715 700//700 676//676
f 665//665 676//676 700//700
f 596//596 676//676 665//665
f 676//676 650//650 747//747
f 770//770 759//759 776//776
f 715//715 759//759 770//770
f 765//765 715//715 770//770
f 727//727 728//728 729//729
f 727//727 716//716 722//722
f 764//764 751//751 758//758
f 753//753 738//738 741//741
f 729//729 728//728 738//738
f 738//738 727//727 729//729
f 738//738 728//728 736//736
f 873//873 823//823 819//819
f 783//783 744//744 819//819
f 753//753 680//680 727//727
f 727//727 703//703 706//706
f 823//823 711//711 680//680
f 765//765 766//766 774//774
f 774//774 766//766 770//770
f 717//717 716//716 727//727
f 713//713 716//716 717//717
f 706//706 705//705 700//700
f 706//706 705//705 713//713
f 717//717 716//716 708//708
f 753//753 751//751 750//750
f 750//750 751//751 764//764
f 731//731 741//741 736//736
f 703//703 705//705 706//706
f 844//844 864//864 873//873
f 735//735 849//849 652//652
f 627//627 652//652 613//613
f 593//593 627//627 613//613
f 580//580 593//593 652//652
f 544//544 517//517 429//429
f 593//593 580//580 542//542
f 542//542 544//544 572//572
f 517//517 542//542 429//429
f 572//572 593//593 542//542
f 544//544 558//558 572//572
f 544//544 542//542 517//517
f 558//558 627//627 572//572
f 542//542 580//580 652//652
f 652//652 849//849 707//707
f 737//737 661//661 707//707
f 752//752 834//834 661//661
f 601//601 661//661 525//525
f 661//661 834//834 710//710
f 710//710 827//827 746//746
f 597//597 662//662 746//746
f 525//525 661//661 662//662
f 525//525 662//662 597//597
f 505//505 449//449 525//525
f 527//527 551//551 530//530
f 538//538 551//551 527//527
f 525//525 538//538 527//527
f 570//570 547//547 540//540
f 619//619 624//624 610//610
f 570//570 585//585 622//622
f 622//622 624//624 633//633
f 610//610 624//624 585//585
f 585//585 624//624 622//622
f 585//585 530//530 551//551
f 570//570 540//540 585//585
f 578//578 585//585 566//566
f 553//553 661//661 601//601
f 624//624 645//645 639//639
f 538//538 578//578 566//566
f 624//624 638//638 633//633
f 639//639 638//638 644//644
f 639//639 638//638 624//624
f 645//645 638//638 639//639
f 879//879 902//902 814//814
f 902//902 873//873 814//814
f 827//827 879//879 746//746
f 695//695 682//682 779//779
f 790//790 650//650 695//695
f 814//814 864//864 837//837
f 817//817 837//837 841//841
f 808//808 816//816 840//840
f 841//841 840//840 816//816
f 837//837 864//864 841//841
f 587//587 682//682 695//695
f 573//573 563//563 570//570
f 746//746 814//814 742//742
f 672//672 698//698 651//651
f 645//645 666//666 658//658
f 677//677 687//687 672//672
f 672//672 666//666 667//667
f 694//694 719//719 698//698
f 742//742 698//698 719//719
f 742//742 749//749 698//698
f 672//672 694//694 698//698
f 666//666 724//724 687//687
f 687//687 724//724 694//694
f 694//694 672//672 685//685
f 746//746 742//742 724//724
f 821//821 814//814 837//837
f 799//799 798//798 773//773
f 798//798 779//779 698//698
f 798//798 698//698 773//773
f 837//837 817//817 826//826
f 826//826 822//822 818//818
f 812//812 810//810 799//799
f 810//810 822//822 818//818
f 761//761 768//768 749//749
f 768//768 780//780 773//773
f 814//814 780//780 768//768
f 795//795 793//793 787//787
f 780//780 787//787 773//773
f 795//795 787//787 780//780
f 793//793 773//773 787//787
f 821//821 826//826 818//818
f 814//814 812//812 799//799
f 682//682 622//622 651//651
f 651//651 622//622 644//644
f 698//698 682//682 651//651
f 749//749 742//742 761//761
f 856//856 864//864 843//843
f 843//843 836//836 794//794
f 843//843 794//794 845//845
f 856//856 843//843 845//845
f 794//794 836//836 797//797
f 767//767 794//794 797//797
f 840//840 790//790 808//808
f 831//831 790//790 840//840
f 845//845 794//794 831//831
f 848//848 852//852 845//845
f 841//841 856//856 850//850
f 851//851 852//852 856//856
f 850//850 856//856 853//853
f 794//794 790//790 831//831
f 644//644 645//645 658//658
f 651//651 644//644 658//658
f 834//834 898//898 879//879
f 943//943 924//924 932//932
f 255//255 239//239 116//116
f 340//340 431//431 370//370
f 239//239 287//287 289//289
f 333//333 254//254 289//289
f 333//333 287//287 255//255
f 333//333 370//370 254//254
f 255//255 287//287 239//239
f 176//176 254//254 281//281
f 281//281 254//254 382//382
f 375//375 315//315 281//281
f 340//340 370//370 333//333
f 281//281 193//193 176//176
f 112//112 193//193 250//250
f 193//193 281//281 250//250
f 340//340 333//333 255//255
f 375//375 390//390 366//366
f 390//390 375//375 439//439
f 390//390 485//485 452//452
f 391//391 390//390 452//452
f 315//315 390//390 272//272
f 281//281 315//315 250//250
f 272//272 391//391 305//305
f 114//114 112//112 250//250
f 250//250 233//233 186//186
f 186//186 101//101 114//114
f 114//114 250//250 186//186
f 101//101 186//186 137//137
f 186//186 233//233 272//272
f 201//201 305//305 251//251
f 201//201 165//165 118//118
f 137//137 272//272 201//201
f 137//137 201//201 118//118
f 165//165 142//142 118//118
f 156//156 188//188 119//119
f 180//180 188//188 156//156
f 163//163 180//180 156//156
f 119//119 110//110 118//118
f 156//156 119//119 142//142
f 156//156 142//142 163//163
f 458//458 395//395 452//452
f 305//305 391//391 395//395
f 420//420 458//458 503//503
f 334//334 395//395 420//420
f 273//273 334//334 221//221
f 251//251 305//305 228//228
f 251//251 228//228 165//165
f 165//165 228//228 142//142
f 228//228 221//221 142//142
f 228//228 305//305 273//273
f 228//228 273//273 221//221
f 164//164 221//221 181//181
f 163//163 164//164 171//171
f 171//171 164//164 196//196
f 164//164 181//181 196//196
f 221//221 208//208 181//181
f 181//181 208//208 196//196
f 334//334 312//312 221//221
f 221//221 312//312 208//208
f 391//391 452//452 395//395
f 201//201 251//251 165//165
f 429//429 408//408 481//481
f 429//429 355//355 347//347
f 312//312 408//408 429//429
f 180//180 163//163 194//194
f 194//194 163//163 191//191
f 194//194 191//191 240//240
f 424//424 337//337 399//399
f 346//346 399//399 337//337
f 337//337 320//320 346//346
f 337//337 269//269 320//320
f 278//278 191//191 232//232
f 278//278 269//269 191//191
f 320//320 278//278 275//275
f 346//346 275//275 326//326
f 259//259 232//232 191//191
f 191//191 151//151 183//183
f 259//259 183//183 224//224
f 191//191 183//183 259//259
f 326//326 275//275 270//270
f 303//303 326//326 274//274
f 270//270 224//224 326//326
f 259//259 224//224 275//275
f 270//270 275//275 224//224
f 274//274 224//224 207//207
f 157//157 163//163 171//171
f 157//157 171//171 196//196
f 183//183 151//151 144//144
f 157//157 196//196 144//144
f 196//196 208//208 222//222
f 162//162 140//140 148//148
f 207//207 140//140 162//162
f 146//146 162//162 149//149
f 162//162 148//148 149//149
f 148//148 136//136 149//149
f 148//148 158//158 136//136
f 103//103 146//146 98//98
f 146//146 207//207 162//162
f 98//98 146//146 149//149
f 140//140 183//183 144//144
f 562//562 516//516 598//598
f 478//478 489//489 428//428
f 516//516 478//478 546//546
f 594//594 616//616 598//598
f 598//598 516//516 546//546
f 594//594 519//519 620//620
f 594//594 523//523 519//519
f 680//680 620//620 519//519
f 646//646 616//616 620//620
f 519//519 470//470 484//484
f 478//478 428//428 396//396
f 428//428 399//399 396//396
f 326//326 399//399 346//346
f 399//399 353//353 396//396
f 399//399 326//326 353//353
f 396//396 414//414 435//435
f 441//441 435//435 414//414
f 437//437 418//418 457//457
f 414//414 403//403 418//418
f 414//414 329//329 403//403
f 303//303 353//353 326//326
f 396//396 353//353 327//327
f 303//303 274//274 353//353
f 274//274 257//257 327//327
f 353//353 274//274 327//327
f 329//329 327//327 285//285
f 548//548 650//650 596//596
f 512//512 548//548 596//596
f 430//430 512//512 521//521
f 512//512 430//430 548//548
f 607//607 635//635 680//680
f 586//586 557//557 599//599
f 586//586 599//599 607//607
f 586//586 534//534 552//552
f 557//557 586//586 552//552
f 635//635 617//617 640//640
f 649//649 635//635 640//640
f 607//607 614//614 635//635
f 635//635 614//614 617//617
f 599//599 579//579 617//617
f 617//617 596//596 640//640
f 490//490 579//579 557//557
f 490//490 521//521 579//579
f 579//579 599//599 557//557
f 586//586 519//519 484//484
f 534//534 586//586 497//497
f 479//479 488//488 484//484
f 479//479 470//470 457//457
f 488//488 479//479 477//477
f 497//497 488//488 477//477
f 479//479 457//457 477//477
f 484//484 488//488 497//497
f 534//534 557//557 552//552
f 358//358 277//277 380//380
f 417//417 401//401 457//457
f 329//329 398//398 403//403
f 417//417 392//392 401//401
f 385//385 401//401 392//392
f 392//392 398//398 385//385
f 329//329 385//385 398//398
f 380//380 521//521 401//401
f 521//521 477//477 401//401
f 358//358 401//401 354//354
f 477//477 457//457 401//401
f 300//300 282//282 354//354
f 207//207 226//226 257//257
f 236//236 257//257 226//226
f 282//282 267//267 236//236
f 282//282 257//257 267//267
f 284//284 257//257 300//300
f 300//300 257//257 282//282
f 249//249 236//236 267//267
f 284//284 285//285 257//257
f 257//257 249//249 267//267
f 327//327 257//257 285//285
f 282//282 358//358 354//354
f 231//231 277//277 260//260
f 277//277 231//231 261//261
f 182//182 219//219 178//178
f 219//219 231//231 260//260
f 260//260 226//226 219//219
f 260//260 282//282 236//236
f 282//282 260//260 277//277
f 329//329 321//321 331//331
f 321//321 341//341 331//331
f 329//329 345//345 362//362
f 341//341 362//362 345//345
f 285//285 284//284 300//300
f 393//393 430//430 380//380
f 351//351 380//380 277//277
f 380//380 351//351 393//393
f 446//446 430//430 393//393
f 371//371 393//393 314//314
f 314//314 393//393 351//351
f 521//521 380//380 430//430
f 277//277 261//261 245//245
f 351//351 277//277 314//314
f 314//314 277//277 245//245
f 245//245 261//261 166//166
f 261//261 182//182 166//166
f 213//213 314//314 245//245
f 166//166 203//203 245//245
f 203//203 166//166 139//139
f 213//213 245//245 203//203
f 261//261 231//231 182//182
f 341//341 385//385 362//362
f 586//586 680//680 519//519
f 274//274 207//207 257//257
f 441//441 519//519 523//523
f 598//598 523//523 594//594
f 182//182 146//146 166//166
f 146//146 128//128 166//166
f 347//347 355//355 304//304
f 304//304 355//355 359//359
f 355//355 427//427 359//359
f 427//427 542//542 553//553
f 505//505 442//442 449//449
f 427//427 387//387 359//359
f 449//449 442//442 374//374
f 343//343 374//374 378//378
f 429//429 542//542 427//427
f 361//361 394//394 563//563
f 492//492 505//505 496//496
f 530//530 540//540 527//527
f 527//527 540//540 471//471
f 505//505 525//525 498//498
f 498//498 471//471 492//492
f 471//471 498//498 527//527
f 471//471 540//540 373//373
f 373//373 540//540 547//547
f 440//440 373//373 388//388
f 384//384 373//373 394//394
f 299//299 304//304 359//359
f 252//252 304//304 299//299
f 244//244 222//222 280//280
f 198//198 222//222 244//244
f 359//359 343//343 299//299
f 343//343 318//318 280//280
f 222//222 299//299 280//280
f 348//348 291//291 394//394
f 361//361 348//348 394//394
f 361//361 264//264 348//348
f 264//264 291//291 348//348
f 158//158 148//148 198//198
f 149//149 136//136 98//98
f 244//244 216//216 206//206
f 197//197 264//264 169//169
f 216//216 264//264 197//197
f 63//63 169//169 264//264
f 127//127 158//158 79//79
f 104//104 79//79 97//97
f 57//57 79//79 66//66
f 102//102 169//169 63//63
f 127//127 79//79 104//104
f 136//136 97//97 57//57
f 158//158 127//127 136//136
f 242//242 63//63 361//361
f 242//242 213//213 120//120
f 242//242 107//107 90//90
f 98//98 136//136 57//57
f 264//264 361//361 63//63
f 63//63 90//90 72//72
f 338//338 373//373 384//384
f 244//244 286//286 253//253
f 291//291 253//253 286//286
f 286//286 279//279 288//288
f 286//286 307//307 291//291
f 244//244 318//318 279//279
f 286//286 294//294 307//307
f 316//316 369//369 338//338
f 316//316 338//338 307//307
f 344//344 369//369 316//316
f 330//330 316//316 317//317
f 306//306 344//344 330//330
f 306//306 317//317 316//316
f 369//369 373//373 338//338
f 318//318 306//306 294//294
f 291//291 384//384 394//394
f 216//216 253//253 264//264
f 242//242 361//361 213//213
f 473//473 474//474 462//462
f 460//460 462//462 474//474
f 464//464 492//492 473//473
f 467//467 465//465 464//464
f 465//465 462//462 464//464
f 464//464 473//473 467//467
f 460//460 448//448 462//462
f 448//448 440//440 442//442
f 471//471 467//467 474//474
f 487//487 471//471 474//474
f 471//471 440//440 460//460
f 460//460 440//440 448//448
f 492//492 487//487 473//473
f 374//374 442//442 378//378
f 343//343 378//378 318//318
f 344//344 378//378 369//369
f 198//198 244//244 158//158
f 158//158 244//244 206//206
f 280//280 318//318 244//244
f 361//361 563//563 573//573
f 47//47 38//38 64//64
f 446//446 587//587 650//650
f 50//50 47//47 64//64
f 64//64 38//38 50//50
f 53//53 26//26 38//38
f 98//98 105//105 103//103
f 98//98 57//57 50//50
f 98//98 52//52 80//80
f 105//105 107//107 103//103
f 80//80 107//107 105//105
f 105//105 98//98 80//80
f 88//88 128//128 91//91
f 88//88 91//91 84//84
f 103//103 107//107 120//120
f 52//52 41//41 43//43
f 58//58 41//41 52//52
f 50//50 37//37 45//45
f 38//38 26//26 50//50
f 45//45 37//37 50//50
f 50//50 41//41 58//58
f 72//72 58//58 35//35
f 38//38 39//39 65//65
f 72//72 65//65 64//64
f 128//128 103//103 91//91
f 72//72 64//64 53//53
f 212//212 146//146 178//178
f 178//178 146//146 182//182
f 139//139 120//120 203//203
f 84//84 120//120 139//139
f 554//554 475//475 454//454
f 412//412 423//423 432//432
f 506//506 515//515 522//522
f 621//621 528//528 539//539
f 669//669 600//600 562//562
f 544//544 429//429 481//481
f 809//809 763//763 802//802
f 522//522 532//532 533//533
f 782//782 796//796 763//763
f 732//732 772//772 782//782
f 745//745 772//772 732//732
f 529//529 531//531 537//537
f 556//556 565//565 575//575
f 545//545 549//549 536//536
f 545//545 536//536 529//529
f 549//549 545//545 556//556
f 533//533 531//531 520//520
f 533//533 520//520 522//522
f 532//532 522//522 556//556
f 532//532 545//545 531//531
f 504//504 506//506 522//522
f 549//549 504//504 520//520
f 529//529 520//520 531//531
f 536//536 520//520 529//529
f 664//664 702//702 701//701
f 702//702 786//786 801//801
f 805//805 847//847 829//829
f 618//618 584//584 702//702
f 537//537 531//531 533//533
f 532//532 531//531 533//533
f 748//748 696//696 692//692
f 748//748 692//692 699//699
f 606//606 571//571 577//577
f 968//968 966//966 969//969
f 953//953 968//968 969//969
f 963//963 947//947 965//965
f 947//947 949//949 965//965
f 969//969 965//965 953//953
f 940//940 933//933 954//954
f 647//647 634//634 629//629
f 663//663 647//647 629//629
f 755//755 686//686 723//723
f 543//543 535//535 518//518
f 518//518 524//524 508//508
f 483//483 508//508 493//493
f 483//483 493//493 482//482
f 432//432 455//455 443//443
f 911//911 903//903 867//867
f 911//911 867//867 866//866
f 577//577 541//541 589//589
f 606//606 591//591 571//571
f 577//577 571//571 560//560
f 560//560 571//571 550//550
f 550//550 543//543 560//560
f 631//631 564//564 609//609
f 560//560 543//543 541//541
f 890//890 871//871 857//857
f 945//945 961//961 890//890
f 929//929 949//949 934//934
f 871//871 894//894 860//860
f 829//829 847//847 858//858
f 877//877 830//830 894//894
f 918//918 909//909 949//949
f 960//960 951//951 949//949
f 689//689 755//755 720//720
f 862//862 878//878 820//820
f 755//755 804//804 720//720
f 951//951 912//912 925//925
f 970//970 931//931 951//951
f 931//931 876//876 905//905
f 906//906 963//963 933//933
f 921//921 887//887 923//923
f 939//939 926//926 923//923
f 971//971 959//959 972//972
f 868//868 935//935 942//942
f 237//237 247//247 217//217
f 237//237 217//217 229//229
f 892//892 935//935 868//868
f 972//972 973//973 971//971
f 788//788 657//657 784//784
f 803//803 897//897 863//863
f 248//248 271//271 246//246
f 247//247 237//237 243//243
f 192//192 215//215 217//217
f 170//170 159//159 152//152
f 170//170 152//152 179//179
f 229//229 248//248 243//243
f 217//217 215//215 229//229
f 238//238 311//311 155//155
f 174//174 154//154 145//145
f 150//150 159//159 170//170
f 150//150 170//170 145//145
f 138//138 133//133 145//145
f 70//70 33//33 44//44
f 70//70 44//44 54//54
f 145//145 159//159 150//150
f 9//9 13//13 86//86
f 70//70 61//61 74//74
f 33//33 40//40 44//44
f 48//48 9//9 69//69
f 69//69 86//86 123//123
f 15//15 21//21 18//18
f 31//31 15//15 24//24
f 15//15 30//30 34//34
f 30//30 33//33 34//34
f 31//31 24//24 18//18
f 31//31 18//18 13//13
f 34//34 40//40 30//30
f 24//24 13//13 18//18
f 271//271 247//247 243//243
f 271//271 243//243 246//246
f 121//121 123//123 86//86
f 24//24 15//15 18//18
f 121//121 155//155 123//123
f 243//243 237//237 246//246
f 28//28 17//17 20//20
f 28//28 20//20 42//42
f 243//243 248//248 246//246
f 229//229 243//243 246//246
f 456//456 510//510 515//515
f 404//404 444//444 409//409
f 528//528 510//510 539//539
f 480//480 555//555 511//511
f 447//447 411//411 476//476
f 323//323 298//298 292//292
f 11//11 60//60 20//20
f 11//11 20//20 17//17
f 11//11 17//17 12//12
f 11//11 12//12 2//2
f 60//60 11//11 2//2
f 20//20 12//12 17//17
f 20//20 17//17 12//12
f 17//17 22//22 12//12
f 1//1 7//7 60//60
f 73//73 55//55 85//85
f 230//230 295//295 268//268
f 230//230 268//268 241//241
f 22//22 17//17 28//28
f 297//297 78//78 94//94
f 5//5 3//3 32//32
f 51//51 36//36 77//77
f 10//10 51//51 3//3
f 16//16 48//48 46//46
f 78//78 29//29 25//25
f 7//7 1//1 4//4
f 6//6 4//4 29//29
f 36//36 29//29 78//78
f 325//325 295//295 319//319
f 426//426 423//423 405//405
f 266//266 383//383 319//319
f 412//412 405//405 423//423
f 381//381 405//405 377//377
f 296//296 268//268 295//295
f 227//227 295//295 230//230
f 210//210 227//227 214//214
f 210//210 190//190 227//227
f 214//214 190//190 210//210
f 227//227 230//230 210//210
f 227//227 210//210 214//214
f 177//177 185//185 187//187
f 177//177 187//187 184//184
f 187//187 190//190 184//184
f 214//214 241//241 276//276
f 214//214 276//276 167//167
f 185//185 227//227 190//190
f 190//190 187//187 184//184
f 89//89 81//81 76//76
f 89//89 76//76 92//92
f 234//234 276//276 324//324
f 296//296 295//295 325//325
f 340//340 255//255 339//339
f 350//350 335//335 319//319
f 325//325 335//335 336//336
f 147//147 177//177 172//172
f 190//190 147//147 172//172
f 199//199 185//185 153//153
f 167//167 135//135 141//141
f 27//27 87//87 117//117
f 87//87 85//85 109//109
f 167//167 117//117 135//135
f 187//187 172//172 184//184
f 172//172 177//177 184//184
f 147//147 185//185 177//177
f 129//129 161//161 202//202
f 211//211 205//205 209//209
f 211//211 209//209 160//160
f 81//81 89//89 82//82
f 76//76 81//81 82//82
f 83//83 81//81 82//82
f 71//71 76//76 82//82
f 95//95 218//218 265//265
f 160//160 209//209 204//204
f 160//160 204//204 173//173
f 223//223 205//205 209//209
f 211//211 209//209 205//205
f 122//122 126//126 124//124
f 122//122 132//132 126//126
f 924//924 915//915 928//928
f 924//924 928//928 932//932
f 125//125 132//132 122//122
f 124//124 125//125 126//126
f 61//61 62//62 74//74
f 40//40 62//62 54//54
f 54//54 62//62 44//44
f 225//225 310//310 290//290
f 494//494 436//436 463//463
f 402//402 386//386 445//445
f 899//899 901//901 832//832
f 920//920 899//899 914//914
f 931//931 832//832 900//900
f 900//900 832//832 876//876
f 574//574 501//501 499//499
f 683//683 655//655 574//574
f 946//946 936//936 944//944
f 936//936 872//872 901//901
f 950//950 938//938 952//952
f 898//898 881//881 849//849
f 725//725 735//735 627//627
f 952//952 936//936 946//946
f 758//758 715//715 765//765
f 758//758 765//765 766//766
f 833//833 792//792 823//823
f 833//833 712//712 792//792
f 690//690 679//679 703//703
f 679//679 665//665 700//700
f 640//640 679//679 659//659
f 828//828 754//754 797//797
f 791//791 747//747 828//828
f 800//800 791//791 819//819
f 774//774 776//776 785//785
f 785//785 791//791 800//800
f 700//700 715//715 708//708
f 708//708 716//716 713//713
f 708//708 713//713 705//705
f 764//764 758//758 766//766
f 715//715 758//758 731//731
f 747//747 715//715 676//676
f 765//765 770//770 766//766
f 728//728 722//722 729//729
f 727//727 722//722 728//728
f 743//743 741//741 738//738
f 743//743 738//738 736//736
f 743//743 751//751 753//753
f 743//743 753//753 741//741
f 722//722 715//715 731//731
f 722//722 731//731 729//729
f 736//736 728//728 729//729
f 736//736 741//741 743//743
f 703//703 700//700 705//705
f 767//767 754//754 650//650
f 764//764 765//765 774//774
f 659//659 649//649 640//640
f 713//713 717//717 727//727
f 706//706 708//708 705//705
f 716//716 717//717 715//715
f 716//716 715//715 722//722
f 706//706 713//713 727//727
f 731//731 750//750 751//751
f 731//731 751//751 743//743
f 822//822 826//826 798//798
f 822//822 798//798 818//818
f 731//731 743//743 741//741
f 750//750 758//758 751//751
f 731//731 736//736 729//729
f 849//849 752//752 737//737
f 593//593 572//572 627//627
f 752//752 661//661 737//737
f 746//746 662//662 710//710
f 553//553 525//525 449//449
f 610//610 585//585 597//597
f 578//578 597//597 585//585
f 644//644 633//633 639//639
f 622//622 633//633 644//644
f 540//540 530//530 585//585
f 746//746 619//619 610//610
f 538//538 566//566 551//551
f 645//645 644//644 638//638
f 639//639 633//633 638//638
f 841//841 816//816 817//817
f 666//666 677//677 667//667
f 667//667 677//677 672//672
f 651//651 666//666 672//672
f 694//694 685//685 687//687
f 724//724 719//719 694//694
f 724//724 742//742 719//719
f 687//687 685//685 672//672
f 779//779 798//798 817//817
f 798//798 799//799 810//810
f 848//848 831//831 851//851
f 848//848 851//851 852//852
f 812//812 818//818 822//822
f 826//826 817//817 798//798
f 798//798 810//810 818//818
f 810//810 812//812 822//822
f 814//814 768//768 761//761
f 698//698 749//749 773//773
f 768//768 773//773 749//749
f 795//795 780//780 814//814
f 837//837 826//826 821//821
f 821//821 812//812 814//814
f 812//812 821//821 818//818
f 773//773 793//793 799//799
f 793//793 795//795 799//799
f 814//814 799//799 795//795
f 844//844 843//843 864//864
f 844//844 836//836 843//843
f 767//767 650//650 794//794
f 851//851 856//856 845//845
f 851//851 845//845 852//852
f 840//840 852//852 851//851
f 831//831 840//840 851//851
f 840//840 853//853 856//856
f 840//840 856//856 852//852
f 845//845 831//831 848//848
f 850//850 840//840 841//841
f 369//369 378//378 388//388
f 369//369 388//388 373//373
f 850//850 853//853 840//840
f 651//651 658//658 666//666
f 836//836 844//844 835//835
f 289//289 287//287 333//333
f 239//239 176//176 115//115
f 289//289 254//254 239//239
f 366//366 390//390 315//315
f 375//375 366//366 315//315
f 111//111 110//110 119//119
f 304//304 208//208 312//312
f 312//312 347//347 304//304
f 157//157 151//151 191//191
f 240//240 269//269 194//194
f 269//269 278//278 320//320
f 232//232 275//275 278//278
f 320//320 275//275 346//346
f 232//232 259//259 275//275
f 598//598 616//616 646//646
f 478//478 441//441 523//523
f 594//594 620//620 616//616
f 399//399 428//428 489//489
f 599//599 617//617 614//614
f 557//557 477//477 490//490
f 557//557 497//497 477//477
f 470//470 479//479 484//484
f 557//557 534//534 497//497
f 403//403 417//417 418//418
f 403//403 398//398 417//417
f 392//392 417//417 398//398
f 401//401 385//385 354//354
f 260//260 236//236 226//226
f 182//182 231//231 219//219
f 212//212 219//219 226//226
f 300//300 329//329 285//285
f 321//321 329//329 300//300
f 331//331 341//341 345//345
f 345//345 329//329 331//331
f 213//213 371//371 314//314
f 354//354 385//385 341//341
f 457//457 441//441 437//437
f 128//128 88//88 166//166
f 461//461 449//449 427//427
f 498//498 492//492 496//496
f 492//492 471//471 487//487
f 498//498 496//496 505//505
f 307//307 338//338 384//384
f 307//307 384//384 291//291
f 299//299 222//222 252//252
f 127//127 104//104 97//97
f 216//216 197//197 206//206
f 158//158 197//197 79//79
f 97//97 79//79 57//57
f 102//102 66//66 79//79
f 63//63 66//66 102//102
f 169//169 102//102 197//197
f 242//242 120//120 107//107
f 294//294 306//306 301//301
f 294//294 301//301 293//293
f 288//288 279//279 318//318
f 294//294 288//288 318//318
f 286//286 288//288 294//294
f 244//244 279//279 286//286
f 307//307 301//301 316//316
f 378//378 344//344 318//318
f 344//344 316//316 330//330
f 317//317 306//306 330//330
f 474//474 467//467 465//465
f 474//474 465//465 460//460
f 293//293 301//301 307//307
f 293//293 307//307 294//294
f 316//316 301//301 306//306
f 467//467 473//473 462//462
f 467//467 462//462 465//465
f 462//462 448//448 442//442
f 462//462 442//442 464//464
f 388//388 378//378 442//442
f 388//388 442//442 440//440
f 487//487 474//474 473//473
f 72//72 45//45 37//37
f 72//72 37//37 26//26
f 471//471 465//465 467//467
f 471//471 460//460 465//465
f 57//57 47//47 50//50
f 66//66 63//63 57//57
f 47//47 53//53 38//38
f 57//57 53//53 47//47
f 90//90 107//107 80//80
f 120//120 91//91 103//103
f 43//43 41//41 58//58
f 50//50 26//26 37//37
f 43//43 72//72 90//90
f 43//43 90//90 52//52
f 41//41 35//35 58//58
f 72//72 38//38 65//65
f 72//72 43//43 58//58
f 35//35 41//41 50//50
f 35//35 50//50 37//37
f 50//50 58//58 52//52
f 35//35 37//37 45//45
f 72//72 35//35 45//45
f 53//53 64//64 65//65
f 53//53 65//65 39//39
f 39//39 38//38 72//72
f 26//26 39//39 72//72
f 50//50 52//52 98//98
f 52//52 90//90 80//80
f 39//39 26//26 53//53
f 88//88 84//84 139//139
f 63//63 53//53 57//57
