# convertido de flygym/NeuroMechFly (lh_tarsus5)
v -0.05390 -0.01031 -0.08517
v -0.05377 -0.00800 -0.08238
v -0.05338 -0.00873 -0.08739
v -0.05318 -0.00692 -0.08154
v -0.05300 -0.00802 -0.08758
v -0.05278 -0.00613 -0.08097
v -0.05233 -0.00532 -0.08166
v -0.05175 -0.00473 -0.08726
v -0.05152 -0.01274 -0.08509
v -0.05145 -0.00612 -0.08879
v -0.05135 -0.01296 -0.08538
v -0.05087 -0.01000 -0.08130
v -0.05081 -0.00617 -0.08916
v -0.05005 -0.01356 -0.08463
v -0.04922 -0.01514 -0.08746
v -0.04913 -0.01240 -0.09010
v -0.04895 -0.00407 -0.08682
v -0.04849 -0.00452 -0.08342
v -0.04845 -0.00802 -0.07985
v -0.04844 -0.00605 -0.08134
v -0.04829 -0.00731 -0.09015
v -0.04777 -0.00816 -0.08013
v -0.04775 -0.00854 -0.09087
v -0.04729 -0.01496 -0.08363
v -0.04721 -0.01039 -0.09192
v -0.04693 -0.01068 -0.08058
v -0.04628 -0.00346 -0.08613
v -0.04610 -0.00344 -0.08614
v -0.04594 -0.01133 -0.08076
v -0.04588 -0.00304 -0.08598
v -0.04579 -0.00360 -0.08609
v -0.04575 -0.01492 -0.09039
v -0.04554 -0.00464 -0.08767
v -0.04546 -0.00667 -0.08130
v -0.04538 -0.00675 -0.08129
v -0.04537 -0.00684 -0.08145
v -0.04533 -0.00651 -0.08100
v -0.04530 -0.00292 -0.08497
v -0.04516 -0.00276 -0.08656
v -0.04512 -0.00608 -0.08272
v -0.04505 -0.00628 -0.08086
v -0.04499 -0.00826 -0.08109
v -0.04473 -0.00399 -0.08589
v -0.04466 -0.00432 -0.08532
v -0.04460 -0.00410 -0.08618
v -0.04458 -0.00276 -0.08419
v -0.04442 -0.00133 -0.08557
v -0.04438 -0.00257 -0.08389
v -0.04438 -0.00478 -0.08128
v -0.04430 -0.00342 -0.08472
v -0.04416 -0.00270 -0.08376
v -0.04414 -0.00972 -0.08135
v -0.04408 -0.00305 -0.08411
v -0.04406 -0.00280 -0.08722
v -0.04394 -0.00317 -0.08400
v -0.04391 -0.00233 -0.08321
v -0.04376 -0.00696 -0.09087
v -0.04362 -0.01111 -0.09281
v -0.04356 -0.00336 -0.08690
v -0.04312 -0.00228 -0.08208
v -0.04290 -0.00199 -0.08192
v -0.04280 0.00044 -0.08549
v -0.04257 -0.01764 -0.08629
v -0.04169 -0.01319 -0.08133
v -0.04161 -0.00368 -0.08079
v -0.04129 0.00272 -0.08523
v -0.04128 -0.00210 -0.08869
v -0.04094 -0.00617 -0.07958
v -0.04091 -0.00911 -0.09321
v -0.04068 0.00062 -0.07995
v -0.04038 -0.01080 -0.09402
v -0.04010 -0.00346 -0.07881
v -0.03979 -0.01658 -0.08370
v -0.03967 0.00487 -0.08275
v -0.03948 -0.00600 -0.07902
v -0.03941 -0.01838 -0.08583
v -0.03936 -0.00607 -0.07894
v -0.03934 -0.01664 -0.09275
v -0.03932 -0.00250 -0.09002
v -0.03924 -0.00984 -0.08026
v -0.03883 0.00460 -0.08843
v -0.03873 0.00433 -0.02873
v -0.03865 -0.01762 -0.09214
v -0.03857 0.00189 -0.07940
v -0.03852 0.00560 -0.02717
v -0.03839 0.00248 -0.03153
v -0.03821 0.00022 -0.07826
v -0.03813 0.00730 -0.08458
v -0.03810 0.00504 -0.03146
v -0.03789 0.00505 -0.02479
v -0.03785 0.00705 -0.02843
v -0.03769 -0.01681 -0.09354
v -0.03760 -0.00555 -0.09271
v -0.03747 0.00001 -0.07707
v -0.03743 0.00104 -0.02819
v -0.03732 -0.01198 -0.09493
v -0.03730 -0.00255 -0.09144
v -0.03724 -0.01864 -0.08784
v -0.03711 -0.01049 -0.09527
v -0.03694 0.00497 -0.03513
v -0.03673 -0.00051 -0.02462
v -0.03672 0.00897 -0.02749
v -0.03669 0.00459 -0.01776
v -0.03665 -0.01122 -0.08171
v -0.03646 0.00839 -0.08178
v -0.03640 0.00654 -0.01336
v -0.03634 0.00934 -0.03092
v -0.03634 0.00719 -0.01347
v -0.03629 -0.01360 -0.09585
v -0.03622 0.00513 -0.01346
v -0.03619 0.00546 -0.01307
v -0.03618 -0.00468 -0.07684
v -0.03618 0.00461 -0.01383
v -0.03615 -0.00002 -0.03085
v -0.03605 0.00484 -0.01334
v -0.03603 0.00441 -0.01328
v -0.03601 0.00496 -0.01345
v -0.03599 0.00286 -0.01606
v -0.03587 0.01091 -0.08755
v -0.03585 0.00400 -0.01368
v -0.03581 0.00470 -0.07684
v -0.03578 0.01019 -0.01614
v -0.03571 0.00513 -0.09258
v -0.03570 0.00719 -0.03728
v -0.03559 -0.01508 -0.08407
v -0.03547 0.01110 -0.01607
v -0.03545 0.00541 -0.01337
v -0.03536 0.01155 -0.02347
v -0.03534 0.01225 -0.01446
v -0.03512 0.00838 -0.01405
v -0.03511 -0.01962 -0.09014
v -0.03499 0.01015 -0.01513
v -0.03492 0.01358 -0.01349
v -0.03483 0.00880 -0.03832
v -0.03481 -0.01388 -0.09635
v -0.03474 -0.00637 -0.07836
v -0.03465 0.00307 -0.01371
v -0.03459 0.00131 -0.01495
v -0.03453 -0.00123 -0.01960
v -0.03445 0.00894 -0.03951
v -0.03439 0.01362 -0.08360
v -0.03427 -0.01135 -0.09723
v -0.03403 0.01265 -0.01392
v -0.03401 -0.00015 -0.01456
v -0.03401 -0.00256 -0.02527
v -0.03400 -0.00384 -0.07582
v -0.03396 0.01631 -0.01546
v -0.03393 0.01310 -0.02547
v -0.03389 0.00254 -0.09484
v -0.03385 0.00915 -0.04092
v -0.03383 0.01627 -0.01550
v -0.03374 0.01547 -0.08831
v -0.03366 0.00592 -0.07359
v -0.03362 0.00220 -0.07389
v -0.03356 0.00997 -0.09346
v -0.03344 0.01703 -0.08670
v -0.03344 -0.00081 -0.01397
v -0.03340 -0.00061 -0.01390
v -0.03331 -0.01376 -0.09698
v -0.03330 0.00987 -0.01369
v -0.03323 0.02723 -0.09030
v -0.03322 0.00802 -0.04496
v -0.03319 0.01977 -0.01845
v -0.03315 0.00149 -0.03826
v -0.03313 0.01161 -0.01391
v -0.03307 -0.00618 -0.09733
v -0.03306 0.02607 -0.08789
v -0.03302 0.02105 -0.01949
v -0.03294 0.02446 -0.02179
v -0.03292 0.02234 -0.01860
v -0.03282 0.02426 -0.01682
v -0.03281 0.01008 -0.04638
v -0.03279 0.02190 -0.02269
v -0.03279 0.02154 -0.08859
v -0.03275 -0.02018 -0.09079
v -0.03274 -0.00209 -0.03005
v -0.03272 0.01826 -0.09016
v -0.03272 0.02801 -0.08581
v -0.03268 0.00815 -0.05338
v -0.03266 0.02385 -0.08617
v -0.03259 0.02307 -0.02619
v -0.03259 0.01559 -0.02545
v -0.03259 -0.00253 -0.01524
v -0.03258 -0.02011 -0.09126
v -0.03257 -0.00227 -0.01449
v -0.03256 -0.00296 -0.07360
v -0.03252 0.01005 -0.07445
v -0.03249 0.00520 -0.05532
v -0.03247 0.00621 -0.05817
v -0.03241 0.02456 -0.01652
v -0.03239 0.00713 -0.04745
v -0.03229 -0.01923 -0.08838
v -0.03222 0.01283 -0.04174
v -0.03218 0.03072 -0.08709
v -0.03216 0.00588 -0.06494
v -0.03213 0.00472 -0.06970
v -0.03211 0.02014 -0.08291
v -0.03210 0.00071 -0.01315
v -0.03207 0.02034 -0.01839
v -0.03202 -0.00226 -0.01243
v -0.03202 0.00098 -0.07145
v -0.03191 0.01016 -0.06183
v -0.03190 0.02059 -0.02612
v -0.03188 0.01574 -0.07952
v -0.03186 0.02267 -0.01747
v -0.03173 0.02548 -0.01743
v -0.03168 -0.00398 -0.09849
v -0.03165 0.00216 -0.06341
v -0.03163 -0.00095 -0.09789
v -0.03155 0.00999 -0.09622
v -0.03154 0.00823 -0.06898
v -0.03154 0.02750 -0.02154
v -0.03154 0.02552 -0.01734
v -0.03145 -0.00275 -0.01206
v -0.03137 -0.00613 -0.07663
v -0.03133 0.01355 -0.04833
v -0.03115 0.01463 -0.04095
v -0.03112 0.01299 -0.07279
v -0.03111 0.02780 -0.02590
v -0.03109 0.01184 -0.06904
v -0.03098 0.01602 -0.03096
v -0.03097 0.02595 -0.01745
v -0.03092 0.02856 -0.09415
v -0.03090 -0.00194 -0.07099
v -0.03090 0.02820 -0.02235
v -0.03078 0.00252 -0.01291
v -0.03076 0.01369 -0.05908
v -0.03071 -0.01944 -0.09263
v -0.03070 -0.01059 -0.08326
v -0.03067 -0.01923 -0.08840
v -0.03058 0.02437 -0.01735
v -0.03056 0.00237 -0.04544
v -0.03045 0.02687 -0.08314
v -0.03044 0.03153 -0.09342
v -0.03042 -0.00823 -0.08097
v -0.03038 0.00502 -0.09852
v -0.03035 0.02574 -0.03238
v -0.03026 0.02452 -0.03308
v -0.03021 0.03371 -0.09021
v -0.03021 -0.01460 -0.08530
v -0.03021 -0.00240 -0.09954
v -0.03018 -0.00268 -0.01192
v -0.03016 -0.00031 -0.04014
v -0.03013 0.02821 -0.02793
v -0.03010 -0.00209 -0.03422
v -0.02991 0.02728 -0.08288
v -0.02986 0.01935 -0.01739
v -0.02985 -0.00138 -0.03680
v -0.02981 0.01552 -0.05435
v -0.02980 0.03173 -0.09358
v -0.02978 0.01904 -0.03323
v -0.02962 -0.00394 -0.02435
v -0.02961 -0.00407 -0.01837
v -0.02957 0.01980 -0.09416
v -0.02952 0.01532 -0.06547
v -0.02944 0.02843 -0.02889
v -0.02933 0.02745 -0.01822
v -0.02932 0.02986 -0.09461
v -0.02924 0.03259 -0.08753
v -0.02924 -0.00526 -0.07389
v -0.02914 0.01477 -0.01479
v -0.02914 0.02742 -0.01833
v -0.02913 0.02747 -0.01827
v -0.02912 -0.00583 -0.10054
v -0.02910 -0.00184 -0.05205
v -0.02903 0.00289 -0.01277
v -0.02896 0.02457 -0.03429
v -0.02881 0.02737 -0.01828
v -0.02879 -0.01640 -0.09663
v -0.02874 -0.00094 -0.04664
v -0.02869 0.02801 -0.01912
v -0.02867 0.03359 -0.09344
v -0.02862 0.01985 -0.04164
v -0.02861 0.03472 -0.09194
v -0.02860 0.03118 -0.09547
v -0.02859 0.02756 -0.01849
v -0.02857 -0.00412 -0.01172
v -0.02856 0.02764 -0.01834
v -0.02851 0.02787 -0.09563
v -0.02847 0.02072 -0.09563
v -0.02839 0.01688 -0.06783
v -0.02839 -0.00543 -0.10083
v -0.02828 0.02760 -0.01830
v -0.02828 -0.00446 -0.06382
v -0.02822 -0.00387 -0.02920
v -0.02820 -0.01894 -0.08925
v -0.02815 0.03123 -0.09542
v -0.02813 0.00500 -0.01302
v -0.02806 -0.00511 -0.06888
v -0.02805 0.02140 -0.07728
v -0.02799 -0.00191 -0.04372
v -0.02793 -0.00419 -0.05478
v -0.02793 0.02790 -0.01820
v -0.02792 -0.00481 -0.06463
v -0.02788 0.01685 -0.09733
v -0.02787 -0.00419 -0.05681
v -0.02779 0.03129 -0.09503
v -0.02777 0.02784 -0.09602
v -0.02777 0.02803 -0.01872
v -0.02773 0.02741 -0.09606
v -0.02772 0.02425 -0.03544
v -0.02769 0.02781 -0.01840
v -0.02763 0.02793 -0.01819
v -0.02762 0.02914 -0.08153
v -0.02758 0.00708 -0.10049
v -0.02744 0.02817 -0.02743
v -0.02740 0.03200 -0.09410
v -0.02733 0.02313 -0.01725
v -0.02732 0.02020 -0.07456
v -0.02730 0.02797 -0.01813
v -0.02721 0.02186 -0.04618
v -0.02718 -0.00475 -0.01144
v -0.02714 0.03056 -0.08301
v -0.02712 0.02792 -0.01855
v -0.02707 0.02808 -0.01830
v -0.02704 0.02974 -0.09525
v -0.02699 -0.01938 -0.09255
v -0.02692 0.02823 -0.01876
v -0.02691 0.01832 -0.01612
v -0.02679 -0.00265 -0.01076
v -0.02679 -0.01296 -0.09943
v -0.02678 0.02811 -0.01829
v -0.02678 -0.00766 -0.10134
v -0.02673 -0.00835 -0.10168
v -0.02672 -0.01862 -0.08972
v -0.02670 0.02666 -0.01795
v -0.02669 -0.00357 -0.03585
v -0.02667 0.03014 -0.09541
v -0.02658 0.02808 -0.01873
v -0.02653 0.02825 -0.01849
v -0.02645 0.02766 -0.01886
v -0.02636 0.03190 -0.09430
v -0.02624 0.02831 -0.01891
v -0.02613 0.01253 -0.01409
v -0.02607 0.01492 -0.01461
v -0.02604 -0.00498 -0.01141
v -0.02592 0.02834 -0.01822
v -0.02589 -0.00166 -0.10243
v -0.02587 0.02799 -0.01863
v -0.02584 0.02832 -0.01910
v -0.02576 0.02303 -0.05233
v -0.02572 0.02343 -0.04370
v -0.02571 0.02705 -0.03231
v -0.02570 0.03363 -0.09173
v -0.02557 -0.01473 -0.08658
v -0.02554 0.02657 -0.07829
v -0.02553 0.00379 -0.10238
v -0.02542 0.02821 -0.01870
v -0.02542 0.02819 -0.01912
v -0.02528 0.02817 -0.01930
v -0.02528 0.00899 -0.10178
v -0.02526 0.01501 -0.10026
v -0.02525 -0.00667 -0.10239
v -0.02524 -0.00502 -0.02868
v -0.02521 -0.01805 -0.09010
v -0.02516 0.02817 -0.01902
v -0.02511 0.02796 -0.01920
v -0.02504 -0.00478 -0.02149
v -0.02502 -0.00418 -0.04141
v -0.02502 0.02356 -0.07429
v -0.02494 -0.00531 -0.04813
v -0.02482 0.03218 -0.08592
v -0.02474 -0.00891 -0.07861
v -0.02473 0.02323 -0.05722
v -0.02473 0.02454 -0.04208
v -0.02468 0.02613 -0.09787
v -0.02465 0.02283 -0.09882
v -0.02443 -0.00405 -0.00953
v -0.02432 -0.01084 -0.08285
v -0.02428 0.00449 -0.10294
v -0.02421 -0.01086 -0.08284
v -0.02414 -0.00529 -0.01412
v -0.02414 -0.01766 -0.09480
v -0.02395 -0.00770 -0.06160
v -0.02394 0.02296 -0.06672
v -0.02392 -0.00748 -0.05591
v -0.02363 0.02639 -0.03621
v -0.02356 0.01653 -0.01457
v -0.02346 0.02447 -0.07045
v -0.02342 0.03133 -0.08416
v -0.02339 0.02898 -0.07969
v -0.02323 0.02434 -0.06086
v -0.02311 0.02550 -0.09833
v -0.02297 0.02381 -0.01656
v -0.02293 0.03247 -0.09109
v -0.02289 -0.00524 -0.00927
v -0.02276 -0.00492 -0.10301
v -0.02272 -0.00925 -0.07468
v -0.02270 0.02573 -0.04563
v -0.02252 -0.00403 -0.00830
v -0.02251 0.00245 -0.10366
v -0.02251 -0.01418 -0.08686
v -0.02243 -0.00532 -0.00768
v -0.02242 0.02795 -0.01967
v -0.02239 -0.01728 -0.09490
v -0.02237 0.02825 -0.01806
v -0.02235 0.02757 -0.01915
v -0.02218 0.02807 -0.01853
v -0.02217 -0.00342 -0.10340
v -0.02211 0.02813 -0.01774
v -0.02206 0.02833 -0.01697
v -0.02201 -0.00036 -0.00939
v -0.02195 0.02777 -0.01746
v -0.02193 0.02803 -0.01770
v -0.02192 0.04374 -0.09314
v -0.02184 0.02977 -0.08067
v -0.02180 -0.00525 -0.00708
v -0.02179 0.02502 -0.06602
v -0.02172 0.02890 -0.09739
v -0.02169 0.02613 -0.01787
v -0.02161 -0.01076 -0.08004
v -0.02159 0.02624 -0.04145
v -0.02154 -0.00776 -0.10245
v -0.02153 0.02835 -0.09777
v -0.02150 0.02817 -0.01791
v -0.02141 0.03094 -0.09294
v -0.02141 0.02770 -0.02647
v -0.02139 0.02595 -0.01756
v -0.02136 0.02986 -0.09527
v -0.02132 0.04255 -0.09398
v -0.02127 0.02640 -0.05352
v -0.02120 0.02872 -0.09769
v -0.02120 0.01933 -0.10259
v -0.02119 0.00075 -0.10437
v -0.02118 -0.00522 -0.01867
v -0.02115 0.03083 -0.08586
v -0.02114 -0.01580 -0.09058
v -0.02114 0.04360 -0.09308
v -0.02106 0.02814 -0.01659
v -0.02104 0.04192 -0.09450
v -0.02104 -0.01700 -0.09486
v -0.02084 0.02721 -0.03332
v -0.02079 0.00855 -0.10478
v -0.02075 0.04432 -0.09428
v -0.02069 -0.01618 -0.09235
v -0.02061 -0.01076 -0.08099
v -0.02061 -0.00666 -0.04289
v -0.02060 0.02661 -0.05140
v -0.02040 0.00327 -0.10504
v -0.02035 0.02274 -0.01517
v -0.02022 0.02845 -0.07364
v -0.02022 -0.00526 -0.00684
v -0.02022 0.02782 -0.07149
v -0.02020 0.02782 -0.02312
v -0.02017 0.02684 -0.04820
v -0.02011 -0.00515 -0.00660
v -0.02007 0.03087 -0.09051
v -0.01995 -0.00501 -0.00647
v -0.01985 -0.00517 -0.00642
v -0.01982 0.02482 -0.10215
v -0.01976 0.02944 -0.07943
v -0.01972 0.02790 -0.01610
v -0.01962 0.04174 -0.09584
v -0.01962 0.02969 -0.09867
v -0.01961 -0.00688 -0.03884
v -0.01937 0.02985 -0.09849
v -0.01934 -0.00886 -0.05324
v -0.01928 -0.00971 -0.06399
v -0.01921 -0.01471 -0.09763
v -0.01916 0.02780 -0.01619
v -0.01913 0.04246 -0.09242
v -0.01912 0.02710 -0.05833
v -0.01908 0.04522 -0.09505
v -0.01904 0.01276 -0.10553
v -0.01899 -0.00646 -0.02737
v -0.01879 0.02683 -0.01574
v -0.01870 0.02844 -0.07122
v -0.01867 0.02954 -0.07594
v -0.01838 -0.01158 -0.08350
v -0.01836 -0.00514 -0.00601
v -0.01835 0.02756 -0.02993
v -0.01817 0.04488 -0.09654
v -0.01816 0.04194 -0.09742
v -0.01813 -0.00997 -0.10095
v -0.01809 0.03981 -0.09541
v -0.01806 -0.01359 -0.09120
v -0.01804 0.03915 -0.09448
v -0.01803 0.02732 -0.06539
v -0.01801 0.02713 -0.04641
v -0.01792 0.02696 -0.04034
v -0.01792 -0.01242 -0.09915
v -0.01789 0.00253 -0.10536
v -0.01787 0.03054 -0.09644
v -0.01786 -0.00698 -0.03326
v -0.01785 0.02080 -0.10447
v -0.01770 0.04553 -0.09647
v -0.01765 0.01910 -0.10503
v -0.01762 0.00435 -0.10540
v -0.01761 0.02865 -0.10202
v -0.01760 0.03760 -0.09576
v -0.01759 0.04151 -0.09209
v -0.01759 0.01321 -0.10612
v -0.01733 0.03408 -0.09835
v -0.01724 0.00738 -0.10597
v -0.01723 0.03130 -0.10009
v -0.01723 0.03024 -0.09259
v -0.01722 0.03063 -0.09476
v -0.01717 0.01673 -0.10595
v -0.01715 0.03574 -0.09746
v -0.01710 -0.00501 -0.00573
v -0.01707 -0.01146 -0.07664
v -0.01707 0.00241 -0.00861
v -0.01703 0.03534 -0.09756
v -0.01701 0.03119 -0.09950
v -0.01699 0.03129 -0.09894
v -0.01693 -0.01366 -0.09413
v -0.01691 -0.00495 -0.00545
v -0.01688 -0.00507 -0.00618
v -0.01677 0.02809 -0.05963
v -0.01674 0.03935 -0.09909
v -0.01666 0.03104 -0.10039
v -0.01666 0.03079 -0.09297
v -0.01645 -0.00668 -0.10160
v -0.01644 -0.01101 -0.06973
v -0.01642 0.03285 -0.09598
v -0.01634 0.01274 -0.10681
v -0.01633 0.02532 -0.01456
v -0.01629 0.02729 -0.10385
v -0.01625 -0.01135 -0.07190
v -0.01621 -0.00665 -0.02711
v -0.01620 0.03558 -0.10052
v -0.01619 0.03109 -0.09297
v -0.01617 0.04158 -0.09205
v -0.01605 0.02710 -0.02717
v -0.01603 0.03787 -0.09362
v -0.01582 0.01035 -0.10657
v -0.01574 0.04432 -0.09777
v -0.01565 -0.01075 -0.09808
v -0.01565 0.04064 -0.09930
v -0.01550 -0.01185 -0.08757
v -0.01547 -0.01198 -0.07977
v -0.01547 0.03676 -0.10075
v -0.01544 0.01837 -0.10582
v -0.01540 0.03281 -0.09288
v -0.01529 0.02719 -0.03907
v -0.01528 -0.00467 -0.00542
v -0.01521 -0.01086 -0.06181
v -0.01513 0.02402 -0.01345
v -0.01503 0.02810 -0.05384
v -0.01498 0.04323 -0.09876
v -0.01490 0.02829 -0.06827
v -0.01485 0.02723 -0.04309
v -0.01480 -0.00628 -0.02380
v -0.01461 0.03087 -0.10341
v -0.01459 0.02873 -0.08922
v -0.01457 -0.00266 -0.00612
v -0.01454 -0.00794 -0.04163
v -0.01453 -0.00452 -0.00564
v -0.01452 -0.01252 -0.09176
v -0.01452 0.03605 -0.09385
v -0.01451 0.02649 -0.01491
v -0.01442 0.00089 -0.10448
v -0.01438 -0.00466 -0.00627
v -0.01437 0.03485 -0.09274
v -0.01426 -0.01034 -0.05575
v -0.01423 0.02855 -0.08748
v -0.01419 0.03841 -0.10093
v -0.01419 0.02447 -0.10590
v -0.01417 0.00152 -0.10486
v -0.01414 0.04072 -0.10096
v -0.01393 0.04014 -0.09188
v -0.01389 0.02821 -0.08508
v -0.01385 0.03731 -0.10228
v -0.01385 -0.01081 -0.05909
v -0.01367 0.02841 -0.05999
v -0.01361 0.03153 -0.09199
v -0.01359 0.03771 -0.09236
v -0.01358 0.03580 -0.10263
v -0.01357 0.01555 -0.10671
v -0.01338 0.02799 -0.06430
v -0.01327 -0.00929 -0.04793
v -0.01326 -0.01187 -0.08646
v -0.01321 -0.00478 -0.00858
v -0.01319 0.01186 -0.10703
v -0.01309 0.03331 -0.10329
v -0.01297 -0.00105 -0.00613
v -0.01290 0.03434 -0.09187
v -0.01288 -0.00715 -0.03575
v -0.01283 0.03411 -0.10314
v -0.01266 -0.01145 -0.06576
v -0.01266 0.02817 -0.10556
v -0.01248 0.02622 -0.10655
v -0.01247 -0.01149 -0.09215
v -0.01234 0.02743 -0.04555
v -0.01232 0.04398 -0.09578
v -0.01213 0.02555 -0.01438
v -0.01208 -0.01125 -0.06116
v -0.01201 0.03849 -0.09308
v -0.01200 0.04204 -0.09435
v -0.01199 0.02333 -0.01200
v -0.01198 0.02955 -0.08912
v -0.01195 -0.00420 -0.00634
v -0.01194 0.02830 -0.05103
v -0.01193 -0.00423 -0.00651
v -0.01190 -0.00928 -0.09677
v -0.01178 0.03917 -0.10188
v -0.01176 0.02777 -0.06685
v -0.01170 0.03956 -0.10181
v -0.01168 0.04131 -0.09343
v -0.01166 0.02797 -0.07539
v -0.01166 0.02658 -0.03611
v -0.01154 0.02996 -0.09023
v -0.01151 -0.00516 -0.01411
v -0.01140 0.02153 -0.10628
v -0.01138 -0.01017 -0.05222
v -0.01134 0.01119 -0.10666
v -0.01132 0.02879 -0.05665
v -0.01109 0.02471 -0.01238
v -0.01106 0.03932 -0.10204
v -0.01090 -0.00382 -0.00598
v -0.01075 -0.01177 -0.07136
v -0.01060 0.04260 -0.09753
v -0.01047 0.03635 -0.10349
v -0.01043 0.02553 -0.10619
v -0.01040 -0.00597 -0.02182
v -0.01034 0.02373 -0.01107
v -0.01011 0.02474 -0.01051
v -0.01009 -0.01234 -0.08763
v -0.01008 -0.00353 -0.00508
v -0.00993 0.02474 -0.01188
v -0.00982 -0.01170 -0.06774
v -0.00962 0.03420 -0.09198
v -0.00953 0.02445 -0.01034
v -0.00948 -0.01210 -0.07632
v -0.00939 0.02883 -0.08957
v -0.00924 0.02688 -0.08556
v -0.00924 -0.00276 -0.00428
v -0.00911 0.01594 -0.01012
v -0.00906 -0.00322 -0.00436
v -0.00903 -0.01262 -0.08180
v -0.00891 -0.00306 -0.00417
v -0.00874 -0.00284 -0.00385
v -0.00872 -0.01096 -0.05896
v -0.00871 0.02735 -0.08713
v -0.00854 -0.01119 -0.06575
v -0.00850 0.02981 -0.10452
v -0.00844 -0.00290 -0.00381
v -0.00843 0.01897 -0.10595
v -0.00834 -0.00272 -0.00376
v -0.00818 0.03877 -0.09416
v -0.00817 -0.00291 -0.00364
v -0.00810 -0.00655 -0.03541
v -0.00802 -0.00403 -0.10016
v -0.00795 -0.00543 -0.01750
v -0.00791 -0.00301 -0.00422
v -0.00758 0.02674 -0.08846
v -0.00749 0.03793 -0.09405
v -0.00747 -0.01234 -0.08809
v -0.00742 0.00700 -0.00749
v -0.00725 0.01494 -0.10549
v -0.00710 0.01355 -0.00952
v -0.00705 0.04063 -0.09788
v -0.00704 -0.00252 -0.00365
v -0.00702 0.02633 -0.04220
v -0.00701 -0.00256 -0.00367
v -0.00681 -0.01060 -0.09177
v -0.00671 -0.00690 -0.09709
v -0.00664 0.03719 -0.10240
v -0.00654 -0.01056 -0.05626
v -0.00637 -0.00012 -0.10210
v -0.00631 -0.00236 -0.00332
v -0.00626 0.01878 -0.00871
v -0.00623 -0.00581 -0.03113
v -0.00610 0.03224 -0.09224
v -0.00607 0.01633 -0.10508
v -0.00599 0.02346 -0.10492
v -0.00596 -0.00675 -0.03692
v -0.00577 0.02663 -0.08974
v -0.00571 0.02283 -0.00950
v -0.00545 -0.00130 -0.00347
v -0.00544 0.02773 -0.05168
v -0.00543 -0.00448 -0.01336
v -0.00532 0.02612 -0.10398
v -0.00503 0.02539 -0.08052
v -0.00496 -0.00994 -0.05267
v -0.00495 -0.00173 -0.00332
v -0.00485 -0.01192 -0.07828
v -0.00481 0.02311 -0.01375
v -0.00478 -0.00153 -0.00329
v -0.00477 -0.00510 -0.02018
v -0.00477 -0.01267 -0.08737
v -0.00460 -0.00148 -0.00312
v -0.00448 -0.01054 -0.06515
v -0.00445 -0.01260 -0.08780
v -0.00441 0.00602 -0.10401
v -0.00434 -0.00315 -0.00837
v -0.00434 0.03526 -0.09503
v -0.00422 0.03046 -0.09254
v -0.00404 -0.01257 -0.08280
v -0.00387 0.02738 -0.05601
v -0.00384 0.02135 -0.00871
v -0.00382 -0.00234 -0.00564
v -0.00378 0.03757 -0.09726
v -0.00370 0.03345 -0.10182
v -0.00368 0.01531 -0.10361
v -0.00347 0.01990 -0.00746
v -0.00331 -0.00096 -0.00281
v -0.00322 0.03422 -0.09606
v -0.00320 -0.00076 -0.00236
v -0.00320 -0.00075 -0.00293
v -0.00319 0.03576 -0.09943
v -0.00316 -0.00008 -0.00311
v -0.00315 0.01797 -0.00655
v -0.00294 0.02473 -0.09027
v -0.00274 -0.00096 -0.00364
v -0.00271 -0.00435 -0.01616
v -0.00262 0.02065 -0.00818
v -0.00251 0.00002 -0.00161
v -0.00240 0.00041 -0.00094
v -0.00233 0.02282 -0.02547
v -0.00228 0.03308 -0.09696
v -0.00224 -0.01006 -0.05891
v -0.00222 0.03299 -0.09712
v -0.00217 0.01925 -0.00569
v -0.00213 0.00056 -0.00191
v -0.00212 0.02725 -0.10171
v -0.00210 0.02422 -0.07372
v -0.00207 0.02316 -0.08706
v -0.00206 0.00043 -0.00181
v -0.00197 0.00063 -0.00152
v -0.00196 -0.00474 -0.02572
v -0.00187 0.00018 -0.00231
v -0.00185 -0.00363 -0.01267
v -0.00179 0.02232 -0.10114
v -0.00178 0.01998 -0.00564
v -0.00178 0.00119 -0.00207
v -0.00175 0.00049 -0.00189
v -0.00172 -0.00980 -0.05375
v -0.00161 -0.00832 -0.04424
v -0.00161 0.02076 -0.00882
v -0.00160 -0.00607 -0.03519
v -0.00153 0.03048 -0.09673
v -0.00149 -0.00252 -0.00959
v -0.00139 0.02413 -0.06932
v -0.00127 0.02502 -0.06336
v -0.00121 0.00804 -0.10251
v -0.00120 0.00116 -0.00170
v -0.00116 0.02809 -0.09965
v -0.00112 0.01945 -0.00528
v -0.00101 0.00165 -0.00122
v -0.00093 0.02629 -0.05038
v -0.00093 0.01751 -0.10157
v -0.00079 0.02411 -0.09684
v -0.00076 0.02398 -0.09624
v -0.00066 0.02458 -0.04042
v -0.00058 0.00192 -0.00155
v -0.00055 0.01891 -0.10051
v -0.00052 -0.00806 -0.09248
v -0.00046 0.01896 -0.00535
v -0.00031 0.02329 -0.03236
v -0.00028 0.00246 -0.00208
v -0.00027 0.00284 -0.10150
v -0.00026 -0.00392 -0.01925
v -0.00021 -0.01101 -0.07969
v -0.00014 0.02122 -0.09648
v 0.00017 0.00248 -0.00197
v 0.00023 0.01661 -0.00558
v 0.00029 0.00382 -0.00346
v 0.00042 0.01055 -0.00693
v 0.00047 0.02115 -0.01804
v 0.00048 -0.01004 -0.08906
v 0.00050 0.00259 -0.00194
v 0.00050 0.02396 -0.03979
v 0.00056 0.02548 -0.05804
v 0.00071 0.01283 -0.10031
v 0.00076 -0.01091 -0.08398
v 0.00083 0.01768 -0.00586
v 0.00087 0.02074 -0.09323
v 0.00110 0.01809 -0.00637
v 0.00120 0.02229 -0.07760
v 0.00123 0.00339 -0.00239
v 0.00145 0.01732 -0.09729
v 0.00155 -0.00725 -0.03989
v 0.00160 0.00910 -0.10052
v 0.00163 -0.00992 -0.07423
v 0.00163 -0.00957 -0.05518
v 0.00201 -0.00020 -0.09872
v 0.00201 -0.00964 -0.06044
v 0.00204 0.02359 -0.06243
v 0.00234 0.01601 -0.00479
v 0.00238 -0.00217 -0.01462
v 0.00247 0.01745 -0.00776
v 0.00248 0.01555 -0.00415
v 0.00257 0.01481 -0.00462
v 0.00260 -0.00637 -0.03672
v 0.00260 0.00177 -0.00655
v 0.00261 0.02468 -0.05601
v 0.00296 0.01468 -0.00429
v 0.00297 0.01418 -0.00414
v 0.00302 -0.00287 -0.02044
v 0.00302 0.00960 -0.00608
v 0.00307 0.00526 -0.00349
v 0.00321 0.01476 -0.00479
v 0.00321 0.02053 -0.02667
v 0.00350 -0.00847 -0.04684
v 0.00357 -0.00270 -0.09619
v 0.00361 0.02027 -0.08022
v 0.00369 0.01267 -0.00445
v 0.00372 -0.00904 -0.06862
v 0.00379 -0.00660 -0.03906
v 0.00389 0.02382 -0.05262
v 0.00392 0.01315 -0.00404
v 0.00392 0.01798 -0.01277
v 0.00394 0.00594 -0.00405
v 0.00399 0.01292 -0.00426
v 0.00400 0.01289 -0.00394
v 0.00405 0.00562 -0.00403
v 0.00411 -0.00895 -0.07346
v 0.00413 0.02281 -0.06069
v 0.00429 -0.00340 -0.02880
v 0.00436 -0.00181 -0.01946
v 0.00436 0.01255 -0.00422
v 0.00436 -0.00770 -0.04372
v 0.00447 0.00006 -0.01252
v 0.00452 0.01778 -0.01437
v 0.00463 -0.00903 -0.08083
v 0.00464 -0.00999 -0.06022
v 0.00473 -0.00100 -0.01550
v 0.00483 0.01663 -0.01045
v 0.00485 0.01458 -0.00745
v 0.00487 0.00287 -0.00843
v 0.00509 0.01903 -0.02453
v 0.00533 0.00650 -0.09757
v 0.00538 -0.00251 -0.02495
v 0.00542 0.01033 -0.00533
v 0.00544 -0.00414 -0.03202
v 0.00544 0.01809 -0.02002
v 0.00562 0.00892 -0.00535
v 0.00580 -0.00182 -0.02286
v 0.00605 -0.00865 -0.06347
v 0.00615 0.00881 -0.00611
v 0.00646 0.01917 -0.03131
v 0.00647 0.01669 -0.01723
v 0.00649 -0.00824 -0.04950
v 0.00653 -0.00780 -0.08534
v 0.00655 0.01690 -0.08892
v 0.00662 0.01866 -0.07889
v 0.00671 0.00775 -0.00736
v 0.00689 0.01359 -0.01075
v 0.00690 0.01129 -0.09495
v 0.00694 -0.00607 -0.03947
v 0.00702 0.01260 -0.01018
v 0.00707 0.00371 -0.01211
v 0.00709 0.01793 -0.02767
v 0.00718 -0.00684 -0.08791
v 0.00726 -0.00433 -0.09172
v 0.00729 0.01676 -0.08522
v 0.00732 -0.00651 -0.04127
v 0.00732 0.02079 -0.05855
v 0.00739 -0.00562 -0.04024
v 0.00741 -0.00108 -0.02447
v 0.00742 0.01227 -0.09362
v 0.00752 -0.01007 -0.05552
v 0.00754 -0.00725 -0.07011
v 0.00761 -0.00693 -0.04420
v 0.00762 -0.00197 -0.03024
v 0.00764 -0.00856 -0.06391
v 0.00772 0.01884 -0.03452
v 0.00773 0.00268 -0.09493
v 0.00789 0.01907 -0.06786
v 0.00800 -0.00757 -0.06702
v 0.00807 0.01051 -0.01199
v 0.00821 0.01466 -0.08959
v 0.00823 -0.00131 -0.09325
v 0.00832 -0.01071 -0.05967
v 0.00835 -0.00630 -0.04201
v 0.00840 0.00966 -0.01143
v 0.00844 0.01366 -0.01736
v 0.00848 -0.00653 -0.08439
v 0.00854 -0.00156 -0.03056
v 0.00861 -0.00683 -0.06597
v 0.00864 0.01214 -0.01459
v 0.00865 0.02034 -0.05180
v 0.00873 -0.00756 -0.05028
v 0.00876 0.01148 -0.01332
v 0.00877 0.01035 -0.01458
v 0.00877 -0.00361 -0.03604
v 0.00896 0.00492 -0.01653
v 0.00908 0.01686 -0.03078
v 0.00910 -0.00489 -0.08917
v 0.00911 -0.00599 -0.07586
v 0.00916 -0.00850 -0.05161
v 0.00919 0.01043 -0.09235
v 0.00951 0.00443 -0.09310
v 0.00969 0.01000 -0.01649
v 0.00977 -0.00991 -0.05582
v 0.00981 0.01353 -0.02347
v 0.00987 -0.00837 -0.06280
v 0.00987 -0.00453 -0.04146
v 0.00990 -0.00609 -0.04648
v 0.01011 0.01812 -0.04109
v 0.01018 0.01918 -0.05176
v 0.01019 0.01548 -0.07986
v 0.01020 0.01808 -0.04124
v 0.01026 0.00184 -0.02612
v 0.01030 0.01049 -0.02064
v 0.01030 0.00912 -0.01951
v 0.01041 0.00892 -0.02018
v 0.01043 0.01638 -0.07681
v 0.01046 -0.00285 -0.09048
v 0.01048 0.00476 -0.02230
v 0.01049 0.01707 -0.03757
v 0.01068 0.00494 -0.02270
v 0.01068 0.00455 -0.02218
v 0.01071 0.00812 -0.09054
v 0.01079 -0.00364 -0.07153
v 0.01092 0.01232 -0.02532
v 0.01103 -0.00710 -0.05173
v 0.01111 0.01181 -0.08521
v 0.01113 -0.01116 -0.05889
v 0.01118 0.01010 -0.02338
v 0.01123 0.01830 -0.04770
v 0.01126 -0.00115 -0.03758
v 0.01129 0.01513 -0.03385
v 0.01133 -0.00501 -0.06644
v 0.01137 0.01363 -0.02991
v 0.01139 -0.00844 -0.05423
v 0.01142 -0.00986 -0.05626
v 0.01164 0.01790 -0.04658
v 0.01173 0.01163 -0.02672
v 0.01184 0.01115 -0.02855
v 0.01199 0.01716 -0.04698
v 0.01203 0.00901 -0.02671
v 0.01207 -0.00398 -0.04822
v 0.01216 -0.00951 -0.06051
v 0.01220 -0.00124 -0.07226
v 0.01236 0.01721 -0.04890
v 0.01236 0.01731 -0.04419
v 0.01243 0.01188 -0.08107
v 0.01248 0.01703 -0.04752
v 0.01249 -0.00634 -0.06177
v 0.01265 0.00384 -0.03241
v 0.01265 0.01548 -0.04075
v 0.01275 0.01535 -0.05831
v 0.01276 0.01461 -0.06422
v 0.01282 0.01033 -0.03005
v 0.01285 0.01437 -0.07230
v 0.01286 0.01361 -0.03706
v 0.01295 -0.00194 -0.08321
v 0.01317 0.01572 -0.04611
v 0.01320 0.00195 -0.08734
v 0.01325 0.01157 -0.03547
v 0.01327 0.01536 -0.04397
v 0.01341 0.01169 -0.03352
v 0.01347 -0.00625 -0.05880
v 0.01357 0.00923 -0.03353
v 0.01361 0.00506 -0.08544
v 0.01364 0.01182 -0.03809
v 0.01396 0.00629 -0.08259
v 0.01401 0.01206 -0.07487
v 0.01407 0.01425 -0.05455
v 0.01412 0.01262 -0.06933
v 0.01436 -0.00378 -0.05569
v 0.01443 0.00998 -0.03808
v 0.01450 0.01134 -0.04049
v 0.01456 0.00093 -0.04703
v 0.01456 0.00428 -0.07287
v 0.01461 0.01279 -0.04385
v 0.01470 0.00480 -0.07590
v 0.01478 0.01355 -0.05017
v 0.01483 0.01200 -0.06264
v 0.01489 0.01232 -0.05594
v 0.01490 0.00813 -0.07681
v 0.01511 0.00551 -0.04353
v 0.01512 0.00945 -0.07296
v 0.01532 0.00967 -0.04355
v 0.01546 0.01148 -0.06479
v 0.01552 0.01138 -0.06219
v 0.01565 0.00633 -0.07039
v 0.01573 0.01057 -0.05380
v 0.01586 0.01013 -0.06704
v 0.01608 0.00038 -0.06302
v 0.01630 0.00893 -0.05057
v 0.01635 0.00682 -0.05009
v 0.01681 0.00724 -0.05358
v 0.01687 0.00672 -0.06455
v 0.01696 0.00242 -0.05855
v 0.01731 0.00668 -0.05785
v 0.01742 0.00466 -0.06272
vn -0.8213 -0.5218 0.2304
vn -0.9517 0.1029 0.2892
vn -0.8089 -0.1387 -0.5713
vn -0.5618 -0.2865 0.7761
vn -0.8101 0.3466 -0.4729
vn -0.2820 0.2218 0.9334
vn -0.3555 0.8683 0.3460
vn -0.6478 0.7527 -0.1177
vn -0.6873 -0.6831 0.2468
vn -0.5922 0.0528 -0.8040
vn -0.7180 -0.6960 0.0037
vn -0.4393 -0.5430 0.7157
vn -0.0199 0.7196 -0.6941
vn -0.4064 -0.6199 0.6712
vn -0.4890 -0.8588 -0.1529
vn -0.5583 -0.2749 -0.7828
vn -0.1815 0.9622 -0.2031
vn -0.0100 0.9401 0.3407
vn -0.1203 0.1422 0.9825
vn 0.1024 0.7111 0.6956
vn -0.3213 0.4043 -0.8563
vn 0.0372 -0.2433 0.9692
vn -0.3348 0.3615 -0.8702
vn -0.2809 -0.7518 0.5966
vn -0.4380 -0.0245 -0.8986
vn -0.2309 -0.4679 0.8531
vn 0.0317 0.9788 -0.2023
vn -0.3180 0.3414 -0.8845
vn -0.0099 -0.3365 0.9416
vn -0.8319 0.5514 0.0618
vn -0.6793 -0.4877 -0.5483
vn -0.4138 -0.4648 -0.7827
vn -0.0380 0.7937 -0.6071
vn 0.2399 0.6583 0.7135
vn -0.1012 -0.6399 0.7617
vn -0.7786 0.3321 0.5325
vn -0.4976 0.7452 -0.4439
vn -0.8080 0.1386 0.5726
vn -0.5151 0.5577 -0.6509
vn -0.3169 0.8353 0.4492
vn -0.4048 0.2003 0.8922
vn -0.0508 -0.1876 0.9809
vn -0.7240 -0.6527 -0.2231
vn -0.5058 0.7342 0.4528
vn -0.2437 0.7594 -0.6033
vn -0.4895 -0.6334 0.5993
vn -0.7487 0.6300 0.2062
vn -0.7774 0.4128 0.4747
vn -0.4045 0.4393 0.8021
vn -0.6064 -0.5701 0.5543
vn -0.6108 -0.5587 0.5611
vn 0.1585 0.0586 0.9856
vn -0.7290 -0.3993 0.5560
vn -0.3225 -0.4702 -0.8215
vn -0.9183 0.3303 0.2184
vn -0.7353 0.4985 0.4592
vn -0.3270 0.5738 -0.7508
vn -0.3431 -0.0819 -0.9357
vn -0.6949 0.4451 -0.5648
vn -0.7798 0.4549 0.4301
vn -0.7675 0.2031 0.6081
vn -0.8258 0.5223 -0.2129
vn -0.3127 -0.9498 -0.0095
vn 0.0574 -0.3838 0.9216
vn -0.6562 0.0009 0.7545
vn -0.7645 0.6289 -0.1418
vn -0.5930 0.3473 -0.7264
vn -0.3389 0.2334 0.9114
vn -0.3516 0.4402 -0.8262
vn -0.6736 0.4124 0.6133
vn -0.3393 -0.1275 -0.9320
vn -0.6140 -0.0465 0.7880
vn -0.1006 -0.7629 0.6386
vn -0.7999 0.5096 0.3170
vn -0.6468 -0.0159 0.7625
vn -0.0307 -0.9816 0.1885
vn -0.2449 -0.3591 0.9006
vn -0.3799 -0.6878 -0.6185
vn -0.4971 0.3791 -0.7805
vn -0.1282 -0.5228 0.8428
vn -0.8204 0.4078 -0.4009
vn -0.9939 -0.0920 0.0613
vn -0.4550 -0.8576 -0.2398
vn -0.8045 0.2622 0.5329
vn -0.9455 0.2906 0.1470
vn -0.7395 -0.5703 -0.3577
vn -0.6366 0.4318 0.6390
vn -0.8700 0.4926 0.0215
vn -0.9230 0.3122 -0.2248
vn -0.9874 0.0809 0.1356
vn -0.9038 0.4274 -0.0204
vn -0.2970 -0.6371 -0.7113
vn -0.5149 0.3927 -0.7620
vn -0.6517 0.0033 0.7584
vn -0.8602 -0.5092 0.0294
vn -0.6249 -0.1523 -0.7657
vn -0.6959 0.1167 -0.7086
vn -0.0865 -0.9655 0.2457
vn -0.5292 0.1234 -0.8394
vn -0.8390 -0.1366 -0.5267
vn -0.8874 -0.4382 0.1433
vn -0.8460 0.5318 -0.0400
vn -0.9921 0.0492 0.1152
vn 0.1673 -0.5024 0.8483
vn -0.7676 0.5019 0.3985
vn -0.2970 0.1475 0.9434
vn -0.8200 0.5494 -0.1607
vn -0.4872 0.5798 0.6530
vn -0.5799 -0.1653 -0.7977
vn -0.9498 -0.2311 0.2110
vn -0.0693 -0.0579 0.9959
vn -0.3727 -0.3011 0.8777
vn -0.9637 -0.2245 0.1446
vn -0.5740 -0.7755 -0.2629
vn -0.8978 -0.1178 0.4244
vn -0.1888 -0.3171 0.9294
vn -0.0219 -0.2267 0.9737
vn -0.9024 -0.3711 0.2190
vn -0.8719 0.4348 -0.2254
vn -0.3125 -0.3540 0.8815
vn -0.8113 0.3468 0.4706
vn -0.9512 0.2793 0.1308
vn -0.7279 0.1517 -0.6687
vn -0.9205 0.2897 -0.2621
vn 0.2046 -0.5947 0.7775
vn -0.9605 0.2776 -0.0220
vn -0.0926 -0.1465 0.9849
vn -0.8932 0.4496 0.0040
vn -0.9323 -0.1416 0.3329
vn -0.4857 0.5493 0.6799
vn -0.2090 -0.9603 0.1849
vn -0.6017 0.0022 0.7987
vn -0.2519 0.3961 0.8830
vn -0.9032 0.3603 -0.2332
vn -0.3575 -0.2163 -0.9085
vn -0.0172 -0.6528 0.7573
vn -0.4591 -0.2941 0.8383
vn -0.6726 -0.3124 0.6708
vn -0.6716 -0.7225 0.1645
vn -0.8936 0.3832 -0.2335
vn -0.8832 0.3952 0.2524
vn -0.4948 -0.1250 -0.8600
vn -0.0461 -0.2497 0.9672
vn -0.8318 -0.3052 0.4637
vn -0.4846 -0.8742 -0.0312
vn -0.5212 -0.4675 0.7140
vn -0.9457 0.3100 -0.0983
vn -0.8371 0.5431 -0.0658
vn -0.7534 0.0909 -0.6513
vn -0.9819 0.0883 -0.1674
vn -0.1988 0.5439 0.8152
vn -0.9108 0.2871 -0.2968
vn -0.8853 0.0903 0.4563
vn -0.7685 0.1262 0.6272
vn -0.8094 0.2979 -0.5061
vn -0.9662 0.2455 0.0791
vn -0.8004 -0.5336 0.2732
vn -0.7643 -0.0812 0.6397
vn -0.3547 -0.3604 -0.8627
vn -0.1598 0.1934 0.9680
vn -0.9479 0.0615 -0.3126
vn -0.9377 -0.2493 -0.2422
vn -0.8703 0.3942 0.2952
vn -0.7811 -0.4952 -0.3803
vn -0.1282 0.0455 0.9907
vn -0.7086 0.1839 -0.6813
vn -0.9596 0.0377 0.2787
vn -0.9846 0.1232 -0.1244
vn -0.9718 0.2289 -0.0570
vn -0.9559 -0.1157 0.2700
vn -0.9385 0.2950 0.1795
vn -0.9600 0.2622 -0.0981
vn -0.9898 -0.0185 -0.1413
vn -0.9829 0.0230 -0.1825
vn 0.1298 -0.9712 0.1999
vn -0.3667 -0.9103 -0.1920
vn -0.8459 0.1087 -0.5221
vn -0.8531 0.1342 0.5042
vn -0.9918 0.1239 -0.0302
vn -0.9616 0.0767 0.2636
vn -0.9662 0.0628 -0.2501
vn -0.9403 0.2936 -0.1719
vn -0.5839 -0.8072 0.0864
vn -0.2626 -0.8113 -0.5223
vn -0.7894 -0.5635 0.2435
vn -0.6185 -0.5100 0.5978
vn -0.8879 0.3496 0.2990
vn -0.9428 -0.3275 0.0619
vn -0.9968 0.0686 -0.0409
vn 0.2311 -0.0261 0.9726
vn -0.9559 -0.2861 -0.0660
vn -0.1485 -0.8171 0.5570
vn -0.8939 0.4380 -0.0954
vn -0.7475 0.5398 0.3872
vn -0.9926 0.1137 -0.0419
vn -0.9844 0.0476 0.1695
vn -0.8971 0.2435 0.3688
vn -0.3764 0.0472 0.9253
vn -0.2799 0.2147 0.9357
vn -0.6195 -0.0300 0.7844
vn -0.8934 -0.3115 0.3236
vn -0.9662 0.2415 -0.0899
vn -0.9795 -0.0200 -0.2005
vn -0.8425 0.3658 0.3954
vn -0.1152 -0.3135 0.9426
vn -0.4846 0.7631 0.4276
vn -0.6625 0.0648 -0.7463
vn -0.9318 -0.3598 0.0468
vn -0.6880 0.1032 -0.7183
vn -0.7159 0.2175 -0.6634
vn -0.9879 0.1492 -0.0426
vn -0.7869 0.6017 0.1370
vn -0.0104 0.0589 0.9982
vn -0.5173 -0.7937 0.3201
vn -0.2560 -0.8159 0.5184
vn -0.8995 0.4296 -0.0799
vn -0.8931 0.4417 -0.0858
vn -0.9145 0.3885 0.1134
vn -0.8283 0.5391 -0.1524
vn -0.9044 0.3995 0.1499
vn -0.8897 0.4261 -0.1642
vn 0.1709 0.2429 0.9549
vn -0.7295 -0.0180 -0.6838
vn -0.7278 -0.5060 0.4629
vn -0.1636 0.9856 0.0430
vn -0.1643 0.0553 0.9849
vn -0.9006 0.4321 -0.0472
vn -0.0281 -0.8907 -0.4537
vn 0.0517 -0.6294 0.7754
vn 0.2236 -0.7190 0.6580
vn 0.1347 0.1034 0.9855
vn -0.8992 -0.4311 -0.0745
vn -0.7783 0.2573 0.5728
vn -0.8190 0.3984 -0.4129
vn -0.1683 -0.8319 0.5288
vn -0.6871 0.1357 -0.7138
vn -0.6880 0.5830 -0.4320
vn -0.8873 -0.0279 -0.4604
vn -0.8053 0.5895 -0.0632
vn 0.1543 -0.5488 0.8216
vn -0.6048 0.0893 -0.7914
vn -0.3068 0.1396 0.9415
vn -0.6607 -0.7253 -0.1938
vn -0.5185 0.8479 -0.1101
vn -0.4694 -0.8401 -0.2720
vn -0.5889 0.4925 0.6408
vn -0.2175 0.4297 0.8764
vn -0.5744 -0.7988 -0.1791
vn -0.9049 0.4235 -0.0427
vn -0.2609 0.6176 -0.7419
vn -0.9380 0.2871 -0.1944
vn -0.2614 -0.9637 -0.0547
vn -0.2921 -0.9563 0.0133
vn -0.8207 0.0799 -0.5657
vn -0.8704 0.4889 -0.0575
vn -0.1288 0.9185 -0.3738
vn -0.2208 0.5796 0.7845
vn -0.5920 0.1318 -0.7951
vn -0.2764 0.8315 0.4819
vn -0.4883 -0.7930 0.3643
vn -0.0516 0.3243 0.9445
vn 0.0544 0.7854 0.6166
vn 0.0493 0.7860 0.6163
vn -0.5340 -0.0075 -0.8455
vn -0.8686 -0.4872 0.0908
vn -0.2457 0.1364 0.9597
vn -0.6175 0.3523 -0.7032
vn -0.0505 0.5837 0.8104
vn -0.0961 -0.6795 -0.7274
vn -0.7857 -0.6104 0.1003
vn -0.0058 0.9997 0.0257
vn -0.2230 0.5543 -0.8019
vn -0.8527 0.5101 -0.1131
vn 0.0445 0.9888 0.1421
vn -0.5353 0.3953 -0.7464
vn -0.2063 0.8295 0.5191
vn -0.4326 -0.8141 0.3873
vn -0.2733 0.8233 0.4974
vn -0.4659 0.2078 -0.8601
vn -0.7144 0.0939 -0.6934
vn -0.8390 0.5437 -0.0216
vn -0.3708 -0.0760 -0.9256
vn 0.0977 0.4744 0.8748
vn -0.8103 -0.5827 0.0629
vn -0.3332 -0.9294 -0.1589
vn 0.2780 -0.8584 0.4311
vn 0.3664 0.2597 -0.8935
vn -0.2133 0.2066 0.9549
vn -0.5996 -0.7942 0.0986
vn -0.8107 0.4039 0.4239
vn -0.7346 -0.6783 -0.0190
vn -0.8042 -0.5883 0.0852
vn -0.2781 0.9281 0.2477
vn -0.6226 -0.7790 0.0748
vn -0.6927 0.2232 -0.6859
vn -0.6257 -0.7787 0.0468
vn 0.3018 0.5227 -0.7973
vn -0.2981 0.3213 -0.8988
vn -0.2432 0.8859 0.3950
vn -0.6051 0.0182 -0.7959
vn -0.6981 0.5684 -0.4354
vn 0.2250 -0.5474 0.8061
vn -0.0428 -0.7394 0.6719
vn -0.4859 0.5750 0.6582
vn -0.6256 0.1782 -0.7595
vn 0.0356 0.9984 -0.0429
vn -0.1700 0.6149 -0.7701
vn -0.1666 0.1999 0.9656
vn -0.7913 0.5388 0.2890
vn 0.2043 0.6631 0.7201
vn -0.7146 0.6990 -0.0288
vn -0.3121 -0.9472 -0.0732
vn -0.2600 0.8039 0.5349
vn 0.0982 0.8047 0.5855
vn -0.2367 0.4603 0.8556
vn 0.2118 0.3495 -0.9127
vn 0.2421 -0.9683 -0.0611
vn -0.1666 0.9351 0.3126
vn -0.2100 0.3158 0.9253
vn -0.3947 -0.0568 0.9170
vn -0.0635 -0.5311 -0.8450
vn 0.4970 0.1758 0.8498
vn -0.4276 0.0209 -0.9037
vn -0.2143 -0.3545 -0.9102
vn 0.3458 -0.8841 0.3143
vn 0.0199 0.3591 0.9331
vn -0.4624 -0.8825 -0.0856
vn -0.2700 0.4583 -0.8468
vn 0.5128 0.5906 0.6231
vn -0.4846 0.5314 0.6948
vn 0.2214 0.1653 0.9611
vn 0.2073 0.7628 -0.6125
vn -0.1020 0.9948 0.0035
vn -0.1459 0.2209 0.9643
vn -0.1349 0.3117 0.9406
vn -0.2835 -0.9504 0.1281
vn 0.1012 0.4576 0.8834
vn -0.4354 -0.0345 -0.8996
vn 0.4888 -0.8503 -0.1952
vn 0.0275 0.9530 -0.3016
vn -0.8008 0.5942 -0.0753
vn -0.7137 0.6999 -0.0260
vn -0.1648 0.9111 -0.3778
vn 0.3649 0.9101 -0.1964
vn 0.2658 -0.6773 0.6860
vn -0.5994 0.4964 0.6279
vn -0.5578 0.0723 -0.8268
vn 0.5755 -0.2037 0.7920
vn 0.4304 -0.8813 0.1950
vn 0.0644 0.8988 -0.4337
vn -0.5811 0.1468 -0.8005
vn -0.6421 0.1949 -0.7415
vn -0.4051 0.0365 -0.9136
vn -0.2934 -0.9560 -0.0061
vn 0.4645 -0.8057 0.3676
vn 0.3959 0.9157 0.0688
vn 0.0720 0.6695 0.7393
vn -0.1633 -0.9863 0.0217
vn -0.5352 -0.8446 0.0111
vn -0.7124 0.6004 0.3633
vn -0.5671 -0.8102 0.1480
vn 0.1144 0.9365 0.3315
vn -0.2619 -0.9120 0.3158
vn -0.7858 0.6119 -0.0899
vn -0.6522 0.7546 -0.0719
vn -0.2971 0.3188 -0.9001
vn -0.6257 0.1985 -0.7544
vn -0.5035 -0.0287 0.8635
vn 0.0034 -0.7295 0.6840
vn -0.5110 0.0509 -0.8581
vn -0.0516 -0.8635 0.5017
vn -0.0702 -0.9974 -0.0146
vn 0.2262 -0.9078 -0.3533
vn -0.4546 -0.8904 0.0222
vn -0.7896 0.6134 0.0175
vn -0.5293 -0.8426 0.0992
vn -0.4800 0.8418 -0.2469
vn -0.2445 0.2691 0.9316
vn -0.7793 0.6078 0.1527
vn 0.1593 0.8926 0.4218
vn -0.3163 0.8278 0.4633
vn -0.7016 0.7085 -0.0763
vn -0.5261 0.4360 -0.7301
vn -0.2078 0.5585 0.8031
vn 0.5307 0.8476 -0.0073
vn -0.0080 -0.9992 0.0400
vn -0.0452 -0.2441 -0.9687
vn -0.4148 -0.8966 0.1551
vn -0.5271 0.8493 -0.0306
vn -0.4552 0.3024 0.8375
vn -0.4625 -0.0439 -0.8855
vn 0.1156 -0.8158 0.5666
vn -0.0027 -1.0000 -0.0053
vn 0.0437 0.9990 -0.0071
vn 0.1966 -0.9574 -0.2113
vn -0.0541 0.9970 0.0557
vn -0.1922 0.6499 0.7353
vn -0.9773 0.0671 0.2008
vn -0.1292 -0.1975 -0.9717
vn -0.8340 -0.5517 -0.0055
vn -0.0188 0.9961 0.0864
vn -0.3450 0.2717 0.8984
vn -0.8074 -0.3194 0.4960
vn -0.5100 0.8602 -0.0030
vn -0.9489 0.2862 -0.1332
vn -0.1382 0.9612 0.2386
vn -0.6646 0.1662 0.7285
vn -0.5683 0.8216 0.0443
vn 0.1116 0.8001 -0.5895
vn -0.1657 0.4327 0.8862
vn -0.2810 -0.9310 0.2332
vn -0.2749 0.9590 -0.0696
vn 0.0611 -0.3289 -0.9424
vn -0.3822 0.4323 -0.8167
vn 0.2006 0.9661 -0.1626
vn 0.2320 0.9394 -0.2525
vn 0.0686 0.9969 -0.0389
vn -0.5940 0.1202 0.7954
vn -0.4971 0.7772 -0.3858
vn -0.6650 -0.5499 0.5053
vn -0.4334 0.9011 -0.0109
vn -0.5936 0.5919 -0.5452
vn -0.5940 0.1874 -0.7823
vn -0.2210 -0.1580 -0.9624
vn -0.0754 -0.9960 0.0480
vn 0.3220 0.9363 0.1400
vn 0.4015 -0.8511 0.3382
vn 0.0073 0.5863 0.8100
vn -0.5104 -0.2453 0.8242
vn -0.7718 -0.2338 -0.5913
vn 0.5981 -0.7995 -0.0552
vn -0.0219 0.9961 -0.0859
vn -0.4421 0.0313 -0.8964
vn -0.6759 0.3575 -0.6445
vn 0.5381 -0.8320 0.1352
vn -0.1570 -0.9839 0.0855
vn -0.3277 -0.9352 0.1342
vn -0.4907 0.8707 -0.0340
vn -0.3482 -0.0482 -0.9362
vn -0.3190 0.2020 0.9260
vn -0.5763 0.7730 0.2652
vn 0.0543 -0.9983 -0.0201
vn -0.4951 0.8096 0.3153
vn 0.0958 0.9949 -0.0305
vn -0.2785 0.9594 0.0447
vn -0.1841 -0.7535 0.6312
vn 0.1646 0.9863 0.0086
vn -0.2965 0.5334 0.7922
vn -0.2127 -0.7371 0.6414
vn -0.6132 0.3408 -0.7126
vn 0.1041 0.9879 0.1149
vn -0.4231 -0.1526 0.8932
vn -0.5607 -0.6124 -0.5573
vn -0.5905 0.5083 -0.6268
vn -0.2949 -0.9555 0.0117
vn -0.4552 0.8292 -0.3242
vn -0.2995 -0.9454 0.1288
vn -0.3639 -0.9290 0.0681
vn 0.2287 -0.7313 -0.6426
vn 0.2187 0.9739 0.0614
vn -0.4622 -0.4510 0.7635
vn -0.4895 0.8687 -0.0756
vn 0.0652 0.8341 0.5478
vn -0.5044 0.1227 -0.8547
vn -0.1677 -0.9821 0.0853
vn -0.4338 0.2743 0.8583
vn -0.2045 0.9635 0.1725
vn 0.1194 0.9915 0.0525
vn -0.0144 -0.9835 0.1805
vn 0.0463 -0.9987 -0.0191
vn 0.0747 0.9964 -0.0407
vn -0.5594 0.2787 -0.7806
vn -0.7682 0.0424 -0.6388
vn 0.1364 -0.5077 -0.8507
vn 0.0000 0.0000 0.0000
vn 0.5464 -0.8233 0.1535
vn -0.6934 -0.6201 0.3671
vn -0.3184 0.9440 0.0864
vn -0.1693 0.9844 0.0485
vn -0.1227 0.9920 -0.0299
vn 0.6368 -0.6254 -0.4510
vn -0.0140 -0.2626 -0.9648
vn -0.7369 0.6729 0.0648
vn -0.1346 -0.9900 0.0417
vn -0.4647 0.1601 -0.8709
vn 0.1662 0.9785 -0.1222
vn -0.4427 0.2395 -0.8641
vn -0.0083 -0.1595 -0.9872
vn -0.6340 0.4720 -0.6126
vn -0.9210 -0.3597 0.1499
vn -0.4104 -0.4674 0.7830
vn -0.4224 0.1584 -0.8925
vn -0.9989 0.0467 0.0031
vn -0.0930 -0.1348 -0.9865
vn -0.8056 0.3626 -0.4686
vn 0.1270 0.9386 0.3207
vn -0.7487 0.6077 0.2649
vn -0.2790 0.1298 -0.9515
vn -0.9153 -0.1418 -0.3769
vn 0.0641 -0.9835 0.1689
vn -0.2110 -0.9735 0.0881
vn -0.2692 0.2904 0.9183
vn -0.9076 -0.1422 0.3950
vn -0.8860 0.4231 0.1895
vn -0.8946 0.4408 0.0740
vn 0.5489 -0.8261 -0.1276
vn -0.2785 0.3387 0.8988
vn 0.1462 -0.9832 0.1093
vn -0.2734 0.9617 -0.0187
vn -0.7762 0.0012 -0.6305
vn -0.6929 0.2957 -0.6576
vn -0.0186 0.9980 -0.0606
vn 0.2682 -0.4604 -0.8462
vn -0.2419 -0.9674 0.0756
vn -0.9049 0.2754 0.3245
vn -0.1717 0.0469 -0.9840
vn -0.1282 0.4885 0.8631
vn -0.5486 0.3056 -0.7783
vn -0.2273 -0.9702 0.0834
vn 0.0659 -0.9954 0.0690
vn -0.8397 0.2451 -0.4845
vn -0.7118 0.4654 0.5260
vn 0.1545 0.5668 0.8092
vn 0.2393 0.9698 0.0480
vn -0.5812 -0.5275 0.6196
vn -0.1997 -0.0861 -0.9761
vn -0.0589 0.6823 -0.7287
vn 0.5534 -0.6129 -0.5640
vn -0.5777 0.2899 -0.7630
vn 0.3332 -0.9261 0.1768
vn -0.0863 -0.9957 0.0339
vn -0.7145 0.1605 -0.6810
vn -0.2358 0.2147 -0.9478
vn -0.7246 0.3125 0.6143
vn 0.0671 0.9972 0.0334
vn 0.1940 -0.9446 0.2646
vn -0.2422 -0.9689 0.0505
vn -0.2484 0.4325 0.8667
vn -0.2027 0.9777 0.0543
vn 0.0617 0.7197 -0.6915
vn 0.1738 0.9837 0.0454
vn 0.0253 0.9982 0.0546
vn -0.0388 -0.9914 0.1248
vn -0.6351 0.2933 -0.7146
vn 0.1715 0.9621 0.2122
vn -0.1599 0.2073 0.9651
vn -0.0423 -0.9841 0.1723
vn -0.0219 0.2917 0.9562
vn 0.4617 -0.8845 -0.0665
vn -0.8087 -0.1216 0.5755
vn -0.0663 0.5380 0.8403
vn 0.1157 -0.3621 -0.9249
vn 0.1812 -0.9667 0.1808
vn -0.7350 0.2177 0.6421
vn -0.2245 -0.9680 0.1126
vn 0.1708 0.9807 0.0947
vn -0.4470 0.2877 -0.8470
vn -0.3531 0.0762 -0.9325
vn 0.1471 -0.2693 -0.9517
vn -0.4344 0.3222 -0.8411
vn 0.3166 0.1125 0.9419
vn 0.2470 0.9676 0.0530
vn -0.4618 0.3847 -0.7992
vn -0.1371 -0.9838 0.1157
vn -0.0623 0.9943 -0.0871
vn -0.4345 0.2734 0.8582
vn -0.2459 -0.1423 0.9588
vn -0.3674 0.1652 -0.9153
vn -0.0044 0.0697 -0.9976
vn -0.0833 0.9961 -0.0303
vn -0.0808 -0.9799 0.1826
vn -0.0909 -0.9932 -0.0725
vn 0.0653 -0.9968 0.0463
vn 0.1033 0.0408 -0.9938
vn -0.2413 0.3356 -0.9106
vn -0.3145 0.0400 0.9484
vn -0.2131 0.2031 0.9557
vn 0.0419 -0.9941 0.1002
vn -0.0590 0.2034 -0.9773
vn -0.1059 -0.9930 0.0517
vn -0.1942 0.3606 -0.9123
vn -0.1140 0.1378 -0.9839
vn 0.1941 -0.9314 -0.3080
vn 0.0179 0.9900 0.1401
vn 0.3688 0.8775 0.3065
vn 0.2795 0.9564 0.0843
vn -0.0314 -0.9954 0.0905
vn 0.2387 0.1584 0.9581
vn 0.7798 0.5083 0.3654
vn -0.3820 0.1698 0.9084
vn 0.1511 0.9174 0.3681
vn 0.0549 -0.1111 0.9923
vn 0.0178 0.9915 0.1289
vn 0.1988 -0.9716 0.1281
vn 0.4003 -0.7376 -0.5438
vn -0.3931 0.3059 -0.8671
vn 0.2376 0.9629 -0.1276
vn -0.2442 0.1885 -0.9512
vn 0.3469 0.5591 0.7530
vn 0.2801 0.9595 0.0303
vn 0.1707 0.9836 0.0585
vn -0.1763 0.5625 0.8078
vn 0.0341 -0.9913 0.1269
vn -0.0295 0.0532 -0.9981
vn -0.0481 -0.9877 0.1485
vn 0.1694 -0.1691 -0.9709
vn 0.0740 0.9970 -0.0231
vn -0.4724 0.6385 0.6076
vn 0.1745 0.6623 -0.7287
vn -0.3940 -0.4705 0.7895
vn -0.0169 -0.9987 0.0471
vn 0.4877 0.8578 -0.1622
vn 0.0162 0.2027 -0.9791
vn 0.1966 0.1200 -0.9731
vn 0.1047 -0.9930 0.0546
vn -0.5205 -0.1128 0.8464
vn -0.7740 0.5557 0.3034
vn -0.0479 -0.9932 -0.1063
vn -0.5547 -0.3445 0.7574
vn 0.2715 0.9547 0.1221
vn 0.1058 -0.9925 0.0605
vn 0.1781 0.3279 0.9278
vn -0.0979 0.4051 0.9090
vn 0.0821 -0.9933 0.0810
vn 0.2872 0.5359 0.7939
vn 0.3734 0.9264 0.0485
vn -0.3223 0.2919 0.9005
vn -0.4108 0.0254 0.9114
vn 0.0609 -0.9439 0.3246
vn -0.0513 -0.9979 0.0393
vn -0.1669 -0.7346 0.6577
vn -0.2829 -0.6309 0.7225
vn 0.0785 -0.9950 0.0617
vn 0.4585 0.8058 0.3747
vn 0.1050 -0.9920 0.0705
vn 0.2593 0.2380 -0.9360
vn -0.2439 -0.9030 0.3535
vn 0.3366 0.0154 -0.9415
vn -0.3234 0.3551 0.8771
vn 0.5789 0.6678 0.4679
vn 0.1366 -0.7718 0.6210
vn 0.0850 -0.9830 0.1630
vn 0.3135 -0.6005 -0.7356
vn 0.1080 -0.9880 0.1103
vn 0.1617 -0.9693 0.1854
vn 0.4606 0.7185 0.5211
vn 0.4028 0.3464 0.8472
vn -0.0543 -0.9126 -0.4053
vn -0.2564 0.3316 0.9079
vn 0.3345 -0.0087 -0.9424
vn -0.3006 0.1372 0.9438
vn 0.5862 0.8024 -0.1115
vn 0.1820 -0.8042 0.5658
vn 0.1656 0.9766 0.1374
vn -0.2460 -0.5253 0.8146
vn 0.1800 -0.8485 -0.4976
vn 0.2976 -0.7154 -0.6322
vn 0.3517 0.4293 -0.8318
vn 0.0597 -0.9884 0.1394
vn 0.2648 -0.4369 -0.8596
vn 0.2185 -0.7981 0.5615
vn -0.4481 0.1184 0.8861
vn 0.1114 -0.9897 0.0896
vn 0.3941 0.3685 0.8420
vn 0.4971 0.0925 -0.8627
vn 0.4778 0.0637 -0.8762
vn 0.0473 -0.9799 0.1937
vn 0.5028 0.6087 0.6137
vn 0.3617 0.9044 0.2263
vn -0.2130 0.1939 0.9576
vn 0.1726 0.9787 0.1113
vn 0.1707 -0.9707 0.1693
vn 0.4706 0.2403 -0.8490
vn 0.4139 0.9091 -0.0463
vn 0.0441 -0.9837 0.1741
vn 0.3390 -0.7980 0.4982
vn 0.1485 -0.9754 0.1627
vn 0.3693 0.9263 0.0753
vn -0.3978 -0.1625 0.9030
vn 0.2215 -0.9730 0.0656
vn -0.0460 -0.9989 -0.0133
vn -0.0987 -0.2836 0.9539
vn 0.1672 -0.9856 0.0263
vn 0.2867 -0.8752 -0.3896
vn 0.2890 -0.2057 -0.9350
vn 0.2828 -0.9320 0.2268
vn 0.6948 0.4184 0.5850
vn 0.5987 0.4017 0.6930
vn 0.1884 -0.9820 0.0112
vn 0.2806 0.9541 -0.1051
vn -0.3524 0.1674 0.9207
vn 0.3286 -0.9028 0.2773
vn 0.7946 0.5442 0.2692
vn 0.6747 0.2006 -0.7103
vn 0.5607 0.0403 -0.8270
vn -0.5279 0.4588 0.7147
vn 0.1230 -0.4651 0.8766
vn 0.8138 0.5191 0.2614
vn -0.8174 0.1440 0.5577
vn -0.6815 -0.5854 0.4391
vn 0.8280 0.4893 -0.2739
vn -0.3479 0.3854 0.8547
vn -0.4918 -0.1030 0.8646
vn 0.8096 0.4515 0.3752
vn 0.5268 -0.7802 0.3373
vn 0.2985 -0.9474 0.1158
vn -0.0134 0.8483 0.5293
vn 0.4546 -0.7766 0.4361
vn -0.7441 0.6386 0.1960
vn 0.3814 0.9189 0.1008
vn 0.8075 0.2712 0.5238
vn 0.1204 -0.9922 0.0321
vn 0.9300 0.2742 -0.2448
vn -0.5178 -0.0944 0.8503
vn -0.8013 0.5771 0.1575
vn 0.7507 0.1282 -0.6481
vn 0.3460 0.9377 -0.0316
vn 0.5486 0.8356 -0.0285
vn 0.7327 -0.5784 0.3586
vn 0.2329 -0.0414 0.9716
vn 0.2054 -0.9743 0.0924
vn 0.6521 -0.7053 0.2782
vn 0.3042 -0.9373 0.1699
vn 0.8225 0.1100 -0.5580
vn 0.3627 0.8775 0.3137
vn -0.7058 0.6375 0.3090
vn 0.4549 -0.7632 0.4588
vn 0.0971 -0.9892 0.1096
vn 0.0429 -0.9784 0.2020
vn 0.4988 0.8473 0.1823
vn 0.1157 -0.9697 0.2151
vn 0.9054 0.2387 0.3511
vn 0.3561 -0.8917 0.2794
vn 0.4102 0.9062 -0.1027
vn 0.4183 0.8995 -0.1262
vn 0.5328 0.0067 -0.8462
vn 0.6925 -0.6160 0.3754
vn 0.9694 0.1468 -0.1967
vn -0.2129 -0.1080 0.9711
vn -0.5919 0.5782 0.5616
vn 0.3468 0.9316 0.1091
vn 0.6489 0.0831 -0.7564
vn 0.9568 0.1155 -0.2668
vn 0.9338 0.2813 0.2212
vn 0.3989 0.9043 0.1519
vn 0.5932 -0.7015 0.3951
vn 0.9001 0.2985 -0.3173
vn 0.3132 -0.7542 -0.5771
vn 0.5776 0.5851 0.5693
vn 0.3454 0.9332 0.0993
vn -0.5080 0.7420 0.4375
vn 0.4775 -0.2453 -0.8437
vn 0.2772 -0.9499 0.1445
vn 0.3187 -0.9434 0.0920
vn 0.9480 0.2116 -0.2377
vn -0.2349 0.7389 0.6316
vn -0.3955 -0.1963 0.8973
vn -0.3482 0.4713 0.8103
vn -0.3194 0.1437 0.9367
vn 0.5016 0.8562 0.1241
vn 0.4068 -0.8273 -0.3874
vn 0.6448 -0.4641 0.6074
vn 0.3925 0.9137 0.1051
vn 0.3967 0.9025 -0.1676
vn 0.6778 0.1844 -0.7117
vn 0.4110 -0.9076 -0.0855
vn 0.3982 0.4632 0.7917
vn 0.7405 0.6453 -0.1876
vn 0.6321 0.6142 0.4725
vn 0.5173 0.8511 -0.0895
vn 0.6832 -0.2599 0.6825
vn 0.7824 0.3969 -0.4800
vn 0.1062 -0.9714 0.2123
vn 0.6161 0.1116 -0.7797
vn 0.3016 -0.9487 0.0945
vn 0.0160 -0.9934 0.1132
vn 0.4285 -0.4754 -0.7684
vn 0.0567 -0.9979 -0.0298
vn 0.4663 0.8588 -0.2122
vn -0.0091 0.4761 0.8793
vn 0.4569 -0.8522 0.2550
vn 0.6446 0.7005 0.3063
vn 0.2700 0.4453 0.8537
vn -0.4182 0.1547 0.8951
vn 0.1475 -0.9441 0.2947
vn 0.6165 -0.6848 0.3886
vn 0.4920 0.8683 -0.0630
vn 0.2744 0.1076 0.9556
vn -0.4924 -0.1916 0.8490
vn 0.3356 -0.9360 0.1060
vn -0.2409 0.0216 0.9703
vn -0.0945 0.3661 0.9258
vn 0.7186 0.5875 0.3720
vn 0.4691 0.8769 0.1051
vn 0.1029 -0.9842 0.1443
vn 0.4604 -0.5522 -0.6951
vn 0.5120 0.8361 -0.1971
vn -0.4053 -0.3683 0.8367
vn 0.2328 -0.9721 0.0289
vn 0.1149 -0.9665 0.2295
vn 0.5546 0.8283 0.0800
vn 0.6962 0.5512 0.4598
vn 0.6344 0.7489 0.1915
vn -0.0451 0.4815 0.8753
vn -0.8464 -0.0453 0.5307
vn -0.4960 -0.4163 0.7620
vn 0.7816 -0.4136 0.4670
vn 0.4401 -0.8965 -0.0506
vn 0.6140 0.7796 -0.1237
vn 0.3100 -0.9376 0.1578
vn 0.4711 -0.8665 0.1653
vn 0.7760 0.1917 0.6009
vn 0.1644 -0.9587 0.2319
vn 0.6521 -0.6704 0.3541
vn 0.6407 0.7479 0.1737
vn 0.4723 -0.8812 0.0200
vn -0.0771 -0.9658 -0.2476
vn 0.7262 -0.6474 0.2313
vn 0.7315 0.6223 0.2787
vn 0.7472 0.5541 0.3669
vn 0.6786 -0.6178 0.3973
vn 0.5716 0.8135 0.1071
vn 0.6728 -0.0233 -0.7395
vn 0.4641 -0.8783 0.1150
vn 0.7254 0.0727 0.6845
vn 0.3075 -0.8942 0.3254
vn 0.6700 0.7307 0.1312
vn 0.3682 0.1271 0.9210
vn 0.4927 -0.8519 0.1778
vn 0.2102 -0.9713 -0.1114
vn 0.8921 0.1794 0.4147
vn 0.5767 0.8014 0.1587
vn 0.7706 0.6175 0.1578
vn 0.1665 -0.9664 0.1956
vn 0.4782 -0.8728 -0.0977
vn 0.6862 0.6222 -0.3769
vn 0.6266 0.7539 -0.1975
vn 0.8840 -0.2711 0.3809
vn 0.8126 0.5177 0.2677
vn 0.7179 0.4038 -0.5671
vn 0.2939 -0.9236 0.2460
vn 0.8908 0.2551 0.3761
vn 0.8461 -0.4354 0.3074
vn 0.6977 0.6965 0.1675
vn 0.4775 -0.8411 -0.2541
vn 0.4488 -0.6873 -0.5712
vn 0.6306 0.7684 -0.1095
vn 0.4102 -0.8594 0.3053
vn 0.6514 0.7502 -0.1129
vn 0.5832 -0.7134 0.3885
vn 0.7005 -0.6813 0.2125
vn 0.6721 0.5421 -0.5045
vn 0.0032 -0.9816 0.1911
vn 0.5511 -0.8299 -0.0865
vn 0.3873 -0.9054 0.1739
vn 0.4911 -0.7938 0.3589
vn 0.1482 -0.8654 -0.4787
vn 0.5658 0.8154 0.1228
vn 0.6217 -0.1892 -0.7600
vn 0.6127 0.7864 -0.0787
vn 0.5453 -0.8364 -0.0552
vn 0.8799 0.2703 0.3907
vn 0.8205 0.4960 -0.2843
vn 0.6405 -0.3101 -0.7025
vn -0.0404 -0.9795 -0.1974
vn 0.6019 -0.7481 0.2793
vn 0.9503 -0.0833 0.2999
vn 0.8517 0.4910 0.1832
vn 0.6709 -0.7389 -0.0624
vn 0.7149 -0.6617 0.2259
vn 0.4229 -0.8285 -0.3671
vn 0.9171 0.3761 0.1322
vn 0.5417 0.8361 0.0861
vn 0.3865 -0.8548 0.3464
vn 0.9292 0.2165 0.2996
vn 0.9544 0.2444 0.1717
vn 0.6255 -0.7268 0.2836
vn 0.9471 -0.1682 0.2733
vn 0.7395 0.6552 0.1544
vn 0.6222 -0.7155 -0.3175
vn 0.6581 -0.7524 0.0267
vn 0.3795 -0.8656 0.3267
vn 0.8050 0.2115 -0.5544
vn 0.7968 -0.0054 -0.6043
vn 0.9288 0.3041 0.2120
vn 0.1217 -0.9183 0.3767
vn 0.8201 0.5410 0.1864
vn 0.3097 -0.7948 -0.5218
vn 0.7640 -0.6078 0.2168
vn 0.5789 -0.7837 0.2251
vn 0.5991 0.7894 0.1343
vn 0.6963 0.7111 -0.0976
vn 0.6131 0.7136 -0.3389
vn 0.7349 0.6494 0.1955
vn 0.8274 -0.5263 0.1959
vn 0.9251 0.2998 0.2329
vn 0.9723 -0.0335 0.2315
vn 0.9705 -0.0334 0.2387
vn 0.6361 0.7618 -0.1225
vn 0.8113 -0.4044 -0.4223
vn 0.9610 -0.0747 0.2664
vn 0.7458 0.6347 0.2023
vn 0.9598 -0.1752 0.2192
vn 0.8088 -0.5327 0.2493
vn 0.8844 0.2532 -0.3920
vn 0.7647 -0.6340 -0.1152
vn 0.8814 0.1034 0.4609
vn 0.6863 -0.6598 0.3061
vn 0.8217 0.5083 -0.2577
vn 0.2932 -0.9557 -0.0268
vn 0.9416 0.2685 0.2032
vn 0.5801 0.8114 0.0715
vn 0.8241 -0.5199 0.2250
vn 0.7618 0.6286 0.1565
vn 0.7480 -0.6018 -0.2799
vn 0.8162 0.5395 0.2068
vn 0.9062 -0.3217 0.2745
vn 0.6339 -0.7080 0.3112
vn 0.6382 0.7698 0.0040
vn 0.9262 0.3250 0.1911
vn 0.9404 0.2734 0.2022
vn 0.7489 0.6585 0.0736
vn 0.9732 -0.0257 0.2286
vn 0.8197 -0.5209 0.2382
vn 0.7148 -0.5916 -0.3728
vn 0.8759 -0.4757 -0.0803
vn 0.7965 0.6010 -0.0667
vn 0.7541 0.6391 0.1511
vn 0.8834 0.4152 -0.2173
vn 0.8165 0.5735 0.0663
vn 0.7683 -0.4536 -0.4517
vn 0.9315 -0.3003 0.2052
vn 0.7907 0.5971 0.1354
vn 0.7507 0.6541 -0.0931
vn 0.7117 0.6971 -0.0861
vn 0.9349 0.2818 0.2155
vn 0.7399 0.6722 -0.0266
vn 0.8351 0.5212 0.1761
vn 0.8966 -0.4411 -0.0407
vn 0.8619 0.5052 0.0425
vn 0.9090 -0.0832 -0.4085
vn 0.9603 0.2523 0.1192
vn 0.8445 0.4428 0.3012
vn 0.9105 0.3655 0.1932
vn 0.8965 -0.4406 -0.0456
vn 0.9790 0.0081 0.2035
vn 0.9696 0.1040 -0.2217
vn 0.9166 0.3364 0.2160
vn 0.9657 0.1626 -0.2026
vn 0.8690 0.4474 -0.2113
vn 0.8633 0.5032 -0.0382
vn 0.8412 0.5380 -0.0537
vn 0.8954 -0.4210 0.1448
vn 0.9829 0.0075 0.1838
vn 0.9171 0.3380 0.2112
vn 0.9125 -0.3641 0.1864
vn 0.9384 -0.2821 -0.1996
vn 0.9312 0.3486 0.1068
vn 0.9757 -0.2172 -0.0294
vn 0.8929 0.4502 -0.0049
vn 0.7567 0.6537 0.0109
vn 0.8915 0.4529 -0.0130
vn 0.9528 0.2468 -0.1768
vn 0.9713 -0.1602 0.1759
vn 0.9883 0.1310 -0.0787
vn 0.9793 0.1682 0.1122
vn 0.7819 0.6183 -0.0796
vn 0.8999 0.4354 -0.0239
vn 0.9726 -0.0295 -0.2305
vn 0.9321 0.3622 0.0050
vn 0.9206 0.3583 -0.1553
vn 0.8896 -0.4086 -0.2040
vn 0.9736 0.2201 0.0609
vn 0.9868 -0.0722 0.1447
vn 0.9565 0.2689 0.1131
vn 0.9694 0.2238 -0.1008
vn 0.9617 -0.2512 0.1094
vn 0.9800 0.1969 0.0284
vn 0.9820 -0.1344 -0.1328
f 883//883 884//884 823//823
f 765//765 695//695 742//742
f 777//777 752//752 823//823
f 736//736 685//685 650//650
f 736//736 774//774 823//823
f 883//883 823//823 840//840
f 755//755 747//747 743//743
f 747//747 755//755 768//768
f 852//852 840//840 836//836
f 768//768 840//840 772//772
f 847//847 768//768 718//718
f 837//837 847//847 797//797
f 797//797 847//847 770//770
f 883//883 840//840 852//852
f 837//837 909//909 847//847
f 957//957 969//969 972//972
f 953//953 977//977 956//956
f 915//915 972//972 945//945
f 977//977 953//953 972//972
f 869//869 880//880 900//900
f 864//864 846//846 796//796
f 761//761 846//846 845//845
f 796//796 761//761 748//748
f 864//864 900//900 846//846
f 657//657 595//595 643//643
f 657//657 643//643 777//777
f 796//796 748//748 657//657
f 660//660 777//777 643//643
f 816//816 869//869 881//881
f 761//761 845//845 766//766
f 766//766 845//845 816//816
f 684//684 761//761 689//689
f 754//754 775//775 677//677
f 513//513 595//595 528//528
f 528//528 595//595 506//506
f 657//657 748//748 656//656
f 618//618 689//689 630//630
f 618//618 681//681 689//689
f 677//677 630//630 689//689
f 583//583 572//572 530//530
f 941//941 947//947 939//939
f 929//929 947//947 909//909
f 899//899 929//929 909//909
f 900//900 941//941 939//939
f 959//959 926//926 939//939
f 963//963 957//957 959//959
f 893//893 899//899 909//909
f 893//893 909//909 837//837
f 965//965 969//969 957//957
f 935//935 952//952 860//860
f 971//971 952//952 935//935
f 860//860 899//899 735//735
f 735//735 899//899 770//770
f 717//717 770//770 674//674
f 770//770 837//837 797//797
f 881//881 926//926 906//906
f 854//854 881//881 906//906
f 770//770 899//899 837//837
f 975//975 978//978 970//970
f 927//927 970//970 951//951
f 966//966 974//974 958//958
f 974//974 966//966 954//954
f 958//958 960//960 940//940
f 894//894 958//958 943//943
f 849//849 934//934 935//935
f 860//860 779//779 809//809
f 849//849 935//935 809//809
f 809//809 779//779 787//787
f 951//951 934//934 927//927
f 892//892 927//927 934//934
f 849//849 892//892 934//934
f 801//801 873//873 849//849
f 891//891 933//933 894//894
f 745//745 873//873 801//801
f 654//654 593//593 584//584
f 933//933 958//958 894//894
f 742//742 638//638 666//666
f 665//665 638//638 742//742
f 665//665 650//650 638//638
f 666//666 638//638 604//604
f 558//558 614//614 604//604
f 533//533 604//604 569//569
f 569//569 650//650 574//574
f 464//464 569//569 492//492
f 638//638 650//650 569//569
f 485//485 487//487 464//464
f 464//464 487//487 498//498
f 666//666 673//673 716//716
f 694//694 713//713 716//716
f 732//732 738//738 713//713
f 732//732 711//711 687//687
f 716//716 673//673 636//636
f 716//716 636//636 694//694
f 613//613 658//658 579//579
f 664//664 687//687 647//647
f 579//579 636//636 575//575
f 495//495 521//521 511//511
f 510//510 532//532 499//499
f 503//503 532//532 521//521
f 532//532 568//568 575//575
f 510//510 529//529 532//532
f 579//579 609//609 613//613
f 560//560 540//540 609//609
f 561//561 567//567 588//588
f 567//567 561//561 523//523
f 475//475 477//477 473//473
f 463//463 473//473 434//434
f 430//430 434//434 473//473
f 428//428 461//461 523//523
f 527//527 540//540 529//529
f 747//747 742//742 724//724
f 743//743 738//738 744//744
f 744//744 738//738 732//732
f 668//668 688//688 646//646
f 688//688 664//664 625//625
f 577//577 622//622 567//567
f 602//602 625//625 622//622
f 602//602 622//622 577//577
f 625//625 646//646 688//688
f 518//518 581//581 558//558
f 518//518 558//558 485//485
f 489//489 518//518 450//450
f 511//511 518//518 489//489
f 497//497 515//515 483//483
f 367//367 450//450 423//423
f 414//414 422//422 450//450
f 367//367 383//383 450//450
f 456//456 422//422 419//419
f 497//497 456//456 512//512
f 367//367 366//366 383//383
f 332//332 409//409 328//328
f 316//316 287//287 297//297
f 419//419 409//409 416//416
f 332//332 328//328 316//316
f 454//454 456//456 450//450
f 515//515 550//550 503//503
f 490//490 499//499 503//503
f 491//491 477//477 567//567
f 461//461 477//477 491//491
f 426//426 496//496 447//447
f 496//496 426//426 545//545
f 426//426 447//447 416//416
f 362//362 426//426 274//274
f 473//473 490//490 477//477
f 544//544 581//581 518//518
f 609//609 658//658 613//613
f 499//499 473//473 510//510
f 259//259 274//274 239//239
f 234//234 274//274 272//272
f 439//439 488//488 482//482
f 552//552 660//660 513//513
f 391//391 439//439 424//424
f 552//552 387//387 399//399
f 338//338 424//424 399//399
f 494//494 606//606 559//559
f 494//494 488//488 439//439
f 423//423 464//464 351//351
f 352//352 423//423 351//351
f 352//352 367//367 423//423
f 295//295 367//367 352//352
f 305//305 347//347 236//236
f 528//528 481//481 474//474
f 413//413 474//474 324//324
f 373//373 459//459 395//395
f 435//435 459//459 506//506
f 269//269 459//459 373//373
f 159//159 264//264 324//324
f 99//99 264//264 142//142
f 166//166 209//209 207//207
f 97//97 123//123 149//149
f 166//166 97//97 149//149
f 93//93 97//97 166//166
f 123//123 97//97 67//67
f 81//81 155//155 123//123
f 209//209 347//347 241//241
f 280//280 367//367 295//295
f 254//254 280//280 295//295
f 223//223 300//300 254//254
f 254//254 174//174 161//161
f 177//177 174//174 254//254
f 180//180 161//161 174//174
f 197//197 174//174 156//156
f 381//381 426//426 380//380
f 451//451 426//426 406//406
f 313//313 362//362 274//274
f 304//304 381//381 313//313
f 360//360 441//441 381//381
f 304//304 233//233 346//346
f 197//197 233//233 180//180
f 197//197 141//141 204//204
f 88//88 105//105 141//141
f 121//121 141//141 105//105
f 309//309 360//360 290//290
f 290//290 187//187 218//218
f 281//281 379//379 220//220
f 220//220 379//379 309//309
f 468//468 441//441 443//443
f 464//464 526//526 433//433
f 274//274 332//332 272//272
f 518//518 485//485 450//450
f 74//74 88//88 81//81
f 717//717 541//541 597//597
f 735//735 717//717 597//597
f 597//597 565//565 607//607
f 570//570 565//565 597//597
f 541//541 600//600 467//467
f 462//462 509//509 408//408
f 565//565 570//570 509//509
f 539//539 593//593 607//607
f 539//539 421//421 479//479
f 364//364 382//382 255//255
f 888//888 925//925 865//865
f 925//925 918//918 910//910
f 925//925 910//910 865//865
f 817//817 865//865 853//853
f 953//953 956//956 924//924
f 853//853 886//886 908//908
f 834//834 882//882 874//874
f 813//813 795//795 834//834
f 908//908 924//924 890//890
f 469//469 624//624 531//531
f 388//388 501//501 519//519
f 501//501 531//531 624//624
f 871//871 857//857 830//830
f 888//888 865//865 817//817
f 830//830 888//888 817//817
f 635//635 683//683 633//633
f 683//683 799//799 830//830
f 776//776 834//834 728//728
f 683//683 611//611 624//624
f 501//501 611//611 519//519
f 580//580 633//633 587//587
f 564//564 537//537 580//580
f 564//564 580//580 587//587
f 458//458 580//580 537//537
f 605//605 457//457 555//555
f 361//361 457//457 437//437
f 675//675 728//728 729//729
f 611//611 501//501 624//624
f 974//974 954//954 964//964
f 890//890 924//924 889//889
f 889//889 956//956 913//913
f 889//889 913//913 877//877
f 954//954 948//948 938//938
f 946//946 954//954 942//942
f 946//946 936//936 923//923
f 813//813 855//855 841//841
f 729//729 813//813 841//841
f 785//785 841//841 826//826
f 913//913 932//932 870//870
f 870//870 895//895 851//851
f 856//856 826//826 870//870
f 810//810 870//870 851//851
f 790//790 721//721 810//810
f 904//904 851//851 895//895
f 811//811 790//790 829//829
f 790//790 824//824 829//829
f 810//810 826//826 856//856
f 887//887 911//911 923//923
f 923//923 898//898 903//903
f 868//868 839//839 872//872
f 875//875 872//872 839//839
f 904//904 878//878 843//843
f 878//878 867//867 843//843
f 867//867 875//875 862//862
f 897//897 896//896 868//868
f 820//820 839//839 782//782
f 798//798 791//791 812//812
f 789//789 798//798 802//802
f 812//812 825//825 842//842
f 782//782 839//839 819//819
f 601//601 654//654 535//535
f 667//667 729//729 731//731
f 667//667 731//731 663//663
f 667//667 547//547 729//729
f 437//437 547//547 455//455
f 879//879 858//858 844//844
f 763//763 750//750 858//858
f 827//827 822//822 794//794
f 794//794 844//844 832//832
f 887//887 844//844 827//827
f 586//586 524//524 460//460
f 827//827 815//815 833//833
f 803//803 815//815 730//730
f 730//730 678//678 669//669
f 760//760 678//678 730//730
f 769//769 793//793 782//782
f 757//757 651//651 759//759
f 662//662 628//628 651//651
f 440//440 651//651 628//628
f 608//608 590//590 616//616
f 590//590 608//608 586//586
f 678//678 586//586 620//620
f 616//616 623//623 617//617
f 590//590 586//586 538//538
f 440//440 628//628 590//590
f 750//750 763//763 524//524
f 843//843 821//821 814//814
f 733//733 781//781 705//705
f 807//807 843//843 838//838
f 792//792 807//807 804//804
f 771//771 786//786 792//792
f 751//751 726//726 740//740
f 708//708 705//705 722//722
f 737//737 705//705 746//746
f 520//520 663//663 615//615
f 645//645 603//603 672//672
f 644//644 680//680 672//672
f 484//484 455//455 578//578
f 327//327 455//455 354//354
f 484//484 465//465 354//354
f 252//252 285//285 354//354
f 358//358 252//252 354//354
f 354//354 425//425 358//358
f 372//372 425//425 386//386
f 312//312 336//336 277//277
f 214//214 242//242 200//200
f 214//214 277//277 242//242
f 336//336 425//425 372//372
f 336//336 253//253 425//425
f 603//603 425//425 543//543
f 354//354 465//465 425//425
f 759//759 804//804 791//791
f 649//649 792//792 759//759
f 645//645 686//686 692//692
f 639//639 702//702 649//649
f 502//502 627//627 649//649
f 649//649 758//758 792//792
f 502//502 288//288 402//402
f 610//610 573//573 629//629
f 553//553 594//594 592//592
f 592//592 594//594 610//610
f 576//576 610//610 627//627
f 536//536 548//548 507//507
f 402//402 390//390 507//507
f 390//390 448//448 507//507
f 368//368 386//386 390//390
f 266//266 242//242 402//402
f 320//320 368//368 402//402
f 242//242 320//320 402//402
f 833//833 868//868 827//827
f 815//815 868//868 833//833
f 904//904 901//901 878//878
f 903//903 897//897 901//901
f 723//723 781//781 733//733
f 672//672 723//723 733//733
f 395//395 431//431 435//435
f 435//435 476//476 427//427
f 427//427 355//355 373//373
f 427//427 345//345 355//355
f 192//192 131//131 175//175
f 125//125 192//192 230//230
f 230//230 286//286 345//345
f 325//325 228//228 317//317
f 469//469 427//427 530//530
f 345//345 392//392 371//371
f 427//427 469//469 392//392
f 240//240 369//369 229//229
f 388//388 235//235 363//363
f 99//99 159//159 135//135
f 71//71 99//99 78//78
f 69//69 93//93 99//99
f 98//98 131//131 125//125
f 76//76 98//98 125//125
f 78//78 98//98 76//76
f 78//78 63//63 15//15
f 58//58 78//78 32//32
f 99//99 96//96 78//78
f 67//67 57//57 59//59
f 66//66 62//62 74//74
f 56//56 60//60 62//62
f 61//61 74//74 60//60
f 104//104 229//229 235//235
f 42//42 64//64 104//104
f 77//77 136//136 112//112
f 64//64 42//42 52//52
f 72//72 65//65 75//75
f 68//68 77//77 75//75
f 42//42 104//104 80//80
f 24//24 15//15 73//73
f 24//24 26//26 14//14
f 26//26 24//24 29//29
f 42//42 22//22 26//26
f 458//458 289//289 388//388
f 289//289 458//458 374//374
f 215//215 235//235 260//260
f 153//153 196//196 187//187
f 121//121 94//94 154//154
f 153//153 201//201 196//196
f 74//74 121//121 105//105
f 61//61 94//94 70//70
f 70//70 94//94 87//87
f 87//87 84//84 74//74
f 70//70 87//87 74//74
f 94//94 146//146 201//201
f 72//72 112//112 94//94
f 146//146 94//94 112//112
f 255//255 220//220 195//195
f 195//195 211//211 196//196
f 195//195 220//220 211//211
f 227//227 202//202 189//189
f 284//284 374//374 376//376
f 292//292 376//376 361//361
f 265//265 292//292 361//361
f 270//270 265//265 361//361
f 284//284 292//292 208//208
f 25//25 58//58 16//16
f 33//33 57//57 21//21
f 48//48 47//47 38//38
f 38//38 47//47 30//30
f 21//21 23//23 16//16
f 3//3 21//21 16//16
f 27//27 21//21 13//13
f 17//17 27//27 13//13
f 13//13 10//10 8//8
f 7//7 20//20 18//18
f 3//3 8//8 5//5
f 7//7 8//8 2//2
f 11//11 14//14 9//9
f 11//11 9//9 3//3
f 3//3 9//9 1//1
f 12//12 1//1 9//9
f 12//12 22//22 19//19
f 12//12 26//26 22//22
f 4//4 2//2 19//19
f 58//58 25//25 23//23
f 34//34 40//40 18//18
f 11//11 24//24 14//14
f 14//14 26//26 12//12
f 70//70 74//74 61//61
f 480//480 542//542 479//479
f 542//542 480//480 535//535
f 365//365 389//389 342//342
f 273//273 311//311 341//341
f 301//301 377//377 273//273
f 249//249 227//227 179//179
f 193//193 172//172 150//150
f 361//361 291//291 270//270
f 243//243 291//291 359//359
f 162//162 232//232 164//164
f 182//182 221//221 102//102
f 417//417 432//432 306//306
f 432//432 343//343 306//306
f 343//343 301//301 237//237
f 394//394 460//460 444//444
f 237//237 238//238 181//181
f 181//181 221//221 203//203
f 271//271 394//394 306//306
f 306//306 244//244 219//219
f 326//326 357//357 331//331
f 384//384 440//440 410//410
f 308//308 440//440 384//384
f 308//308 319//319 440//440
f 378//378 440//440 319//319
f 182//182 173//173 203//203
f 126//126 168//168 182//182
f 257//257 231//231 308//308
f 199//199 247//247 308//308
f 205//205 308//308 231//231
f 168//168 199//199 170//170
f 171//171 190//190 206//206
f 169//169 173//173 168//168
f 190//190 213//213 206//206
f 169//169 181//181 173//173
f 460//460 394//394 415//415
f 418//418 440//440 466//466
f 219//219 244//244 237//237
f 243//243 359//359 248//248
f 86//86 164//164 245//245
f 86//86 245//245 114//114
f 245//245 285//285 176//176
f 89//89 134//134 100//100
f 91//91 102//102 107//107
f 89//89 107//107 134//134
f 128//128 148//148 102//102
f 90//90 102//102 91//91
f 126//126 128//128 90//90
f 102//102 148//148 182//182
f 85//85 82//82 90//90
f 118//118 90//90 101//101
f 101//101 95//95 145//145
f 101//101 90//90 95//95
f 82//82 86//86 95//95
f 90//90 91//91 85//85
f 145//145 252//252 253//253
f 139//139 145//145 253//253
f 198//198 144//144 158//158
f 139//139 253//253 183//183
f 145//145 176//176 252//252
f 114//114 145//145 95//95
f 126//126 182//182 128//128
f 151//151 247//247 199//199
f 151//151 163//163 126//126
f 106//106 334//334 160//160
f 334//334 106//106 288//288
f 106//106 130//130 108//108
f 143//143 165//165 334//334
f 127//127 120//120 266//266
f 120//120 118//118 137//137
f 106//106 103//103 113//113
f 830//830 854//854 861//861
f 67//67 97//97 79//79
f 281//281 220//220 255//255
f 389//389 438//438 341//341
f 654//654 584//584 542//542
f 245//245 354//354 285//285
f 335//335 334//334 378//378
f 855//855 813//813 834//834
f 291//291 361//361 359//359
f 884//884 859//859 823//823
f 736//736 823//823 752//752
f 823//823 765//765 840//840
f 774//774 765//765 823//823
f 695//695 765//765 736//736
f 736//736 765//765 774//774
f 883//883 905//905 884//884
f 947//947 905//905 909//909
f 863//863 909//909 905//905
f 883//883 852//852 863//863
f 883//883 863//863 905//905
f 909//909 863//863 847//847
f 724//724 743//743 747//747
f 765//765 772//772 840//840
f 742//742 772//772 765//765
f 747//747 772//772 742//742
f 768//768 772//772 747//747
f 768//768 744//744 704//704
f 852//852 836//836 863//863
f 840//840 768//768 836//836
f 847//847 863//863 836//836
f 847//847 836//836 768//768
f 768//768 755//755 743//743
f 847//847 718//718 770//770
f 770//770 718//718 674//674
f 969//969 952//952 971//971
f 969//969 971//971 976//976
f 968//968 971//971 967//967
f 968//968 976//976 971//971
f 961//961 968//968 967//967
f 915//915 906//906 926//926
f 915//915 931//931 888//888
f 871//871 861//861 915//915
f 915//915 888//888 871//871
f 957//957 972//972 926//926
f 969//969 976//976 979//979
f 977//977 972//972 979//979
f 979//979 976//976 978//978
f 976//976 968//968 978//978
f 977//977 979//979 978//978
f 972//972 953//953 945//945
f 945//945 931//931 915//915
f 969//969 979//979 972//972
f 959//959 957//957 926//926
f 900//900 884//884 941//941
f 823//823 859//859 796//796
f 859//859 864//864 796//796
f 880//880 846//846 900//900
f 880//880 845//845 846//846
f 880//880 869//869 845//845
f 939//939 869//869 900//900
f 761//761 796//796 846//846
f 900//900 864//864 884//884
f 643//643 513//513 660//660
f 595//595 513//513 643//643
f 777//777 823//823 796//796
f 752//752 777//777 660//660
f 752//752 660//660 685//685
f 660//660 559//559 685//685
f 777//777 796//796 657//657
f 845//845 835//835 816//816
f 869//869 835//835 845//845
f 816//816 835//835 869//869
f 689//689 761//761 766//766
f 748//748 761//761 684//684
f 816//816 775//775 754//754
f 677//677 689//689 754//754
f 766//766 754//754 689//689
f 754//754 766//766 816//816
f 506//506 595//595 549//549
f 476//476 506//506 530//530
f 506//506 549//549 530//530
f 748//748 684//684 656//656
f 583//583 657//657 656//656
f 648//648 618//618 656//656
f 656//656 684//684 648//648
f 684//684 681//681 648//648
f 648//648 681//681 618//618
f 530//530 549//549 583//583
f 618//618 572//572 583//583
f 583//583 656//656 618//618
f 595//595 583//583 549//549
f 959//959 947//947 949//949
f 949//949 947//947 929//929
f 929//929 963//963 949//949
f 884//884 905//905 941//941
f 963//963 959//959 949//949
f 899//899 963//963 929//929
f 905//905 947//947 941//941
f 952//952 950//950 937//937
f 937//937 950//950 899//899
f 937//937 899//899 860//860
f 963//963 965//965 957//957
f 969//969 965//965 952//952
f 952//952 937//937 860//860
f 971//971 935//935 967//967
f 967//967 935//935 961//961
f 717//717 734//734 770//770
f 735//735 770//770 734//734
f 869//869 939//939 881//881
f 926//926 881//881 939//939
f 816//816 881//881 775//775
f 775//775 881//881 808//808
f 808//808 854//854 799//799
f 808//808 799//799 775//775
f 808//808 881//881 854//854
f 906//906 915//915 854//854
f 799//799 854//854 830//830
f 915//915 861//861 854//854
f 962//962 968//968 934//934
f 962//962 978//978 968//968
f 934//934 951//951 962//962
f 951//951 970//970 962//962
f 978//978 962//962 970//970
f 970//970 927//927 960//960
f 977//977 978//978 974//974
f 973//973 974//974 970//970
f 970//970 974//974 975//975
f 977//977 974//974 956//956
f 970//970 960//960 958//958
f 973//973 970//970 958//958
f 958//958 940//940 943//943
f 966//966 958//958 954//954
f 954//954 958//958 955//955
f 955//955 958//958 938//938
f 934//934 968//968 935//935
f 935//935 860//860 809//809
f 787//787 849//849 809//809
f 787//787 779//779 764//764
f 779//779 735//735 764//764
f 787//787 764//764 690//690
f 734//734 717//717 735//735
f 735//735 597//597 690//690
f 735//735 690//690 764//764
f 892//892 912//912 927//927
f 892//892 849//849 873//873
f 892//892 873//873 912//912
f 940//940 960//960 930//930
f 928//928 943//943 940//940
f 940//940 922//922 919//919
f 928//928 940//940 919//919
f 894//894 928//928 919//919
f 891//891 912//912 873//873
f 938//938 891//891 902//902
f 902//902 891//891 858//858
f 858//858 873//873 763//763
f 873//873 745//745 763//763
f 891//891 873//873 858//858
f 801//801 787//787 741//741
f 671//671 741//741 690//690
f 741//741 787//787 690//690
f 745//745 801//801 741//741
f 690//690 607//607 671//671
f 654//654 741//741 671//671
f 654//654 671//671 593//593
f 671//671 607//607 593//593
f 763//763 745//745 601//601
f 745//745 654//654 601//601
f 849//849 787//787 801//801
f 695//695 650//650 665//665
f 742//742 695//695 665//665
f 666//666 604//604 614//614
f 558//558 582//582 614//614
f 638//638 569//569 604//604
f 685//685 606//606 650//650
f 685//685 559//559 606//606
f 650//650 606//606 574//574
f 574//574 526//526 569//569
f 569//569 526//526 516//516
f 492//492 569//569 516//516
f 498//498 569//569 464//464
f 574//574 606//606 526//526
f 526//526 606//606 494//494
f 492//492 516//516 526//526
f 492//492 526//526 464//464
f 569//569 498//498 533//533
f 558//558 604//604 485//485
f 533//533 487//487 485//485
f 485//485 464//464 423//423
f 533//533 485//485 604//604
f 533//533 498//498 487//487
f 694//694 658//658 701//701
f 658//658 609//609 652//652
f 724//724 716//716 743//743
f 716//716 738//738 743//743
f 713//713 701//701 698//698
f 711//711 713//713 698//698
f 738//738 716//716 713//713
f 701//701 713//713 694//694
f 636//636 666//666 614//614
f 636//636 673//673 666//666
f 636//636 614//614 581//581
f 614//614 582//582 581//581
f 636//636 581//581 575//575
f 636//636 658//658 694//694
f 658//658 636//636 579//579
f 698//698 701//701 687//687
f 640//640 652//652 612//612
f 647//647 687//687 640//640
f 687//687 652//652 640//640
f 579//579 575//575 568//568
f 563//563 609//609 568//568
f 609//609 563//563 596//596
f 598//598 596//596 560//560
f 596//596 557//557 560//560
f 563//563 532//532 557//557
f 557//557 596//596 563//563
f 544//544 511//511 532//532
f 521//521 532//532 511//511
f 499//499 532//532 503//503
f 532//532 563//563 568//568
f 652//652 609//609 612//612
f 599//599 612//612 589//589
f 589//589 612//612 585//585
f 527//527 612//612 540//540
f 612//612 527//527 585//585
f 599//599 561//561 588//588
f 609//609 540//540 612//612
f 585//585 463//463 599//599
f 523//523 599//599 463//463
f 527//527 529//529 473//473
f 527//527 486//486 585//585
f 472//472 527//527 473//473
f 477//477 430//430 453//453
f 473//473 477//477 453//453
f 453//453 430//430 473//473
f 405//405 434//434 420//420
f 529//529 510//510 473//473
f 472//472 473//473 463//463
f 585//585 486//486 463//463
f 463//463 428//428 523//523
f 434//434 405//405 428//428
f 666//666 724//724 742//742
f 704//704 688//688 668//668
f 668//668 718//718 704//704
f 622//622 664//664 647//647
f 664//664 622//622 625//625
f 668//668 646//646 718//718
f 674//674 626//626 600//600
f 626//626 562//562 600//600
f 646//646 634//634 626//626
f 718//718 626//626 674//674
f 718//718 646//646 626//626
f 634//634 625//625 591//591
f 625//625 602//602 591//591
f 602//602 545//545 591//591
f 591//591 545//545 556//556
f 566//566 496//496 602//602
f 496//496 545//545 602//602
f 545//545 426//426 556//556
f 556//556 426//426 562//562
f 626//626 634//634 591//591
f 511//511 544//544 518//518
f 489//489 450//450 456//456
f 511//511 489//489 495//495
f 495//495 489//489 456//456
f 456//456 483//483 505//505
f 454//454 450//450 422//422
f 456//456 454//454 422//422
f 456//456 505//505 504//504
f 503//503 521//521 493//493
f 414//414 450//450 383//383
f 456//456 419//419 416//416
f 366//366 367//367 300//300
f 366//366 300//300 298//298
f 414//414 328//328 409//409
f 328//328 414//414 298//298
f 416//416 409//409 332//332
f 344//344 416//416 332//332
f 297//297 332//332 316//316
f 307//307 332//332 297//297
f 298//298 258//258 275//275
f 258//258 279//279 223//223
f 298//298 414//414 366//366
f 496//496 522//522 512//512
f 554//554 566//566 577//577
f 567//567 622//622 588//588
f 577//577 567//567 554//554
f 503//503 550//550 525//525
f 490//490 503//503 525//525
f 477//477 525//525 567//567
f 554//554 515//515 534//534
f 522//522 566//566 534//534
f 522//522 496//496 566//566
f 550//550 567//567 525//525
f 477//477 490//490 525//525
f 416//416 385//385 426//426
f 332//332 274//274 344//344
f 385//385 344//344 426//426
f 491//491 567//567 523//523
f 428//428 405//405 420//420
f 420//420 461//461 428//428
f 687//687 664//664 688//688
f 473//473 499//499 490//490
f 475//475 473//473 477//477
f 523//523 461//461 491//491
f 582//582 558//558 581//581
f 599//599 640//640 612//612
f 701//701 658//658 652//652
f 701//701 652//652 693//693
f 609//609 598//598 560//560
f 732//732 687//687 688//688
f 503//503 493//493 515//515
f 534//534 515//515 522//522
f 272//272 307//307 250//250
f 223//223 279//279 300//300
f 275//275 234//234 250//250
f 258//258 223//223 234//234
f 307//307 275//275 250//250
f 559//559 552//552 488//488
f 488//488 552//552 482//482
f 439//439 482//482 424//424
f 552//552 559//559 660//660
f 513//513 387//387 552//552
f 552//552 424//424 482//482
f 424//424 552//552 399//399
f 494//494 559//559 488//488
f 433//433 494//494 439//439
f 433//433 439//439 370//370
f 391//391 424//424 347//347
f 347//347 424//424 338//338
f 464//464 433//433 351//351
f 351//351 433//433 370//370
f 352//352 351//351 305//305
f 351//351 370//370 305//305
f 295//295 305//305 236//236
f 254//254 295//295 155//155
f 210//210 236//236 155//155
f 295//295 236//236 210//210
f 295//295 210//210 155//155
f 481//481 459//459 474//474
f 528//528 474//474 513//513
f 474//474 413//413 513//513
f 481//481 528//528 506//506
f 324//324 474//474 321//321
f 513//513 413//413 387//387
f 387//387 413//413 324//324
f 399//399 387//387 338//338
f 323//323 353//353 324//324
f 459//459 481//481 506//506
f 459//459 435//435 431//431
f 459//459 321//321 474//474
f 321//321 459//459 269//269
f 459//459 431//431 395//395
f 476//476 530//530 427//427
f 347//347 338//338 241//241
f 353//353 323//323 282//282
f 323//323 264//264 282//282
f 241//241 338//338 264//264
f 264//264 207//207 241//241
f 209//209 241//241 207//207
f 338//338 387//387 282//282
f 324//324 321//321 159//159
f 323//323 324//324 264//264
f 166//166 207//207 264//264
f 264//264 159//159 142//142
f 166//166 264//264 99//99
f 347//347 209//209 236//236
f 149//149 209//209 166//166
f 236//236 149//149 123//123
f 149//149 236//236 209//209
f 155//155 236//236 123//123
f 93//93 166//166 99//99
f 67//67 81//81 123//123
f 74//74 81//81 66//66
f 387//387 353//353 282//282
f 370//370 391//391 347//347
f 717//717 674//674 600//600
f 562//562 451//451 468//468
f 467//467 600//600 468//468
f 467//467 468//468 443//443
f 254//254 300//300 280//280
f 177//177 254//254 152//152
f 177//177 152//152 174//174
f 156//156 174//174 152//152
f 180//180 174//174 197//197
f 562//562 426//426 451//451
f 451//451 406//406 381//381
f 313//313 381//381 380//380
f 313//313 274//274 259//259
f 313//313 246//246 304//304
f 246//246 313//313 194//194
f 380//380 362//362 313//313
f 381//381 346//346 360//360
f 379//379 441//441 360//360
f 233//233 246//246 178//178
f 290//290 346//346 233//233
f 233//233 304//304 246//246
f 290//290 233//233 197//197
f 152//152 155//155 119//119
f 156//156 152//152 141//141
f 197//197 156//156 141//141
f 119//119 88//88 141//141
f 105//105 88//88 74//74
f 204//204 141//141 187//187
f 121//121 187//187 141//141
f 88//88 119//119 81//81
f 290//290 204//204 187//187
f 220//220 309//309 290//290
f 379//379 360//360 309//309
f 204//204 290//290 197//197
f 290//290 218//218 220//220
f 379//379 281//281 375//375
f 234//234 223//223 161//161
f 167//167 180//180 233//233
f 259//259 239//239 194//194
f 194//194 239//239 161//161
f 194//194 167//167 178//178
f 194//194 161//161 167//167
f 178//178 246//246 194//194
f 433//433 526//526 494//494
f 380//380 426//426 362//362
f 239//239 234//234 161//161
f 307//307 272//272 332//332
f 223//223 254//254 161//161
f 313//313 259//259 194//194
f 254//254 155//155 152//152
f 600//600 541//541 717//717
f 541//541 570//570 597//597
f 570//570 541//541 478//478
f 478//478 541//541 467//467
f 443//443 379//379 467//467
f 565//565 509//509 607//607
f 467//467 408//408 478//478
f 467//467 379//379 408//408
f 478//478 408//408 509//509
f 408//408 375//375 382//382
f 509//509 462//462 421//421
f 462//462 408//408 382//382
f 462//462 382//382 421//421
f 421//421 364//364 341//341
f 421//421 341//341 438//438
f 421//421 382//382 364//364
f 421//421 539//539 509//509
f 593//593 479//479 584//584
f 539//539 479//479 593//593
f 584//584 479//479 542//542
f 654//654 542//542 535//535
f 479//479 421//421 438//438
f 438//438 445//445 479//479
f 438//438 389//389 445//445
f 379//379 375//375 408//408
f 375//375 255//255 382//382
f 341//341 364//364 227//227
f 255//255 227//227 364//364
f 570//570 478//478 509//509
f 607//607 509//509 539//539
f 931//931 945//945 925//925
f 918//918 945//945 917//917
f 918//918 917//917 908//908
f 886//886 918//918 908//908
f 778//778 817//817 853//853
f 853//853 865//865 886//886
f 945//945 908//908 917//917
f 945//945 953//953 908//908
f 953//953 924//924 908//908
f 853//853 834//834 776//776
f 853//853 908//908 882//882
f 908//908 890//890 874//874
f 834//834 853//853 882//882
f 890//890 855//855 834//834
f 834//834 874//874 890//890
f 630//630 677//677 624//624
f 624//624 469//469 630//630
f 572//572 469//469 530//530
f 469//469 531//531 501//501
f 683//683 830//830 778//778
f 830//830 817//817 778//778
f 624//624 775//775 799//799
f 799//799 683//683 624//624
f 683//683 778//778 712//712
f 633//633 683//683 712//712
f 712//712 778//778 776//776
f 712//712 728//728 633//633
f 633//633 728//728 659//659
f 605//605 633//633 659//659
f 776//776 728//728 712//712
f 621//621 683//683 635//635
f 611//611 580//580 514//514
f 587//587 633//633 564//564
f 514//514 458//458 388//388
f 519//519 514//514 388//388
f 891//891 894//894 919//919
f 891//891 919//919 912//912
f 683//683 621//621 611//611
f 580//580 621//621 635//635
f 514//514 580//580 458//458
f 795//795 813//813 729//729
f 728//728 795//795 729//729
f 659//659 728//728 605//605
f 728//728 675//675 605//605
f 571//571 675//675 729//729
f 547//547 571//571 729//729
f 537//537 564//564 458//458
f 458//458 564//564 555//555
f 555//555 564//564 605//605
f 376//376 374//374 457//457
f 457//457 605//605 571//571
f 437//437 571//571 547//547
f 376//376 457//457 361//361
f 437//437 359//359 361//361
f 458//458 555//555 457//457
f 457//457 571//571 437//437
f 728//728 834//834 795//795
f 458//458 457//457 374//374
f 778//778 853//853 776//776
f 964//964 932//932 956//956
f 956//956 889//889 924//924
f 889//889 866//866 855//855
f 855//855 890//890 889//889
f 956//956 932//932 913//913
f 913//913 870//870 877//877
f 954//954 955//955 948//948
f 942//942 954//954 938//938
f 938//938 944//944 942//942
f 944//944 938//938 914//914
f 916//916 914//914 858//858
f 916//916 858//858 879//879
f 916//916 944//944 914//914
f 932//932 903//903 895//895
f 870//870 932//932 895//895
f 932//932 946//946 923//923
f 936//936 921//921 923//923
f 923//923 903//903 932//932
f 916//916 921//921 936//936
f 850//850 841//841 848//848
f 800//800 773//773 841//841
f 841//841 785//785 800//800
f 841//841 855//855 848//848
f 729//729 841//841 773//773
f 841//841 889//889 877//877
f 841//841 877//877 826//826
f 877//877 870//870 826//826
f 731//731 826//826 810//810
f 903//903 904//904 895//895
f 824//824 851//851 829//829
f 790//790 810//810 824//824
f 810//810 851//851 824//824
f 818//818 851//851 904//904
f 811//811 818//818 790//790
f 856//856 870//870 810//810
f 811//811 829//829 818//818
f 901//901 895//895 904//904
f 932//932 964//964 954//954
f 887//887 916//916 844//844
f 907//907 920//920 887//887
f 887//887 920//920 916//916
f 911//911 898//898 923//923
f 911//911 887//887 896//896
f 868//868 887//887 827//827
f 920//920 907//907 923//923
f 903//903 898//898 897//897
f 898//898 911//911 896//896
f 898//898 896//896 897//897
f 901//901 897//897 878//878
f 885//885 867//867 897//897
f 878//878 897//897 867//867
f 885//885 897//897 868//868
f 868//868 815//815 839//839
f 885//885 868//868 876//876
f 875//875 867//867 876//876
f 876//876 872//872 875//875
f 872//872 876//876 868//868
f 818//818 843//843 814//814
f 862//862 839//839 842//842
f 831//831 867//867 842//842
f 867//867 862//862 842//842
f 867//867 838//838 843//843
f 867//867 831//831 838//838
f 839//839 803//803 819//819
f 839//839 812//812 842//842
f 802//802 820//820 782//782
f 838//838 831//831 828//828
f 825//825 791//791 828//828
f 791//791 825//825 812//812
f 802//802 793//793 789//789
f 812//812 802//802 806//806
f 805//805 802//802 812//812
f 820//820 802//802 812//812
f 887//887 868//868 896//896
f 914//914 938//938 858//858
f 938//938 902//902 858//858
f 794//794 858//858 750//750
f 731//731 729//729 773//773
f 731//731 773//773 800//800
f 785//785 826//826 731//731
f 578//578 547//547 667//667
f 578//578 667//667 642//642
f 663//663 642//642 667//667
f 578//578 642//642 663//663
f 721//721 663//663 731//731
f 547//547 578//578 455//455
f 858//858 794//794 832//832
f 359//359 437//437 455//455
f 710//710 794//794 750//750
f 827//827 844//844 822//822
f 827//827 794//794 760//760
f 794//794 710//710 678//678
f 760//760 794//794 678//678
f 710//710 750//750 586//586
f 750//750 524//524 586//586
f 678//678 710//710 586//586
f 803//803 839//839 815//815
f 815//815 827//827 760//760
f 730//730 815//815 760//760
f 819//819 803//803 782//782
f 803//803 730//730 782//782
f 730//730 669//669 707//707
f 707//707 669//669 691//691
f 767//767 793//793 769//769
f 780//780 767//767 757//757
f 769//769 749//749 767//767
f 767//767 749//749 757//757
f 769//769 782//782 749//749
f 793//793 780//780 783//783
f 789//789 784//784 757//757
f 784//784 783//783 780//780
f 783//783 788//788 793//793
f 757//757 759//759 789//789
f 793//793 788//788 784//784
f 784//784 780//780 757//757
f 703//703 651//651 757//757
f 703//703 757//757 714//714
f 739//739 725//725 714//714
f 749//749 725//725 739//739
f 725//725 707//707 696//696
f 730//730 707//707 725//725
f 691//691 662//662 696//696
f 714//714 725//725 696//696
f 662//662 703//703 696//696
f 590//590 628//628 662//662
f 651//651 703//703 662//662
f 782//782 730//730 725//725
f 782//782 725//725 749//749
f 586//586 460//460 551//551
f 669//669 623//623 691//691
f 616//616 691//691 623//623
f 623//623 620//620 617//617
f 623//623 669//669 620//620
f 586//586 608//608 620//620
f 620//620 608//608 616//616
f 620//620 616//616 617//617
f 538//538 586//586 551//551
f 517//517 551//551 460//460
f 460//460 452//452 466//466
f 440//440 538//538 466//466
f 538//538 517//517 466//466
f 517//517 460//460 466//466
f 551//551 517//517 538//538
f 590//590 691//691 616//616
f 538//538 440//440 590//590
f 669//669 678//678 620//620
f 680//680 790//790 753//753
f 680//680 753//753 781//781
f 753//753 790//790 781//781
f 781//781 706//706 680//680
f 672//672 781//781 723//723
f 672//672 706//706 781//781
f 781//781 818//818 814//814
f 814//814 821//821 781//781
f 705//705 781//781 786//786
f 781//781 821//821 786//786
f 821//821 807//807 786//786
f 843//843 807//807 821//821
f 807//807 828//828 804//804
f 758//758 771//771 792//792
f 705//705 692//692 686//686
f 686//686 733//733 705//705
f 705//705 786//786 746//746
f 762//762 758//758 756//756
f 786//786 771//771 762//762
f 726//726 751//751 758//758
f 708//708 699//699 705//705
f 722//722 727//727 715//715
f 726//726 699//699 715//715
f 727//727 719//719 715//715
f 720//720 727//727 737//737
f 726//726 715//715 720//720
f 715//715 720//720 719//719
f 708//708 709//709 715//715
f 758//758 702//702 726//726
f 786//786 762//762 746//746
f 702//702 699//699 726//726
f 804//804 828//828 791//791
f 578//578 663//663 520//520
f 680//680 721//721 790//790
f 663//663 721//721 615//615
f 615//615 721//721 680//680
f 644//644 615//615 680//680
f 520//520 615//615 543//543
f 603//603 644//644 672//672
f 603//603 615//615 644//644
f 543//543 615//615 603//603
f 680//680 706//706 672//672
f 455//455 484//484 354//354
f 484//484 578//578 520//520
f 465//465 484//484 520//520
f 455//455 327//327 359//359
f 245//245 327//327 354//354
f 465//465 543//543 425//425
f 425//425 603//603 573//573
f 252//252 358//358 253//253
f 425//425 573//573 386//386
f 336//336 372//372 386//386
f 253//253 358//358 425//425
f 336//336 183//183 253//253
f 368//368 320//320 336//336
f 183//183 336//336 312//312
f 277//277 336//336 242//242
f 183//183 277//277 214//214
f 183//183 312//312 277//277
f 520//520 543//543 465//465
f 792//792 804//804 759//759
f 649//649 759//759 651//651
f 672//672 733//733 686//686
f 645//645 672//672 686//686
f 573//573 603//603 645//645
f 758//758 649//649 702//702
f 702//702 639//639 670//670
f 682//682 679//679 676//676
f 682//682 676//676 679//679
f 692//692 676//676 661//661
f 661//661 670//670 639//639
f 682//682 702//702 670//670
f 670//670 661//661 676//676
f 679//679 676//676 682//682
f 627//627 639//639 649//649
f 576//576 627//627 502//502
f 645//645 692//692 661//661
f 502//502 649//649 378//378
f 649//649 651//651 378//378
f 334//334 502//502 378//378
f 288//288 502//502 334//334
f 266//266 402//402 288//288
f 629//629 631//631 627//627
f 629//629 645//645 631//631
f 627//627 610//610 619//619
f 619//619 629//629 627//627
f 573//573 645//645 629//629
f 632//632 639//639 627//627
f 639//639 641//641 653//653
f 573//573 594//594 508//508
f 508//508 594//594 553//553
f 576//576 592//592 610//610
f 470//470 573//573 508//508
f 546//546 576//576 502//502
f 548//548 502//502 507//507
f 548//548 546//546 502//502
f 508//508 507//507 500//500
f 508//508 553//553 507//507
f 508//508 500//500 470//470
f 500//500 507//507 470//470
f 553//553 536//536 507//507
f 553//553 592//592 548//548
f 573//573 610//610 594//594
f 645//645 655//655 653//653
f 645//645 661//661 655//655
f 402//402 507//507 502//502
f 386//386 573//573 470//470
f 386//386 442//442 393//393
f 448//448 390//390 407//407
f 442//442 407//407 393//393
f 386//386 470//470 442//442
f 442//442 446//446 407//407
f 442//442 470//470 449//449
f 442//442 449//449 446//446
f 368//368 390//390 402//402
f 242//242 266//266 198//198
f 653//653 661//661 639//639
f 448//448 470//470 507//507
f 807//807 838//838 828//828
f 731//731 800//800 785//785
f 731//731 810//810 721//721
f 705//705 697//697 682//682
f 818//818 904//904 843//843
f 763//763 601//601 524//524
f 200//200 242//242 198//198
f 373//373 395//395 435//435
f 373//373 435//435 427//427
f 373//373 325//325 317//317
f 325//325 373//373 355//355
f 345//345 427//427 392//392
f 325//325 355//355 345//345
f 159//159 269//269 92//92
f 228//228 373//373 317//317
f 269//269 373//373 228//228
f 286//286 228//228 325//325
f 230//230 228//228 286//286
f 230//230 345//345 240//240
f 184//184 228//228 175//175
f 175//175 131//131 184//184
f 228//228 230//230 175//175
f 192//192 125//125 131//131
f 230//230 240//240 125//125
f 286//286 325//325 345//345
f 371//371 392//392 469//469
f 345//345 371//371 369//369
f 411//411 436//436 501//501
f 469//469 501//501 436//436
f 501//501 388//388 363//363
f 369//369 371//371 363//363
f 240//240 345//345 369//369
f 369//369 363//363 229//229
f 229//229 363//363 235//235
f 240//240 229//229 125//125
f 388//388 260//260 235//235
f 235//235 215//215 136//136
f 371//371 469//469 436//436
f 159//159 92//92 135//135
f 99//99 135//135 109//109
f 135//135 92//92 109//109
f 96//96 92//92 78//78
f 109//109 92//92 96//96
f 71//71 78//78 58//58
f 69//69 71//71 58//58
f 57//57 58//58 23//23
f 92//92 184//184 131//131
f 83//83 131//131 98//98
f 92//92 131//131 83//83
f 92//92 83//83 78//78
f 83//83 98//98 78//78
f 76//76 125//125 73//73
f 78//78 76//76 63//63
f 78//78 15//15 32//32
f 228//228 184//184 92//92
f 79//79 97//97 93//93
f 67//67 93//93 69//69
f 67//67 69//69 57//57
f 57//57 45//45 59//59
f 67//67 54//54 39//39
f 93//93 67//67 79//79
f 81//81 67//67 62//62
f 62//62 67//67 39//39
f 55//55 51//51 53//53
f 74//74 62//62 60//60
f 125//125 229//229 104//104
f 125//125 104//104 64//64
f 73//73 125//125 64//64
f 235//235 136//136 104//104
f 146//146 112//112 136//136
f 77//77 112//112 72//72
f 80//80 136//136 77//77
f 42//42 80//80 77//77
f 72//72 61//61 65//65
f 60//60 36//36 49//49
f 55//55 44//44 40//40
f 36//36 60//60 40//40
f 61//61 60//60 65//65
f 68//68 60//60 49//49
f 36//36 40//40 34//34
f 29//29 52//52 42//42
f 34//34 19//19 42//42
f 68//68 42//42 77//77
f 19//19 22//22 42//42
f 68//68 49//49 41//41
f 76//76 73//73 63//63
f 63//63 73//73 15//15
f 73//73 64//64 24//24
f 64//64 52//52 29//29
f 24//24 64//64 29//29
f 26//26 29//29 42//42
f 69//69 58//58 57//57
f 374//374 294//294 289//289
f 260//260 388//388 289//289
f 260//260 146//146 215//215
f 201//201 284//284 208//208
f 196//196 201//201 208//208
f 289//289 294//294 284//284
f 201//201 289//289 284//284
f 187//187 121//121 153//153
f 154//154 153//153 121//121
f 153//153 154//154 201//201
f 94//94 201//201 154//154
f 84//84 121//121 74//74
f 61//61 72//72 94//94
f 87//87 94//94 121//121
f 186//186 224//224 201//201
f 146//146 260//260 186//186
f 211//211 220//220 196//196
f 187//187 220//220 218//218
f 220//220 187//187 196//196
f 255//255 195//195 202//202
f 255//255 202//202 227//227
f 189//189 188//188 179//179
f 227//227 189//189 179//179
f 189//189 202//202 195//195
f 195//195 196//196 208//208
f 284//284 376//376 296//296
f 376//376 292//292 296//296
f 284//284 296//296 292//292
f 208//208 292//292 265//265
f 208//208 265//265 188//188
f 188//188 232//232 179//179
f 188//188 265//265 232//232
f 208//208 189//189 195//195
f 16//16 23//23 25//25
f 16//16 32//32 15//15
f 16//16 15//15 3//3
f 58//58 32//32 16//16
f 57//57 23//23 21//21
f 33//33 21//21 27//27
f 39//39 54//54 28//28
f 43//43 31//31 54//54
f 50//50 46//46 38//38
f 48//48 38//38 46//46
f 39//39 28//28 30//30
f 39//39 30//30 47//47
f 13//13 21//21 10//10
f 10//10 21//21 3//3
f 13//13 8//8 17//17
f 8//8 10//10 5//5
f 5//5 10//10 3//3
f 8//8 3//3 2//2
f 27//27 17//17 18//18
f 40//40 27//27 18//18
f 18//18 17//17 8//8
f 20//20 34//34 18//18
f 19//19 20//20 7//7
f 7//7 4//4 6//6
f 43//43 45//45 31//31
f 28//28 31//31 33//33
f 7//7 2//2 4//4
f 11//11 15//15 24//24
f 9//9 14//14 12//12
f 2//2 3//3 1//1
f 2//2 1//1 12//12
f 2//2 12//12 19//19
f 53//53 46//46 50//50
f 62//62 47//47 56//56
f 479//479 412//412 480//480
f 535//535 480//480 432//432
f 480//480 412//412 432//432
f 479//479 445//445 389//389
f 389//389 341//341 311//311
f 311//311 342//342 389//389
f 479//479 389//389 412//412
f 389//389 365//365 412//412
f 412//412 377//377 432//432
f 342//342 311//311 273//273
f 341//341 216//216 273//273
f 365//365 342//342 273//273
f 217//217 273//273 216//216
f 377//377 365//365 273//273
f 249//249 341//341 227//227
f 249//249 216//216 341//341
f 172//172 216//216 179//179
f 232//232 191//191 179//179
f 191//191 232//232 162//162
f 217//217 216//216 172//172
f 217//217 172//172 193//193
f 232//232 270//270 291//291
f 291//291 243//243 232//232
f 243//243 164//164 232//232
f 164//164 140//140 150//150
f 162//162 164//164 150//150
f 140//140 124//124 134//134
f 164//164 100//100 140//140
f 124//124 140//140 100//100
f 251//251 273//273 217//217
f 217//217 150//150 140//140
f 251//251 217//217 140//140
f 181//181 251//251 221//221
f 221//221 140//140 107//107
f 251//251 140//140 221//221
f 221//221 107//107 102//102
f 140//140 134//134 107//107
f 301//301 273//273 251//251
f 238//238 301//301 251//251
f 301//301 238//238 267//267
f 535//535 432//432 601//601
f 601//601 471//471 524//524
f 524//524 471//471 417//417
f 524//524 417//417 444//444
f 524//524 444//444 460//460
f 417//417 306//306 394//394
f 377//377 301//301 343//343
f 377//377 343//343 432//432
f 343//343 256//256 306//306
f 601//601 432//432 471//471
f 432//432 417//417 471//471
f 417//417 394//394 444//444
f 397//397 357//357 410//410
f 326//326 410//410 357//357
f 306//306 219//219 225//225
f 357//357 350//350 331//331
f 340//340 271//271 333//333
f 331//331 283//283 326//326
f 350//350 394//394 271//271
f 350//350 271//271 340//340
f 212//212 225//225 219//219
f 306//306 225//225 271//271
f 384//384 410//410 308//308
f 308//308 410//410 326//326
f 319//319 308//308 247//247
f 173//173 182//182 168//168
f 308//308 326//326 257//257
f 206//206 257//257 212//212
f 222//222 206//206 213//213
f 212//212 171//171 206//206
f 212//212 169//169 171//171
f 206//206 222//222 257//257
f 169//169 170//170 171//171
f 171//171 170//170 205//205
f 190//190 171//171 205//205
f 231//231 206//206 190//190
f 283//283 276//276 268//268
f 268//268 326//326 283//283
f 357//357 394//394 350//350
f 452//452 418//418 466//466
f 403//403 410//410 429//429
f 410//410 418//418 429//429
f 418//418 452//452 429//429
f 429//429 401//401 403//403
f 397//397 410//410 398//398
f 404//404 400//400 398//398
f 403//403 400//400 404//404
f 398//398 400//400 396//396
f 404//404 401//401 415//415
f 460//460 429//429 452//452
f 460//460 415//415 401//401
f 333//333 337//337 340//340
f 350//350 349//349 356//356
f 340//340 337//337 348//348
f 299//299 315//315 314//314
f 314//314 315//315 318//318
f 318//318 299//299 314//314
f 299//299 278//278 283//283
f 302//302 303//303 299//299
f 329//329 330//330 333//333
f 333//333 330//330 337//337
f 339//339 331//331 333//333
f 333//333 271//271 318//318
f 318//318 330//330 329//329
f 333//333 318//318 329//329
f 440//440 418//418 410//410
f 169//169 219//219 181//181
f 237//237 244//244 256//256
f 340//340 349//349 350//350
f 348//348 333//333 331//331
f 350//350 356//356 357//357
f 276//276 278//278 299//299
f 271//271 278//278 276//276
f 271//271 299//299 318//318
f 257//257 263//263 262//262
f 262//262 263//263 271//271
f 359//359 327//327 248//248
f 248//248 327//327 245//245
f 248//248 245//245 164//164
f 86//86 100//100 164//164
f 176//176 285//285 252//252
f 176//176 114//114 245//245
f 114//114 176//176 145//145
f 114//114 95//95 86//86
f 164//164 243//243 248//248
f 91//91 107//107 89//89
f 89//89 82//82 91//91
f 82//82 89//89 86//86
f 91//91 82//82 85//85
f 102//102 90//90 128//128
f 95//95 90//90 82//82
f 101//101 139//139 118//118
f 118//118 103//103 90//90
f 101//101 145//145 139//139
f 118//118 139//139 183//183
f 138//138 198//198 137//137
f 198//198 138//138 144//144
f 118//118 183//183 144//144
f 200//200 158//158 185//185
f 200//200 198//198 158//158
f 185//185 158//158 157//157
f 185//185 214//214 200//200
f 183//183 157//157 144//144
f 185//185 183//183 214//214
f 185//185 157//157 183//183
f 113//113 103//103 118//118
f 89//89 100//100 86//86
f 335//335 378//378 319//319
f 151//151 319//319 247//247
f 261//261 335//335 319//319
f 261//261 319//319 151//151
f 334//334 335//335 261//261
f 334//334 261//261 151//151
f 151//151 126//126 147//147
f 163//163 151//151 199//199
f 334//334 151//151 133//133
f 133//133 151//151 147//147
f 160//160 334//334 165//165
f 288//288 106//106 266//266
f 103//103 126//126 90//90
f 126//126 103//103 122//122
f 132//132 160//160 165//165
f 132//132 165//165 143//143
f 132//132 129//129 126//126
f 122//122 106//106 108//108
f 122//122 103//103 106//106
f 130//130 160//160 132//132
f 122//122 130//130 132//132
f 130//130 122//122 108//108
f 133//133 126//126 129//129
f 147//147 126//126 133//133
f 143//143 133//133 132//132
f 132//132 133//133 129//129
f 226//226 198//198 266//266
f 226//226 266//266 137//137
f 198//198 226//226 137//137
f 266//266 106//106 127//127
f 137//137 266//266 120//120
f 118//118 120//120 113//113
f 111//111 106//106 110//110
f 106//106 111//111 127//127
f 113//113 115//115 117//117
f 106//106 113//113 110//110
f 134//134 124//124 100//100
f 163//163 168//168 126//126
f 238//238 237//237 267//267
f 238//238 251//251 181//181
f 221//221 182//182 203//203
f 182//182 148//148 128//128
f 931//931 925//925 888//888
f 677//677 775//775 624//624
f 956//956 974//974 964//964
f 955//955 938//938 948//948
f 321//321 269//269 159//159
f 66//66 81//81 62//62
f 736//736 650//650 695//695
f 597//597 607//607 690//690
f 441//441 379//379 443//443
f 685//685 736//736 752//752
f 744//744 768//768 743//743
f 768//768 704//704 718//718
f 926//926 972//972 915//915
f 864//864 859//859 884//884
f 583//583 595//595 657//657
f 618//618 630//630 469//469
f 469//469 572//572 618//618
f 689//689 681//681 684//684
f 939//939 947//947 959//959
f 899//899 950//950 963//963
f 950//950 965//965 963//963
f 837//837 899//899 893//893
f 950//950 952//952 965//965
f 975//975 974//974 978//978
f 974//974 973//973 958//958
f 933//933 938//938 958//958
f 935//935 968//968 961//961
f 860//860 735//735 779//779
f 927//927 930//930 960//960
f 912//912 919//919 922//922
f 927//927 922//922 930//930
f 912//912 922//922 927//927
f 529//529 540//540 560//560
f 529//529 560//560 532//532
f 928//928 894//894 943//943
f 933//933 891//891 938//938
f 930//930 922//922 940//940
f 741//741 654//654 745//745
f 485//485 423//423 450//450
f 666//666 716//716 724//724
f 713//713 711//711 732//732
f 693//693 687//687 701//701
f 693//693 652//652 687//687
f 647//647 599//599 622//622
f 640//640 599//599 647//647
f 581//581 544//544 575//575
f 579//579 568//568 609//609
f 596//596 598//598 609//609
f 557//557 532//532 560//560
f 544//544 532//532 575//575
f 589//589 585//585 599//599
f 316//316 328//328 298//298
f 316//316 298//298 287//287
f 561//561 599//599 523//523
f 472//472 463//463 486//486
f 527//527 472//472 486//486
f 430//430 420//420 434//434
f 463//463 434//434 428//428
f 732//732 688//688 704//704
f 732//732 704//704 744//744
f 602//602 577//577 566//566
f 646//646 625//625 634//634
f 626//626 591//591 562//562
f 556//556 562//562 591//591
f 521//521 495//495 493//493
f 495//495 456//456 504//504
f 495//495 504//504 493//493
f 504//504 505//505 493//493
f 515//515 493//493 505//505
f 515//515 497//497 522//522
f 512//512 522//522 497//497
f 497//497 483//483 456//456
f 505//505 483//483 515//515
f 409//409 419//419 422//422
f 416//416 512//512 456//456
f 366//366 414//414 383//383
f 307//307 297//297 287//287
f 297//297 307//307 287//287
f 420//420 430//430 477//477
f 420//420 477//477 461//461
f 298//298 275//275 287//287
f 298//298 279//279 258//258
f 300//300 279//279 298//298
f 409//409 422//422 414//414
f 550//550 515//515 554//554
f 566//566 554//554 534//534
f 550//550 554//554 567//567
f 441//441 468//468 451//451
f 441//441 451//451 381//381
f 416//416 447//447 496//496
f 416//416 496//496 512//512
f 344//344 385//385 416//416
f 344//344 274//274 426//426
f 599//599 588//588 622//622
f 698//698 687//687 711//711
f 275//275 258//258 234//234
f 250//250 234//234 272//272
f 234//234 239//239 274//274
f 391//391 370//370 439//439
f 370//370 347//347 305//305
f 352//352 305//305 295//295
f 353//353 387//387 324//324
f 506//506 476//476 435//435
f 338//338 282//282 264//264
f 468//468 600//600 562//562
f 280//280 300//300 367//367
f 850//850 848//848 866//866
f 850//850 866//866 889//889
f 381//381 304//304 346//346
f 381//381 406//406 426//426
f 155//155 81//81 119//119
f 119//119 141//141 152//152
f 375//375 281//281 255//255
f 346//346 290//290 360//360
f 161//161 180//180 167//167
f 233//233 178//178 167//167
f 275//275 297//297 287//287
f 275//275 307//307 297//297
f 830//830 857//857 888//888
f 888//888 857//857 871//871
f 910//910 918//918 865//865
f 918//918 886//886 865//865
f 945//945 918//918 925//925
f 874//874 882//882 908//908
f 871//871 830//830 861//861
f 621//621 580//580 611//611
f 611//611 514//514 519//519
f 635//635 633//633 580//580
f 675//675 571//571 605//605
f 564//564 633//633 605//605
f 932//932 954//954 946//946
f 798//798 805//805 802//802
f 942//942 944//944 946//946
f 946//946 916//916 936//936
f 944//944 916//916 946//946
f 916//916 920//920 921//921
f 921//921 920//920 923//923
f 904//904 895//895 901//901
f 829//829 851//851 818//818
f 903//903 901//901 904//904
f 848//848 855//855 866//866
f 889//889 841//841 850//850
f 879//879 844//844 916//916
f 907//907 887//887 923//923
f 885//885 876//876 867//867
f 875//875 839//839 862//862
f 820//820 812//812 839//839
f 842//842 825//825 831//831
f 831//831 825//825 828//828
f 791//791 798//798 759//759
f 789//789 759//759 798//798
f 806//806 802//802 805//805
f 806//806 805//805 798//798
f 739//739 714//714 757//757
f 739//739 757//757 749//749
f 802//802 805//805 812//812
f 806//806 798//798 812//812
f 788//788 789//789 793//793
f 794//794 822//822 844//844
f 782//782 793//793 802//802
f 767//767 780//780 793//793
f 783//783 784//784 788//788
f 700//700 705//705 699//699
f 700//700 699//699 697//697
f 784//784 789//789 788//788
f 696//696 703//703 714//714
f 662//662 691//691 590//590
f 707//707 691//691 696//696
f 651//651 440//440 378//378
f 818//818 781//781 790//790
f 792//792 786//786 807//807
f 771//771 758//758 762//762
f 751//751 746//746 756//756
f 758//758 751//751 756//756
f 751//751 740//740 746//746
f 762//762 756//756 746//746
f 705//705 676//676 692//692
f 697//697 705//705 700//700
f 699//699 702//702 700//700
f 699//699 700//700 697//697
f 722//722 705//705 737//737
f 722//722 737//737 727//727
f 722//722 715//715 719//719
f 722//722 719//719 708//708
f 726//726 720//720 737//737
f 699//699 708//708 715//715
f 708//708 719//719 720//720
f 708//708 720//720 709//709
f 715//715 709//709 720//720
f 727//727 720//720 719//719
f 720//720 715//715 719//719
f 637//637 645//645 641//641
f 740//740 726//726 737//737
f 740//740 737//737 746//746
f 368//368 336//336 386//386
f 336//336 320//320 242//242
f 682//682 676//676 705//705
f 679//679 670//670 676//676
f 682//682 670//670 679//679
f 632//632 631//631 645//645
f 632//632 645//645 637//637
f 632//632 627//627 631//631
f 449//449 448//448 446//446
f 619//619 610//610 629//629
f 661//661 653//653 655//655
f 592//592 546//546 548//548
f 576//576 546//546 592//592
f 548//548 536//536 553//553
f 641//641 639//639 637//637
f 639//639 632//632 637//637
f 653//653 641//641 645//645
f 446//446 448//448 407//407
f 788//788 793//793 784//784
f 390//390 386//386 407//407
f 386//386 393//393 407//407
f 470//470 448//448 449//449
f 697//697 700//700 702//702
f 697//697 702//702 682//682
f 142//142 159//159 99//99
f 832//832 844//844 858//858
f 228//228 92//92 269//269
f 230//230 192//192 175//175
f 436//436 411//411 371//371
f 411//411 363//363 371//371
f 411//411 501//501 363//363
f 53//53 50//50 44//44
f 53//53 44//44 55//55
f 96//96 99//99 109//109
f 99//99 71//71 69//69
f 33//33 45//45 57//57
f 59//59 54//54 67//67
f 55//55 56//56 51//51
f 51//51 56//56 48//48
f 60//60 55//55 40//40
f 55//55 60//60 56//56
f 215//215 146//146 136//136
f 104//104 136//136 80//80
f 75//75 77//77 72//72
f 35//35 68//68 41//41
f 35//35 41//41 37//37
f 37//37 41//41 36//36
f 37//37 36//36 35//35
f 34//34 35//35 37//37
f 37//37 35//35 34//34
f 36//36 42//42 68//68
f 36//36 68//68 35//35
f 36//36 41//41 49//49
f 36//36 35//35 42//42
f 35//35 34//34 42//42
f 68//68 75//75 65//65
f 68//68 65//65 60//60
f 34//34 35//35 36//36
f 31//31 38//38 30//30
f 284//284 294//294 374//374
f 186//186 260//260 224//224
f 260//260 289//289 224//224
f 289//289 201//201 224//224
f 208//208 188//188 189//189
f 84//84 87//87 121//121
f 186//186 201//201 146//146
f 232//232 265//265 270//270
f 15//15 11//11 3//3
f 39//39 47//47 62//62
f 54//54 59//59 45//45
f 43//43 44//44 50//50
f 54//54 45//45 43//43
f 54//54 31//31 28//28
f 31//31 43//43 50//50
f 31//31 50//50 38//38
f 44//44 43//43 31//31
f 44//44 31//31 27//27
f 31//31 45//45 33//33
f 47//47 48//48 56//56
f 31//31 30//30 28//28
f 28//28 27//27 31//31
f 20//20 19//19 34//34
f 8//8 7//7 18//18
f 48//48 46//46 53//53
f 48//48 53//53 51//51
f 28//28 33//33 27//27
f 19//19 6//6 4//4
f 7//7 6//6 19//19
f 213//213 206//206 231//231
f 213//213 231//231 222//222
f 44//44 27//27 40//40
f 377//377 412//412 365//365
f 179//179 216//216 249//249
f 191//191 172//172 179//179
f 191//191 162//162 172//172
f 193//193 150//150 217//217
f 162//162 150//150 172//172
f 237//237 256//256 343//343
f 394//394 357//357 397//397
f 244//244 306//306 256//256
f 257//257 271//271 225//225
f 212//212 257//257 225//225
f 173//173 181//181 203//203
f 257//257 326//326 268//268
f 257//257 222//222 231//231
f 205//205 231//231 190//190
f 168//168 163//163 199//199
f 199//199 205//205 170//170
f 168//168 170//170 169//169
f 404//404 415//415 396//396
f 404//404 396//396 400//400
f 190//190 206//206 213//213
f 262//262 257//257 268//268
f 308//308 205//205 199//199
f 271//271 257//257 262//262
f 396//396 415//415 398//398
f 356//356 349//349 340//340
f 356//356 340//340 348//348
f 398//398 403//403 404//404
f 410//410 403//403 398//398
f 401//401 404//404 400//400
f 403//403 401//401 400//400
f 398//398 415//415 394//394
f 397//397 398//398 394//394
f 401//401 429//429 460//460
f 330//330 329//329 331//331
f 330//330 331//331 337//337
f 348//348 349//349 356//356
f 329//329 330//330 322//322
f 329//329 322//322 331//331
f 303//303 302//302 331//331
f 303//303 331//331 310//310
f 339//339 337//337 331//331
f 314//314 315//315 310//310
f 314//314 310//310 331//331
f 283//283 302//302 303//303
f 299//299 283//283 293//293
f 310//310 315//315 299//299
f 310//310 299//299 303//303
f 302//302 299//299 293//293
f 302//302 293//293 303//303
f 315//315 314//314 331//331
f 315//315 331//331 322//322
f 293//293 283//283 303//303
f 337//337 339//339 348//348
f 339//339 333//333 348//348
f 322//322 330//330 318//318
f 322//322 318//318 315//315
f 268//268 278//278 271//271
f 268//268 271//271 263//263
f 212//212 219//219 169//169
f 181//181 219//219 237//237
f 349//349 350//350 357//357
f 349//349 357//357 356//356
f 331//331 350//350 349//349
f 331//331 349//349 348//348
f 117//117 127//127 111//111
f 117//117 111//111 115//115
f 283//283 331//331 302//302
f 283//283 278//278 276//276
f 276//276 299//299 271//271
f 257//257 262//262 263//263
f 268//268 263//263 262//262
f 268//268 276//276 278//278
f 118//118 144//144 138//138
f 137//137 118//118 138//138
f 158//158 144//144 157//157
f 132//132 126//126 122//122
f 106//106 160//160 130//130
f 334//334 133//133 143//143
f 116//116 127//127 117//117
f 116//116 117//117 115//115
f 111//111 110//110 115//115
f 110//110 117//117 115//115
f 116//116 113//113 120//120
f 116//116 120//120 127//127
f 113//113 117//117 110//110
f 116//116 115//115 113//113
f 267//267 237//237 301//301
