# convertido de flygym/NeuroMechFly (lm_coxa)
v -0.09070 -0.02392 -0.13437
v -0.08940 -0.00991 -0.12499
v -0.08878 -0.03302 -0.13054
v -0.08799 -0.02626 -0.14442
v -0.08792 -0.02359 -0.11511
v -0.08651 -0.02151 -0.09401
v -0.08583 -0.00404 -0.13999
v -0.08581 -0.00415 -0.11802
v -0.08579 0.00182 -0.07269
v -0.08570 -0.03417 -0.11342
v -0.08565 -0.02895 -0.10029
v -0.08536 0.00150 -0.06924
v -0.08516 -0.03648 -0.13684
v -0.08502 -0.02743 -0.08990
v -0.08496 -0.01145 -0.08522
v -0.08496 0.00145 -0.15364
v -0.08491 0.01280 -0.06362
v -0.08481 0.00344 -0.07784
v -0.08440 -0.01441 -0.10534
v -0.08437 0.00231 -0.15038
v -0.08434 -0.01282 -0.07927
v -0.08398 0.02320 -0.06724
v -0.08370 -0.03621 -0.14463
v -0.08365 0.02132 -0.05939
v -0.08347 -0.04951 -0.09288
v -0.08334 -0.01149 -0.17022
v -0.08331 -0.04337 -0.09214
v -0.08324 -0.02379 -0.17067
v -0.08306 -0.04758 -0.09133
v -0.08262 -0.01718 -0.17458
v -0.08257 -0.03629 -0.09176
v -0.08210 0.00009 -0.08729
v -0.08189 0.00051 -0.10877
v -0.08177 -0.03780 -0.16658
v -0.08130 -0.00213 -0.09432
v -0.08117 0.01315 -0.11549
v -0.08109 0.00995 -0.14533
v -0.08076 0.01677 -0.05387
v -0.08044 -0.05064 -0.10293
v -0.08016 -0.04582 -0.08828
v -0.07954 0.02918 -0.05291
v -0.07940 -0.05071 -0.09402
v -0.07930 -0.01288 -0.07025
v -0.07904 -0.04393 -0.16237
v -0.07876 -0.03514 -0.08407
v -0.07808 -0.00064 -0.06098
v -0.07803 -0.04592 -0.08575
v -0.07796 -0.04541 -0.13286
v -0.07785 0.01970 -0.10669
v -0.07636 -0.04593 -0.15017
v -0.07628 0.01113 -0.09727
v -0.07615 -0.02590 -0.07700
v -0.07604 0.03828 -0.05201
v -0.07555 -0.05105 -0.11844
v -0.07542 0.03993 -0.02234
v -0.07489 -0.05534 -0.10159
v -0.07465 -0.03644 -0.08183
v -0.07416 -0.05544 -0.11329
v -0.07411 -0.02003 -0.07049
v -0.07405 0.01902 -0.17827
v -0.07394 0.04224 -0.05312
v -0.07393 0.01788 -0.04705
v -0.07385 0.01281 -0.08637
v -0.07381 -0.00400 -0.06064
v -0.07374 -0.03672 -0.08231
v -0.07371 -0.03692 -0.08224
v -0.07365 0.02576 -0.10026
v -0.07354 -0.06071 -0.10031
v -0.07340 -0.03702 -0.08273
v -0.07309 0.02091 -0.14986
v -0.07288 -0.03672 -0.08237
v -0.07282 0.04739 -0.01097
v -0.07282 -0.03599 -0.08050
v -0.07277 -0.05831 -0.10016
v -0.07263 -0.05255 -0.09886
v -0.07219 0.02479 -0.16828
v -0.07201 0.03394 -0.02329
v -0.07188 0.03624 -0.03526
v -0.07186 0.03772 -0.05987
v -0.07162 0.04566 -0.01256
v -0.07160 0.01931 -0.09241
v -0.07158 0.03142 -0.02910
v -0.07069 0.02519 -0.07646
v -0.07057 0.01118 -0.18746
v -0.07053 0.04339 -0.03724
v -0.07044 0.03270 -0.10363
v -0.07021 -0.04245 -0.08708
v -0.06985 0.03075 -0.03674
v -0.06972 0.02832 -0.12776
v -0.06956 0.04789 -0.00926
v -0.06954 -0.04700 -0.14101
v -0.06950 0.05446 -0.01842
v -0.06944 -0.04105 -0.08734
v -0.06902 0.02438 -0.08269
v -0.06883 -0.04820 -0.16539
v -0.06847 0.04690 -0.01061
v -0.06819 0.03600 -0.09857
v -0.06790 -0.01928 -0.19511
v -0.06782 -0.06790 -0.09868
v -0.06778 0.05343 -0.00667
v -0.06761 0.03248 -0.11543
v -0.06717 -0.05517 -0.15106
v -0.06711 0.05100 -0.03580
v -0.06700 0.03120 -0.02517
v -0.06669 0.05197 -0.04570
v -0.06648 0.05995 -0.01498
v -0.06622 0.03875 -0.08811
v -0.06613 -0.06260 -0.11234
v -0.06520 0.03762 -0.08338
v -0.06463 -0.05324 -0.15748
v -0.06442 0.04469 -0.00832
v -0.06369 0.03174 -0.17048
v -0.06332 -0.07011 -0.09499
v -0.06328 0.02722 -0.19262
v -0.06312 -0.02938 -0.19483
v -0.06288 0.05922 -0.03000
v -0.06281 0.02591 -0.15764
v -0.06259 0.00084 -0.19806
v -0.06241 0.02894 -0.03117
v -0.06238 0.03354 -0.18917
v -0.06180 0.05900 0.00225
v -0.06138 0.05377 0.00176
v -0.06137 0.06310 0.01642
v -0.06131 0.05840 0.01018
v -0.06107 -0.06397 -0.08967
v -0.06106 0.05176 -0.05176
v -0.06091 0.05042 -0.07896
v -0.06079 0.02720 -0.03392
v -0.06067 -0.06729 -0.08673
v -0.06047 0.01106 -0.19814
v -0.06039 0.06398 0.01222
v -0.06039 0.06152 0.01707
v -0.06035 0.04873 -0.06438
v -0.06021 -0.06569 -0.08652
v -0.05987 0.06501 0.01806
v -0.05985 -0.00320 -0.19999
v -0.05974 0.04769 -0.09024
v -0.05965 -0.06047 -0.14061
v -0.05937 0.03396 -0.12990
v -0.05929 0.00133 -0.20240
v -0.05922 0.02925 -0.19463
v -0.05922 0.06736 0.02160
v -0.05910 0.02833 -0.14887
v -0.05905 0.06321 0.00588
v -0.05884 -0.05818 -0.11827
v -0.05883 -0.05106 -0.13238
v -0.05880 0.01103 -0.04467
v -0.05860 -0.05809 -0.09400
v -0.05856 0.07163 0.02727
v -0.05843 -0.05940 -0.13677
v -0.05813 -0.06756 -0.08395
v -0.05807 -0.01774 -0.19935
v -0.05802 -0.06761 -0.08415
v -0.05778 -0.07182 -0.08619
v -0.05777 -0.01090 -0.20045
v -0.05774 -0.00418 -0.20394
v -0.05769 -0.04034 -0.18640
v -0.05754 -0.00380 -0.20426
v -0.05732 0.07775 0.03141
v -0.05723 0.03680 -0.12073
v -0.05694 -0.07031 -0.08137
v -0.05652 0.05318 0.00613
v -0.05652 0.06504 -0.03508
v -0.05648 -0.00536 -0.20730
v -0.05639 0.07898 0.03169
v -0.05636 0.03150 -0.15976
v -0.05629 0.03476 -0.19560
v -0.05621 -0.02712 -0.19835
v -0.05593 -0.06175 -0.11503
v -0.05580 0.07481 0.03246
v -0.05579 0.05948 -0.05062
v -0.05562 0.03304 -0.14300
v -0.05559 0.07512 -0.02286
v -0.05527 -0.00818 -0.05752
v -0.05521 0.05928 -0.07896
v -0.05509 0.04238 -0.18604
v -0.05483 -0.06904 -0.08296
v -0.05455 0.03119 -0.02387
v -0.05434 -0.05900 -0.15124
v -0.05404 -0.05343 -0.12387
v -0.05384 -0.01456 -0.20008
v -0.05346 -0.07294 -0.08416
v -0.05336 0.07215 0.03097
v -0.05322 -0.07587 -0.08791
v -0.05318 -0.00978 -0.20816
v -0.05262 0.04235 -0.13018
v -0.05224 -0.01232 -0.20684
v -0.05200 -0.05444 -0.12766
v -0.05190 -0.01678 -0.19628
v -0.05187 0.04212 -0.11123
v -0.05165 -0.01180 -0.20868
v -0.05164 -0.02944 -0.19697
v -0.05158 0.08826 0.03816
v -0.05158 0.07987 -0.01442
v -0.05088 0.04621 -0.10271
v -0.05074 -0.02892 -0.19503
v -0.05074 0.04416 -0.13366
v -0.05048 -0.07073 -0.10400
v -0.05033 0.09184 0.03723
v -0.05012 -0.01971 -0.19427
v -0.05012 -0.01970 -0.19312
v -0.04994 -0.01923 -0.19260
v -0.04984 0.03117 -0.19544
v -0.04982 -0.02378 -0.19457
v -0.04969 -0.02050 -0.19404
v -0.04968 -0.07546 -0.08634
v -0.04965 -0.01978 -0.19351
v -0.04956 -0.01201 -0.20885
v -0.04950 -0.02005 -0.19252
v -0.04932 -0.01354 -0.21022
v -0.04915 0.03913 -0.15538
v -0.04910 -0.02022 -0.19088
v -0.04910 -0.01938 -0.19179
v -0.04906 0.07086 -0.03918
v -0.04901 -0.02050 -0.19335
v -0.04894 -0.05719 -0.09256
v -0.04881 0.07344 -0.05690
v -0.04879 0.08940 0.04081
v -0.04846 -0.02133 -0.19308
v -0.04836 -0.01412 -0.20960
v -0.04820 0.04071 -0.19818
v -0.04818 0.04090 -0.14772
v -0.04814 0.08488 -0.02044
v -0.04797 -0.01441 -0.21041
v -0.04795 -0.02132 -0.19258
v -0.04788 -0.02208 -0.19091
v -0.04780 0.04882 -0.18304
v -0.04759 -0.02327 -0.06672
v -0.04754 -0.01922 -0.19786
v -0.04747 -0.03695 -0.19179
v -0.04743 0.09423 0.03077
v -0.04738 0.04258 -0.17164
v -0.04719 0.09688 0.03981
v -0.04705 -0.02283 -0.18949
v -0.04692 0.09697 0.04493
v -0.04678 -0.02295 -0.19000
v -0.04659 0.01234 -0.19717
v -0.04648 -0.04693 -0.18262
v -0.04634 0.08110 0.00621
v -0.04618 0.05002 -0.19356
v -0.04616 -0.02359 -0.18904
v -0.04604 -0.01565 -0.21067
v -0.04599 0.10270 0.04829
v -0.04585 -0.06777 -0.13663
v -0.04580 0.07912 -0.04480
v -0.04579 -0.06276 -0.09309
v -0.04560 -0.07386 -0.10125
v -0.04550 -0.04913 -0.17137
v -0.04538 -0.02333 -0.18948
v -0.04501 -0.07590 -0.09420
v -0.04472 -0.05591 -0.12343
v -0.04433 -0.07536 -0.09263
v -0.04429 -0.07557 -0.09255
v -0.04368 0.10396 0.05142
v -0.04355 0.07825 -0.03422
v -0.04352 0.10574 0.05349
v -0.04342 0.05041 -0.12067
v -0.04335 0.08778 -0.00967
v -0.04330 0.04368 -0.19895
v -0.04328 0.10582 0.05360
v -0.04310 0.05367 -0.19378
v -0.04296 -0.06820 -0.12591
v -0.04276 0.10575 0.05518
v -0.04267 0.10884 0.05550
v -0.04267 0.10488 0.04211
v -0.04231 -0.07154 -0.09257
v -0.04217 -0.05115 -0.08958
v -0.04213 0.06001 -0.09924
v -0.04208 0.08878 0.04332
v -0.04156 -0.07591 -0.09256
v -0.04143 0.06889 -0.08360
v -0.04132 -0.01909 -0.20780
v -0.04114 -0.05863 -0.11301
v -0.04109 -0.02744 -0.18987
v -0.04065 0.04322 -0.00173
v -0.04008 0.08531 -0.03594
v -0.03972 0.07371 -0.07805
v -0.03968 0.08911 -0.00306
v -0.03939 0.05390 -0.19979
v -0.03891 0.10038 0.05127
v -0.03871 0.11018 0.05618
v -0.03850 0.08997 0.00238
v -0.03835 0.09283 -0.02025
v -0.03821 0.11181 0.04993
v -0.03802 -0.06781 -0.14452
v -0.03786 -0.07017 -0.12274
v -0.03782 -0.05844 -0.15395
v -0.03768 -0.07919 -0.09242
v -0.03737 0.08898 -0.04179
v -0.03727 -0.02021 -0.20672
v -0.03721 -0.06463 -0.14923
v -0.03695 -0.02038 -0.20711
v -0.03607 0.07096 -0.10740
v -0.03598 -0.01756 -0.20560
v -0.03580 0.08366 -0.07078
v -0.03572 0.04258 -0.15952
v -0.03567 0.06297 -0.11264
v -0.03541 -0.02825 -0.19128
v -0.03531 0.07608 -0.10680
v -0.03508 0.11356 0.05316
v -0.03500 0.11456 0.05668
v -0.03492 0.05540 -0.19756
v -0.03491 0.08017 -0.08914
v -0.03427 -0.04688 -0.17638
v -0.03363 0.06009 -0.12119
v -0.03339 0.09103 -0.05534
v -0.03339 0.11358 0.05801
v -0.03324 -0.02354 -0.20384
v -0.03307 -0.06235 -0.12006
v -0.03275 -0.07852 -0.09600
v -0.03212 -0.03954 -0.18267
v -0.03203 0.11408 0.05563
v -0.03166 -0.00772 -0.04632
v -0.03144 0.11349 0.05484
v -0.03141 0.11276 0.05478
v -0.03132 -0.07470 -0.09385
v -0.03116 0.11473 0.05593
v -0.03115 0.11507 0.05593
v -0.03100 0.11253 0.05410
v -0.03099 0.11264 0.05361
v -0.03069 0.11328 0.05471
v -0.03056 0.10704 0.05390
v -0.03036 0.06054 -0.12273
v -0.03031 0.09508 -0.03014
v -0.03006 -0.07629 -0.10169
v -0.02985 0.08846 -0.09223
v -0.02982 -0.02346 -0.20578
v -0.02978 0.07173 -0.11243
v -0.02956 -0.01711 -0.05345
v -0.02950 0.11555 0.05611
v -0.02942 -0.03018 -0.05907
v -0.02897 0.05527 -0.19851
v -0.02863 -0.07075 -0.11674
v -0.02842 0.08372 -0.11539
v -0.02823 0.11632 0.05289
v -0.02817 -0.05885 -0.11801
v -0.02813 -0.06098 -0.08955
v -0.02811 0.09623 0.00002
v -0.02784 0.02892 -0.01235
v -0.02731 0.04900 -0.17205
v -0.02673 0.05574 -0.13484
v -0.02655 0.09408 -0.03813
v -0.02652 0.09470 -0.11104
v -0.02631 -0.08026 -0.09637
v -0.02615 0.11653 0.05163
v -0.02602 0.09471 -0.10495
v -0.02599 -0.05937 -0.11758
v -0.02598 -0.06215 -0.11883
v -0.02594 -0.05961 -0.11750
v -0.02591 0.04888 -0.15992
v -0.02582 -0.07457 -0.10352
v -0.02523 0.05547 -0.19826
v -0.02502 0.07781 -0.11679
v -0.02493 0.05442 -0.14677
v -0.02492 -0.08055 -0.10036
v -0.02460 0.08921 -0.08360
v -0.02459 -0.03078 -0.19576
v -0.02457 0.08941 -0.07527
v -0.02382 0.07258 -0.11473
v -0.02351 -0.02629 -0.20483
v -0.02340 -0.08397 -0.09846
v -0.02332 -0.06006 -0.12005
v -0.02330 0.09231 -0.06381
v -0.02326 -0.06602 -0.10694
v -0.02308 0.11789 0.05793
v -0.02305 -0.07763 -0.09469
v -0.02270 0.06058 -0.12884
v -0.02253 0.09210 -0.04100
v -0.02226 0.07663 0.03376
v -0.02175 -0.05940 -0.11830
v -0.02143 0.06741 -0.11819
v -0.02092 -0.08108 -0.09908
v -0.02090 0.09016 -0.08682
v -0.02085 -0.08185 -0.09894
v -0.02075 0.09570 -0.02890
v -0.02070 -0.08112 -0.09859
v -0.02046 0.11794 0.05670
v -0.01961 0.05615 -0.19721
v -0.01953 0.11640 0.05538
v -0.01952 0.08846 -0.07053
v -0.01929 -0.07860 -0.10268
v -0.01916 -0.08348 -0.09968
v -0.01914 -0.07305 -0.11288
v -0.01881 -0.04179 -0.18141
v -0.01853 0.09340 -0.12634
v -0.01829 0.05172 -0.17227
v -0.01776 0.10756 0.05252
v -0.01775 -0.06861 -0.11276
v -0.01767 -0.06713 -0.14644
v -0.01762 0.09758 -0.02424
v -0.01735 -0.07291 -0.13772
v -0.01665 0.05955 0.02034
v -0.01647 -0.06802 -0.10534
v -0.01646 0.07615 -0.11720
v -0.01616 0.08815 -0.08125
v -0.01609 0.10240 -0.12524
v -0.01602 -0.06073 -0.11718
v -0.01585 -0.07759 -0.11471
v -0.01547 0.11530 0.05496
v -0.01502 0.05654 -0.19435
v -0.01499 -0.07563 -0.10624
v -0.01475 0.08618 -0.05660
v -0.01439 0.00048 -0.03116
v -0.01436 0.08354 -0.06931
v -0.01426 -0.02454 -0.20904
v -0.01425 0.09833 -0.10967
v -0.01415 -0.01277 -0.03693
v -0.01411 -0.06012 -0.15282
v -0.01406 0.03497 -0.00097
v -0.01406 0.07163 -0.11675
v -0.01381 0.10929 0.01585
v -0.01374 -0.02045 -0.04656
v -0.01367 -0.06628 -0.10894
v -0.01356 0.09939 -0.13361
v -0.01351 -0.02336 -0.20852
v -0.01339 -0.07644 -0.10958
v -0.01336 -0.03619 -0.19086
v -0.01333 -0.08201 -0.10142
v -0.01330 -0.02463 -0.20892
v -0.01301 -0.02473 -0.20930
v -0.01299 0.10657 0.00429
v -0.01268 -0.06130 -0.11443
v -0.01257 0.01892 -0.01450
v -0.01240 -0.02615 -0.20852
v -0.01238 0.06326 -0.13647
v -0.01211 0.09126 -0.09961
v -0.01177 -0.07604 -0.12872
v -0.01170 0.06782 -0.11990
v -0.01169 0.08182 -0.07918
v -0.01167 -0.08030 -0.09687
v -0.01139 -0.08110 -0.10392
v -0.01105 -0.06349 -0.11575
v -0.01093 0.10434 -0.13473
v -0.01083 0.10487 -0.00963
v -0.01074 0.00630 -0.02521
v -0.01071 0.08764 -0.04685
v -0.01056 -0.01672 -0.20491
v -0.01052 -0.01248 -0.03540
v -0.01013 0.11310 0.05493
v -0.01004 -0.06615 -0.08719
v -0.01003 0.07659 -0.11322
v -0.01001 0.05640 -0.19242
v -0.00997 0.03047 -0.19204
v -0.00989 0.11049 0.05451
v -0.00956 0.07768 -0.07720
v -0.00919 0.08247 -0.09562
v -0.00896 -0.02353 -0.21205
v -0.00866 -0.03700 -0.06132
v -0.00830 0.07588 -0.10478
v -0.00829 -0.02692 -0.04840
v -0.00786 -0.00069 -0.03122
v -0.00777 0.11660 0.04666
v -0.00759 -0.08073 -0.11502
v -0.00747 0.06612 -0.12776
v -0.00734 0.05724 -0.17403
v -0.00726 0.11395 0.05280
v -0.00718 0.09212 -0.10498
v -0.00716 0.06896 -0.11270
v -0.00700 0.08253 -0.10364
v -0.00699 0.09105 -0.13351
v -0.00686 0.10877 -0.13403
v -0.00626 0.06897 -0.09825
v -0.00626 -0.02949 -0.04953
v -0.00583 -0.05328 -0.07553
v -0.00568 0.11339 -0.00573
v -0.00564 0.10219 0.05210
v -0.00551 -0.08350 -0.10126
v -0.00538 0.03109 -0.19137
v -0.00532 -0.07252 -0.09111
v -0.00530 -0.01893 -0.04373
v -0.00511 0.10766 0.05464
v -0.00488 0.10822 -0.12530
v -0.00456 -0.05066 -0.17302
v -0.00439 0.06578 -0.11957
v -0.00438 0.11338 0.02104
v -0.00430 0.09782 -0.14199
v -0.00369 0.05995 -0.15377
v -0.00367 -0.08198 -0.09955
v -0.00364 0.10847 -0.01219
v -0.00327 0.06931 -0.09082
v -0.00326 0.10460 -0.11972
v -0.00307 -0.08319 -0.10194
v -0.00305 -0.08332 -0.10190
v -0.00280 0.08883 -0.12988
v -0.00265 0.06194 -0.13265
v -0.00243 0.06264 -0.10561
v -0.00233 0.09882 0.04819
v -0.00218 0.10491 -0.14677
v -0.00216 0.07614 -0.07463
v -0.00214 0.11288 -0.00592
v -0.00198 0.08790 -0.11417
v -0.00185 -0.06373 -0.14650
v -0.00182 0.06180 -0.14294
v -0.00164 0.05948 -0.15225
v -0.00163 0.11338 0.04612
v -0.00145 -0.08250 -0.10111
v -0.00135 0.05687 -0.19110
v -0.00048 0.06121 -0.13939
v -0.00024 0.06398 -0.09709
v -0.00021 -0.02406 -0.21276
v -0.00003 -0.01034 -0.03571
v 0.00015 -0.08356 -0.10277
v 0.00026 0.05741 -0.18032
v 0.00057 0.10223 0.04990
v 0.00135 0.05787 -0.17019
v 0.00153 -0.02388 -0.21289
v 0.00178 0.09458 -0.14778
v 0.00179 0.10913 -0.01119
v 0.00205 0.09306 -0.14119
v 0.00232 -0.05565 -0.16499
v 0.00239 -0.02441 -0.21239
v 0.00248 0.10391 -0.02439
v 0.00250 -0.02455 -0.21215
v 0.00261 0.09183 -0.13032
v 0.00291 -0.01724 -0.04365
v 0.00314 -0.04432 -0.17620
v 0.00324 0.06162 -0.10170
v 0.00332 0.11076 -0.14540
v 0.00349 0.10931 -0.13366
v 0.00373 0.05408 -0.12616
v 0.00440 0.11048 0.00008
v 0.00441 0.10941 0.03770
v 0.00447 -0.02450 -0.21136
v 0.00457 0.05678 -0.15604
v 0.00466 -0.02480 -0.21081
v 0.00489 -0.02484 -0.21135
v 0.00497 0.10796 -0.15354
v 0.00512 -0.02533 -0.21083
v 0.00542 -0.01621 -0.20600
v 0.00544 0.09907 -0.12649
v 0.00558 0.08071 -0.06186
v 0.00564 0.10018 -0.15637
v 0.00567 0.05757 -0.10965
v 0.00573 0.09473 -0.12927
v 0.00622 -0.03307 -0.06115
v 0.00625 0.05161 -0.13571
v 0.00627 0.05391 -0.18704
v 0.00661 0.05402 -0.17766
v 0.00681 0.04117 -0.18940
v 0.00697 0.09727 -0.15647
v 0.00712 -0.08221 -0.10160
v 0.00719 0.10983 -0.15452
v 0.00722 0.09643 0.04246
v 0.00748 0.10214 0.04268
v 0.00758 0.11045 0.01951
v 0.00758 0.04540 0.00756
v 0.00775 0.09092 -0.04952
v 0.00787 -0.02582 -0.20966
v 0.00791 -0.05053 -0.17056
v 0.00805 0.09346 -0.14210
v 0.00806 -0.05273 -0.16799
v 0.00890 0.05026 -0.17227
v 0.00918 0.04769 -0.15224
v 0.00963 -0.02473 -0.20813
v 0.00992 0.00150 -0.03310
v 0.01024 -0.04508 -0.16609
v 0.01027 -0.03904 -0.18295
v 0.01032 -0.04523 -0.17083
v 0.01035 0.09788 -0.04099
v 0.01046 0.04821 -0.18682
v 0.01052 0.10503 0.03539
v 0.01067 0.04877 -0.17365
v 0.01087 -0.04218 -0.15163
v 0.01102 -0.08121 -0.11611
v 0.01174 0.10094 -0.03228
v 0.01176 0.09635 0.04146
v 0.01191 0.04905 -0.12655
v 0.01216 -0.04198 -0.15431
v 0.01232 0.10030 -0.13479
v 0.01244 0.10157 -0.16022
v 0.01286 -0.04110 -0.15194
v 0.01298 0.04563 -0.18793
v 0.01310 0.08703 -0.05499
v 0.01313 0.09624 -0.13961
v 0.01355 0.10861 -0.14220
v 0.01432 0.06621 -0.10234
v 0.01443 -0.03945 -0.14277
v 0.01446 0.09966 0.03790
v 0.01484 0.09323 -0.15324
v 0.01528 -0.04208 -0.15856
v 0.01531 -0.04313 -0.15425
v 0.01581 -0.05057 -0.16443
v 0.01599 -0.02260 -0.20621
v 0.01620 0.00198 -0.20208
v 0.01633 -0.02644 -0.05774
v 0.01660 -0.01564 -0.04890
v 0.01713 0.09857 -0.16065
v 0.01740 0.10783 -0.15462
v 0.01822 -0.04506 -0.15169
v 0.01839 0.10644 -0.14804
v 0.01840 0.04433 -0.16323
v 0.01845 -0.02015 -0.20553
v 0.01858 -0.03082 -0.18962
v 0.01861 0.00557 -0.20131
v 0.01866 -0.04924 -0.16045
v 0.01871 -0.01873 -0.20510
v 0.01872 0.00848 -0.20037
v 0.01873 -0.01801 -0.20536
v 0.01877 0.10672 0.00299
v 0.01881 -0.01878 -0.20530
v 0.01883 -0.02436 -0.19780
v 0.01884 0.09345 0.04072
v 0.01887 0.00545 -0.20175
v 0.01889 0.00684 -0.20132
v 0.01891 0.00829 -0.20075
v 0.01893 0.01429 -0.19638
v 0.01902 0.00637 -0.20083
v 0.01903 -0.01262 -0.20568
v 0.01906 -0.00343 -0.03961
v 0.01914 0.01048 -0.20043
v 0.01916 0.00166 -0.20267
v 0.01918 -0.03385 -0.15232
v 0.01919 0.00922 -0.19976
v 0.01920 -0.00740 -0.19723
v 0.01921 -0.00562 -0.20458
v 0.01923 0.01221 -0.19815
v 0.01934 0.09791 -0.14409
v 0.01948 0.01202 -0.19881
v 0.01955 0.04957 -0.11989
v 0.01962 -0.01812 -0.20475
v 0.01992 -0.03580 -0.16748
v 0.01996 0.01332 -0.19721
v 0.01998 -0.01312 -0.20464
v 0.02003 -0.07758 -0.10633
v 0.02011 -0.00255 -0.19493
v 0.02019 0.09888 0.03075
v 0.02027 0.09337 0.03872
v 0.02030 0.01460 -0.19597
v 0.02034 -0.01077 -0.20726
v 0.02044 0.06281 -0.10773
v 0.02046 0.01530 -0.19415
v 0.02058 0.01751 -0.19466
v 0.02068 -0.04264 -0.14132
v 0.02069 0.00690 -0.19636
v 0.02076 0.09582 -0.15598
v 0.02084 0.03599 -0.17793
v 0.02092 0.03530 -0.18823
v 0.02125 -0.01821 -0.19614
v 0.02128 -0.03637 -0.13881
v 0.02150 0.04210 -0.16668
v 0.02166 0.09529 -0.15244
v 0.02187 0.02425 -0.19134
v 0.02202 0.10205 -0.01595
v 0.02220 0.10308 0.01865
v 0.02238 0.10103 -0.14891
v 0.02248 0.06285 -0.10627
v 0.02251 -0.03244 -0.14861
v 0.02268 0.04012 -0.14468
v 0.02299 0.02704 -0.18554
v 0.02306 0.07069 -0.07756
v 0.02318 0.10183 -0.15959
v 0.02333 0.08737 0.03611
v 0.02340 -0.02782 -0.18476
v 0.02356 0.06668 -0.08648
v 0.02356 -0.07737 -0.12757
v 0.02364 -0.05686 -0.16171
v 0.02401 -0.06080 -0.11596
v 0.02419 -0.06615 -0.14550
v 0.02419 0.08838 -0.04945
v 0.02453 -0.07345 -0.10145
v 0.02466 -0.06802 -0.11136
v 0.02477 0.04760 -0.12089
v 0.02486 -0.05971 -0.11216
v 0.02492 -0.03107 -0.15500
v 0.02499 -0.01107 -0.19067
v 0.02507 0.05912 -0.11272
v 0.02514 -0.06330 -0.11375
v 0.02538 0.06934 0.02734
v 0.02543 -0.06105 -0.15809
v 0.02578 -0.03030 -0.17741
v 0.02672 0.08983 0.03656
v 0.02698 -0.07482 -0.11105
v 0.02699 -0.05677 -0.10881
v 0.02709 0.08157 -0.05860
v 0.02759 -0.07088 -0.11064
v 0.02793 0.00503 -0.19370
v 0.02822 0.02806 -0.17809
v 0.02874 -0.01641 -0.18481
v 0.02910 -0.00700 -0.18999
v 0.02910 -0.07603 -0.10649
v 0.02928 -0.07527 -0.11571
v 0.02946 0.02971 -0.17127
v 0.02951 -0.03997 -0.13976
v 0.02989 -0.02597 -0.16279
v 0.03013 -0.07710 -0.11874
v 0.03057 -0.05620 -0.16256
v 0.03093 0.05729 -0.10376
v 0.03156 -0.03626 -0.14327
v 0.03160 0.03405 -0.13915
v 0.03163 -0.07288 -0.10625
v 0.03165 0.05192 -0.11860
v 0.03168 -0.07250 -0.13617
v 0.03207 0.09751 0.01034
v 0.03289 0.00819 -0.19103
v 0.03309 -0.07354 -0.10307
v 0.03324 -0.07538 -0.11610
v 0.03339 -0.01271 -0.18328
v 0.03350 0.06479 -0.07707
v 0.03384 0.09422 -0.02384
v 0.03406 0.03644 -0.00542
v 0.03434 -0.02960 -0.15789
v 0.03440 0.02651 -0.15106
v 0.03453 -0.01904 -0.17225
v 0.03454 0.02767 -0.14030
v 0.03467 0.08513 0.03186
v 0.03511 0.02325 -0.17891
v 0.03518 0.02685 -0.16910
v 0.03538 -0.04154 -0.14396
v 0.03546 -0.05695 -0.11654
v 0.03558 -0.04640 -0.14902
v 0.03581 0.05488 0.01205
v 0.03583 -0.05221 -0.15855
v 0.03605 -0.05832 -0.16094
v 0.03637 0.09897 -0.01210
v 0.03644 0.09408 0.01246
v 0.03647 -0.05788 -0.16078
v 0.03672 -0.05419 -0.11446
v 0.03674 -0.06631 -0.09720
v 0.03687 -0.05846 -0.16047
v 0.03692 -0.05849 -0.16057
v 0.03707 -0.07093 -0.10021
v 0.03764 0.09862 -0.00702
v 0.03769 -0.07087 -0.10155
v 0.03776 -0.06563 -0.10058
v 0.03782 -0.03803 -0.14621
v 0.03791 0.07869 0.03220
v 0.03821 0.04736 -0.12359
v 0.03874 -0.05964 -0.16013
v 0.03905 0.03477 -0.13413
v 0.03957 -0.01962 -0.16893
v 0.03988 0.02203 -0.14868
v 0.04016 -0.06046 -0.10059
v 0.04019 0.09543 -0.01019
v 0.04020 -0.06053 -0.09342
v 0.04022 -0.06809 -0.11633
v 0.04064 0.02124 -0.14633
v 0.04084 0.09419 -0.00068
v 0.04086 0.07123 0.02824
v 0.04124 -0.07181 -0.09978
v 0.04129 -0.06619 -0.09756
v 0.04148 0.04698 -0.12021
v 0.04164 -0.01163 -0.17548
v 0.04201 -0.01605 -0.05517
v 0.04208 0.09119 -0.01240
v 0.04219 -0.03336 -0.07021
v 0.04225 0.07765 -0.04179
v 0.04235 0.02272 -0.02080
v 0.04245 -0.00039 -0.19234
v 0.04250 0.08714 -0.02238
v 0.04260 0.02844 -0.13756
v 0.04313 -0.05445 -0.11012
v 0.04326 -0.06130 -0.09718
v 0.04372 0.00425 -0.19271
v 0.04373 0.01486 -0.18897
v 0.04379 -0.05385 -0.11745
v 0.04385 -0.07375 -0.13076
v 0.04389 0.00810 -0.19264
v 0.04404 -0.02271 -0.16784
v 0.04458 -0.06174 -0.15333
v 0.04487 -0.05650 -0.15464
v 0.04509 -0.03222 -0.15925
v 0.04513 0.04303 -0.09895
v 0.04514 -0.07152 -0.12280
v 0.04528 0.02570 -0.17461
v 0.04562 -0.06790 -0.11987
v 0.04570 0.05577 -0.08048
v 0.04575 0.06485 0.02132
v 0.04613 -0.03826 -0.15048
v 0.04615 0.07171 0.02587
v 0.04619 -0.06963 -0.14245
v 0.04624 -0.04436 -0.14817
v 0.04655 0.08293 0.01161
v 0.04658 -0.01797 -0.17445
v 0.04712 0.04900 0.00124
v 0.04822 -0.05387 -0.15187
v 0.04831 0.04219 -0.13091
v 0.04835 -0.03572 -0.16053
v 0.04870 0.00418 -0.19083
v 0.04902 0.07577 -0.02701
v 0.04924 0.03569 -0.11286
v 0.04929 -0.03257 -0.17295
v 0.04947 -0.04488 -0.15128
v 0.04955 0.07397 0.02124
v 0.04988 0.06279 -0.06128
v 0.05020 -0.01205 -0.17605
v 0.05031 -0.05611 -0.09278
v 0.05035 0.07655 0.00554
v 0.05044 0.02041 -0.14156
v 0.05054 0.02365 -0.16845
v 0.05055 0.03769 -0.01363
v 0.05063 0.04106 -0.09944
v 0.05083 0.03664 -0.10505
v 0.05086 -0.06095 -0.09867
v 0.05090 0.06412 0.01864
v 0.05113 -0.00119 -0.04490
v 0.05126 0.00031 -0.18793
v 0.05136 -0.05674 -0.11839
v 0.05141 0.05459 -0.07673
v 0.05151 0.01361 -0.18649
v 0.05152 -0.07126 -0.13445
v 0.05156 0.06086 0.01622
v 0.05158 0.06796 -0.03809
v 0.05166 0.03602 -0.13711
v 0.05200 0.04199 -0.08829
v 0.05201 -0.05512 -0.11466
v 0.05240 0.01209 -0.14593
v 0.05246 0.07349 -0.01112
v 0.05255 -0.03252 -0.17611
v 0.05256 0.05689 0.00718
v 0.05260 0.03359 -0.10660
v 0.05285 -0.06012 -0.15055
v 0.05292 -0.00568 -0.18086
v 0.05299 -0.06171 -0.12188
v 0.05314 0.04881 -0.07812
v 0.05339 -0.05658 -0.15369
v 0.05361 0.04006 -0.09188
v 0.05371 0.01214 -0.14466
v 0.05374 0.02116 -0.17539
v 0.05376 0.04247 -0.10238
v 0.05392 -0.06582 -0.12626
v 0.05418 0.04301 -0.08104
v 0.05426 0.02947 -0.10605
v 0.05452 0.03617 -0.10503
v 0.05492 0.05659 -0.07444
v 0.05504 0.05211 -0.00331
v 0.05536 0.03608 -0.12779
v 0.05537 -0.05098 -0.16321
v 0.05555 0.00974 -0.15256
v 0.05572 0.05860 0.00160
v 0.05573 0.06218 0.00379
v 0.05575 0.05792 -0.07046
v 0.05581 -0.01128 -0.17775
v 0.05582 0.03717 -0.13397
v 0.05600 -0.05441 -0.16052
v 0.05627 -0.06348 -0.09977
v 0.05681 0.04478 -0.10752
v 0.05694 0.04153 -0.09477
v 0.05706 0.04218 -0.10860
v 0.05716 0.04224 -0.10848
v 0.05735 0.02648 -0.10634
v 0.05736 -0.06103 -0.09887
v 0.05737 0.03877 -0.07443
v 0.05739 -0.06276 -0.10009
v 0.05750 -0.06322 -0.09984
v 0.05750 0.05590 -0.00504
v 0.05758 0.00656 -0.18487
v 0.05759 0.01252 -0.03431
v 0.05767 0.05784 -0.00184
v 0.05778 -0.03814 -0.17617
v 0.05784 0.04674 -0.10463
v 0.05788 -0.06159 -0.10068
v 0.05809 0.05575 -0.06790
v 0.05818 0.05313 -0.04579
v 0.05832 -0.05717 -0.10920
v 0.05847 -0.02505 -0.17944
v 0.05851 -0.04228 -0.17294
v 0.05858 0.01567 -0.17230
v 0.05866 0.04921 -0.00881
v 0.05867 0.04942 -0.10909
v 0.05915 0.05162 -0.07023
v 0.05918 0.04298 -0.11034
v 0.05927 0.03998 -0.01655
v 0.05930 0.05105 -0.11205
v 0.05933 0.02959 -0.07618
v 0.05939 0.06253 -0.01956
v 0.05944 -0.06369 -0.14638
v 0.05963 0.03421 -0.01937
v 0.05964 -0.06070 -0.09959
v 0.05979 0.02109 -0.02749
v 0.05998 0.04680 -0.06301
v 0.06010 0.02529 -0.09727
v 0.06021 0.05726 -0.12386
v 0.06026 0.04967 -0.11480
v 0.06042 0.03152 -0.08478
v 0.06044 0.02126 -0.06862
v 0.06046 -0.06300 -0.13255
v 0.06047 0.06018 -0.12164
v 0.06063 0.05498 -0.01107
v 0.06091 0.05313 -0.11639
v 0.06109 0.01147 -0.17491
v 0.06129 0.04817 -0.11326
v 0.06136 0.05998 -0.12390
v 0.06141 0.04562 -0.01606
v 0.06145 0.01550 -0.03590
v 0.06146 0.05946 -0.12378
v 0.06177 0.02977 -0.09833
v 0.06185 0.06141 -0.12275
v 0.06195 0.05277 -0.12015
v 0.06208 0.02198 -0.09538
v 0.06219 0.02755 -0.09382
v 0.06223 0.02661 -0.12613
v 0.06233 -0.06194 -0.14472
v 0.06244 0.02446 -0.13792
v 0.06250 0.02044 -0.09928
v 0.06252 0.04959 -0.10917
v 0.06269 0.04685 -0.11158
v 0.06274 0.01968 -0.08254
v 0.06280 0.03556 -0.09413
v 0.06301 0.00113 -0.17579
v 0.06318 0.02280 -0.04310
v 0.06328 0.00034 -0.05203
v 0.06334 0.05719 -0.12415
v 0.06347 0.04606 -0.10357
v 0.06356 0.03441 -0.02636
v 0.06360 0.04853 -0.11050
v 0.06361 0.03628 -0.02477
v 0.06364 0.04102 -0.03068
v 0.06385 -0.05690 -0.11459
v 0.06404 0.05847 -0.12280
v 0.06406 -0.04662 -0.16923
v 0.06407 0.05597 -0.11861
v 0.06427 0.04080 -0.10775
v 0.06435 0.04700 -0.10595
v 0.06457 -0.01653 -0.17648
v 0.06489 -0.05286 -0.16337
v 0.06492 0.00841 -0.07105
v 0.06500 0.01483 -0.04817
v 0.06511 0.04669 -0.10858
v 0.06511 0.00809 -0.04900
v 0.06567 0.01191 -0.14480
v 0.06580 0.00824 -0.15516
v 0.06585 0.04004 -0.09966
v 0.06588 0.03971 -0.10044
v 0.06607 0.04142 -0.10318
v 0.06631 -0.05718 -0.10124
v 0.06640 0.00479 -0.05971
v 0.06653 0.03847 -0.10373
v 0.06667 0.01435 -0.09537
v 0.06735 0.02082 -0.12304
v 0.06807 -0.01630 -0.07034
v 0.06823 -0.05826 -0.15386
v 0.06862 0.02159 -0.11449
v 0.06915 0.00741 -0.16099
v 0.06931 -0.00357 -0.06019
v 0.06960 -0.01010 -0.07608
v 0.06961 -0.03548 -0.17233
v 0.06962 0.01334 -0.13883
v 0.06985 -0.01131 -0.06879
v 0.06996 -0.05542 -0.15696
v 0.07034 -0.00390 -0.06929
v 0.07035 -0.01996 -0.07806
v 0.07059 -0.05471 -0.12031
v 0.07086 -0.05463 -0.10633
v 0.07126 -0.00057 -0.06592
v 0.07129 -0.00705 -0.06622
v 0.07149 -0.00027 -0.16699
v 0.07177 0.00617 -0.14780
v 0.07194 0.00271 -0.09179
v 0.07336 -0.02402 -0.08203
v 0.07339 -0.04336 -0.09939
v 0.07376 -0.02764 -0.16729
v 0.07398 -0.00272 -0.06642
v 0.07536 -0.05360 -0.12470
v 0.07587 -0.03699 -0.16437
v 0.07641 -0.03967 -0.09952
v 0.07680 -0.04944 -0.12047
v 0.07764 0.00312 -0.12622
v 0.07782 -0.05215 -0.12869
v 0.07837 -0.02301 -0.09072
v 0.07849 -0.05264 -0.13398
v 0.07863 -0.03905 -0.10535
v 0.07930 0.00062 -0.10967
v 0.07930 -0.01038 -0.14238
v 0.08074 -0.00113 -0.11918
v 0.08181 -0.02245 -0.10775
v 0.08212 -0.02107 -0.13941
v 0.08251 -0.04105 -0.13454
v 0.08263 -0.03202 -0.12635
v 0.08336 -0.03183 -0.13110
vn -0.9977 0.0289 -0.0620
vn -0.9729 0.2268 0.0463
vn -0.9409 -0.3386 -0.0009
vn -0.9848 -0.0660 -0.1607
vn -0.9844 -0.0325 0.1729
vn -0.9898 0.1132 -0.0863
vn -0.9749 0.1943 -0.1084
vn -0.9315 0.2169 0.2920
vn -0.9993 0.0243 -0.0292
vn -0.9233 -0.3831 -0.0263
vn -0.9984 0.0256 0.0502
vn -0.8272 -0.3003 0.4749
vn -0.7989 -0.6013 -0.0165
vn -0.8943 -0.2568 0.3664
vn -0.9975 0.0579 -0.0403
vn -0.9631 0.1987 -0.1818
vn -0.9312 -0.1305 0.3404
vn -0.8579 0.3001 -0.4171
vn -0.9660 0.1614 0.2019
vn -0.9344 0.3471 0.0798
vn -0.8754 -0.3016 0.3777
vn -0.7824 0.4904 -0.3837
vn -0.9147 -0.3870 -0.1162
vn -0.9496 0.1228 0.2883
vn -0.9391 -0.3309 -0.0933
vn -0.9157 0.2439 -0.3193
vn -0.8998 0.0099 0.4361
vn -0.9512 -0.0884 -0.2956
vn -0.5064 -0.4579 0.7307
vn -0.8763 0.0403 -0.4801
vn -0.8934 -0.1694 0.4160
vn -0.8993 0.3297 -0.2874
vn -0.9517 0.2235 0.2106
vn -0.8477 -0.3565 -0.3928
vn -0.9598 0.2792 0.0286
vn -0.9089 0.4168 0.0144
vn -0.8830 0.4679 -0.0380
vn -0.7809 -0.2007 0.5916
vn -0.7647 -0.6395 -0.0794
vn -0.4034 -0.5921 0.6976
vn -0.9362 0.2012 0.2881
vn -0.0232 -0.8543 0.5192
vn -0.7070 -0.4174 0.5709
vn -0.5691 -0.7294 -0.3796
vn -0.7708 -0.1453 0.6203
vn -0.6775 -0.3756 0.6324
vn -0.1338 -0.5068 0.8516
vn -0.4007 -0.9020 -0.1608
vn -0.9070 0.4100 0.0958
vn -0.6564 -0.7519 0.0613
vn -0.9243 0.3113 0.2207
vn -0.7382 -0.3713 0.5632
vn -0.9054 0.3905 0.1666
vn -0.6933 -0.6687 -0.2687
vn -0.9930 0.1104 -0.0425
vn -0.4419 -0.6472 0.6212
vn -0.2032 -0.4219 0.8836
vn -0.6145 -0.6662 -0.4225
vn -0.2243 -0.5786 0.7842
vn -0.9030 0.3109 -0.2966
vn -0.8143 0.5531 -0.1763
vn -0.5193 -0.4132 0.7481
vn -0.8029 0.4801 -0.3532
vn -0.3313 -0.5152 0.7904
vn 0.0294 -0.8874 0.4600
vn 0.0865 -0.7822 0.6170
vn -0.9150 0.3137 0.2537
vn -0.8605 -0.4406 0.2558
vn -0.3240 -0.6861 0.6514
vn -0.6177 0.7852 -0.0425
vn -0.1950 -0.8707 0.4515
vn -0.8878 0.2668 0.3750
vn 0.0299 -0.5493 0.8351
vn -0.4350 -0.1108 0.8936
vn -0.1693 -0.5809 0.7962
vn -0.7876 0.6160 -0.0147
vn -0.4715 -0.6625 0.5821
vn -0.9715 0.2243 -0.0773
vn -0.6703 0.6186 -0.4100
vn -0.8375 -0.2561 0.4826
vn -0.9279 0.2637 0.2637
vn -0.7057 -0.7083 0.0161
vn -0.7304 0.5573 -0.3948
vn -0.8494 0.1472 -0.5068
vn -0.9013 0.3830 0.2026
vn -0.8356 0.5415 -0.0930
vn 0.3085 -0.7185 0.6233
vn -0.7178 -0.4593 0.5233
vn -0.7068 0.6955 -0.1295
vn -0.8643 0.0397 0.5014
vn -0.5209 -0.8059 0.2812
vn -0.8630 0.4587 -0.2116
vn -0.0735 -0.6523 0.7544
vn -0.9499 0.3125 -0.0050
vn -0.3638 -0.8070 -0.4653
vn -0.4101 -0.6163 0.6723
vn -0.6631 0.7213 -0.2001
vn -0.7481 -0.0973 -0.6564
vn -0.5869 -0.7733 -0.2400
vn -0.8972 0.2486 0.3649
vn -0.6277 0.7548 -0.1904
vn -0.5019 -0.8478 -0.1714
vn -0.9042 0.4265 0.0226
vn -0.1167 -0.8336 0.5399
vn -0.7224 0.6520 -0.2302
vn -0.8297 0.5362 0.1550
vn -0.9189 0.3848 0.0874
vn -0.3628 -0.8031 -0.4726
vn -0.9417 0.3349 0.0315
vn -0.2802 -0.8977 -0.3400
vn -0.2448 -0.7538 0.6098
vn -0.5119 0.7962 0.3226
vn -0.4765 -0.8732 -0.1022
vn -0.7313 0.3115 -0.6068
vn -0.5252 -0.5398 -0.6579
vn -0.8598 0.4929 -0.1335
vn -0.4790 0.8544 0.2012
vn -0.7220 0.0931 -0.6856
vn -0.1928 -0.9496 0.2474
vn -0.7943 0.5364 -0.2853
vn -0.8059 0.5421 0.2379
vn -0.6941 -0.4520 0.5603
vn -0.9887 0.1332 0.0683
vn -0.9936 0.1123 0.0108
vn -0.6667 0.2026 0.7173
vn -0.6327 0.6979 -0.3355
vn -0.9084 0.4176 0.0221
vn -0.3762 -0.6199 0.6886
vn -0.8274 -0.3085 0.4693
vn -0.3644 0.2055 -0.9083
vn -0.8867 0.4209 -0.1912
vn -0.0488 -0.7940 0.6059
vn -0.8568 0.4979 -0.1339
vn -0.6370 0.5116 0.5767
vn -0.8307 0.5142 -0.2131
vn -0.6469 -0.1183 -0.7534
vn -0.6589 0.6645 -0.3527
vn -0.4593 -0.8839 -0.0879
vn -0.6990 0.6981 -0.1550
vn -0.2414 0.3073 -0.9205
vn -0.4390 0.0521 -0.8970
vn -0.9899 0.1344 0.0441
vn -0.5629 0.8132 -0.1477
vn -0.8167 0.5684 -0.0993
vn -0.1264 -0.6935 -0.7093
vn -0.4922 -0.8452 0.2083
vn -0.3517 -0.5735 0.7398
vn -0.1491 0.4924 0.8575
vn -0.8064 -0.3321 0.4893
vn -0.7019 -0.5006 0.5067
vn -0.9281 -0.0972 0.3594
vn -0.0733 -0.1764 -0.9816
vn -0.6636 -0.5826 0.4693
vn -0.6775 -0.6331 0.3743
vn -0.5027 -0.2007 -0.8409
vn -0.8294 -0.3973 -0.3928
vn -0.3346 -0.7309 -0.5948
vn -0.4805 0.3363 -0.8100
vn -0.8732 -0.0350 0.4861
vn -0.5615 0.8118 -0.1602
vn -0.1962 0.4108 0.8904
vn -0.1386 -0.7255 0.6741
vn -0.6916 0.6369 -0.3407
vn -0.1120 0.4149 -0.9029
vn -0.8686 0.4539 -0.1989
vn -0.6030 0.7674 0.2178
vn -0.6197 0.4114 -0.6684
vn 0.0834 -0.1538 -0.9846
vn 0.0957 -0.7189 -0.6884
vn -0.4916 -0.3330 0.8047
vn -0.8049 0.5719 -0.1582
vn -0.7763 0.6012 -0.1895
vn -0.7598 0.5834 -0.2868
vn -0.2231 -0.5558 0.8008
vn -0.6955 0.6369 -0.3326
vn -0.6595 0.7473 0.0815
vn 0.4240 0.5029 0.7532
vn -0.2270 -0.7909 0.5682
vn -0.1130 -0.8542 -0.5075
vn -0.1896 -0.9124 -0.3628
vn -0.2206 -0.7008 -0.6784
vn 0.3329 -0.3280 0.8841
vn -0.0365 -0.6720 0.7396
vn -0.3399 -0.9402 -0.0239
vn -0.5633 -0.2543 -0.7861
vn -0.7414 0.6638 0.0980
vn -0.6538 -0.6633 -0.3642
vn -0.5483 -0.3440 0.7623
vn -0.2799 -0.7739 -0.5682
vn -0.6963 0.7071 -0.1236
vn -0.5822 -0.1614 -0.7969
vn 0.0848 -0.6072 -0.7900
vn -0.8491 0.1879 0.4937
vn -0.7701 0.6000 0.2166
vn -0.6298 0.7004 -0.3360
vn 0.3773 -0.1915 -0.9061
vn -0.5220 0.8237 -0.2216
vn -0.0561 -0.7221 -0.6895
vn -0.8803 0.4745 -0.0017
vn -0.5594 -0.6272 -0.5420
vn -0.8216 -0.5119 0.2508
vn -0.7201 0.6183 0.3148
vn -0.1755 0.0489 -0.9833
vn 0.5889 -0.0006 -0.8082
vn 0.5749 -0.3068 -0.7585
vn 0.4605 -0.6084 0.6464
vn 0.6844 0.6732 -0.2799
vn 0.3038 0.4103 -0.8598
vn -0.8412 -0.5391 -0.0411
vn -0.5784 -0.4370 -0.6888
vn -0.6463 0.7604 -0.0632
vn -0.5157 -0.5326 0.6711
vn 0.7156 0.6830 -0.1467
vn -0.8399 0.5415 -0.0360
vn 0.2133 -0.7034 -0.6781
vn -0.2334 -0.0658 0.9701
vn -0.8243 0.5604 -0.0805
vn -0.5383 -0.2764 0.7961
vn 0.6242 0.0473 -0.7798
vn -0.5497 -0.8156 -0.1807
vn -0.3480 0.1597 -0.9238
vn -0.3100 0.9210 -0.2361
vn -0.7053 0.7085 -0.0257
vn 0.1293 0.3955 -0.9093
vn 0.9676 -0.1581 -0.1970
vn 0.5465 -0.6152 -0.5682
vn -0.3842 0.8631 0.3277
vn -0.2842 -0.6089 0.7406
vn -0.4048 -0.8575 -0.3175
vn 0.2167 -0.4682 -0.8566
vn -0.7294 0.6122 -0.3052
vn -0.4012 0.8688 0.2903
vn -0.8908 0.4543 0.0079
vn 0.6730 0.0632 -0.7369
vn -0.9640 0.2583 0.0631
vn 0.5682 0.0803 -0.8190
vn 0.0639 0.2182 -0.9738
vn -0.1097 -0.8544 -0.5079
vn -0.8155 0.5275 -0.2382
vn -0.7126 0.5617 -0.4204
vn 0.3740 0.4571 -0.8070
vn 0.1768 -0.0080 -0.9842
vn -0.8871 0.4587 -0.0510
vn -0.2726 -0.9508 -0.1474
vn -0.8399 0.5394 0.0599
vn 0.1325 0.1720 0.9762
vn -0.2430 -0.8958 -0.3722
vn -0.0331 -0.9300 -0.3661
vn -0.4679 -0.7810 -0.4136
vn -0.2543 -0.9462 -0.2000
vn -0.1693 -0.9735 -0.1535
vn 0.0039 0.0034 1.0000
vn 0.5651 -0.6344 0.5275
vn -0.8040 -0.0730 0.5901
vn -0.7879 0.5887 -0.1808
vn -0.9832 0.1801 0.0281
vn -0.6161 0.7529 -0.2314
vn -0.6601 0.7377 0.1417
vn 0.0472 -0.0595 -0.9971
vn -0.8989 -0.1565 0.4094
vn -0.4094 0.9096 0.0702
vn -0.5249 -0.8011 0.2875
vn -0.0088 -0.4903 0.8715
vn -0.7678 0.6407 0.0059
vn -0.5100 0.7980 -0.3210
vn 0.4455 0.1180 0.8875
vn -0.2850 -0.6119 0.7378
vn -0.8681 0.4592 -0.1883
vn -0.0777 -0.5591 0.8254
vn -0.1651 -0.2492 0.9543
vn -0.7392 0.5792 -0.3437
vn -0.4553 -0.8352 -0.3085
vn 0.0116 -0.8063 -0.5915
vn -0.0243 -0.5664 -0.8238
vn -0.2173 -0.7289 0.6492
vn -0.8700 0.4929 -0.0114
vn -0.7524 0.5715 -0.3275
vn -0.7210 0.6791 0.1376
vn 0.0094 -0.0118 -0.9999
vn 0.0694 -0.5412 0.8380
vn -0.5771 0.6968 0.4260
vn -0.6675 0.6982 -0.2587
vn -0.6055 0.7730 -0.1892
vn -0.5605 0.8053 -0.1934
vn -0.1780 -0.8632 -0.4725
vn -0.5024 -0.4501 0.7383
vn -0.0582 -0.8535 -0.5179
vn -0.1237 -0.9850 0.1200
vn -0.6646 0.7348 -0.1357
vn 0.3602 -0.0337 -0.9323
vn -0.0165 -0.7091 -0.7049
vn 0.4387 -0.2113 -0.8735
vn -0.8016 0.1697 -0.5733
vn 0.1394 0.2861 -0.9480
vn -0.6994 0.6893 -0.1890
vn -0.4022 0.9145 -0.0444
vn -0.6479 0.6054 -0.4622
vn -0.3110 -0.8732 -0.3752
vn -0.9000 0.3159 -0.3003
vn -0.3009 0.9321 -0.2015
vn -0.5751 0.7940 0.1968
vn -0.1718 0.9417 0.2892
vn -0.8971 0.4273 -0.1121
vn -0.0040 -0.8581 -0.5135
vn -0.5865 0.6612 -0.4679
vn -0.3808 0.9132 -0.1452
vn 0.1982 -0.1752 0.9644
vn -0.3626 -0.8295 -0.4247
vn -0.3837 0.0559 0.9218
vn -0.1673 -0.9295 0.3287
vn 0.1834 -0.5786 -0.7947
vn 0.9410 0.0770 -0.3294
vn -0.4179 -0.5741 0.7041
vn 0.6972 0.6385 -0.3260
vn 0.9022 0.1441 0.4066
vn -0.0994 -0.2533 0.9623
vn -0.3177 -0.6187 -0.7185
vn -0.3877 0.9167 0.0970
vn 0.1828 0.7190 0.6706
vn -0.3769 0.9196 0.1110
vn -0.4442 -0.1508 0.8831
vn 0.1146 -0.4204 0.9001
vn -0.4498 0.6613 -0.6003
vn -0.2599 0.9606 -0.0986
vn -0.1326 -0.6532 -0.7455
vn -0.6393 0.7652 0.0755
vn -0.0143 -0.1076 -0.9941
vn -0.5270 0.1166 -0.8418
vn -0.3903 -0.5332 0.7506
vn -0.3308 0.8686 0.3689
vn -0.3853 -0.6007 0.7005
vn 0.1132 0.0129 -0.9935
vn -0.4679 -0.0156 0.8836
vn -0.7840 0.1193 -0.6092
vn -0.6371 0.6466 -0.4196
vn -0.2830 -0.8814 0.3783
vn -0.2995 -0.5138 0.8039
vn -0.4725 0.8557 -0.2110
vn -0.3135 -0.7144 0.6256
vn -0.2335 0.9464 0.2233
vn -0.5101 0.8228 -0.2507
vn -0.1576 0.9731 -0.1682
vn -0.8052 0.5883 -0.0743
vn -0.3267 -0.7924 0.5151
vn -0.2555 0.9301 -0.2638
vn -0.3086 0.9193 0.2442
vn -0.0998 -0.8141 0.5720
vn -0.1127 0.3477 0.9308
vn 0.5556 0.0070 0.8314
vn -0.4247 0.8921 -0.1541
vn -0.0707 -0.3590 -0.9306
vn 0.1427 -0.0596 -0.9880
vn -0.4390 -0.4128 -0.7980
vn -0.4357 0.8540 -0.2842
vn -0.2876 -0.7003 -0.6533
vn -0.3482 0.9358 0.0559
vn -0.2547 -0.8690 -0.4243
vn -0.3096 0.9338 -0.1791
vn -0.2647 0.0384 -0.9636
vn -0.2525 -0.4942 -0.8318
vn -0.0379 -0.8835 0.4668
vn -0.1165 0.4023 0.9081
vn 0.2325 0.9697 -0.0746
vn -0.0409 -0.6077 -0.7931
vn 0.0262 -0.1256 0.9917
vn -0.0014 -0.5514 0.8342
vn -0.4183 0.8136 -0.4039
vn 0.2425 0.9594 -0.1441
vn 0.0234 -0.6061 0.7950
vn -0.1174 -0.9846 -0.1293
vn -0.3239 0.6648 -0.6731
vn -0.0111 -0.7535 -0.6573
vn 0.1262 0.9534 0.2741
vn 0.2038 -0.9552 -0.2146
vn 0.1008 0.9461 -0.3079
vn 0.0049 -0.6473 0.7622
vn 0.1839 0.9387 -0.2917
vn 0.3588 -0.0129 -0.9333
vn 0.2458 0.8373 0.4884
vn 0.5128 0.8583 -0.0207
vn -0.2690 -0.3931 -0.8793
vn -0.1641 -0.9200 0.3559
vn -0.4982 -0.2230 0.8379
vn -0.0626 -0.7314 -0.6791
vn -0.7939 0.0557 -0.6055
vn -0.3988 0.9163 0.0363
vn 0.0220 -0.4788 0.8776
vn -0.3061 0.5266 0.7931
vn 0.0229 -0.7652 -0.6433
vn -0.3437 0.9063 -0.2459
vn -0.0400 -0.8857 -0.4626
vn -0.0734 -0.6575 0.7499
vn -0.2393 -0.3294 -0.9134
vn 0.1070 -0.7081 -0.6980
vn 0.6671 0.7443 0.0320
vn -0.8261 0.4403 -0.3518
vn -0.4050 -0.6742 0.6176
vn -0.4380 -0.7829 0.4418
vn 0.1795 0.3875 0.9042
vn -0.0549 0.9644 -0.2588
vn -0.7076 -0.2415 -0.6640
vn 0.5206 0.8422 -0.1405
vn -0.3597 -0.5635 0.7437
vn 0.7371 0.6753 0.0247
vn -0.4319 0.3910 -0.8128
vn -0.0558 0.9231 0.3806
vn -0.4804 -0.5294 0.6993
vn -0.0246 -0.8520 -0.5230
vn -0.1347 -0.6629 0.7365
vn 0.1794 0.3976 -0.8998
vn -0.3354 0.9012 -0.2746
vn -0.3705 -0.5828 0.7233
vn -0.9390 -0.2775 -0.2030
vn -0.8043 0.0314 -0.5934
vn -0.2002 0.6495 -0.7335
vn -0.7873 -0.5757 0.2206
vn -0.1297 -0.8484 -0.5132
vn 0.0119 -0.9934 0.1143
vn -0.2480 -0.5433 -0.8021
vn 0.5071 0.3327 -0.7951
vn -0.4667 0.8774 -0.1114
vn -0.1673 -0.8427 -0.5117
vn -0.1680 -0.6489 0.7421
vn -0.0192 -0.8679 -0.4964
vn -0.3014 0.9146 -0.2696
vn 0.4816 0.7394 0.4704
vn 0.0015 -0.9329 -0.3602
vn -0.1685 0.9085 -0.3824
vn 0.8471 0.5227 0.0963
vn 0.0501 -0.7529 0.6562
vn -0.2371 -0.9172 -0.3203
vn -0.4687 0.5508 0.6906
vn -0.7464 0.5147 -0.4218
vn -0.6039 0.7551 -0.2553
vn 0.0992 -0.6533 0.7506
vn -0.1025 0.8953 -0.4334
vn -0.0305 0.3091 -0.9505
vn 0.0136 -0.6079 0.7939
vn 0.1328 0.3849 0.9133
vn -0.1944 -0.5520 0.8109
vn 0.8434 -0.4788 -0.2436
vn -0.0176 0.9995 -0.0279
vn 0.1603 -0.0211 -0.9868
vn -0.0682 -0.2183 0.9735
vn 0.3459 0.8959 -0.2788
vn 0.9392 0.1527 0.3074
vn 0.0018 0.5524 -0.8336
vn -0.1774 -0.6808 0.7107
vn 0.9941 0.1006 0.0400
vn -0.2075 -0.4560 0.8654
vn 0.0894 -0.4429 0.8921
vn 0.0501 0.9951 -0.0847
vn -0.2153 -0.9658 -0.1447
vn 0.2178 0.9578 -0.1875
vn -0.2288 0.9734 -0.0129
vn 0.5118 0.6098 0.6051
vn 0.7638 0.3244 0.5580
vn 0.8161 0.5513 -0.1731
vn 0.9092 -0.4061 0.0920
vn -0.0988 -0.7581 -0.6446
vn -0.4957 0.8652 -0.0754
vn 0.8598 0.4968 -0.1182
vn -0.0024 -0.7363 0.6767
vn 0.0948 -0.6342 0.7673
vn -0.5962 0.7629 -0.2500
vn -0.0577 -0.5210 0.8516
vn -0.1101 -0.9861 0.1242
vn 0.0972 0.1844 -0.9780
vn 0.1767 -0.6400 0.7478
vn -0.0041 -0.6378 0.7702
vn 0.5813 0.1676 0.7962
vn -0.1634 0.9295 0.3305
vn -0.0194 -0.8235 -0.5670
vn 0.7047 0.7041 -0.0874
vn -0.0301 0.9900 -0.1379
vn -0.6280 -0.3884 -0.6743
vn -0.1858 0.9647 -0.1865
vn 0.1173 -0.6851 0.7189
vn -0.2843 0.8511 -0.4415
vn 0.2263 0.8844 -0.4081
vn 0.5113 0.6406 0.5729
vn 0.1998 -0.7373 0.6453
vn 0.1602 -0.8339 0.5282
vn 0.2661 -0.8501 -0.4545
vn 0.7350 0.6780 0.0023
vn 0.6493 0.7469 -0.1431
vn 0.2378 -0.6608 0.7119
vn -0.7560 0.2937 -0.5850
vn 0.1402 0.9306 -0.3382
vn 0.1085 0.9837 0.1437
vn 0.9052 -0.3232 0.2760
vn -0.0276 -0.8376 -0.5455
vn 0.4361 0.8948 -0.0952
vn 0.2998 0.9305 -0.2104
vn 0.6793 0.6366 0.3650
vn 0.0691 -0.8559 0.5125
vn 0.2492 0.3540 -0.9014
vn 0.7642 0.6428 0.0524
vn 0.0998 0.8235 -0.5585
vn -0.0562 -0.3899 -0.9191
vn 0.2454 -0.5022 0.8292
vn -0.0353 -0.9845 -0.1719
vn 0.2395 0.9688 -0.0638
vn 0.6604 0.0103 0.7508
vn 0.3908 0.9205 0.0046
vn 0.2410 0.9076 -0.3438
vn -0.4837 -0.7732 -0.4101
vn 0.3140 0.8825 -0.3502
vn -0.1143 -0.9555 -0.2719
vn -0.0523 -0.8657 -0.4978
vn 0.0226 -0.7299 -0.6831
vn -0.1350 0.9048 -0.4039
vn 0.3803 -0.2685 -0.8850
vn 0.6213 -0.7819 -0.0511
vn 0.2867 -0.6312 0.7207
vn 0.1035 -0.8015 -0.5890
vn -0.1018 0.7932 -0.6004
vn -0.2833 0.9498 -0.1328
vn 0.2358 0.9461 0.2219
vn 0.7113 0.6998 -0.0654
vn 0.1471 0.9772 -0.1528
vn 0.6413 0.7546 0.1388
vn 0.4454 0.4103 -0.7958
vn 0.7305 0.6827 -0.0183
vn 0.4138 -0.2064 -0.8867
vn 0.4268 -0.1727 -0.8877
vn -0.6980 0.4361 -0.5680
vn -0.0108 -0.8803 -0.4743
vn -0.0418 0.3516 -0.9352
vn 0.8441 0.0517 0.5336
vn 0.0539 0.8722 -0.4862
vn -0.7176 -0.0537 -0.6944
vn 0.3055 0.8883 -0.3429
vn 0.7476 -0.5870 0.3106
vn 0.2094 -0.7197 0.6619
vn 0.6668 0.7449 -0.0206
vn 0.5914 0.7851 -0.1838
vn 0.6861 0.7275 -0.0002
vn 0.2214 0.0249 -0.9749
vn -0.3367 -0.6868 -0.6441
vn 0.3345 -0.7898 0.5142
vn 0.0188 0.9185 -0.3950
vn 0.1985 -0.5228 0.8290
vn 0.6817 0.3495 0.6428
vn 0.3901 0.9194 0.0495
vn 0.0713 -0.6699 0.7391
vn -0.1848 0.7792 -0.5988
vn 0.0691 -0.8882 -0.4543
vn 0.5394 -0.2608 -0.8006
vn 0.3198 -0.9398 0.1202
vn 0.1699 -0.6338 -0.7546
vn 0.6440 0.7643 0.0319
vn 0.6425 0.7656 0.0317
vn 0.4447 -0.3382 -0.8294
vn 0.1540 -0.6241 0.7661
vn 0.8765 -0.4124 -0.2486
vn 0.3086 -0.8521 -0.4227
vn 0.6456 -0.6967 -0.3127
vn -0.0734 0.8633 -0.4993
vn 0.7511 0.5643 -0.3427
vn 0.5957 0.7401 0.3120
vn 0.7188 0.6800 -0.1449
vn 0.5096 0.8377 -0.1961
vn 0.0505 -0.9731 -0.2248
vn 0.2926 0.9089 -0.2972
vn 0.3959 0.3243 0.8591
vn 0.4186 0.8605 -0.2903
vn 0.3745 -0.4627 0.8035
vn 0.7888 0.1156 0.6036
vn -0.2238 0.2709 -0.9362
vn 0.9935 0.0336 -0.1086
vn 0.4315 0.3704 -0.8226
vn 0.0967 0.7744 -0.6253
vn 0.4663 -0.8201 0.3317
vn 0.5734 0.6959 0.4324
vn -0.0231 0.8918 -0.4517
vn 0.8062 -0.4529 -0.3807
vn 0.5513 0.5655 0.6133
vn 0.0313 -0.9834 -0.1788
vn 0.9396 -0.2880 -0.1851
vn 0.7396 0.6707 0.0562
vn 0.5625 0.3003 -0.7703
vn 0.5081 -0.6546 -0.5597
vn -0.0792 0.2429 -0.9668
vn 0.2041 -0.6372 0.7432
vn 0.2258 -0.6251 0.7472
vn -0.0055 -0.6110 -0.7916
vn 0.3671 0.9173 -0.1542
vn 0.2390 0.8893 -0.3899
vn 0.7608 0.5625 0.3238
vn 0.4915 0.8683 0.0667
vn 0.7760 -0.5027 -0.3811
vn 0.5387 -0.7335 -0.4145
vn 0.3215 0.3089 -0.8951
vn 0.3713 0.6862 -0.6254
vn 0.4204 -0.0337 -0.9067
vn 0.9919 0.0023 -0.1266
vn 0.3854 -0.0561 -0.9211
vn 0.4142 0.9096 0.0333
vn 0.1007 0.1717 -0.9800
vn 0.7633 -0.4971 -0.4126
vn 0.1071 -0.4231 0.8997
vn -0.1012 0.2893 -0.9519
vn -0.0249 0.2028 -0.9789
vn 0.9574 -0.0292 -0.2873
vn -0.3496 0.5643 -0.7479
vn 0.9111 0.1430 -0.3866
vn 0.0128 0.1369 -0.9905
vn 0.2028 -0.6514 0.7311
vn -0.3347 0.5213 -0.7850
vn 0.9438 0.0288 -0.3293
vn 0.7014 -0.7112 0.0481
vn 0.9303 0.0630 -0.3615
vn 0.9668 0.0597 -0.2486
vn 0.3468 0.2445 -0.9055
vn 0.9613 -0.0085 -0.2754
vn 0.7409 -0.4317 0.5146
vn 0.8381 0.3635 -0.4067
vn -0.0611 0.7793 -0.6237
vn 0.9416 -0.2364 -0.2400
vn 0.7183 -0.6883 -0.1019
vn 0.9213 0.1355 -0.3644
vn 0.9934 0.0796 -0.0820
vn 0.3195 -0.8468 0.4253
vn 0.3265 -0.2149 -0.9205
vn 0.6148 0.6853 0.3903
vn 0.6085 0.5731 0.5489
vn 0.2931 0.7789 -0.5545
vn 0.7523 0.0836 -0.6535
vn 0.1463 0.8809 -0.4501
vn 0.7175 0.3121 -0.6227
vn 0.8111 0.0556 -0.5822
vn 0.2017 0.8355 -0.5111
vn 0.8040 0.0060 -0.5945
vn 0.3893 -0.7606 -0.5195
vn 0.7633 0.6091 -0.2153
vn 0.4147 0.3160 -0.8533
vn 0.9192 -0.0341 -0.3923
vn 0.1378 -0.5924 -0.7938
vn 0.7437 0.6567 -0.1253
vn 0.6670 -0.7208 0.1884
vn 0.0475 0.2801 -0.9588
vn 0.2913 0.9189 -0.2660
vn 0.5619 0.7860 0.2580
vn 0.9022 0.2274 0.3664
vn 0.4569 0.8538 -0.2495
vn -0.0537 -0.9040 -0.4241
vn 0.6014 0.7984 -0.0291
vn 0.8873 0.2943 -0.3551
vn 0.2913 0.8714 -0.3946
vn 0.6595 0.4781 -0.5801
vn 0.0777 -0.4363 0.8964
vn 0.7250 -0.5529 -0.4107
vn 0.4860 0.8405 -0.2395
vn 0.1433 -0.9699 -0.1968
vn 0.2412 -0.1492 -0.9589
vn 0.3033 -0.0766 0.9498
vn -0.0370 -0.8397 -0.5418
vn 0.4402 0.8002 -0.4073
vn 0.1616 -0.7645 0.6240
vn 0.9429 0.3149 -0.1090
vn 0.1501 0.7669 -0.6239
vn 0.8321 -0.4176 -0.3651
vn 0.1289 -0.9258 -0.3554
vn 0.6944 -0.1250 -0.7087
vn 0.1300 0.7610 -0.6356
vn 0.8396 0.3438 0.4206
vn 0.0416 -0.5965 0.8015
vn -0.0482 -0.8806 -0.4714
vn 0.7344 -0.6640 -0.1406
vn 0.6223 0.6033 0.4987
vn 0.6356 -0.7669 0.0891
vn 0.5537 -0.5366 -0.6368
vn 0.3979 0.7791 -0.4844
vn 0.9431 0.3247 0.0724
vn 0.3308 0.3013 -0.8943
vn 0.5359 0.5656 -0.6269
vn 0.7906 -0.2752 -0.5470
vn 0.2651 -0.5563 -0.7876
vn 0.2928 -0.9449 0.1464
vn 0.2046 -0.9122 0.3550
vn 0.7314 0.6697 -0.1286
vn -0.3079 0.0004 -0.9514
vn 0.5952 -0.7581 -0.2665
vn 0.2919 -0.9536 0.0738
vn 0.0858 0.0083 -0.9963
vn 0.6517 0.7235 -0.2277
vn -0.2167 -0.8217 -0.5272
vn 0.4518 0.8069 -0.3805
vn 0.6852 -0.0346 -0.7275
vn 0.1592 0.7840 -0.6000
vn 0.0067 -0.8956 -0.4449
vn 0.5108 0.8475 0.1445
vn -0.0048 0.5576 -0.8301
vn 0.2749 -0.9163 0.2911
vn 0.4091 -0.5770 0.7069
vn 0.6447 -0.6055 -0.4665
vn 0.4620 0.8253 -0.3247
vn 0.5002 0.7892 -0.3563
vn 0.1649 -0.6717 0.7222
vn -0.1222 -0.7847 -0.6076
vn 0.6816 0.7295 -0.0575
vn 0.3669 -0.7665 -0.5270
vn 0.7038 0.6589 -0.2655
vn 0.6634 0.5916 0.4582
vn 0.0640 0.7676 -0.6377
vn 0.2778 0.9602 -0.0304
vn -0.2033 0.3785 -0.9030
vn 0.1662 -0.2344 0.9578
vn 0.1329 0.8539 -0.5032
vn 0.1485 -0.7073 0.6911
vn 0.2865 0.7343 -0.6154
vn 0.3354 0.0936 -0.9374
vn 0.4027 0.9047 -0.1393
vn 0.6977 0.6536 0.2932
vn 0.3964 0.3439 -0.8512
vn 0.2244 -0.9684 0.1088
vn 0.2090 -0.6725 0.7099
vn 0.2839 0.0818 -0.9554
vn 0.4747 -0.1318 -0.8702
vn 0.0775 -0.5996 0.7965
vn 0.5468 0.8268 0.1323
vn 0.7035 0.0170 -0.7105
vn 0.6379 -0.1661 -0.7520
vn -0.3399 -0.7268 -0.5968
vn 0.1606 -0.2940 0.9422
vn -0.0430 0.7546 -0.6548
vn 0.2228 -0.6750 -0.7034
vn -0.0498 0.6669 -0.7435
vn -0.1622 -0.6743 -0.7204
vn 0.5305 0.8203 0.2137
vn 0.1168 -0.8033 -0.5840
vn 0.8251 0.5578 -0.0894
vn 0.2172 -0.6423 0.7350
vn 0.3162 -0.1412 0.9381
vn 0.6192 0.7748 -0.1277
vn 0.7985 0.5846 0.1436
vn 0.1222 -0.5692 0.8131
vn 0.4535 -0.8758 0.1651
vn 0.6970 -0.7161 0.0384
vn 0.6538 0.7552 0.0475
vn 0.2964 -0.7489 -0.5927
vn 0.1807 -0.6386 0.7480
vn 0.8416 0.5285 -0.1114
vn 0.2878 -0.6213 0.7288
vn 0.6440 0.6928 -0.3245
vn 0.2332 -0.6354 0.7361
vn 0.2742 -0.5854 -0.7629
vn 0.7140 0.6374 -0.2897
vn 0.0345 0.4317 -0.9014
vn -0.0268 -0.9246 -0.3801
vn 0.4006 -0.8531 0.3343
vn 0.1525 0.0512 -0.9870
vn 0.0266 0.6873 -0.7259
vn 0.1818 -0.4858 0.8549
vn 0.1892 -0.9736 -0.1279
vn 0.2613 0.3064 -0.9153
vn -0.7732 -0.4375 -0.4591
vn 0.3393 -0.6239 -0.7040
vn 0.5371 0.1033 -0.8372
vn -0.3368 -0.7655 -0.5483
vn 0.6834 0.6454 -0.3411
vn 0.5153 -0.7586 0.3987
vn 0.2124 0.9453 -0.2478
vn 0.5591 -0.5091 0.6544
vn 0.6506 0.6501 -0.3925
vn 0.1055 -0.6923 0.7138
vn -0.6186 -0.5672 -0.5437
vn 0.6642 -0.0296 0.7470
vn 0.0625 -0.8863 -0.4588
vn -0.4583 -0.0147 -0.8887
vn 0.8013 0.5824 0.1367
vn -0.5812 -0.1435 -0.8010
vn 0.3894 -0.6736 0.6282
vn -0.1035 0.4304 -0.8967
vn 0.2066 0.8326 -0.5139
vn -0.8158 -0.4613 -0.3487
vn 0.4984 -0.0516 -0.8654
vn 0.8133 0.5532 -0.1805
vn 0.7308 0.6765 0.0912
vn -0.8099 -0.4559 -0.3690
vn -0.8720 -0.2293 -0.4324
vn 0.8453 0.4236 0.3256
vn 0.6209 0.7251 -0.2978
vn -0.2885 -0.2597 -0.9216
vn 0.2895 -0.6310 0.7198
vn 0.8902 0.4475 0.0854
vn -0.0179 0.3888 -0.9211
vn 0.5521 0.7920 0.2607
vn 0.3965 -0.6009 0.6940
vn -0.0802 0.9862 -0.1452
vn 0.5151 0.7748 -0.3666
vn -0.0085 -0.9993 -0.0357
vn 0.6745 -0.2741 0.6855
vn 0.3071 -0.6366 0.7074
vn 0.5398 -0.4395 -0.7179
vn -0.2039 -0.7370 0.6444
vn 0.4185 0.5610 -0.7142
vn 0.5170 0.5761 -0.6330
vn 0.5055 -0.8628 -0.0069
vn 0.6386 -0.5610 0.5268
vn 0.8142 0.5441 -0.2023
vn 0.0665 0.4702 -0.8800
vn 0.7426 0.5915 -0.3141
vn -0.1649 -0.9863 0.0059
vn 0.5980 0.7950 -0.1017
vn 0.8498 0.5250 -0.0472
vn -0.4880 -0.2416 -0.8387
vn 0.4459 -0.7304 0.5174
vn 0.7774 0.3625 -0.5141
vn 0.0434 -0.6740 -0.7374
vn 0.3757 -0.6119 -0.6960
vn 0.3781 -0.6724 0.6363
vn 0.7424 0.2379 -0.6263
vn -0.6259 -0.5749 -0.5270
vn 0.4094 0.8987 0.1575
vn 0.1531 0.5907 -0.7922
vn 0.6095 0.6990 -0.3742
vn -0.6656 0.7459 -0.0224
vn 0.6298 -0.6406 0.4394
vn 0.8630 0.4505 -0.2287
vn 0.6954 0.4439 -0.5652
vn 0.1668 -0.4546 -0.8749
vn 0.5254 0.5471 -0.6517
vn 0.6744 -0.5477 0.4952
vn 0.6616 0.7335 0.1560
vn -0.7529 -0.4438 -0.4860
vn 0.4379 0.8876 0.1430
vn 0.8851 -0.3058 0.3507
vn 0.9632 0.1819 0.1980
vn 0.4537 0.8511 -0.2640
vn 0.1564 -0.0178 -0.9875
vn 0.7559 0.6264 -0.1905
vn -0.3278 -0.6958 -0.6390
vn -0.9710 0.1251 -0.2036
vn -0.8341 0.3428 -0.4321
vn 0.2070 0.8082 0.5513
vn -0.7002 0.1655 -0.6945
vn -0.4202 -0.1806 -0.8893
vn 0.6660 0.7250 0.1753
vn 0.2418 -0.5937 0.7675
vn 0.8154 0.2080 -0.5403
vn 0.4167 -0.6423 0.6432
vn 0.7385 -0.6691 0.0833
vn 0.9324 0.0280 0.3604
vn 0.7271 0.0005 -0.6866
vn 0.2529 -0.6624 0.7052
vn 0.9684 0.1536 0.1965
vn 0.1443 -0.3487 -0.9261
vn -0.3297 0.8592 0.3912
vn -0.1226 -0.9169 -0.3797
vn 0.8486 0.5276 0.0393
vn 0.9289 0.3592 -0.0898
vn -0.1341 -0.9086 -0.3955
vn 0.0388 -0.0710 -0.9967
vn -0.4884 -0.5868 -0.6459
vn 0.6300 0.7255 0.2770
vn 0.6265 -0.4865 0.6090
vn -0.8225 0.5676 -0.0346
vn 0.9051 0.1443 -0.4000
vn 0.0677 -0.5973 -0.7992
vn 0.5999 -0.4294 0.6751
vn -0.6212 0.7122 0.3270
vn 0.9890 0.1369 -0.0559
vn 0.9132 0.4051 -0.0429
vn 0.3587 -0.8412 -0.4046
vn 0.4399 -0.4694 0.7657
vn 0.4725 -0.8806 -0.0343
vn 0.4936 -0.5141 0.7015
vn 0.9910 0.1247 -0.0489
vn 0.9483 0.0889 -0.3047
vn -0.7876 -0.3339 -0.5179
vn -0.8897 -0.2897 -0.3528
vn 0.9193 0.3671 0.1420
vn 0.9701 0.2336 -0.0651
vn 0.5249 -0.8354 0.1629
vn -0.7987 0.1903 0.5708
vn 0.9803 0.1964 0.0220
vn -0.8875 0.4137 -0.2029
vn 0.7727 0.5095 -0.3786
vn 0.1812 -0.6204 -0.7630
vn -0.3921 0.2380 -0.8886
vn 0.9514 -0.0879 0.2951
vn 0.9097 -0.2526 0.3297
vn 0.0417 0.5586 -0.8284
vn 0.7772 -0.3597 -0.5163
vn 0.5153 0.7995 0.3087
vn -0.9438 -0.3223 -0.0732
vn 0.9518 0.3064 -0.0098
vn 0.9989 0.0256 -0.0384
vn 0.8323 0.5519 -0.0517
vn 0.5432 -0.8389 -0.0350
vn 0.7547 0.5505 -0.3568
vn 0.6967 0.6938 0.1823
vn 0.1988 0.8391 0.5064
vn 0.5131 -0.3620 -0.7782
vn 0.9548 0.2915 0.0589
vn 0.8953 0.1342 0.4249
vn 0.6538 -0.0085 -0.7566
vn 0.9916 0.1151 -0.0588
vn 0.6663 -0.4913 0.5610
vn 0.7254 -0.4732 -0.4999
vn 0.3233 0.7637 0.5588
vn 0.9993 0.0336 -0.0158
vn 0.9534 -0.1353 -0.2697
vn 0.9380 -0.1039 0.3308
vn 0.9796 0.1897 -0.0662
vn 0.1841 -0.9815 0.0522
vn 0.9022 0.3831 -0.1982
vn 0.3901 -0.5619 -0.7294
vn 0.7491 0.4759 0.4609
vn 0.6461 -0.3784 -0.6628
vn 0.7606 0.5653 0.3193
vn 0.5773 0.0575 -0.8145
vn 0.0989 -0.7854 -0.6111
vn 0.9386 0.3059 0.1595
vn 0.9822 0.0569 0.1788
vn 0.9538 0.0979 -0.2839
vn 0.9419 -0.1860 0.2797
vn 0.2763 0.6559 -0.7025
vn 0.3892 0.9211 0.0056
vn 0.5861 0.5333 0.6100
vn 0.9176 -0.2941 0.2673
vn 0.9743 0.2252 0.0043
vn 0.4819 -0.5718 0.6639
vn 0.9602 0.2737 0.0556
vn 0.7329 -0.5753 -0.3630
vn 0.8526 0.4757 0.2163
vn 0.8037 0.5743 -0.1554
vn 0.4632 -0.6122 0.6408
vn 0.1084 -0.8605 -0.4977
vn 0.7970 0.5963 0.0960
vn 0.7147 0.6836 -0.1478
vn 0.6437 -0.3973 0.6540
vn 0.9676 0.0957 0.2338
vn 0.6185 -0.1323 -0.7746
vn 0.8201 0.5327 -0.2090
vn 0.9832 -0.1569 0.0930
vn 0.7011 -0.6171 -0.3573
vn 0.8603 0.2466 -0.4463
vn 0.9664 -0.0008 0.2571
vn 0.4372 -0.8846 0.1624
vn 0.7393 -0.6463 0.1890
vn 0.8548 0.5181 0.0283
vn 0.9288 -0.3436 0.1387
vn 0.8974 0.1812 -0.4023
vn 0.8705 0.4557 -0.1860
vn 0.9076 0.3182 0.2738
vn 0.5596 -0.4923 0.6667
vn 0.7473 -0.4644 0.4752
vn 0.7899 0.0506 -0.6112
vn 0.9937 -0.0006 0.1120
vn 0.5732 -0.7783 0.2562
vn 0.9354 -0.1199 -0.3327
vn 0.8160 -0.3840 0.4321
vn 0.9032 -0.3951 0.1680
vn 0.8676 0.4775 -0.1390
vn 0.9105 -0.3621 0.1998
vn 0.9460 0.0846 0.3130
vn 0.7559 -0.6432 -0.1226
vn 0.9410 -0.2839 0.1840
vn 0.9178 0.3155 0.2409
vn 0.9495 0.2149 -0.2284
vn 0.9670 0.2482 -0.0571
vn 0.9950 0.0138 0.0992
vn 0.9902 0.0680 -0.1216
vn 0.9793 -0.1734 -0.1046
vn 0.9843 -0.1381 0.1096
vn 0.9995 0.0129 -0.0286
f 203//203 130//130 114//114
f 84//84 114//114 130//130
f 118//118 130//130 140//140
f 118//118 84//84 130//130
f 181//181 155//155 187//187
f 164//164 237//237 208//208
f 208//208 237//237 294//294
f 189//189 187//187 272//272
f 187//187 242//242 272//272
f 187//187 155//155 136//136
f 98//98 155//155 152//152
f 155//155 98//98 136//136
f 152//152 168//168 115//115
f 155//155 181//181 152//152
f 136//136 156//156 187//187
f 84//84 118//118 98//98
f 259//259 279//279 443//443
f 443//443 279//279 332//332
f 279//279 261//261 302//302
f 141//141 167//167 203//203
f 497//497 400//400 442//442
f 468//468 443//443 539//539
f 637//637 468//468 572//572
f 400//400 386//386 455//455
f 552//552 591//591 562//562
f 562//562 538//538 552//552
f 537//537 497//497 503//503
f 437//437 610//610 604//604
f 615//615 608//608 529//529
f 676//676 631//631 677//677
f 679//679 625//625 748//748
f 237//237 443//443 642//642
f 632//632 606//606 642//642
f 443//443 468//468 642//642
f 76//76 120//120 114//114
f 76//76 60//60 16//16
f 70//70 76//76 37//37
f 84//84 98//98 30//30
f 16//16 84//84 26//26
f 37//37 7//7 2//2
f 240//240 167//167 176//176
f 296//296 340//340 302//302
f 296//296 302//302 232//232
f 296//296 232//232 211//211
f 176//176 112//112 166//166
f 166//166 232//232 176//176
f 232//232 302//302 227//227
f 553//553 552//552 524//524
f 350//350 296//296 354//354
f 341//341 354//354 296//296
f 296//296 257//257 341//341
f 485//485 493//493 454//454
f 346//346 343//343 326//326
f 323//323 257//257 305//305
f 371//371 410//410 428//428
f 305//305 257//257 297//297
f 268//268 297//297 257//257
f 328//328 371//371 297//297
f 268//268 343//343 299//299
f 172//172 211//211 143//143
f 70//70 37//37 89//89
f 197//197 211//211 139//139
f 49//49 101//101 89//89
f 89//89 101//101 160//160
f 49//49 89//89 36//36
f 33//33 49//49 36//36
f 195//195 257//257 190//190
f 112//112 76//76 117//117
f 197//197 186//186 257//257
f 261//261 227//227 302//302
f 340//340 400//400 302//302
f 400//400 340//340 386//386
f 579//579 540//540 587//587
f 641//641 651//651 645//645
f 641//641 645//645 617//617
f 574//574 641//641 617//617
f 518//518 527//527 488//488
f 509//509 507//507 579//579
f 488//488 433//433 461//461
f 414//414 476//476 385//385
f 396//396 343//343 461//461
f 461//461 343//343 472//472
f 575//575 457//457 530//530
f 753//753 778//778 796//796
f 706//706 677//677 707//707
f 682//682 677//677 636//636
f 707//707 682//682 731//731
f 731//731 682//682 702//702
f 704//704 736//736 702//702
f 788//788 803//803 817//817
f 817//817 736//736 704//704
f 704//704 750//750 788//788
f 817//817 704//704 788//788
f 789//789 764//764 731//731
f 509//509 484//484 460//460
f 569//569 530//530 534//534
f 474//474 485//485 454//454
f 536//536 493//493 498//498
f 574//574 550//550 579//579
f 476//476 460//460 353//353
f 491//491 514//514 534//534
f 394//394 460//460 484//484
f 441//441 484//484 514//514
f 343//343 346//346 406//406
f 426//426 472//472 406//406
f 457//457 446//446 491//491
f 454//454 428//428 474//474
f 410//410 394//394 441//441
f 474//474 428//428 410//410
f 429//429 446//446 426//426
f 429//429 480//480 462//462
f 445//445 480//480 429//429
f 462//462 449//449 429//429
f 689//689 536//536 567//567
f 536//536 520//520 567//567
f 619//619 567//567 533//533
f 729//729 662//662 691//691
f 687//687 691//691 666//666
f 646//646 687//687 666//666
f 803//803 729//729 776//776
f 662//662 689//689 567//567
f 826//826 803//803 776//776
f 826//826 776//776 741//741
f 927//927 912//912 924//924
f 792//792 780//780 687//687
f 922//922 924//924 903//903
f 898//898 922//922 837//837
f 922//922 903//903 837//837
f 873//873 888//888 881//881
f 859//859 863//863 881//881
f 888//888 872//872 902//902
f 886//886 861//861 927//927
f 630//630 666//666 576//576
f 650//650 654//654 646//646
f 698//698 646//646 654//654
f 798//798 766//766 698//698
f 650//650 576//576 489//489
f 650//650 646//646 576//576
f 853//853 784//784 802//802
f 271//271 268//268 195//195
f 295//295 175//175 217//217
f 83//83 22//22 79//79
f 137//137 195//195 97//97
f 133//133 83//83 79//79
f 105//105 79//79 61//61
f 24//24 41//41 22//22
f 105//105 126//126 133//133
f 245//245 217//217 214//214
f 214//214 217//217 171//171
f 116//116 163//163 105//105
f 171//171 105//105 163//163
f 171//171 217//217 133//133
f 103//103 105//105 85//85
f 85//85 41//41 78//78
f 116//116 85//85 78//78
f 55//55 78//78 82//82
f 92//92 116//116 78//78
f 121//121 106//106 100//100
f 72//72 92//92 80//80
f 429//429 426//426 373//373
f 404//404 429//429 395//395
f 295//295 326//326 303//303
f 650//650 489//489 531//531
f 489//489 445//445 531//531
f 358//358 295//295 306//306
f 295//295 356//356 326//326
f 436//436 445//445 402//402
f 436//436 559//559 547//547
f 217//217 289//289 295//295
f 306//306 289//289 342//342
f 338//338 324//324 283//283
f 512//512 436//436 479//479
f 643//643 699//699 565//565
f 421//421 434//434 390//390
f 479//479 434//434 465//465
f 490//490 508//508 479//479
f 512//512 508//508 521//521
f 650//650 531//531 674//674
f 784//784 674//674 746//746
f 163//163 173//173 283//283
f 674//674 573//573 659//659
f 283//283 276//276 255//255
f 599//599 714//714 521//521
f 599//599 521//521 545//545
f 749//749 699//699 744//744
f 746//746 699//699 749//749
f 865//865 853//853 802//802
f 744//744 807//807 779//779
f 807//807 865//865 779//779
f 714//714 699//699 643//643
f 787//787 744//744 737//737
f 521//521 421//421 411//411
f 465//465 421//421 490//490
f 475//475 521//521 411//411
f 411//411 338//338 265//265
f 452//452 475//475 411//411
f 377//377 345//345 365//365
f 282//282 278//278 239//239
f 338//338 278//278 282//282
f 231//231 282//282 239//239
f 124//124 122//122 132//132
f 124//124 144//144 121//121
f 149//149 135//135 142//142
f 183//183 149//149 132//132
f 132//132 142//142 135//135
f 218//218 193//193 165//165
f 233//233 231//231 199//199
f 218//218 165//165 170//170
f 263//263 280//280 322//322
f 254//254 269//269 280//280
f 365//365 321//321 322//322
f 466//466 444//444 387//387
f 399//399 387//387 439//439
f 263//263 307//307 281//281
f 265//265 338//338 231//231
f 254//254 218//218 269//269
f 561//561 644//644 545//545
f 545//545 522//522 561//561
f 626//626 644//644 561//561
f 543//543 566//566 544//544
f 504//504 543//543 544//544
f 627//627 652//652 671//671
f 652//652 602//602 369//369
f 652//652 369//369 668//668
f 602//602 543//543 369//369
f 652//652 726//726 705//705
f 487//487 369//369 543//543
f 471//471 495//495 456//456
f 249//249 229//229 308//308
f 249//249 226//226 229//229
f 196//196 274//274 230//230
f 98//98 115//115 34//34
f 115//115 192//192 157//157
f 157//157 192//192 196//196
f 238//238 230//230 311//311
f 110//110 238//238 248//248
f 44//44 157//157 238//238
f 415//415 447//447 424//424
f 528//528 500//500 513//513
f 554//554 513//513 506//506
f 424//424 447//447 500//500
f 513//513 525//525 528//528
f 548//548 424//424 528//528
f 357//357 424//424 417//417
f 601//601 592//592 620//620
f 554//554 608//608 598//598
f 638//638 623//623 614//614
f 638//638 614//614 665//665
f 593//593 557//557 554//554
f 583//583 601//601 554//554
f 554//554 601//601 593//593
f 742//742 697//697 748//748
f 593//593 653//653 557//557
f 670//670 653//653 697//697
f 357//357 308//308 360//360
f 298//298 308//308 357//357
f 298//298 357//357 417//417
f 516//516 557//557 558//558
f 580//580 621//621 612//612
f 664//664 684//684 701//701
f 701//701 684//684 730//730
f 670//670 684//684 612//612
f 287//287 473//473 408//408
f 389//389 408//408 391//391
f 473//473 304//304 311//311
f 580//580 549//549 556//556
f 595//595 582//582 580//580
f 669//669 551//551 656//656
f 656//656 686//686 669//669
f 580//580 571//571 581//581
f 589//589 581//581 563//563
f 728//728 686//686 713//713
f 770//770 669//669 728//728
f 728//728 712//712 760//760
f 16//16 28//28 4//4
f 4//4 28//28 34//34
f 44//44 95//95 110//110
f 44//44 110//110 50//50
f 44//44 50//50 13//13
f 23//23 34//34 44//44
f 102//102 50//50 110//110
f 19//19 2//2 5//5
f 19//19 8//8 2//2
f 3//3 13//13 10//10
f 102//102 179//179 285//285
f 91//91 50//50 150//150
f 180//180 48//48 146//146
f 138//138 102//102 285//285
f 54//54 13//13 48//48
f 145//145 58//58 54//54
f 58//58 145//145 108//108
f 27//27 31//31 11//11
f 29//29 25//25 42//42
f 58//58 68//68 39//39
f 10//10 13//13 54//54
f 11//11 10//10 25//25
f 285//285 179//179 287//287
f 285//285 287//287 291//291
f 336//336 251//251 188//188
f 273//273 180//180 251//251
f 146//146 150//150 188//188
f 391//391 244//244 285//285
f 262//262 138//138 244//244
f 309//309 188//188 286//286
f 336//336 349//349 370//370
f 273//273 422//422 364//364
f 422//422 273//273 370//370
f 427//427 453//453 391//391
f 42//42 75//75 87//87
f 42//42 56//56 75//75
f 169//169 108//108 145//145
f 273//273 169//169 145//145
f 198//198 169//169 273//273
f 113//113 198//198 247//247
f 267//267 246//246 316//316
f 148//148 68//68 125//125
f 148//148 134//134 161//161
f 267//267 75//75 216//216
f 246//246 216//216 148//148
f 427//427 391//391 692//692
f 655//655 564//564 692//692
f 655//655 692//692 756//756
f 564//564 453//453 427//427
f 564//564 431//431 453//453
f 696//696 672//672 681//681
f 680//680 624//624 672//672
f 467//467 418//418 431//431
f 469//469 376//376 382//382
f 478//478 430//430 467//467
f 469//469 541//541 624//624
f 541//541 502//502 564//564
f 469//469 624//624 660//660
f 184//184 250//250 206//206
f 440//440 316//316 366//366
f 469//469 366//366 376//376
f 250//250 113//113 247//247
f 34//34 115//115 44//44
f 274//274 308//308 298//298
f 304//304 248//248 238//238
f 87//87 40//40 42//42
f 113//113 99//99 108//108
f 74//74 75//75 56//56
f 748//748 796//796 812//812
f 812//812 846//846 899//899
f 742//742 748//748 812//812
f 946//946 899//899 880//880
f 946//946 914//914 899//899
f 785//785 832//832 855//855
f 785//785 855//855 773//773
f 773//773 855//855 808//808
f 914//914 855//855 832//832
f 758//758 773//773 781//781
f 808//808 855//855 849//849
f 951//951 946//946 954//954
f 914//914 946//946 936//936
f 947//947 946//946 933//933
f 817//817 806//806 731//731
f 920//920 893//893 937//937
f 932//932 957//957 937//937
f 962//962 964//964 932//932
f 963//963 946//946 947//947
f 849//849 936//936 856//856
f 777//777 781//781 856//856
f 827//827 910//910 834//834
f 954//954 936//936 951//951
f 931//931 811//811 834//834
f 811//811 815//815 834//834
f 954//954 910//910 936//936
f 761//761 768//768 725//725
f 834//834 815//815 775//775
f 811//811 760//760 775//775
f 815//815 811//811 775//775
f 866//866 892//892 876//876
f 892//892 939//939 960//960
f 953//953 942//942 960//960
f 953//953 960//960 958//958
f 876//876 892//892 960//960
f 813//813 797//797 755//755
f 908//908 797//797 813//813
f 805//805 797//797 908//908
f 854//854 805//805 908//908
f 908//908 942//942 943//943
f 942//942 953//953 956//956
f 968//968 969//969 966//966
f 968//968 966//966 965//965
f 956//956 968//968 961//961
f 961//961 965//965 959//959
f 961//961 968//968 965//965
f 954//954 963//963 966//966
f 928//928 932//932 894//894
f 889//889 890//890 874//874
f 928//928 894//894 889//889
f 889//889 874//874 897//897
f 948//948 962//962 928//928
f 897//897 916//916 928//928
f 821//821 864//864 874//874
f 926//926 900//900 917//917
f 751//751 673//673 717//717
f 751//751 717//717 755//755
f 786//786 925//925 745//745
f 141//141 120//120 167//167
f 955//955 961//961 959//959
f 949//949 955//955 959//959
f 745//745 925//925 949//949
f 949//949 959//959 935//935
f 585//585 469//469 745//745
f 795//795 745//745 930//930
f 934//934 944//944 926//926
f 795//795 930//930 934//934
f 609//609 586//586 795//795
f 916//916 959//959 948//948
f 944//944 940//940 916//916
f 884//884 900//900 904//904
f 770//770 866//866 800//800
f 735//735 763//763 765//765
f 735//735 709//709 696//696
f 735//735 765//765 813//813
f 673//673 724//724 723//723
f 724//724 732//732 740//740
f 680//680 690//690 695//695
f 721//721 660//660 695//695
f 723//723 724//724 718//718
f 854//854 732//732 751//751
f 786//786 734//734 752//752
f 469//469 718//718 734//734
f 45//45 31//31 27//27
f 40//40 29//29 42//42
f 45//45 40//40 47//47
f 17//17 22//22 9//9
f 12//12 17//17 9//9
f 22//22 18//18 9//9
f 9//9 15//15 21//21
f 21//21 15//15 14//14
f 21//21 52//52 43//43
f 12//12 21//21 43//43
f 174//174 64//64 59//59
f 17//17 12//12 46//46
f 46//46 12//12 43//43
f 147//147 174//174 228//228
f 38//38 17//17 46//46
f 41//41 62//62 88//88
f 339//339 128//128 423//423
f 77//77 82//82 104//104
f 119//119 82//82 88//88
f 111//111 178//178 275//275
f 69//69 57//57 87//87
f 57//57 45//45 47//47
f 52//52 57//57 73//73
f 73//73 69//69 87//87
f 93//93 59//59 73//73
f 71//71 69//69 73//73
f 93//93 73//73 87//87
f 59//59 52//52 73//73
f 71//71 65//65 69//69
f 59//59 93//93 228//228
f 331//331 228//228 267//267
f 329//329 412//412 313//313
f 463//463 412//412 331//331
f 331//331 329//329 228//228
f 463//463 331//331 267//267
f 62//62 64//64 147//147
f 555//555 435//435 451//451
f 700//700 423//423 435//435
f 609//609 700//700 555//555
f 747//747 700//700 609//609
f 747//747 847//847 869//869
f 339//339 409//409 275//275
f 435//435 423//423 403//403
f 392//392 409//409 546//546
f 700//700 546//546 423//423
f 438//438 407//407 412//412
f 438//438 470//470 515//515
f 555//555 501//501 609//609
f 515//515 463//463 586//586
f 609//609 515//515 586//586
f 501//501 515//515 609//609
f 438//438 451//451 403//403
f 501//501 555//555 451//451
f 878//878 907//907 853//853
f 878//878 853//853 865//865
f 883//883 907//907 878//878
f 878//878 865//865 845//845
f 858//858 883//883 878//878
f 907//907 906//906 904//904
f 862//862 790//790 867//867
f 809//809 711//711 774//774
f 711//711 700//700 774//774
f 767//767 801//801 794//794
f 809//809 829//829 801//801
f 767//767 668//668 711//711
f 794//794 783//783 769//769
f 437//437 415//415 405//405
f 860//860 864//864 842//842
f 63//63 51//51 35//35
f 82//82 77//77 55//55
f 326//326 343//343 303//303
f 35//35 51//51 33//33
f 33//33 19//19 35//35
f 35//35 19//19 11//11
f 710//710 708//708 775//775
f 120//120 141//141 114//114
f 141//141 203//203 114//114
f 158//158 237//237 164//164
f 203//203 237//237 130//130
f 158//158 136//136 140//140
f 136//136 118//118 140//140
f 140//140 130//130 237//237
f 158//158 140//140 237//237
f 208//208 224//224 210//210
f 208//208 185//185 164//164
f 185//185 187//187 164//164
f 210//210 187//187 191//191
f 191//191 208//208 210//210
f 208//208 191//191 185//185
f 242//242 292//292 272//272
f 294//294 290//290 242//242
f 290//290 308//308 272//272
f 272//272 292//292 290//290
f 187//187 189//189 181//181
f 272//272 308//308 229//229
f 168//168 152//152 204//204
f 152//152 189//189 204//204
f 229//229 205//205 200//200
f 189//189 200//200 205//205
f 229//229 200//200 189//189
f 229//229 226//226 215//215
f 202//202 201//201 209//209
f 98//98 118//118 136//136
f 164//164 158//158 156//156
f 187//187 158//158 164//164
f 261//261 240//240 227//227
f 221//221 240//240 259//259
f 302//302 332//332 279//279
f 332//332 352//352 443//443
f 378//378 443//443 352//352
f 400//400 352//352 332//332
f 332//332 302//302 400//400
f 221//221 259//259 203//203
f 221//221 203//203 167//167
f 167//167 240//240 221//221
f 259//259 237//237 203//203
f 259//259 443//443 237//237
f 220//220 187//187 210//210
f 220//220 210//210 224//224
f 378//378 400//400 443//443
f 400//400 455//455 442//442
f 455//455 503//503 497//497
f 442//442 455//455 497//497
f 497//497 539//539 443//443
f 560//560 572//572 539//539
f 497//497 560//560 539//539
f 497//497 537//537 560//560
f 468//468 539//539 572//572
f 637//637 572//572 636//636
f 636//636 572//572 560//560
f 503//503 538//538 537//537
f 560//560 537//537 538//538
f 560//560 538//538 562//562
f 503//503 505//505 538//538
f 505//505 503//503 455//455
f 538//538 505//505 552//552
f 640//640 562//562 591//591
f 622//622 618//618 606//606
f 632//632 631//631 628//628
f 606//606 632//632 631//631
f 632//632 642//642 631//631
f 607//607 603//603 604//604
f 584//584 611//611 615//615
f 613//613 605//605 610//610
f 605//605 597//597 607//607
f 597//597 605//605 604//604
f 597//597 604//604 610//610
f 634//634 614//614 611//611
f 584//584 437//437 604//604
f 584//584 615//615 529//529
f 629//629 623//623 608//608
f 623//623 629//629 615//615
f 629//629 608//608 615//615
f 615//615 614//614 623//623
f 594//594 603//603 584//584
f 603//603 594//594 611//611
f 615//615 611//611 614//614
f 607//607 613//613 634//634
f 634//634 625//625 614//614
f 625//625 634//634 676//676
f 631//631 676//676 634//634
f 694//694 754//754 757//757
f 694//694 677//677 706//706
f 694//694 706//706 754//754
f 676//676 753//753 748//748
f 694//694 753//753 676//676
f 676//676 677//677 694//694
f 237//237 642//642 437//437
f 294//294 327//327 308//308
f 294//294 437//437 327//327
f 237//237 437//437 294//294
f 437//437 642//642 606//606
f 468//468 637//637 642//642
f 642//642 637//637 649//649
f 631//631 642//642 649//649
f 677//677 649//649 636//636
f 649//649 637//637 636//636
f 636//636 562//562 640//640
f 352//352 400//400 378//378
f 437//437 584//584 529//529
f 76//76 114//114 60//60
f 60//60 84//84 16//16
f 16//16 26//26 30//30
f 30//30 26//26 84//84
f 16//16 4//4 7//7
f 20//20 16//16 7//7
f 37//37 20//20 7//7
f 37//37 2//2 36//36
f 36//36 2//2 8//8
f 114//114 84//84 60//60
f 120//120 176//176 167//167
f 120//120 76//76 176//176
f 227//227 176//176 232//232
f 232//232 166//166 211//211
f 211//211 222//222 296//296
f 176//176 76//76 112//112
f 386//386 340//340 350//350
f 455//455 386//386 477//477
f 340//340 296//296 350//350
f 350//350 477//477 386//386
f 505//505 455//455 477//477
f 477//477 552//552 505//505
f 477//477 494//494 524//524
f 552//552 477//477 524//524
f 477//477 493//493 494//494
f 493//493 524//524 494//494
f 477//477 350//350 354//354
f 354//354 425//425 477//477
f 477//477 425//425 493//493
f 485//485 498//498 493//493
f 493//493 425//425 454//454
f 341//341 367//367 425//425
f 454//454 425//425 428//428
f 354//354 341//341 425//425
f 222//222 197//197 296//296
f 334//334 385//385 353//353
f 343//343 334//334 299//299
f 197//197 257//257 296//296
f 257//257 367//367 341//341
f 257//257 323//323 367//367
f 367//367 428//428 425//425
f 428//428 367//367 371//371
f 297//297 371//371 367//367
f 353//353 394//394 410//410
f 359//359 410//410 371//371
f 305//305 297//297 323//323
f 297//297 367//367 323//323
f 293//293 328//328 297//297
f 353//353 359//359 328//328
f 299//299 293//293 268//268
f 328//328 293//293 334//334
f 359//359 371//371 328//328
f 166//166 117//117 143//143
f 117//117 76//76 70//70
f 70//70 143//143 117//117
f 143//143 70//70 89//89
f 89//89 139//139 143//143
f 143//143 139//139 172//172
f 139//139 211//211 172//172
f 186//186 139//139 257//257
f 257//257 139//139 160//160
f 197//197 139//139 186//186
f 257//257 160//160 190//190
f 97//97 101//101 86//86
f 101//101 49//49 86//86
f 190//190 160//160 195//195
f 160//160 101//101 195//195
f 195//195 101//101 97//97
f 89//89 37//37 36//36
f 51//51 49//49 33//33
f 257//257 195//195 268//268
f 222//222 211//211 197//197
f 227//227 240//240 176//176
f 532//532 570//570 540//540
f 542//542 570//570 532//532
f 540//540 570//570 587//587
f 532//532 540//540 507//507
f 651//651 587//587 570//570
f 651//651 588//588 590//590
f 587//587 651//651 635//635
f 579//579 587//587 635//635
f 651//651 641//641 635//635
f 651//651 590//590 645//645
f 588//588 651//651 542//542
f 476//476 488//488 532//532
f 532//532 488//488 527//527
f 518//518 542//542 527//527
f 518//518 488//488 461//461
f 518//518 461//461 472//472
f 532//532 507//507 476//476
f 476//476 509//509 460//460
f 476//476 507//507 509//509
f 507//507 540//540 579//579
f 476//476 414//414 488//488
f 433//433 488//488 414//414
f 588//588 542//542 575//575
f 590//590 569//569 645//645
f 574//574 617//617 569//569
f 575//575 530//530 569//569
f 590//590 575//575 569//569
f 542//542 519//519 575//575
f 542//542 518//518 519//519
f 542//542 532//532 527//527
f 588//588 575//575 590//590
f 570//570 542//542 651//651
f 579//579 635//635 641//641
f 579//579 641//641 574//574
f 472//472 481//481 519//519
f 414//414 396//396 433//433
f 414//414 385//385 396//396
f 461//461 433//433 396//396
f 457//457 575//575 481//481
f 575//575 519//519 481//481
f 343//343 406//406 472//472
f 518//518 472//472 519//519
f 799//799 764//764 818//818
f 799//799 754//754 764//764
f 880//880 799//799 818//818
f 757//757 778//778 753//753
f 757//757 846//846 778//778
f 846//846 757//757 799//799
f 753//753 796//796 748//748
f 799//799 880//880 846//846
f 921//921 880//880 857//857
f 880//880 818//818 857//857
f 846//846 880//880 899//899
f 706//706 707//707 764//764
f 677//677 682//682 707//707
f 682//682 636//636 640//640
f 591//591 648//648 640//640
f 704//704 682//682 640//640
f 689//689 704//704 648//648
f 704//704 640//640 648//648
f 789//789 857//857 818//818
f 803//803 750//750 729//729
f 731//731 736//736 817//817
f 682//682 704//704 702//702
f 707//707 731//731 764//764
f 731//731 702//702 736//736
f 803//803 833//833 893//893
f 803//803 893//893 920//920
f 891//891 893//893 833//833
f 509//509 514//514 484//484
f 514//514 550//550 534//534
f 534//534 550//550 574//574
f 514//514 509//509 550//550
f 569//569 534//534 574//574
f 553//553 524//524 536//536
f 536//536 485//485 520//520
f 536//536 498//498 485//485
f 474//474 520//520 485//485
f 394//394 484//484 441//441
f 457//457 491//491 530//530
f 514//514 491//491 441//441
f 346//346 373//373 406//406
f 426//426 406//406 373//373
f 446//446 457//457 426//426
f 462//462 441//441 449//449
f 458//458 441//441 462//462
f 410//410 441//441 458//458
f 486//486 474//474 458//458
f 486//486 458//458 462//462
f 449//449 459//459 446//446
f 462//462 480//480 499//499
f 486//486 462//462 499//499
f 499//499 480//480 576//576
f 480//480 489//489 576//576
f 445//445 489//489 480//480
f 491//491 446//446 459//459
f 459//459 441//441 491//491
f 481//481 472//472 426//426
f 441//441 459//459 449//449
f 491//491 534//534 530//530
f 648//648 591//591 553//553
f 553//553 536//536 648//648
f 536//536 689//689 648//648
f 689//689 662//662 729//729
f 729//729 727//727 776//776
f 520//520 486//486 567//567
f 567//567 619//619 662//662
f 691//691 741//741 727//727
f 687//687 741//741 691//691
f 662//662 666//666 691//691
f 750//750 689//689 729//729
f 689//689 750//750 704//704
f 888//888 873//873 879//879
f 902//902 882//882 885//885
f 888//888 902//902 881//881
f 888//888 879//879 911//911
f 905//905 911//911 895//895
f 911//911 905//905 881//881
f 863//863 859//859 895//895
f 911//911 909//909 887//887
f 826//826 741//741 780//780
f 881//881 861//861 836//836
f 826//826 780//780 840//840
f 905//905 896//896 881//881
f 918//918 905//905 895//895
f 896//896 912//912 861//861
f 881//881 896//896 861//861
f 896//896 905//905 918//918
f 918//918 924//924 912//912
f 780//780 741//741 687//687
f 859//859 881//881 836//836
f 839//839 792//792 836//836
f 836//836 838//838 839//839
f 836//836 792//792 819//819
f 762//762 792//792 687//687
f 810//810 780//780 792//792
f 819//819 792//792 791//791
f 823//823 861//861 886//886
f 823//823 886//886 810//810
f 816//816 762//762 804//804
f 792//792 762//762 791//791
f 791//791 837//837 819//819
f 850//850 895//895 859//859
f 903//903 850//850 837//837
f 895//895 903//903 913//913
f 924//924 922//922 927//927
f 924//924 923//923 922//922
f 898//898 886//886 927//927
f 898//898 927//927 923//923
f 874//874 816//816 804//804
f 837//837 816//816 874//874
f 861//861 823//823 839//839
f 836//836 861//861 838//838
f 822//822 840//840 810//810
f 924//924 918//918 913//913
f 918//918 895//895 913//913
f 927//927 861//861 912//912
f 872//872 882//882 902//902
f 877//877 885//885 872//872
f 877//877 872//872 888//888
f 567//567 486//486 533//533
f 533//533 517//517 619//619
f 517//517 533//533 486//486
f 619//619 576//576 666//666
f 517//517 576//576 619//619
f 630//630 576//576 646//646
f 576//576 517//517 499//499
f 499//499 517//517 486//486
f 646//646 698//698 687//687
f 698//698 654//654 650//650
f 650//650 784//784 698//698
f 650//650 674//674 784//784
f 762//762 687//687 766//766
f 766//766 687//687 698//698
f 762//762 766//766 804//804
f 821//821 766//766 814//814
f 814//814 766//766 798//798
f 860//860 824//824 831//831
f 804//804 766//766 821//821
f 814//814 842//842 821//821
f 824//824 860//860 814//814
f 870//870 860//860 852//852
f 842//842 814//814 860//860
f 864//864 860//860 870//870
f 860//860 831//831 852//852
f 853//853 852//852 784//784
f 831//831 698//698 784//784
f 852//852 831//831 784//784
f 824//824 698//698 831//831
f 486//486 520//520 474//474
f 874//874 804//804 821//821
f 776//776 727//727 741//741
f 803//803 826//826 833//833
f 891//891 833//833 826//826
f 303//303 268//268 271//271
f 195//195 175//175 271//271
f 277//277 303//303 271//271
f 277//277 175//175 295//295
f 137//137 97//97 107//107
f 127//127 107//107 109//109
f 81//81 49//49 51//51
f 67//67 49//49 81//81
f 107//107 97//97 67//67
f 107//107 67//67 81//81
f 94//94 107//107 81//81
f 109//109 94//94 83//83
f 109//109 107//107 94//94
f 63//63 81//81 51//51
f 81//81 63//63 94//94
f 94//94 63//63 83//83
f 175//175 137//137 107//107
f 137//137 175//175 195//195
f 175//175 127//127 217//217
f 133//133 127//127 109//109
f 127//127 133//133 217//217
f 133//133 79//79 105//105
f 133//133 109//109 83//83
f 61//61 41//41 53//53
f 79//79 22//22 41//41
f 133//133 126//126 171//171
f 126//126 105//105 171//171
f 214//214 171//171 163//163
f 105//105 103//103 116//116
f 163//163 116//116 92//92
f 173//173 92//92 106//106
f 163//163 92//92 173//173
f 53//53 85//85 61//61
f 61//61 85//85 105//105
f 85//85 53//53 41//41
f 78//78 41//41 88//88
f 78//78 55//55 92//92
f 92//92 55//55 80//80
f 77//77 80//80 55//55
f 103//103 85//85 116//116
f 77//77 111//111 80//80
f 106//106 92//92 90//90
f 100//100 106//106 90//90
f 80//80 111//111 96//96
f 96//96 111//111 90//90
f 72//72 96//96 90//90
f 72//72 80//80 96//96
f 122//122 100//100 90//90
f 90//90 111//111 122//122
f 111//111 162//162 122//122
f 121//121 100//100 122//122
f 346//346 326//326 373//373
f 373//373 326//326 356//356
f 445//445 429//429 404//404
f 429//429 373//373 395//395
f 395//395 380//380 404//404
f 395//395 373//373 380//380
f 380//380 373//373 358//358
f 531//531 445//445 436//436
f 363//363 306//306 368//368
f 402//402 380//380 363//363
f 404//404 380//380 402//402
f 363//363 368//368 402//402
f 436//436 402//402 368//368
f 373//373 356//356 358//358
f 531//531 573//573 674//674
f 573//573 547//547 559//559
f 659//659 559//559 565//565
f 659//659 565//565 699//699
f 573//573 531//531 547//547
f 573//573 559//559 659//659
f 289//289 217//217 245//245
f 276//276 245//245 255//255
f 289//289 245//245 276//276
f 306//306 295//295 289//289
f 342//342 368//368 306//306
f 368//368 342//342 375//375
f 375//375 390//390 436//436
f 368//368 375//375 436//436
f 289//289 276//276 283//283
f 289//289 283//283 324//324
f 390//390 324//324 338//338
f 324//324 390//390 375//375
f 283//283 223//223 258//258
f 283//283 278//278 338//338
f 559//559 436//436 512//512
f 436//436 390//390 479//479
f 565//565 521//521 643//643
f 643//643 521//521 714//714
f 565//565 512//512 521//521
f 390//390 434//434 479//479
f 390//390 338//338 421//421
f 465//465 434//434 421//421
f 512//512 479//479 508//508
f 479//479 465//465 490//490
f 746//746 674//674 659//659
f 746//746 659//659 699//699
f 802//802 784//784 746//746
f 283//283 173//173 223//223
f 255//255 163//163 283//283
f 223//223 173//173 194//194
f 223//223 194//194 258//258
f 214//214 163//163 255//255
f 779//779 746//746 749//749
f 744//744 779//779 749//749
f 699//699 714//714 744//744
f 779//779 802//802 746//746
f 802//802 779//779 865//865
f 787//787 865//865 807//807
f 744//744 714//714 733//733
f 733//733 714//714 722//722
f 744//744 733//733 737//737
f 715//715 737//737 693//693
f 722//722 693//693 737//737
f 599//599 644//644 693//693
f 787//787 737//737 715//715
f 722//722 714//714 693//693
f 715//715 693//693 644//644
f 599//599 693//693 714//714
f 807//807 744//744 787//787
f 772//772 787//787 715//715
f 715//715 783//783 772//772
f 715//715 644//644 705//705
f 783//783 705//705 769//769
f 783//783 715//715 705//705
f 338//338 411//411 421//421
f 521//521 490//490 421//421
f 521//521 475//475 545//545
f 411//411 345//345 452//452
f 284//284 345//345 265//265
f 320//320 345//345 284//284
f 345//345 379//379 452//452
f 278//278 258//258 194//194
f 194//194 173//173 106//106
f 194//194 106//106 121//121
f 239//239 278//278 144//144
f 278//278 121//121 144//144
f 338//338 282//282 231//231
f 239//239 165//165 231//231
f 165//165 239//239 135//135
f 122//122 124//124 121//121
f 122//122 162//162 132//132
f 369//369 162//162 392//392
f 124//124 123//123 131//131
f 131//131 135//135 144//144
f 144//144 135//135 239//239
f 165//165 135//135 149//149
f 149//149 183//183 170//170
f 132//132 162//162 369//369
f 159//159 165//165 149//149
f 269//269 183//183 369//369
f 183//183 132//132 369//369
f 466//466 387//387 369//369
f 466//466 369//369 487//487
f 392//392 668//668 369//369
f 280//280 269//269 369//369
f 280//280 369//369 387//387
f 199//199 165//165 193//193
f 193//193 218//218 199//199
f 159//159 170//170 165//165
f 269//269 218//218 183//183
f 265//265 231//231 233//233
f 233//233 235//235 265//265
f 254//254 265//265 243//243
f 243//243 235//235 254//254
f 254//254 280//280 263//263
f 387//387 322//322 280//280
f 439//439 387//387 444//444
f 320//320 300//300 319//319
f 300//300 312//312 314//314
f 314//314 315//315 300//300
f 300//300 315//315 319//319
f 319//319 315//315 322//322
f 330//330 321//321 365//365
f 314//314 315//315 321//321
f 321//321 335//335 320//320
f 365//365 322//322 387//387
f 379//379 387//387 399//399
f 264//264 256//256 260//260
f 264//264 260//260 263//263
f 264//264 263//263 281//281
f 281//281 307//307 301//301
f 254//254 260//260 256//256
f 263//263 260//260 254//254
f 284//284 264//264 281//281
f 254//254 256//256 264//264
f 312//312 317//317 307//307
f 318//318 317//317 330//330
f 300//300 281//281 301//301
f 183//183 218//218 170//170
f 265//265 345//345 411//411
f 218//218 254//254 235//235
f 235//235 233//233 218//218
f 545//545 452//452 495//495
f 644//644 626//626 671//671
f 627//627 561//561 578//578
f 626//626 561//561 627//627
f 522//522 545//545 495//495
f 495//495 452//452 456//456
f 578//578 561//561 544//544
f 602//602 578//578 566//566
f 578//578 544//544 566//566
f 487//487 543//543 504//504
f 544//544 561//561 495//495
f 671//671 626//626 627//627
f 644//644 671//671 705//705
f 602//602 566//566 543//543
f 627//627 578//578 602//602
f 726//726 652//652 668//668
f 456//456 452//452 439//439
f 452//452 399//399 439//439
f 456//456 439//439 444//444
f 444//444 471//471 456//456
f 495//495 471//471 504//504
f 504//504 471//471 466//466
f 466//466 487//487 504//504
f 545//545 644//644 599//599
f 475//475 452//452 545//545
f 471//471 444//444 466//466
f 44//44 115//115 157//157
f 115//115 168//168 192//192
f 236//236 234//234 241//241
f 236//236 234//234 226//226
f 226//226 249//249 236//236
f 308//308 274//274 249//249
f 196//196 234//234 236//236
f 236//236 241//241 196//196
f 226//226 234//234 196//196
f 241//241 274//274 196//196
f 157//157 196//196 230//230
f 192//192 204//204 196//196
f 157//157 230//230 238//238
f 405//405 420//420 419//419
f 415//415 420//420 405//405
f 415//415 424//424 420//420
f 405//405 360//360 437//437
f 360//360 405//405 424//424
f 447//447 554//554 500//500
f 554//554 506//506 500//500
f 447//447 529//529 554//554
f 500//500 511//511 513//513
f 500//500 528//528 424//424
f 506//506 511//511 500//500
f 513//513 526//526 525//525
f 523//523 526//526 513//513
f 523//523 548//548 525//525
f 529//529 447//447 415//415
f 554//554 557//557 548//548
f 424//424 548//548 557//557
f 424//424 557//557 516//516
f 529//529 608//608 554//554
f 554//554 598//598 583//583
f 592//592 601//601 583//583
f 583//583 598//598 596//596
f 620//620 600//600 598//598
f 623//623 638//638 620//620
f 620//620 638//638 601//601
f 614//614 625//625 665//665
f 678//678 601//601 638//638
f 678//678 653//653 601//601
f 678//678 638//638 665//665
f 593//593 601//601 653//653
f 623//623 598//598 608//608
f 665//665 697//697 678//678
f 665//665 679//679 697//697
f 697//697 679//679 748//748
f 678//678 697//697 653//653
f 697//697 742//742 703//703
f 742//742 730//730 703//703
f 670//670 557//557 653//653
f 327//327 360//360 308//308
f 274//274 298//298 417//417
f 311//311 384//384 473//473
f 417//417 516//516 384//384
f 417//417 424//424 516//516
f 473//473 384//384 516//516
f 516//516 549//549 473//473
f 311//311 304//304 238//238
f 311//311 274//274 384//384
f 557//557 670//670 621//621
f 621//621 580//580 558//558
f 557//557 621//621 558//558
f 697//697 703//703 684//684
f 703//703 730//730 684//684
f 664//664 612//612 684//684
f 664//664 701//701 647//647
f 621//621 670//670 612//612
f 612//612 664//664 647//647
f 473//473 551//551 510//510
f 473//473 510//510 408//408
f 287//287 304//304 473//473
f 408//408 669//669 492//492
f 408//408 510//510 669//669
f 391//391 408//408 492//492
f 516//516 558//558 549//549
f 580//580 582//582 549//549
f 595//595 580//580 581//581
f 551//551 582//582 656//656
f 510//510 551//551 669//669
f 558//558 580//580 556//556
f 686//686 712//712 716//716
f 686//686 656//656 595//595
f 595//595 712//712 686//686
f 760//760 712//712 775//775
f 589//589 710//710 712//712
f 589//589 633//633 710//710
f 710//710 633//633 683//683
f 712//712 595//595 589//589
f 712//712 728//728 716//716
f 568//568 581//581 571//571
f 589//589 563//563 571//571
f 633//633 571//571 577//577
f 688//688 647//647 725//725
f 639//639 647//647 683//683
f 725//725 683//683 688//688
f 683//683 725//725 708//708
f 639//639 633//633 577//577
f 577//577 612//612 647//647
f 577//577 647//647 639//639
f 713//713 720//720 719//719
f 669//669 686//686 728//728
f 658//658 669//669 770//770
f 728//728 759//759 770//770
f 391//391 492//492 658//658
f 391//391 658//658 692//692
f 492//492 669//669 658//658
f 716//716 720//720 713//713
f 716//716 728//728 719//719
f 710//710 683//683 708//708
f 571//571 580//580 612//612
f 357//357 360//360 424//424
f 670//670 697//697 684//684
f 473//473 549//549 551//551
f 98//98 34//34 28//28
f 98//98 28//28 30//30
f 30//30 28//28 16//16
f 4//4 34//34 23//23
f 44//44 238//238 95//95
f 248//248 304//304 179//179
f 179//179 110//110 248//248
f 44//44 13//13 23//23
f 50//50 48//48 13//13
f 50//50 91//91 48//48
f 4//4 1//1 7//7
f 7//7 1//1 2//2
f 1//1 5//5 2//2
f 33//33 8//8 19//19
f 8//8 33//33 36//36
f 4//4 3//3 1//1
f 4//4 23//23 3//3
f 23//23 13//13 3//3
f 5//5 3//3 10//10
f 19//19 5//5 11//11
f 5//5 10//10 11//11
f 1//1 3//3 5//5
f 179//179 304//304 287//287
f 102//102 110//110 179//179
f 50//50 102//102 150//150
f 102//102 138//138 150//150
f 54//54 48//48 180//180
f 262//262 150//150 138//138
f 285//285 244//244 138//138
f 180//180 145//145 54//54
f 10//10 54//54 25//25
f 25//25 29//29 27//27
f 27//27 11//11 25//25
f 39//39 56//56 42//42
f 25//25 39//39 42//42
f 25//25 54//54 39//39
f 68//68 108//108 99//99
f 58//58 108//108 68//68
f 68//68 74//74 56//56
f 99//99 113//113 68//68
f 39//39 54//54 58//58
f 287//287 408//408 291//291
f 150//150 262//262 188//188
f 180//180 188//188 251//251
f 180//180 273//273 145//145
f 251//251 336//336 273//273
f 285//285 291//291 408//408
f 285//285 408//408 389//389
f 453//453 244//244 391//391
f 285//285 389//389 391//391
f 262//262 244//244 453//453
f 188//188 262//262 286//286
f 188//188 309//309 336//336
f 286//286 262//262 453//453
f 336//336 309//309 348//348
f 362//362 397//397 370//370
f 422//422 370//370 397//397
f 333//333 383//383 309//309
f 362//362 348//348 388//388
f 362//362 388//388 432//432
f 309//309 388//388 348//348
f 388//388 383//383 413//413
f 273//273 336//336 370//370
f 333//333 309//309 286//286
f 663//663 667//667 657//657
f 663//663 657//657 709//709
f 667//667 663//663 661//661
f 413//413 422//422 432//432
f 87//87 75//75 93//93
f 93//93 75//75 228//228
f 75//75 267//267 228//228
f 273//273 364//364 198//198
f 108//108 198//198 113//113
f 325//325 364//364 351//351
f 198//198 364//364 325//325
f 267//267 316//316 337//337
f 267//267 216//216 246//246
f 75//75 148//148 216//216
f 68//68 113//113 125//125
f 125//125 113//113 134//134
f 113//113 184//184 154//154
f 113//113 129//129 134//134
f 125//125 134//134 148//148
f 246//246 177//177 266//266
f 153//153 161//161 134//134
f 153//153 129//129 154//154
f 246//246 148//148 177//177
f 134//134 129//129 151//151
f 153//153 151//151 129//129
f 134//134 151//151 153//153
f 75//75 74//74 148//148
f 267//267 337//337 448//448
f 337//337 440//440 448//448
f 535//535 448//448 464//464
f 267//267 448//448 463//463
f 432//432 422//422 397//397
f 388//388 413//413 432//432
f 364//364 422//422 413//413
f 696//696 655//655 756//756
f 756//756 692//692 770//770
f 564//564 655//655 685//685
f 685//685 655//655 696//696
f 286//286 453//453 398//398
f 398//398 383//383 286//286
f 413//413 383//383 416//416
f 398//398 416//416 383//383
f 393//393 381//381 351//351
f 381//381 355//355 351//351
f 325//325 351//351 355//355
f 393//393 401//401 381//381
f 431//431 382//382 381//381
f 372//372 374//374 376//376
f 381//381 372//372 355//355
f 366//366 361//361 374//374
f 564//564 427//427 692//692
f 398//398 453//453 416//416
f 431//431 416//416 453//453
f 675//675 690//690 672//672
f 696//696 661//661 675//675
f 663//663 690//690 661//661
f 624//624 564//564 685//685
f 624//624 685//685 672//672
f 624//624 680//680 660//660
f 416//416 401//401 413//413
f 401//401 416//416 431//431
f 502//502 431//431 564//564
f 482//482 483//483 467//467
f 502//502 483//483 482//482
f 467//467 502//502 482//482
f 467//467 431//431 502//502
f 541//541 496//496 502//502
f 496//496 541//541 478//478
f 469//469 382//382 430//430
f 469//469 478//478 541//541
f 469//469 430//430 478//478
f 413//413 401//401 393//393
f 467//467 430//430 418//418
f 250//250 247//247 288//288
f 252//252 253//253 250//250
f 253//253 252//252 250//250
f 184//184 113//113 250//250
f 206//206 250//250 253//253
f 253//253 252//252 266//266
f 310//310 325//325 355//355
f 310//310 316//316 288//288
f 247//247 325//325 288//288
f 316//316 266//266 288//288
f 250//250 288//288 270//270
f 266//266 270//270 288//288
f 310//310 355//355 344//344
f 206//206 266//266 182//182
f 266//266 177//177 182//182
f 337//337 316//316 440//440
f 440//440 366//366 469//469
f 440//440 469//469 464//464
f 709//709 657//657 696//696
f 364//364 393//393 351//351
f 316//316 246//246 266//266
f 230//230 274//274 311//311
f 198//198 108//108 169//169
f 74//74 68//68 148//148
f 796//796 846//846 812//812
f 899//899 914//914 832//832
f 785//785 773//773 730//730
f 730//730 742//742 785//785
f 812//812 832//832 785//785
f 899//899 832//832 812//812
f 946//946 880//880 933//933
f 773//773 758//758 730//730
f 855//855 914//914 936//936
f 855//855 936//936 849//849
f 758//758 781//781 777//777
f 936//936 946//946 951//951
f 963//963 954//954 946//946
f 880//880 921//921 933//933
f 857//857 828//828 921//921
f 828//828 920//920 921//921
f 730//730 758//758 777//777
f 730//730 777//777 761//761
f 701//701 730//730 761//761
f 647//647 701//701 761//761
f 828//828 731//731 806//806
f 957//957 947//947 937//937
f 947//947 933//933 921//921
f 929//929 893//893 891//891
f 932//932 937//937 929//929
f 937//937 893//893 929//929
f 964//964 947//947 957//957
f 963//963 947//947 964//964
f 963//963 964//964 966//966
f 966//966 964//964 965//965
f 964//964 957//957 932//932
f 965//965 964//964 962//962
f 849//849 856//856 808//808
f 808//808 856//856 781//781
f 856//856 936//936 910//910
f 777//777 856//856 827//827
f 915//915 910//910 939//939
f 856//856 910//910 827//827
f 782//782 777//777 827//827
f 782//782 827//827 834//834
f 960//960 954//954 967//967
f 910//910 954//954 939//939
f 954//954 960//960 939//939
f 939//939 834//834 915//915
f 866//866 811//811 931//931
f 931//931 834//834 939//939
f 834//834 910//910 915//915
f 761//761 777//777 768//768
f 777//777 782//782 768//768
f 768//768 771//771 725//725
f 647//647 761//761 725//725
f 708//708 725//725 771//771
f 771//771 775//775 708//708
f 768//768 782//782 771//771
f 834//834 775//775 782//782
f 760//760 811//811 759//759
f 759//759 866//866 770//770
f 866//866 931//931 892//892
f 876//876 960//960 942//942
f 931//931 939//939 892//892
f 755//755 709//709 735//735
f 735//735 813//813 755//755
f 755//755 797//797 805//805
f 876//876 942//942 813//813
f 908//908 813//813 942//942
f 942//942 956//956 943//943
f 876//876 813//813 820//820
f 954//954 966//966 967//967
f 967//967 966//966 969//969
f 958//958 967//967 956//956
f 956//956 953//953 958//958
f 967//967 968//968 956//956
f 956//956 961//961 943//943
f 950//950 925//925 943//943
f 950//950 943//943 961//961
f 950//950 961//961 955//955
f 960//960 967//967 958//958
f 932//932 929//929 826//826
f 929//929 891//891 826//826
f 932//932 826//826 840//840
f 932//932 840//840 894//894
f 822//822 810//810 886//886
f 822//822 886//886 840//840
f 840//840 886//886 871//871
f 894//894 840//840 871//871
f 886//886 890//890 871//871
f 886//886 898//898 874//874
f 890//890 886//886 874//874
f 959//959 962//962 948//948
f 928//928 916//916 948//948
f 897//897 926//926 916//916
f 928//928 889//889 897//897
f 864//864 821//821 842//842
f 926//926 864//864 875//875
f 875//875 864//864 900//900
f 926//926 875//875 900//900
f 926//926 917//917 919//919
f 884//884 901//901 919//919
f 919//919 917//917 884//884
f 847//847 884//884 869//869
f 709//709 673//673 663//663
f 673//673 751//751 732//732
f 734//734 745//745 469//469
f 745//745 734//734 786//786
f 935//935 959//959 916//916
f 935//935 916//916 940//940
f 938//938 935//935 945//945
f 940//940 944//944 952//952
f 941//941 935//935 938//938
f 938//938 945//945 930//930
f 930//930 941//941 938//938
f 925//925 950//950 949//949
f 950//950 955//955 949//949
f 745//745 949//949 930//930
f 930//930 949//949 941//941
f 585//585 464//464 469//469
f 586//586 585//585 745//745
f 535//535 464//464 585//585
f 448//448 535//535 463//463
f 463//463 585//585 586//586
f 463//463 535//535 585//585
f 743//743 745//745 795//795
f 934//934 952//952 944//944
f 926//926 919//919 901//901
f 901//901 795//795 934//934
f 934//934 926//926 901//901
f 847//847 901//901 884//884
f 609//609 795//795 847//847
f 847//847 795//795 901//901
f 944//944 916//916 926//926
f 795//795 586//586 743//743
f 904//904 870//870 853//853
f 900//900 864//864 904//904
f 884//884 917//917 900//900
f 756//756 770//770 800//800
f 866//866 876//876 800//800
f 800//800 876//876 820//820
f 763//763 800//800 820//820
f 763//763 756//756 800//800
f 696//696 756//756 763//763
f 765//765 820//820 813//813
f 685//685 696//696 681//681
f 763//763 735//735 696//696
f 765//765 763//763 820//820
f 925//925 908//908 943//943
f 868//868 908//908 925//925
f 663//663 673//673 690//690
f 752//752 740//740 732//732
f 718//718 740//740 734//734
f 740//740 752//752 734//734
f 739//739 695//695 723//723
f 721//721 695//695 739//739
f 721//721 718//718 660//660
f 732//732 793//793 752//752
f 732//732 854//854 793//793
f 851//851 843//843 835//835
f 843//843 851//851 844//844
f 793//793 851//851 841//841
f 835//835 844//844 841//841
f 793//793 854//854 851//851
f 851//851 854//854 908//908
f 786//786 841//841 925//925
f 851//851 908//908 868//868
f 841//841 868//868 925//925
f 793//793 786//786 752//752
f 843//843 844//844 868//868
f 843//843 868//868 841//841
f 786//786 793//793 841//841
f 717//717 709//709 755//755
f 965//965 962//962 959//959
f 31//31 14//14 11//11
f 6//6 11//11 14//14
f 27//27 40//40 45//45
f 29//29 40//40 27//27
f 11//11 32//32 35//35
f 15//15 9//9 18//18
f 32//32 15//15 18//18
f 32//32 18//18 63//63
f 63//63 18//18 22//22
f 22//22 83//83 63//63
f 64//64 62//62 46//46
f 32//32 6//6 15//15
f 52//52 14//14 31//31
f 14//14 52//52 21//21
f 43//43 52//52 59//59
f 15//15 6//6 14//14
f 9//9 21//21 12//12
f 46//46 43//43 64//64
f 64//64 174//174 147//147
f 43//43 59//59 64//64
f 32//32 11//11 6//6
f 228//228 329//329 147//147
f 147//147 329//329 313//313
f 313//313 403//403 147//147
f 38//38 46//46 62//62
f 128//128 62//62 147//147
f 88//88 62//62 128//128
f 82//82 119//119 104//104
f 104//104 119//119 178//178
f 178//178 339//339 275//275
f 178//178 128//128 339//339
f 77//77 104//104 111//111
f 104//104 178//178 111//111
f 147//147 423//423 128//128
f 88//88 128//128 119//119
f 178//178 119//119 128//128
f 52//52 45//45 57//57
f 69//69 66//66 57//57
f 66//66 69//69 65//65
f 47//47 87//87 57//57
f 59//59 228//228 174//174
f 412//412 329//329 331//331
f 313//313 412//412 407//407
f 41//41 38//38 62//62
f 147//147 403//403 423//423
f 435//435 403//403 451//451
f 700//700 435//435 555//555
f 700//700 747//747 790//790
f 275//275 409//409 392//392
f 339//339 423//423 409//409
f 546//546 700//700 711//711
f 668//668 546//546 711//711
f 668//668 392//392 546//546
f 423//423 546//546 409//409
f 412//412 463//463 450//450
f 463//463 515//515 470//470
f 412//412 470//470 438//438
f 501//501 438//438 515//515
f 412//412 450//450 470//470
f 438//438 403//403 407//407
f 451//451 438//438 501//501
f 463//463 470//470 450//450
f 313//313 407//407 403//403
f 609//609 847//847 747//747
f 858//858 862//862 883//883
f 825//825 858//858 845//845
f 774//774 790//790 858//858
f 848//848 865//865 787//787
f 848//848 787//787 830//830
f 865//865 848//848 845//845
f 848//848 830//830 829//829
f 848//848 825//825 845//845
f 845//845 858//858 878//878
f 906//906 867//867 904//904
f 790//790 747//747 867//867
f 867//867 906//906 862//862
f 869//869 904//904 867//867
f 867//867 747//747 869//869
f 790//790 862//862 858//858
f 862//862 906//906 883//883
f 774//774 825//825 809//809
f 767//767 711//711 801//801
f 830//830 787//787 783//783
f 830//830 801//801 829//829
f 783//783 794//794 801//801
f 830//830 783//783 801//801
f 726//726 668//668 738//738
f 738//738 668//668 767//767
f 767//767 794//794 769//769
f 767//767 769//769 738//738
f 726//726 738//738 769//769
f 711//711 809//809 801//801
f 162//162 111//111 275//275
f 700//700 790//790 774//774
f 189//189 205//205 204//204
f 226//226 219//219 215//215
f 679//679 665//665 625//625
f 828//828 857//857 731//731
f 920//920 817//817 803//803
f 898//898 837//837 874//874
f 41//41 24//24 38//38
f 78//78 88//88 82//82
f 392//392 162//162 275//275
f 86//86 49//49 67//67
f 343//343 268//268 303//303
f 47//47 40//40 87//87
f 907//907 904//904 853//853
f 904//904 869//869 884//884
f 552//552 553//553 591//591
f 757//757 753//753 694//694
f 524//524 493//493 536//536
f 353//353 460//460 394//394
f 385//385 343//343 396//396
f 136//136 158//158 156//156
f 224//224 242//242 220//220
f 242//242 187//187 220//220
f 187//187 185//185 191//191
f 187//187 191//191 208//208
f 208//208 220//220 224//224
f 208//208 294//294 242//242
f 187//187 208//208 191//191
f 292//292 290//290 294//294
f 292//292 294//294 308//308
f 242//242 224//224 208//208
f 224//224 220//220 208//208
f 242//242 290//290 292//292
f 308//308 290//290 292//292
f 272//272 229//229 189//189
f 207//207 202//202 209//209
f 207//207 209//209 215//215
f 115//115 98//98 152//152
f 152//152 181//181 189//189
f 213//213 202//202 212//212
f 209//209 202//202 213//213
f 212//212 202//202 209//209
f 200//200 205//205 201//201
f 213//213 215//215 209//209
f 207//207 215//215 205//205
f 207//207 205//205 200//200
f 229//229 215//215 205//205
f 201//201 202//202 207//207
f 201//201 207//207 200//200
f 215//215 209//209 201//201
f 215//215 201//201 205//205
f 437//437 529//529 415//415
f 187//187 156//156 158//158
f 156//156 158//158 164//164
f 240//240 261//261 279//279
f 240//240 279//279 259//259
f 636//636 560//560 562//562
f 400//400 497//497 443//443
f 631//631 634//634 622//622
f 631//631 622//622 628//628
f 437//437 606//606 610//610
f 622//622 616//616 618//618
f 616//616 606//606 618//618
f 628//628 622//622 606//606
f 628//628 606//606 631//631
f 631//631 632//632 628//628
f 613//613 616//616 622//622
f 613//613 622//622 634//634
f 611//611 584//584 603//603
f 613//613 597//597 605//605
f 597//597 610//610 605//605
f 594//594 584//584 604//604
f 613//613 607//607 597//597
f 607//607 604//604 605//605
f 607//607 611//611 594//594
f 607//607 634//634 611//611
f 594//594 604//604 603//603
f 607//607 594//594 603//603
f 676//676 748//748 625//625
f 613//613 610//610 618//618
f 613//613 618//618 616//616
f 610//610 606//606 618//618
f 606//606 616//616 618//618
f 885//885 882//882 887//887
f 885//885 887//887 909//909
f 649//649 677//677 631//631
f 20//20 37//37 16//16
f 76//76 16//16 37//37
f 353//353 385//385 476//476
f 334//334 343//343 385//385
f 293//293 299//299 334//334
f 334//334 353//353 328//328
f 410//410 359//359 353//353
f 297//297 268//268 293//293
f 166//166 143//143 211//211
f 117//117 166//166 112//112
f 89//89 160//160 139//139
f 509//509 579//579 550//550
f 569//569 617//617 645//645
f 799//799 757//757 754//754
f 706//706 764//764 754//754
f 846//846 796//796 778//778
f 764//764 789//789 818//818
f 731//731 857//857 789//789
f 803//803 788//788 750//750
f 457//457 481//481 426//426
f 410//410 458//458 474//474
f 449//449 446//446 429//429
f 691//691 727//727 729//729
f 666//666 662//662 619//619
f 666//666 630//630 646//646
f 909//909 902//902 885//885
f 882//882 885//885 877//877
f 882//882 877//877 887//887
f 902//902 909//909 911//911
f 863//863 879//879 873//873
f 863//863 911//911 879//879
f 895//895 911//911 863//863
f 911//911 877//877 888//888
f 877//877 911//911 887//887
f 792//792 823//823 810//810
f 911//911 881//881 902//902
f 918//918 912//912 896//896
f 823//823 839//839 838//838
f 839//839 823//823 838//838
f 819//819 850//850 836//836
f 823//823 792//792 839//839
f 127//127 175//175 107//107
f 816//816 837//837 791//791
f 816//816 791//791 762//762
f 903//903 924//924 913//913
f 895//895 850//850 903//903
f 924//924 922//922 923//923
f 927//927 922//922 923//923
f 898//898 923//923 922//922
f 881//881 863//863 873//873
f 780//780 810//810 840//840
f 861//861 839//839 838//838
f 872//872 885//885 882//882
f 859//859 836//836 850//850
f 819//819 837//837 850//850
f 698//698 824//824 798//798
f 824//824 814//814 798//798
f 852//852 853//853 870//870
f 175//175 277//277 271//271
f 67//67 97//97 86//86
f 345//345 335//335 330//330
f 345//345 330//330 365//365
f 41//41 61//61 79//79
f 214//214 255//255 245//245
f 72//72 90//90 92//92
f 358//358 356//356 295//295
f 404//404 402//402 445//445
f 363//363 358//358 306//306
f 363//363 380//380 358//358
f 531//531 436//436 547//547
f 512//512 565//565 559//559
f 375//375 342//342 324//324
f 289//289 324//324 342//342
f 278//278 283//283 258//258
f 490//490 521//521 508//508
f 733//733 722//722 737//737
f 772//772 783//783 787//787
f 726//726 769//769 705//705
f 300//300 301//301 307//307
f 300//300 307//307 318//318
f 330//330 335//335 318//318
f 300//300 320//320 284//284
f 377//377 379//379 345//345
f 307//307 315//315 314//314
f 307//307 314//314 312//312
f 194//194 121//121 278//278
f 124//124 131//131 144//144
f 132//132 149//149 142//142
f 123//123 124//124 132//132
f 123//123 135//135 131//131
f 132//132 135//135 123//123
f 199//199 231//231 165//165
f 233//233 199//199 218//218
f 170//170 159//159 149//149
f 243//243 265//265 235//235
f 264//264 284//284 254//254
f 263//263 322//322 307//307
f 265//265 254//254 284//284
f 314//314 320//320 319//319
f 314//314 319//319 315//315
f 307//307 322//322 315//315
f 335//335 321//321 317//317
f 335//335 317//317 318//318
f 321//321 330//330 317//317
f 321//321 320//320 314//314
f 319//319 321//321 315//315
f 322//322 321//321 319//319
f 399//399 452//452 379//379
f 365//365 387//387 379//379
f 365//365 379//379 377//377
f 263//263 260//260 256//256
f 260//260 263//263 256//256
f 284//284 281//281 300//300
f 300//300 318//318 317//317
f 300//300 317//317 312//312
f 345//345 320//320 335//335
f 204//204 219//219 225//225
f 204//204 225//225 226//226
f 307//307 317//317 318//318
f 495//495 561//561 522//522
f 544//544 495//495 504//504
f 627//627 602//602 652//652
f 671//671 652//652 705//705
f 192//192 168//168 204//204
f 226//226 225//225 219//219
f 511//511 513//513 523//523
f 511//511 523//523 513//513
f 196//196 204//204 226//226
f 219//219 225//225 212//212
f 236//236 249//249 234//234
f 249//249 241//241 234//234
f 241//241 249//249 274//274
f 415//415 419//419 420//420
f 415//415 420//420 419//419
f 419//419 424//424 405//405
f 424//424 419//419 420//420
f 506//506 513//513 511//511
f 523//523 525//525 526//526
f 528//528 525//525 526//526
f 525//525 548//548 526//526
f 523//523 554//554 548//548
f 548//548 528//528 526//526
f 349//349 348//348 362//362
f 349//349 362//362 347//347
f 554//554 523//523 513//513
f 620//620 596//596 600//600
f 620//620 592//592 596//596
f 596//596 592//592 600//600
f 583//583 596//596 600//600
f 592//592 583//583 600//600
f 596//596 598//598 600//600
f 620//620 598//598 623//623
f 360//360 327//327 437//437
f 384//384 274//274 417//417
f 556//556 549//549 558//558
f 582//582 551//551 549//549
f 581//581 589//589 595//595
f 595//595 656//656 582//582
f 716//716 713//713 686//686
f 712//712 710//710 775//775
f 563//563 581//581 568//568
f 571//571 563//563 568//568
f 612//612 577//577 571//571
f 589//589 571//571 633//633
f 683//683 647//647 688//688
f 633//633 639//639 683//683
f 728//728 713//713 719//719
f 728//728 719//719 720//720
f 759//759 728//728 760//760
f 770//770 692//692 658//658
f 719//719 728//728 720//720
f 716//716 719//719 720//720
f 146//146 91//91 150//150
f 68//68 56//56 39//39
f 48//48 91//91 146//146
f 362//362 370//370 347//347
f 362//362 432//432 397//397
f 370//370 349//349 347//347
f 349//349 336//336 347//347
f 347//347 336//336 348//348
f 347//347 348//348 349//349
f 286//286 383//383 333//333
f 383//383 388//388 309//309
f 151//151 153//153 154//154
f 151//151 154//154 161//161
f 657//657 667//667 696//696
f 393//393 364//364 413//413
f 154//154 129//129 113//113
f 161//161 177//177 148//148
f 161//161 153//153 151//151
f 381//381 382//382 374//374
f 381//381 374//374 372//372
f 440//440 464//464 448//448
f 431//431 418//418 382//382
f 382//382 376//376 374//374
f 366//366 374//374 376//376
f 374//374 372//372 376//376
f 355//355 372//372 374//374
f 355//355 374//374 361//361
f 483//483 482//482 478//478
f 483//483 478//478 467//467
f 381//381 401//401 431//431
f 696//696 667//667 661//661
f 690//690 675//675 661//661
f 672//672 696//696 675//675
f 681//681 672//672 685//685
f 680//680 672//672 690//690
f 564//564 624//624 541//541
f 680//680 695//695 660//660
f 270//270 266//266 252//252
f 270//270 252//252 253//253
f 418//418 430//430 382//382
f 496//496 478//478 482//482
f 483//483 496//496 482//482
f 502//502 496//496 483//483
f 253//253 266//266 206//206
f 325//325 310//310 288//288
f 310//310 344//344 366//366
f 344//344 361//361 366//366
f 316//316 310//310 366//366
f 154//154 184//184 182//182
f 182//182 161//161 154//154
f 182//182 177//177 161//161
f 206//206 182//182 184//184
f 250//250 270//270 253//253
f 828//828 806//806 817//817
f 828//828 817//817 920//920
f 344//344 355//355 361//361
f 325//325 247//247 198//198
f 238//238 110//110 95//95
f 146//146 188//188 180//180
f 742//742 812//812 785//785
f 781//781 773//773 808//808
f 920//920 947//947 921//921
f 934//934 930//930 945//945
f 934//934 945//945 952//952
f 920//920 937//937 947//947
f 782//782 775//775 771//771
f 866//866 759//759 811//811
f 805//805 751//751 755//755
f 751//751 805//805 854//854
f 969//969 968//968 967//967
f 871//871 889//889 894//894
f 871//871 890//890 889//889
f 874//874 864//864 897//897
f 673//673 709//709 717//717
f 940//940 945//945 935//935
f 945//945 940//940 952//952
f 941//941 949//949 935//935
f 586//586 745//745 743//743
f 65//65 66//66 73//73
f 65//65 73//73 57//57
f 864//864 926//926 897//897
f 870//870 904//904 864//864
f 732//732 724//724 673//673
f 724//724 740//740 718//718
f 723//723 690//690 673//673
f 723//723 695//695 690//690
f 718//718 721//721 723//723
f 739//739 723//723 721//721
f 844//844 835//835 843//843
f 835//835 841//841 851//851
f 843//843 841//841 844//844
f 851//851 868//868 844//844
f 660//660 718//718 469//469
f 932//932 928//928 962//962
f 32//32 63//63 35//35
f 17//17 38//38 24//24
f 45//45 52//52 31//31
f 57//57 66//66 65//65
f 66//66 65//65 73//73
f 65//65 71//71 73//73
f 213//213 225//225 219//219
f 213//213 219//219 215//215
f 907//907 883//883 906//906
f 858//858 825//825 774//774
f 825//825 848//848 809//809
f 829//829 809//809 848//848
f 204//204 205//205 215//215
f 204//204 215//215 219//219
f 209//209 215//215 219//219
f 209//209 219//219 212//212
f 212//212 225//225 213//213
f 17//17 24//24 22//22
f 303//303 277//277 295//295
