# convertido de flygym/NeuroMechFly (lm_tarsus4)
v -0.03029 0.00274 -0.07643
v -0.03028 0.00207 -0.07087
v -0.03027 0.00195 -0.07230
v -0.03001 0.00131 -0.06971
v -0.02983 0.00097 -0.06846
v -0.02967 0.00017 -0.06798
v -0.02951 0.00330 -0.08151
v -0.02944 0.00300 -0.08174
v -0.02943 0.00375 -0.08160
v -0.02922 -0.00117 -0.07475
v -0.02918 -0.00113 -0.08248
v -0.02901 -0.00138 -0.08120
v -0.02883 -0.00190 -0.07104
v -0.02881 0.00409 -0.04999
v -0.02876 -0.00196 -0.07170
v -0.02874 -0.00159 -0.08227
v -0.02872 -0.00164 -0.07908
v -0.02865 0.00275 -0.06532
v -0.02862 0.00488 -0.05345
v -0.02859 0.00292 -0.06542
v -0.02853 -0.00160 -0.07741
v -0.02845 0.00244 -0.06255
v -0.02841 0.00504 -0.04884
v -0.02837 -0.00206 -0.07542
v -0.02831 0.00538 -0.08111
v -0.02830 0.00229 -0.05995
v -0.02830 0.00150 -0.05434
v -0.02829 0.00210 -0.05976
v -0.02829 0.00160 -0.05516
v -0.02828 -0.00209 -0.07759
v -0.02824 0.00573 -0.04846
v -0.02822 0.00162 -0.04956
v -0.02821 -0.00194 -0.06725
v -0.02820 -0.00205 -0.08253
v -0.02815 0.01192 -0.02514
v -0.02812 0.01049 -0.02554
v -0.02807 0.00319 -0.04854
v -0.02807 0.00623 -0.04775
v -0.02806 0.01220 -0.02591
v -0.02805 0.00844 -0.02573
v -0.02805 0.01142 -0.02558
v -0.02805 0.01153 -0.02552
v -0.02804 0.01279 -0.02576
v -0.02802 0.01318 -0.02625
v -0.02802 0.01287 -0.02557
v -0.02799 0.01411 -0.02596
v -0.02799 0.00834 -0.02560
v -0.02796 0.00078 -0.04862
v -0.02794 0.00733 -0.02559
v -0.02790 0.00662 -0.05808
v -0.02790 0.01304 -0.02581
v -0.02790 0.01065 -0.02561
v -0.02786 0.01523 -0.02722
v -0.02783 0.02003 -0.02891
v -0.02782 0.00500 -0.06711
v -0.02782 0.01156 -0.02566
v -0.02781 0.01439 -0.02720
v -0.02780 0.02053 -0.03018
v -0.02778 0.02113 -0.03232
v -0.02778 0.02076 -0.03134
v -0.02777 0.01894 -0.02908
v -0.02777 0.01426 -0.02815
v -0.02776 0.00072 -0.04702
v -0.02776 0.00300 -0.02870
v -0.02774 0.00597 -0.04243
v -0.02774 0.02181 -0.03350
v -0.02774 0.02186 -0.03371
v -0.02771 0.00073 -0.04650
v -0.02770 0.00707 -0.03105
v -0.02769 0.01804 -0.02919
v -0.02769 0.00488 -0.02600
v -0.02769 0.01036 -0.02574
v -0.02767 0.00309 -0.02747
v -0.02767 0.00415 -0.02611
v -0.02766 0.01298 -0.02601
v -0.02764 0.01707 -0.02937
v -0.02763 0.00638 -0.08082
v -0.02762 0.00588 -0.03772
v -0.02762 0.00575 -0.03636
v -0.02759 0.00430 -0.02601
v -0.02757 0.00870 -0.02567
v -0.02755 0.01582 -0.02899
v -0.02753 0.01191 -0.02606
v -0.02753 0.01595 -0.02922
v -0.02753 0.00072 -0.04576
v -0.02752 0.02286 -0.03874
v -0.02752 0.00021 -0.08203
v -0.02746 0.00787 -0.03431
v -0.02746 0.00524 -0.03626
v -0.02745 0.02364 -0.03361
v -0.02741 0.00927 -0.05447
v -0.02738 0.00271 -0.04323
v -0.02734 0.00876 -0.03780
v -0.02732 -0.00272 -0.08262
v -0.02731 0.01759 -0.04019
v -0.02730 -0.00036 -0.04851
v -0.02729 0.02464 -0.03363
v -0.02726 0.02476 -0.03339
v -0.02724 0.01357 -0.02716
v -0.02723 -0.00061 -0.06238
v -0.02720 0.00067 -0.04411
v -0.02720 -0.00276 -0.06607
v -0.02719 0.01569 -0.02889
v -0.02714 0.02323 -0.04258
v -0.02714 -0.00300 -0.08259
v -0.02709 0.00462 -0.02591
v -0.02708 0.01191 -0.03711
v -0.02707 0.00054 -0.04341
v -0.02703 0.00770 -0.07277
v -0.02702 0.00736 -0.08053
v -0.02695 0.01447 -0.02863
v -0.02692 0.02510 -0.03330
v -0.02691 0.01839 -0.04579
v -0.02686 0.02237 -0.03316
v -0.02684 0.02372 -0.04427
v -0.02680 0.01064 -0.04642
v -0.02680 0.00048 -0.02822
v -0.02678 0.02096 -0.03093
v -0.02676 -0.00107 -0.05695
v -0.02673 0.02185 -0.03263
v -0.02669 0.01262 -0.04279
v -0.02668 -0.00341 -0.08252
v -0.02668 0.01973 -0.06170
v -0.02664 -0.00194 -0.05086
v -0.02661 0.01337 -0.02833
v -0.02660 -0.00278 -0.06245
v -0.02658 0.01457 -0.05674
v -0.02658 -0.00215 -0.06087
v -0.02652 0.00178 -0.02620
v -0.02647 0.01989 -0.02866
v -0.02644 0.00035 -0.03931
v -0.02642 0.01976 -0.05605
v -0.02641 0.02381 -0.04687
v -0.02640 0.00868 -0.08018
v -0.02636 -0.00386 -0.07166
v -0.02632 -0.00006 -0.03040
v -0.02630 0.02017 -0.05583
v -0.02629 0.02116 -0.05800
v -0.02625 0.01668 -0.05409
v -0.02623 0.00033 -0.03774
v -0.02623 -0.00285 -0.06031
v -0.02621 0.02280 -0.06135
v -0.02619 0.02280 -0.06125
v -0.02615 0.01510 -0.04932
v -0.02613 0.01157 -0.02776
v -0.02611 0.02306 -0.06558
v -0.02607 0.00006 -0.03759
v -0.02599 -0.00031 -0.03381
v -0.02597 0.02095 -0.05663
v -0.02594 0.02215 -0.05423
v -0.02593 0.01983 -0.02864
v -0.02591 0.02365 -0.06477
v -0.02589 0.01139 -0.02773
v -0.02581 0.01067 -0.02753
v -0.02579 0.02410 -0.05013
v -0.02575 0.02417 -0.04975
v -0.02573 -0.00400 -0.08049
v -0.02570 0.01569 -0.06795
v -0.02570 0.01030 -0.07968
v -0.02570 -0.00103 -0.03135
v -0.02568 0.02261 -0.07177
v -0.02567 0.02348 -0.07058
v -0.02564 -0.00433 -0.08248
v -0.02559 0.02463 -0.06920
v -0.02556 0.01977 -0.02857
v -0.02555 0.00977 -0.02728
v -0.02550 0.01064 -0.07130
v -0.02550 -0.00334 -0.05435
v -0.02549 0.01844 -0.02851
v -0.02549 0.00726 -0.02602
v -0.02546 0.02307 -0.07166
v -0.02543 0.00124 -0.02602
v -0.02543 0.01081 -0.07965
v -0.02539 0.02319 -0.07147
v -0.02535 0.02237 -0.05804
v -0.02532 0.02636 -0.03276
v -0.02530 0.02524 -0.07267
v -0.02523 0.02478 -0.06942
v -0.02520 0.00844 -0.02688
v -0.02519 0.01216 -0.07291
v -0.02518 0.01209 -0.07937
v -0.02517 0.02669 -0.03885
v -0.02515 -0.00104 -0.02657
v -0.02510 0.01736 -0.07839
v -0.02506 0.02302 -0.05866
v -0.02506 -0.00459 -0.08245
v -0.02506 0.01257 -0.07926
v -0.02504 0.00318 -0.02578
v -0.02498 0.02497 -0.07513
v -0.02497 0.02562 -0.07455
v -0.02497 0.02661 -0.03271
v -0.02496 0.01916 -0.07804
v -0.02496 0.02020 -0.07771
v -0.02496 0.01495 -0.07879
v -0.02494 0.02673 -0.04015
v -0.02492 0.01358 -0.07889
v -0.02488 0.02181 -0.07724
v -0.02487 0.02675 -0.04001
v -0.02485 0.02327 -0.07696
v -0.02484 0.02196 -0.03124
v -0.02482 0.02410 -0.06197
v -0.02482 0.01375 -0.07904
v -0.02481 0.00713 -0.02650
v -0.02479 0.02105 -0.07750
v -0.02474 0.02364 -0.07676
v -0.02469 0.02473 -0.05678
v -0.02460 0.00649 -0.02629
v -0.02459 0.02412 -0.05979
v -0.02446 -0.00222 -0.03064
v -0.02435 0.01233 -0.07920
v -0.02434 0.00513 -0.02594
v -0.02432 -0.00482 -0.08241
v -0.02418 0.02696 -0.04237
v -0.02417 -0.00184 -0.02680
v -0.02414 0.02286 -0.03172
v -0.02414 0.02488 -0.07107
v -0.02413 -0.00495 -0.08238
v -0.02411 -0.00344 -0.04937
v -0.02409 -0.00375 -0.08229
v -0.02408 -0.00270 -0.04179
v -0.02405 0.00415 -0.02568
v -0.02404 0.02425 -0.03225
v -0.02401 0.02510 -0.07092
v -0.02373 0.01959 -0.02830
v -0.02372 0.02555 -0.07092
v -0.02371 0.02764 -0.03664
v -0.02366 -0.00354 -0.04838
v -0.02364 -0.00292 -0.03773
v -0.02355 0.02527 -0.06077
v -0.02354 0.02567 -0.07082
v -0.02348 -0.00314 -0.04100
v -0.02348 0.00194 -0.02510
v -0.02336 0.00355 -0.02527
v -0.02329 0.02589 -0.07083
v -0.02327 0.02695 -0.04580
v -0.02326 0.02443 -0.07676
v -0.02324 -0.00259 -0.02676
v -0.02315 -0.00182 -0.02651
v -0.02292 -0.00548 -0.08235
v -0.02288 0.02303 -0.07681
v -0.02279 0.01942 -0.02818
v -0.02255 -0.00565 -0.08227
v -0.02254 0.02112 -0.02937
v -0.02248 0.01900 -0.07767
v -0.02241 -0.00025 -0.02569
v -0.02237 0.02698 -0.04883
v -0.02236 0.01703 -0.02761
v -0.02234 -0.00722 -0.06505
v -0.02233 -0.00501 -0.07698
v -0.02212 -0.00575 -0.08219
v -0.02210 0.02595 -0.03172
v -0.02203 -0.00547 -0.07407
v -0.02198 -0.00674 -0.05914
v -0.02197 0.02173 -0.02965
v -0.02196 -0.00589 -0.08218
v -0.02195 -0.00364 -0.02686
v -0.02178 0.02650 -0.07612
v -0.02169 0.02612 -0.07657
v -0.02165 0.02712 -0.05233
v -0.02158 0.02396 -0.03086
v -0.02158 0.02652 -0.05734
v -0.02157 0.00220 -0.02423
v -0.02147 0.00253 -0.02417
v -0.02142 -0.00460 -0.03623
v -0.02141 -0.00100 -0.02529
v -0.02128 -0.00679 -0.06863
v -0.02124 -0.00223 -0.02586
v -0.02097 -0.00282 -0.02571
v -0.02097 -0.00364 -0.02663
v -0.02088 -0.00382 -0.02675
v -0.02086 0.01263 -0.02629
v -0.02081 -0.00436 -0.02287
v -0.02080 0.00864 -0.02525
v -0.02077 -0.00771 -0.06040
v -0.02068 -0.00449 -0.02174
v -0.02066 -0.00453 -0.02389
v -0.02063 0.02809 -0.03161
v -0.02060 -0.00465 -0.02527
v -0.02054 -0.00464 -0.02422
v -0.02052 -0.00416 -0.02386
v -0.02049 -0.00443 -0.02129
v -0.02049 -0.00485 -0.02718
v -0.02046 -0.00404 -0.02230
v -0.02041 -0.00166 -0.02457
v -0.02038 0.02331 -0.02988
v -0.02030 -0.00626 -0.08206
v -0.02030 -0.00512 -0.08179
v -0.02029 -0.00569 -0.04993
v -0.02026 -0.00521 -0.04605
v -0.02025 -0.00207 -0.02444
v -0.02023 -0.00506 -0.02667
v -0.02020 -0.00346 -0.02382
v -0.02017 0.02812 -0.03132
v -0.02007 -0.00407 -0.02184
v -0.02006 0.02493 -0.07620
v -0.02005 -0.00472 -0.02114
v -0.01999 0.02580 -0.07601
v -0.01993 -0.00570 -0.04228
v -0.01992 -0.00469 -0.02128
v -0.01991 -0.00487 -0.02115
v -0.01991 -0.00388 -0.02175
v -0.01985 0.02470 -0.07621
v -0.01985 0.00308 -0.02342
v -0.01985 -0.00642 -0.08196
v -0.01974 0.02442 -0.07624
v -0.01970 0.02682 -0.07577
v -0.01969 -0.00263 -0.02280
v -0.01968 0.02823 -0.03109
v -0.01964 0.02415 -0.07627
v -0.01959 -0.00186 -0.02348
v -0.01954 0.02388 -0.07631
v -0.01953 0.02381 -0.02965
v -0.01951 0.01872 -0.02760
v -0.01950 -0.00541 -0.02178
v -0.01950 -0.00516 -0.02111
v -0.01947 0.00036 -0.02329
v -0.01945 -0.00855 -0.06572
v -0.01943 0.02360 -0.07634
v -0.01941 0.02828 -0.03729
v -0.01933 0.02333 -0.07638
v -0.01922 0.02305 -0.07641
v -0.01918 -0.00652 -0.08192
v -0.01915 0.02107 -0.02857
v -0.01913 -0.00535 -0.02103
v -0.01912 0.02278 -0.07644
v -0.01903 0.00351 -0.02297
v -0.01901 0.02251 -0.07648
v -0.01897 -0.00238 -0.02187
v -0.01891 0.02223 -0.07651
v -0.01889 0.02735 -0.03089
v -0.01880 0.02196 -0.07655
v -0.01870 0.02169 -0.07658
v -0.01869 0.00186 -0.02255
v -0.01859 0.02141 -0.07661
v -0.01855 -0.00669 -0.08167
v -0.01855 -0.00325 -0.02145
v -0.01850 -0.00667 -0.08179
v -0.01849 0.02114 -0.07665
v -0.01847 -0.00645 -0.07889
v -0.01845 0.01869 -0.02746
v -0.01838 -0.00658 -0.02534
v -0.01836 0.02728 -0.07522
v -0.01832 0.02089 -0.07666
v -0.01815 0.02567 -0.07565
v -0.01814 -0.00130 -0.02164
v -0.01807 -0.00640 -0.02863
v -0.01784 -0.00116 -0.02153
v -0.01778 0.02746 -0.06614
v -0.01771 0.01587 -0.02620
v -0.01762 -0.00684 -0.03592
v -0.01755 -0.00617 -0.02086
v -0.01745 0.02774 -0.07480
v -0.01739 0.02505 -0.02888
v -0.01731 -0.00928 -0.06014
v -0.01721 -0.00679 -0.08161
v -0.01720 0.02827 -0.04759
v -0.01706 -0.00874 -0.05677
v -0.01670 0.02639 -0.02935
v -0.01662 -0.00620 -0.02032
v -0.01656 0.02876 -0.03048
v -0.01652 -0.00567 -0.02024
v -0.01651 -0.00723 -0.04938
v -0.01623 -0.00604 -0.01997
v -0.01617 0.02747 -0.02988
v -0.01587 0.02888 -0.03067
v -0.01571 0.02777 -0.06313
v -0.01564 -0.00728 -0.07650
v -0.01556 0.02839 -0.03030
v -0.01549 -0.00705 -0.02049
v -0.01535 -0.00648 -0.01950
v -0.01525 0.02826 -0.07451
v -0.01524 0.02587 -0.02799
v -0.01522 0.01730 -0.02550
v -0.01515 -0.00704 -0.08130
v -0.01514 0.02896 -0.03063
v -0.01507 -0.00726 -0.02051
v -0.01494 -0.00708 -0.01959
v -0.01493 0.02213 -0.07587
v -0.01469 -0.00694 -0.01856
v -0.01465 -0.00677 -0.01768
v -0.01460 -0.00713 -0.08120
v -0.01450 -0.00585 -0.01835
v -0.01442 -0.00659 -0.01769
v -0.01440 0.02840 -0.07450
v -0.01434 -0.00679 -0.01773
v -0.01413 -0.00774 -0.02916
v -0.01408 -0.00583 -0.01791
v -0.01404 0.00132 -0.01960
v -0.01391 0.02794 -0.05730
v -0.01376 0.00190 -0.01966
v -0.01372 0.02850 -0.06389
v -0.01369 -0.00018 -0.01894
v -0.01359 -0.00829 -0.03725
v -0.01348 -0.00840 -0.04249
v -0.01342 -0.00134 -0.01843
v -0.01338 -0.00844 -0.04947
v -0.01338 -0.00833 -0.04591
v -0.01337 0.00314 -0.01988
v -0.01334 0.02887 -0.04752
v -0.01314 0.02927 -0.04121
v -0.01304 0.02882 -0.07427
v -0.01302 -0.00284 -0.01773
v -0.01290 0.02827 -0.05926
v -0.01274 -0.00393 -0.01726
v -0.01270 0.02658 -0.02678
v -0.01268 -0.00705 -0.08091
v -0.01259 -0.00817 -0.07365
v -0.01256 -0.00562 -0.01660
v -0.01256 0.02937 -0.03017
v -0.01248 -0.00498 -0.01678
v -0.01236 -0.00630 -0.01618
v -0.01224 -0.00649 -0.01619
v -0.01196 0.02830 -0.02847
v -0.01192 -0.00507 -0.01682
v -0.01187 -0.00666 -0.01683
v -0.01171 0.02933 -0.02973
v -0.01166 -0.00607 -0.01696
v -0.01164 0.02836 -0.05366
v -0.01164 -0.00686 -0.01752
v -0.01142 -0.00705 -0.01815
v -0.01137 -0.00020 -0.01850
v -0.01133 -0.01037 -0.05871
v -0.01130 0.02919 -0.07398
v -0.01102 0.02856 -0.05183
v -0.01096 -0.00751 -0.01984
v -0.01094 -0.00587 -0.01763
v -0.01090 -0.00742 -0.01955
v -0.01089 -0.01049 -0.06663
v -0.01071 0.02917 -0.07404
v -0.01067 0.00277 -0.01898
v -0.01055 0.02973 -0.06799
v -0.01052 -0.00463 -0.01721
v -0.01049 0.02737 -0.02585
v -0.01045 -0.00873 -0.04776
v -0.01038 -0.00424 -0.01712
v -0.01030 -0.00863 -0.04659
v -0.01028 0.02859 -0.07405
v -0.01028 -0.00883 -0.03310
v -0.01017 0.02969 -0.02980
v -0.01012 0.02162 -0.02395
v -0.01008 0.02421 -0.02458
v -0.01003 0.02973 -0.03492
v -0.01000 -0.00656 -0.01907
v -0.00998 -0.00695 -0.08052
v -0.00994 0.01469 -0.02206
v -0.00990 0.02536 -0.02480
v -0.00987 0.02973 -0.02973
v -0.00985 -0.00758 -0.02016
v -0.00971 0.02891 -0.05625
v -0.00969 0.02019 -0.02334
v -0.00966 0.02430 -0.07468
v -0.00963 -0.00820 -0.07585
v -0.00947 -0.00550 -0.01838
v -0.00943 0.02766 -0.02532
v -0.00940 0.02868 -0.02786
v -0.00930 -0.00884 -0.03293
v -0.00927 -0.00381 -0.01731
v -0.00907 0.02245 -0.02302
v -0.00906 0.00336 -0.01867
v -0.00904 -0.00701 -0.08031
v -0.00897 -0.00941 -0.05151
v -0.00889 0.01751 -0.02220
v -0.00889 0.02945 -0.02925
v -0.00884 0.02913 -0.07384
v -0.00877 0.02875 -0.05135
v -0.00868 -0.00249 -0.01772
v -0.00863 -0.01008 -0.06961
v -0.00857 0.01590 -0.02162
v -0.00811 0.01813 -0.02170
v -0.00796 0.01204 -0.02025
v -0.00793 -0.00737 -0.01980
v -0.00792 -0.00891 -0.07425
v -0.00788 -0.00326 -0.01755
v -0.00782 0.00355 -0.01848
v -0.00782 0.00628 -0.01850
v -0.00781 -0.00868 -0.03116
v -0.00779 -0.00865 -0.02696
v -0.00778 0.02920 -0.04601
v -0.00768 0.02280 -0.02162
v -0.00764 0.00293 -0.01845
v -0.00756 0.02900 -0.02751
v -0.00734 0.02987 -0.06794
v -0.00722 0.02948 -0.04036
v -0.00718 -0.00297 -0.01769
v -0.00712 -0.00723 -0.01967
v -0.00709 0.02949 -0.02912
v -0.00705 -0.01023 -0.05500
v -0.00700 -0.00978 -0.06971
v -0.00698 -0.00495 -0.01850
v -0.00689 0.02684 -0.02314
v -0.00676 0.02087 -0.02053
v -0.00674 -0.00298 -0.01780
v -0.00670 0.02525 -0.02197
v -0.00668 0.02597 -0.02232
v -0.00665 0.02815 -0.02381
v -0.00643 0.02906 -0.07361
v -0.00634 0.02306 -0.02024
v -0.00628 0.01789 -0.02042
v -0.00623 0.02864 -0.02380
v -0.00613 0.02349 -0.01991
v -0.00612 0.00024 -0.01819
v -0.00607 -0.00819 -0.02404
v -0.00599 -0.00619 -0.07967
v -0.00589 0.02879 -0.01995
v -0.00585 0.02485 -0.01962
v -0.00583 0.02556 -0.07451
v -0.00574 0.02867 -0.02184
v -0.00563 -0.01035 -0.05524
v -0.00559 0.02885 -0.02091
v -0.00559 0.00565 -0.01810
v -0.00558 -0.01020 -0.06383
v -0.00556 0.02868 -0.01996
v -0.00555 0.02907 -0.02373
v -0.00555 0.02834 -0.02077
v -0.00552 0.00758 -0.01789
v -0.00550 0.02901 -0.05075
v -0.00550 0.02874 -0.02075
v -0.00547 -0.00607 -0.07971
v -0.00545 0.02860 -0.01907
v -0.00541 0.02852 -0.01970
v -0.00539 0.02694 -0.01917
v -0.00531 0.02921 -0.02341
v -0.00531 -0.00824 -0.07420
v -0.00530 0.02870 -0.01983
v -0.00528 0.02935 -0.02661
v -0.00525 -0.00550 -0.01888
v -0.00523 0.02906 -0.07343
v -0.00516 0.02929 -0.02553
v -0.00516 0.02847 -0.07400
v -0.00505 0.02885 -0.07381
v -0.00504 0.02911 -0.03990
v -0.00499 0.02775 -0.01868
v -0.00490 0.02835 -0.01824
v -0.00483 -0.00744 -0.02007
v -0.00481 -0.00820 -0.07401
v -0.00475 -0.00606 -0.01911
v -0.00473 -0.00716 -0.01953
v -0.00460 -0.00830 -0.04675
v -0.00458 0.02905 -0.04228
v -0.00457 0.02934 -0.03448
v -0.00446 0.01106 -0.01818
v -0.00440 -0.00344 -0.07896
v -0.00436 -0.00583 -0.07935
v -0.00434 0.01054 -0.07636
v -0.00417 -0.00783 -0.04131
v -0.00416 -0.00193 -0.01821
v -0.00410 0.02852 -0.07437
v -0.00406 0.02929 -0.02856
v -0.00401 0.02933 -0.05633
v -0.00396 -0.00926 -0.06942
v -0.00390 -0.00956 -0.05343
v -0.00380 -0.00861 -0.04968
v -0.00373 -0.00417 -0.01856
v -0.00370 0.02807 -0.01807
v -0.00369 0.02697 -0.07452
v -0.00369 0.02912 -0.07262
v -0.00368 0.01550 -0.01840
v -0.00356 -0.00768 -0.02450
v -0.00355 0.02821 -0.07455
v -0.00351 0.00876 -0.01733
v -0.00344 0.02641 -0.01811
v -0.00337 -0.00073 -0.01830
v -0.00308 0.02841 -0.07374
v -0.00304 0.02729 -0.01781
v -0.00303 0.02695 -0.01379
v -0.00294 0.02667 -0.01768
v -0.00293 0.02822 -0.07450
v -0.00290 -0.00815 -0.04798
v -0.00289 0.02709 -0.01496
v -0.00288 0.02682 -0.01374
v -0.00281 -0.00546 -0.07880
v -0.00276 0.02665 -0.01316
v -0.00272 0.02785 -0.01790
v -0.00271 0.02809 -0.07479
v -0.00257 -0.00773 -0.02990
v -0.00251 0.02763 -0.01750
v -0.00248 0.02575 -0.01623
v -0.00248 0.02540 -0.01395
v -0.00244 0.02634 -0.01258
v -0.00243 0.01566 -0.07590
v -0.00243 0.02488 -0.01749
v -0.00239 0.01930 -0.01784
v -0.00235 -0.00719 -0.02124
v -0.00229 0.00366 -0.01713
v -0.00227 0.02597 -0.01297
v -0.00226 0.02626 -0.01290
v -0.00223 0.00174 -0.01731
v -0.00222 0.02616 -0.01261
v -0.00217 0.02918 -0.07182
v -0.00216 0.01438 -0.01748
v -0.00211 0.02393 -0.01437
v -0.00205 0.02611 -0.01256
v -0.00188 -0.00862 -0.05181
v -0.00186 0.02758 -0.07481
v -0.00186 0.02594 -0.01257
v -0.00185 0.02844 -0.03968
v -0.00182 0.02988 -0.06558
v -0.00180 0.02602 -0.01279
v -0.00178 0.02785 -0.07483
v -0.00177 0.02783 -0.07489
v -0.00177 0.01024 -0.01676
v -0.00171 0.02273 -0.01448
v -0.00165 0.02564 -0.01266
v -0.00163 0.02860 -0.02543
v -0.00157 0.02583 -0.01249
v -0.00154 0.02875 -0.02999
v -0.00153 0.02200 -0.01713
v -0.00146 0.02683 -0.07469
v -0.00143 0.02857 -0.03314
v -0.00130 -0.00292 -0.01791
v -0.00107 0.02064 -0.01689
v -0.00097 -0.00069 -0.01700
v -0.00095 0.00623 -0.07678
v -0.00093 -0.00571 -0.01841
v -0.00086 0.02009 -0.01485
v -0.00080 -0.00598 -0.01846
v -0.00079 0.02539 -0.01249
v -0.00068 -0.00592 -0.01828
v -0.00051 0.02923 -0.07096
v -0.00034 0.01828 -0.01658
v -0.00029 0.02931 -0.07048
v -0.00015 0.02501 -0.01245
v -0.00014 0.02402 -0.01299
v -0.00010 -0.00574 -0.01815
v -0.00003 0.01840 -0.01490
v 0.00000 -0.00507 -0.01812
v 0.00002 0.02745 -0.07424
v 0.00003 -0.00902 -0.06047
v 0.00003 0.02462 -0.01256
v 0.00022 0.02823 -0.05208
v 0.00024 0.02798 -0.02907
v 0.00036 0.02783 -0.04523
v 0.00045 0.02465 -0.01237
v 0.00048 0.02970 -0.06674
v 0.00051 0.02777 -0.04497
v 0.00058 0.01089 -0.07618
v 0.00061 0.02725 -0.07407
v 0.00062 -0.00628 -0.07312
v 0.00062 0.02774 -0.04492
v 0.00064 0.01524 -0.01608
v 0.00085 0.00004 -0.01581
v 0.00086 0.00777 -0.01567
v 0.00091 -0.00788 -0.05390
v 0.00097 0.01411 -0.01594
v 0.00101 -0.00605 -0.02072
v 0.00108 -0.00195 -0.01678
v 0.00112 -0.00679 -0.04822
v 0.00114 0.02731 -0.07389
v 0.00130 0.02667 -0.07422
v 0.00141 -0.00337 -0.01732
v 0.00141 0.01302 -0.01574
v 0.00171 -0.00520 -0.01948
v 0.00185 0.02728 -0.02809
v 0.00188 0.02666 -0.07394
v 0.00189 -0.00019 -0.01539
v 0.00192 0.02926 -0.06118
v 0.00192 0.02624 -0.01988
v 0.00196 -0.00343 -0.07799
v 0.00208 0.02713 -0.03052
v 0.00221 0.02961 -0.06951
v 0.00223 0.02701 -0.03401
v 0.00224 0.02963 -0.06750
v 0.00225 0.02325 -0.01230
v 0.00225 0.02966 -0.06656
v 0.00226 0.00562 -0.01493
v 0.00226 -0.00425 -0.01761
v 0.00230 0.02958 -0.06870
v 0.00232 0.02616 -0.07430
v 0.00241 -0.00313 -0.07779
v 0.00248 0.02816 -0.07082
v 0.00249 0.02698 -0.02773
v 0.00257 0.01097 -0.01526
v 0.00262 0.02934 -0.06702
v 0.00263 0.02335 -0.01230
v 0.00265 0.02693 -0.03934
v 0.00273 -0.00001 -0.01469
v 0.00274 0.02681 -0.02844
v 0.00278 -0.00309 -0.01703
v 0.00280 0.01793 -0.07585
v 0.00282 0.02355 -0.07509
v 0.00297 -0.00156 -0.01536
v 0.00303 0.02866 -0.07010
v 0.00303 0.00052 -0.01441
v 0.00304 -0.00169 -0.01519
v 0.00307 0.02655 -0.02798
v 0.00308 0.02698 -0.04315
v 0.00318 0.02556 -0.07369
v 0.00321 -0.00518 -0.01998
v 0.00321 0.02695 -0.04678
v 0.00324 0.02295 -0.01228
v 0.00325 0.02530 -0.07458
v 0.00335 -0.00100 -0.01372
v 0.00338 -0.00191 -0.01416
v 0.00343 -0.00138 -0.01346
v 0.00346 0.02619 -0.03003
v 0.00346 0.02827 -0.07026
v 0.00346 0.02702 -0.04992
v 0.00347 -0.00171 -0.01395
v 0.00353 -0.00238 -0.01614
v 0.00358 0.00583 -0.01429
v 0.00360 0.02886 -0.06630
v 0.00362 0.02238 -0.01225
v 0.00374 -0.00104 -0.01343
v 0.00375 -0.00223 -0.01532
v 0.00382 -0.00267 -0.01621
v 0.00382 0.00501 -0.01410
v 0.00384 0.02463 -0.07486
v 0.00386 -0.00109 -0.01345
v 0.00389 0.02431 -0.01654
v 0.00394 -0.00304 -0.01705
v 0.00396 -0.00246 -0.01598
v 0.00396 0.02486 -0.07360
v 0.00398 -0.00070 -0.01337
v 0.00400 -0.00325 -0.01748
v 0.00404 -0.00077 -0.01321
v 0.00404 0.02757 -0.07075
v 0.00404 -0.00328 -0.01755
v 0.00409 0.00420 -0.01392
v 0.00415 0.02777 -0.05566
v 0.00415 0.02828 -0.06763
v 0.00416 -0.00024 -0.01332
v 0.00419 0.01446 -0.07590
v 0.00421 0.01395 -0.01424
v 0.00422 -0.00056 -0.01313
v 0.00424 0.02173 -0.07536
v 0.00427 -0.00470 -0.02207
v 0.00428 -0.00462 -0.03925
v 0.00429 0.02720 -0.07089
v 0.00433 -0.00316 -0.01788
v 0.00434 0.02588 -0.02844
v 0.00434 -0.00053 -0.07702
v 0.00440 -0.00717 -0.06178
v 0.00441 -0.00227 -0.07733
v 0.00444 0.02384 -0.07512
v 0.00453 0.02123 -0.01230
v 0.00454 0.00298 -0.01365
v 0.00454 0.00269 -0.01356
v 0.00457 0.02752 -0.06953
v 0.00458 -0.00452 -0.02252
v 0.00463 -0.00013 -0.01303
v 0.00465 -0.00502 -0.04442
v 0.00466 0.02430 -0.07342
v 0.00466 -0.00006 -0.01311
v 0.00468 -0.00027 -0.01319
v 0.00468 0.02576 -0.04480
v 0.00476 0.02397 -0.07494
v 0.00479 -0.00445 -0.02732
v 0.00480 0.02797 -0.06475
v 0.00482 0.01804 -0.07597
v 0.00489 0.02371 -0.07498
v 0.00490 0.01069 -0.01453
v 0.00500 0.00116 -0.01320
v 0.00500 0.00789 -0.01444
v 0.00509 0.02831 -0.06070
v 0.00509 0.02750 -0.06815
v 0.00527 0.02054 -0.01231
v 0.00531 0.02576 -0.02582
v 0.00532 0.00034 -0.01300
v 0.00532 0.01947 -0.07579
v 0.00533 0.00696 -0.07606
v 0.00542 0.02794 -0.06307
v 0.00543 0.00665 -0.01430
v 0.00546 -0.00188 -0.07704
v 0.00550 0.02535 -0.04472
v 0.00551 0.00091 -0.01345
v 0.00551 0.02151 -0.07498
v 0.00558 -0.00611 -0.05696
v 0.00563 0.02747 -0.06677
v 0.00563 -0.00445 -0.07173
v 0.00570 0.00396 -0.01444
v 0.00575 -0.00246 -0.07544
v 0.00577 0.02480 -0.02797
v 0.00584 0.01726 -0.07618
v 0.00585 0.02295 -0.07415
v 0.00592 -0.00311 -0.07401
v 0.00595 -0.00431 -0.04634
v 0.00598 0.02483 -0.03136
v 0.00599 0.00155 -0.01387
v 0.00600 0.01953 -0.01245
v 0.00603 0.00047 -0.01436
v 0.00607 -0.00272 -0.07425
v 0.00618 0.02297 -0.07320
v 0.00627 0.00880 -0.07588
v 0.00629 0.02701 -0.06595
v 0.00633 0.01890 -0.01245
v 0.00638 -0.00340 -0.03878
v 0.00641 0.01170 -0.01402
v 0.00642 0.02409 -0.03380
v 0.00651 0.02117 -0.07491
v 0.00653 0.02456 -0.02715
v 0.00654 0.00941 -0.01426
v 0.00658 -0.00302 -0.02391
v 0.00665 -0.00276 -0.02190
v 0.00669 0.02036 -0.07556
v 0.00677 -0.00266 -0.02209
v 0.00677 0.00060 -0.01556
v 0.00679 -0.00436 -0.05085
v 0.00683 -0.00053 -0.07659
v 0.00700 0.02664 -0.06492
v 0.00708 0.02400 -0.02740
v 0.00720 0.01924 -0.07601
v 0.00722 0.02666 -0.06017
v 0.00726 0.01735 -0.01256
v 0.00728 0.00222 -0.01482
v 0.00735 0.01754 -0.01264
v 0.00742 0.02375 -0.02806
v 0.00751 0.01833 -0.07636
v 0.00751 0.02292 -0.07066
v 0.00758 -0.00302 -0.07208
v 0.00765 0.02623 -0.06174
v 0.00767 0.00212 -0.01516
v 0.00769 0.02527 -0.05466
v 0.00774 0.00571 -0.07579
v 0.00783 -0.00423 -0.05483
v 0.00793 -0.00421 -0.05513
v 0.00793 0.01895 -0.07478
v 0.00794 0.01017 -0.07596
v 0.00799 0.00081 -0.07619
v 0.00800 0.00274 -0.01508
v 0.00800 -0.00228 -0.02506
v 0.00802 0.02292 -0.03163
v 0.00819 0.01706 -0.07677
v 0.00820 0.01566 -0.01271
v 0.00825 0.01621 -0.01272
v 0.00835 -0.00398 -0.05560
v 0.00835 0.01421 -0.07691
v 0.00840 0.02516 -0.06419
v 0.00851 0.00380 -0.01483
v 0.00851 0.02519 -0.06074
v 0.00866 0.02446 -0.06302
v 0.00868 0.01599 -0.07719
v 0.00869 0.00136 -0.07587
v 0.00872 0.00577 -0.01438
v 0.00876 -0.00376 -0.06970
v 0.00888 0.01534 -0.07726
v 0.00890 0.01621 -0.01415
v 0.00890 0.00176 -0.07587
v 0.00891 0.01204 -0.07631
v 0.00905 0.01527 -0.07745
v 0.00921 -0.00177 -0.02837
v 0.00924 0.02134 -0.03833
v 0.00927 -0.00434 -0.06065
v 0.00931 0.01507 -0.07703
v 0.00931 0.02185 -0.04380
v 0.00935 0.00210 -0.07571
v 0.00936 0.00779 -0.07566
v 0.00939 0.01450 -0.07709
v 0.00940 0.00033 -0.02447
v 0.00942 -0.00143 -0.04330
v 0.00947 0.00599 -0.01437
v 0.00954 -0.00131 -0.03353
v 0.00957 0.00332 -0.07577
v 0.00968 0.01060 -0.01340
v 0.00969 0.01388 -0.07687
v 0.00970 0.00144 -0.07424
v 0.00971 0.00163 -0.02098
v 0.00975 0.00701 -0.01406
v 0.00979 0.00929 -0.07597
v 0.00985 0.01331 -0.07667
v 0.00988 0.00700 -0.01405
v 0.00991 0.00930 -0.01368
v 0.00992 0.01102 -0.01337
v 0.00992 0.00834 -0.01387
v 0.00997 0.02346 -0.06085
v 0.00999 0.01192 -0.07605
v 0.01000 0.01272 -0.07633
v 0.01002 -0.00261 -0.06935
v 0.01004 0.00129 -0.07333
v 0.01012 0.01943 -0.02179
v 0.01017 0.01229 -0.07584
v 0.01028 0.00579 -0.07523
v 0.01032 0.00905 -0.07610
v 0.01037 0.01246 -0.07427
v 0.01038 0.00991 -0.07608
v 0.01040 0.02295 -0.06083
v 0.01041 -0.00325 -0.05852
v 0.01041 0.02293 -0.06090
v 0.01044 0.00750 -0.07551
v 0.01044 0.02286 -0.06093
v 0.01046 0.00697 -0.07534
v 0.01047 0.01145 -0.01492
v 0.01048 0.00394 -0.01902
v 0.01049 0.00026 -0.07124
v 0.01050 0.02013 -0.02505
v 0.01055 0.02014 -0.03408
v 0.01061 -0.00008 -0.03759
v 0.01062 0.00372 -0.02057
v 0.01068 0.00279 -0.02168
v 0.01068 0.00160 -0.02587
v 0.01080 -0.00199 -0.05773
v 0.01083 0.02057 -0.04624
v 0.01088 0.01877 -0.06635
v 0.01090 0.00680 -0.01719
v 0.01096 0.02238 -0.05536
v 0.01098 0.01259 -0.07229
v 0.01101 0.01929 -0.03916
v 0.01109 0.00840 -0.07332
v 0.01117 -0.00221 -0.05997
v 0.01124 -0.00001 -0.04908
v 0.01125 0.00469 -0.07245
v 0.01128 0.01938 -0.02823
v 0.01133 -0.00065 -0.06930
v 0.01137 0.00096 -0.04280
v 0.01141 0.01867 -0.04251
v 0.01143 0.01881 -0.04437
v 0.01145 -0.00196 -0.05893
v 0.01151 0.01229 -0.01800
v 0.01156 -0.00219 -0.06740
v 0.01160 0.00629 -0.01973
v 0.01161 0.01225 -0.01830
v 0.01163 -0.00271 -0.06190
v 0.01170 0.00650 -0.01983
v 0.01182 0.00522 -0.02128
v 0.01190 0.00423 -0.02238
v 0.01192 -0.00212 -0.06128
v 0.01200 -0.00231 -0.06397
v 0.01208 0.01290 -0.06880
v 0.01211 0.00442 -0.02367
v 0.01211 -0.00094 -0.05881
v 0.01213 0.01792 -0.03000
v 0.01215 -0.00151 -0.06744
v 0.01219 0.00178 -0.04687
v 0.01243 0.00343 -0.03575
v 0.01243 0.00529 -0.02717
v 0.01247 0.00263 -0.06880
v 0.01250 -0.00052 -0.05856
v 0.01261 -0.00060 -0.05952
v 0.01264 0.00737 -0.02485
v 0.01270 0.01335 -0.02333
v 0.01278 0.00710 -0.06911
v 0.01279 0.00298 -0.04806
v 0.01280 0.00701 -0.06907
v 0.01322 0.00468 -0.03646
v 0.01324 0.01815 -0.06138
v 0.01329 0.01561 -0.03975
v 0.01329 0.00566 -0.03578
v 0.01334 0.00130 -0.06541
v 0.01341 0.00638 -0.03338
v 0.01344 0.01431 -0.02874
v 0.01352 0.01308 -0.06559
v 0.01359 0.01839 -0.05831
v 0.01370 0.00469 -0.04759
v 0.01374 0.01507 -0.03407
v 0.01374 0.01506 -0.03409
v 0.01399 0.01034 -0.03290
v 0.01399 0.01374 -0.04258
v 0.01417 0.01811 -0.05582
v 0.01427 0.01390 -0.04599
v 0.01429 0.00906 -0.03501
v 0.01440 0.00865 -0.03571
v 0.01447 0.00566 -0.06504
v 0.01451 0.00676 -0.03708
v 0.01471 0.01117 -0.06423
v 0.01475 0.01014 -0.04052
v 0.01479 0.01069 -0.04467
v 0.01479 0.00745 -0.04159
v 0.01487 0.00331 -0.05610
v 0.01488 0.00871 -0.06502
v 0.01489 0.00773 -0.04097
v 0.01489 0.00719 -0.03933
v 0.01496 0.01661 -0.05450
v 0.01512 0.00420 -0.06158
v 0.01514 0.00934 -0.04587
v 0.01514 0.00900 -0.04612
v 0.01522 0.01324 -0.06168
v 0.01555 0.00700 -0.05226
v 0.01559 0.00709 -0.05229
v 0.01559 0.01389 -0.05115
v 0.01563 0.01320 -0.06033
v 0.01574 0.00860 -0.05094
v 0.01585 0.01092 -0.05144
v 0.01589 0.00981 -0.05007
v 0.01592 0.01052 -0.06019
v 0.01594 0.00649 -0.05874
v 0.01616 0.00983 -0.05210
v 0.01632 0.01116 -0.05220
v 0.01637 0.01333 -0.05761
v 0.01643 0.00793 -0.05701
v 0.01644 0.01307 -0.05766
v 0.01650 0.00907 -0.05314
v 0.01706 0.01078 -0.05508
vn -0.9684 0.2471 -0.0331
vn -0.9495 0.2964 0.1031
vn -0.9718 0.2339 0.0292
vn -0.9852 -0.1442 0.0930
vn -0.9591 0.1060 0.2626
vn -0.8919 -0.3589 0.2750
vn -0.9380 -0.3013 -0.1712
vn -0.9712 -0.0486 -0.2332
vn -0.7977 0.5713 -0.1933
vn -0.9277 -0.3616 -0.0931
vn -0.3762 0.0890 -0.9223
vn -0.9692 -0.2267 0.0966
vn -0.8310 -0.5541 0.0501
vn -0.9963 -0.0291 0.0807
vn -0.6592 -0.7508 -0.0419
vn -0.6330 -0.7741 -0.0013
vn -0.9802 -0.0755 0.1831
vn -0.9333 -0.2098 0.2914
vn -0.9941 0.1000 -0.0430
vn -0.9655 0.2551 0.0521
vn -0.9138 -0.3744 -0.1576
vn -0.9441 -0.3288 0.0237
vn -0.9227 -0.0746 0.3783
vn -0.5093 -0.8549 -0.0984
vn -0.6749 0.5909 -0.4419
vn -0.9960 0.0628 0.0633
vn -0.9600 -0.2760 -0.0471
vn -0.9656 -0.2597 0.0127
vn -0.9885 -0.1501 -0.0183
vn -0.6127 -0.7872 0.0701
vn -0.9597 0.2793 0.0301
vn -0.9874 -0.1516 0.0463
vn -0.8139 -0.4381 0.3816
vn -0.6262 -0.6594 -0.4161
vn 0.4575 0.4587 0.7618
vn -0.6241 -0.0355 0.7805
vn -0.9689 -0.0651 0.2387
vn -0.9906 0.1100 0.0809
vn -0.9956 0.0186 -0.0923
vn -0.9857 -0.0488 -0.1614
vn -0.3852 0.0374 0.9221
vn -0.9442 -0.3035 0.1283
vn -0.3878 -0.1538 0.9088
vn -0.9973 0.0427 -0.0593
vn -0.7792 0.5096 0.3649
vn -0.2189 0.7541 0.6192
vn 0.1553 -0.0317 0.9874
vn -0.9102 -0.4136 0.0225
vn -0.3720 -0.1377 0.9179
vn -0.9886 0.1224 -0.0876
vn 0.1361 0.0882 0.9868
vn 0.4252 0.0339 0.9045
vn 0.4599 0.6761 0.5756
vn -0.9984 0.0186 0.0537
vn -0.9192 0.3925 0.0312
vn 0.7046 -0.0440 0.7083
vn -0.2223 0.7388 0.6362
vn -0.9787 0.1950 0.0645
vn -0.9994 0.0358 -0.0013
vn -0.9939 0.1039 0.0378
vn -0.9834 -0.0917 0.1567
vn -0.9966 0.0127 -0.0813
vn -0.7633 -0.6362 0.1126
vn -0.9742 -0.2111 -0.0796
vn -0.9989 0.0195 0.0424
vn -0.9979 0.0614 0.0181
vn -0.9999 -0.0138 -0.0001
vn -0.9843 -0.0305 0.1737
vn -0.9991 0.0187 -0.0375
vn -0.9834 -0.0917 0.1568
vn -0.9993 -0.0285 -0.0259
vn 0.5968 0.2636 0.7579
vn -0.9309 -0.3204 0.1756
vn -0.9698 -0.1364 0.2023
vn 0.8596 0.1572 0.4861
vn -0.9866 -0.0773 0.1434
vn -0.6960 0.5760 -0.4287
vn -0.9992 -0.0333 0.0217
vn -0.9987 0.0416 -0.0307
vn -0.2034 -0.1504 0.9675
vn 0.1806 0.0280 0.9832
vn -0.2331 0.8387 0.4921
vn 0.7799 0.1499 0.6077
vn -0.9775 0.0214 0.2099
vn -0.9325 -0.3168 0.1736
vn -0.9989 0.0102 -0.0454
vn 0.1581 0.1905 -0.9689
vn -0.9959 0.0829 -0.0356
vn -0.9491 -0.3087 -0.0632
vn -0.9873 0.1520 0.0465
vn -0.9800 0.1940 0.0453
vn -0.9863 -0.1325 0.0985
vn -0.9951 0.0801 -0.0579
vn 0.1271 0.1703 -0.9772
vn -0.9967 -0.0460 -0.0664
vn -0.6879 -0.6755 0.2655
vn -0.8656 0.4924 -0.0908
vn -0.7870 0.6167 0.0166
vn 0.8318 0.3054 0.4635
vn -0.9428 -0.3216 0.0884
vn -0.9877 -0.0697 0.1399
vn -0.7739 -0.6210 0.1244
vn -0.3051 0.1478 0.9408
vn -0.9671 0.2336 -0.1006
vn -0.6386 -0.7145 -0.2859
vn 0.0006 -0.0324 0.9995
vn -0.9986 -0.0133 -0.0519
vn -0.8373 -0.5348 0.1140
vn -0.8745 0.4849 -0.0067
vn -0.5076 0.4683 -0.7233
vn 0.8146 0.3947 0.4251
vn -0.6247 0.4724 0.6218
vn -0.9938 -0.0046 -0.1107
vn -0.4490 0.1686 0.8775
vn -0.8063 0.5861 -0.0791
vn -0.9798 0.1991 0.0160
vn -0.8350 -0.5291 0.1512
vn -0.2158 0.8057 0.5516
vn -0.8905 -0.4549 -0.0051
vn -0.4521 0.6676 0.5915
vn -0.9978 0.0342 -0.0563
vn -0.6068 -0.7304 -0.3135
vn -0.9991 0.0375 -0.0188
vn -0.8151 -0.5778 0.0421
vn 0.7159 0.3731 0.5901
vn -0.7745 -0.6216 0.1173
vn -0.9940 0.0963 0.0513
vn -0.9257 -0.3731 0.0629
vn -0.5353 -0.2944 0.7917
vn -0.2461 0.1236 0.9613
vn -0.9178 -0.3793 0.1173
vn -0.9962 0.0527 0.0691
vn -0.9828 0.0753 -0.1686
vn -0.9019 0.4254 -0.0748
vn -0.5513 -0.8307 -0.0772
vn -0.8524 -0.5204 -0.0510
vn -0.9410 0.3243 -0.0970
vn -0.9374 0.3221 0.1324
vn -0.9981 0.0224 0.0568
vn -0.9704 -0.2394 0.0328
vn -0.7780 -0.6256 0.0585
vn -0.9338 0.3564 0.0305
vn -0.8778 0.4538 0.1532
vn -0.9979 0.0630 -0.0145
vn 0.7482 0.2538 0.6130
vn -0.9952 0.0716 -0.0672
vn -0.7832 -0.6217 -0.0064
vn -0.9641 -0.2645 0.0243
vn -0.7585 0.5953 0.2652
vn -0.9918 0.1098 -0.0660
vn -0.0025 0.8505 0.5260
vn -0.7443 0.6639 0.0728
vn -0.3049 0.1692 0.9372
vn 0.0161 0.2899 0.9569
vn -0.8765 0.4740 -0.0837
vn -0.6766 0.7234 -0.1375
vn -0.4996 -0.8599 0.1047
vn -0.9892 0.0140 -0.1459
vn -0.9080 0.4183 -0.0216
vn -0.8327 -0.5504 -0.0607
vn -0.9946 -0.0085 -0.1035
vn -0.9126 0.3422 -0.2237
vn -0.4249 -0.6160 -0.6633
vn -0.9319 0.3590 -0.0517
vn -0.1459 0.0425 0.9884
vn -0.1928 0.2571 0.9470
vn -0.9630 0.2641 -0.0542
vn -0.6838 -0.7246 0.0861
vn -0.2531 0.0525 0.9660
vn 0.2593 0.1109 0.9594
vn -0.7645 0.3504 0.5411
vn -0.2700 -0.2396 0.9326
vn -0.9421 0.3297 -0.0615
vn -0.7111 0.5980 -0.3699
vn -0.7600 0.5937 0.2645
vn -0.6233 0.7434 0.2426
vn -0.8122 0.5120 0.2795
vn -0.4646 0.8848 0.0354
vn 0.0762 0.2982 0.9515
vn -0.9955 0.0706 -0.0628
vn -0.0423 0.2272 -0.9729
vn -0.5028 0.8618 -0.0669
vn -0.6888 -0.6385 0.3432
vn -0.9909 0.0230 -0.1323
vn -0.8883 0.4539 0.0694
vn -0.3832 -0.9168 0.1123
vn -0.0743 0.2130 -0.9742
vn -0.1505 0.0248 0.9883
vn -0.9826 0.0743 -0.1702
vn -0.5719 0.7956 -0.1998
vn -0.4123 0.7151 0.5645
vn -0.4206 0.2098 -0.8826
vn -0.9790 0.0831 -0.1863
vn -0.9916 -0.0277 -0.1263
vn -0.7561 0.6450 -0.1105
vn -0.9926 0.1178 -0.0289
vn -0.9822 0.0088 -0.1876
vn -0.2691 0.9631 0.0001
vn -0.9799 0.1180 -0.1607
vn -0.3867 0.6608 0.6433
vn -0.6932 0.7173 0.0702
vn -0.1090 0.1972 -0.9743
vn -0.2215 0.2216 0.9497
vn 0.0392 0.2770 -0.9601
vn -0.6384 0.3987 -0.6584
vn -0.7467 0.6604 -0.0797
vn -0.2204 0.2174 0.9509
vn -0.8769 0.4718 0.0923
vn -0.6343 -0.7713 0.0527
vn 0.1550 0.1809 -0.9712
vn -0.1867 0.1376 0.9727
vn 0.0951 0.0746 -0.9927
vn -0.2513 0.9672 -0.0365
vn -0.4468 -0.5916 0.6712
vn -0.4579 0.4216 0.7827
vn -0.8175 0.4792 0.3196
vn -0.3595 -0.8987 -0.2511
vn -0.5395 -0.8230 0.1781
vn 0.1683 0.1787 -0.9694
vn -0.6746 -0.7365 0.0497
vn -0.3193 0.1934 0.9277
vn -0.3830 0.1611 0.9096
vn -0.6838 0.6121 -0.3971
vn -0.1687 0.5428 0.8227
vn -0.7059 0.4718 0.5284
vn -0.3022 0.9532 -0.0023
vn -0.6243 -0.7773 0.0773
vn -0.6779 -0.7351 0.0036
vn -0.4421 0.8969 -0.0132
vn -0.6746 0.6538 -0.3428
vn -0.5837 -0.8118 0.0188
vn -0.3734 -0.1942 0.9071
vn -0.4149 0.1558 0.8964
vn -0.3241 0.9434 0.0708
vn -0.4272 0.8971 -0.1124
vn 0.0727 0.1413 -0.9873
vn -0.6030 -0.7532 0.2630
vn -0.2340 -0.3346 0.9129
vn -0.0296 -0.3080 -0.9509
vn 0.1078 0.1976 -0.9743
vn -0.1150 0.3955 0.9112
vn -0.3998 -0.9086 0.1206
vn -0.2674 0.6155 0.7414
vn 0.1538 0.1843 -0.9708
vn -0.3492 -0.3641 0.8634
vn -0.3310 0.9413 -0.0661
vn -0.2383 0.1887 0.9527
vn -0.5968 -0.8023 -0.0049
vn -0.3981 -0.9155 0.0580
vn 0.1536 0.1501 -0.9767
vn -0.3755 0.1994 0.9051
vn -0.3432 -0.9230 -0.1743
vn -0.5914 -0.7982 0.1148
vn -0.2864 0.4264 0.8580
vn -0.2823 -0.9518 0.1202
vn -0.5730 -0.7480 0.3349
vn -0.3084 0.9476 -0.0834
vn 0.1333 0.2000 -0.9707
vn -0.3000 0.9505 -0.0810
vn -0.4020 0.3830 0.8317
vn -0.2916 0.9554 -0.0474
vn -0.4913 -0.2251 0.8414
vn -0.3838 -0.0939 0.9186
vn -0.5654 -0.8245 0.0216
vn -0.6224 -0.3112 0.7182
vn -0.4451 -0.8762 -0.1847
vn -0.7079 -0.3766 0.5976
vn -0.9141 -0.1372 0.3815
vn -0.7085 -0.2868 0.6448
vn -0.7966 -0.4811 0.3661
vn -0.3477 0.2390 0.9066
vn -0.9588 -0.2840 0.0053
vn -0.3903 0.2292 0.8917
vn -0.4627 -0.8725 0.1570
vn -0.7969 -0.5787 0.1733
vn -0.7577 -0.6524 -0.0190
vn -0.2693 0.9401 0.2090
vn -0.7931 -0.6084 0.0306
vn -0.9767 -0.1708 0.1301
vn -0.8825 0.3919 -0.2601
vn -0.3046 0.7466 0.5915
vn -0.5554 -0.8305 0.0430
vn -0.6396 0.7357 0.2229
vn -0.6562 -0.1420 0.7411
vn -0.4145 0.4881 0.7681
vn 0.1480 0.1709 -0.9741
vn 0.1591 0.1801 -0.9707
vn -0.4398 -0.8820 0.1694
vn -0.4999 -0.8651 0.0411
vn -0.7762 0.1645 0.6086
vn -0.6267 -0.7792 -0.0089
vn -0.9301 0.2326 0.2843
vn -0.3080 0.1879 0.9326
vn -0.2422 0.7555 0.6088
vn 0.1417 0.1880 -0.9719
vn -0.3965 -0.8790 0.2648
vn 0.1924 0.1601 -0.9682
vn -0.4682 -0.8836 -0.0090
vn 0.0422 0.5259 0.8495
vn -0.6080 -0.6641 0.4351
vn -0.4718 0.3094 0.8256
vn 0.1484 0.1730 -0.9737
vn -0.5290 -0.0643 0.8462
vn -0.2633 -0.9633 0.0529
vn 0.1469 0.1763 -0.9733
vn 0.1961 0.3911 -0.8992
vn -0.8327 0.4266 0.3529
vn -0.2645 0.2799 0.9229
vn 0.1469 0.1763 -0.9733
vn -0.8275 0.1326 0.5455
vn 0.1470 0.1762 -0.9733
vn -0.4271 0.3446 0.8360
vn -0.1365 0.3286 0.9345
vn -0.5799 -0.8091 0.0954
vn -0.4946 -0.6750 0.5475
vn -0.7487 -0.0140 0.6627
vn -0.3050 -0.9422 -0.1388
vn 0.1469 0.1762 -0.9733
vn -0.1863 0.9820 -0.0314
vn 0.1470 0.1762 -0.9733
vn 0.1145 0.0982 -0.9886
vn -0.1523 -0.9622 -0.2256
vn -0.2735 0.3823 0.8826
vn -0.1181 0.0080 0.9930
vn 0.1123 0.1645 -0.9800
vn -0.4276 0.2591 0.8660
vn 0.1127 0.1640 -0.9800
vn -0.6085 0.3868 0.6929
vn 0.1129 0.1639 -0.9800
vn -0.3630 0.3320 0.8706
vn 0.1129 0.1638 -0.9800
vn 0.1126 0.1641 -0.9800
vn -0.5300 0.1438 0.8357
vn 0.1282 0.2123 -0.9688
vn -0.1491 -0.9863 0.0711
vn -0.3444 0.1967 0.9180
vn 0.1520 0.1286 -0.9800
vn 0.1597 0.1825 -0.9702
vn -0.2634 -0.9647 0.0009
vn -0.4494 0.2712 0.8511
vn -0.3862 -0.9218 0.0338
vn 0.1571 0.3287 -0.9313
vn 0.1730 0.1418 -0.9747
vn 0.1841 0.2347 -0.9545
vn -0.6351 0.1633 0.7550
vn -0.4175 -0.9087 -0.0071
vn -0.5416 0.1425 0.8285
vn -0.2963 0.9548 0.0239
vn -0.3604 0.2502 0.8986
vn -0.4149 -0.9097 0.0185
vn -0.4599 -0.7821 0.4204
vn -0.2786 0.9604 -0.0049
vn -0.4571 0.3214 0.8293
vn -0.2536 -0.9668 0.0307
vn -0.0330 -0.9209 -0.3884
vn -0.1964 0.9793 -0.0485
vn -0.2988 -0.9330 0.2004
vn -0.3959 0.5137 0.7612
vn -0.5048 -0.5429 0.6711
vn -0.1899 0.9648 0.1818
vn -0.5623 0.1005 0.8208
vn -0.3626 -0.9229 0.1295
vn -0.5456 -0.0215 0.8378
vn -0.3547 0.5858 0.7287
vn -0.1486 0.9889 0.0069
vn -0.2867 0.9552 0.0734
vn -0.1938 -0.9698 -0.1484
vn -0.2823 0.5979 0.7502
vn -0.4440 -0.8615 0.2462
vn -0.6960 -0.3982 0.5975
vn -0.0488 0.7355 -0.6757
vn -0.4548 0.4272 0.7814
vn -0.4256 0.2694 0.8639
vn -0.0598 -0.9208 -0.3853
vn -0.1694 0.9757 0.1387
vn -0.1552 -0.9853 0.0711
vn -0.6791 -0.6596 0.3222
vn 0.1512 0.1868 -0.9707
vn -0.2854 -0.9170 0.2787
vn 0.0000 0.0000 0.0000
vn 0.0810 -0.3475 -0.9342
vn -0.8001 -0.1019 0.5911
vn -0.6954 0.3132 0.6468
vn 0.1092 0.1916 -0.9754
vn -0.2509 -0.8761 0.4118
vn -0.2359 -0.9709 0.0408
vn -0.6478 0.2396 0.7232
vn -0.5549 0.2591 0.7906
vn -0.1719 0.9844 -0.0363
vn -0.4046 0.2292 0.8853
vn -0.2752 0.9578 0.0831
vn -0.4253 0.2683 0.8644
vn -0.2535 -0.9669 0.0280
vn -0.2488 -0.9685 -0.0105
vn -0.4447 0.1863 0.8761
vn -0.2049 -0.9706 0.1267
vn -0.3079 -0.9514 0.0081
vn -0.4113 0.2612 0.8733
vn -0.0967 0.9924 -0.0762
vn -0.1169 0.9924 -0.0386
vn -0.2003 0.9644 -0.1727
vn -0.3399 0.3008 0.8911
vn -0.2426 0.9672 0.0757
vn -0.5143 0.2598 0.8173
vn -0.4814 0.3653 0.7968
vn 0.1230 -0.7659 -0.6311
vn -0.1196 -0.9595 -0.2550
vn -0.5136 0.3148 0.7982
vn -0.1498 0.9883 0.0294
vn -0.3383 0.3069 0.8896
vn -0.2889 0.2525 0.9235
vn -0.0583 -0.9538 0.2948
vn -0.3406 0.7334 0.5882
vn 0.4220 -0.0414 0.9056
vn 0.6937 -0.4858 0.5318
vn -0.2413 0.7591 0.6046
vn 0.7457 -0.0952 0.6594
vn -0.2276 0.9737 0.0097
vn 0.7411 -0.4589 0.4901
vn 0.5733 -0.6473 0.5023
vn -0.1708 0.2140 0.9618
vn -0.1628 -0.9805 0.1099
vn -0.0791 0.9879 -0.1334
vn -0.0651 0.9958 -0.0650
vn -0.0634 -0.9768 0.2047
vn 0.5540 -0.4539 0.6978
vn 0.3750 -0.7785 0.5033
vn -0.1594 -0.9788 -0.1288
vn 0.0386 0.9743 -0.2220
vn -0.2475 0.1569 0.9561
vn -0.1563 0.9870 0.0380
vn 0.4395 -0.4004 0.8040
vn -0.3914 0.7160 0.5780
vn 0.0483 -0.9833 0.1753
vn 0.0742 0.2123 0.9744
vn 0.0403 -0.9992 0.0050
vn 0.0530 0.1670 -0.9845
vn -0.1530 -0.9865 0.0589
vn -0.1614 0.9548 0.2496
vn -0.4690 0.1879 0.8630
vn -0.5088 0.2592 0.8210
vn -0.0557 0.9984 -0.0085
vn 0.2468 -0.6690 0.7011
vn 0.1141 -0.7517 -0.6495
vn -0.4272 0.2455 0.8702
vn -0.4873 0.2866 0.8249
vn 0.0562 0.9976 0.0394
vn -0.0191 -0.9828 0.1838
vn -0.1497 0.9867 0.0637
vn -0.5202 0.1943 0.8316
vn 0.0660 0.1543 -0.9858
vn 0.0110 -0.9549 -0.2967
vn 0.2553 -0.5052 0.8244
vn -0.4331 0.7697 0.4690
vn -0.1975 0.8764 0.4392
vn 0.1482 -0.9887 -0.0226
vn 0.2630 -0.2711 0.9259
vn -0.6918 0.1756 0.7004
vn -0.1744 0.0058 0.9847
vn 0.0586 -0.8942 -0.4437
vn -0.1691 -0.9779 0.1232
vn -0.4802 0.2161 0.8501
vn -0.0534 0.8664 0.4965
vn 0.0675 0.8238 -0.5628
vn -0.0784 0.9968 -0.0133
vn -0.0480 0.2230 0.9736
vn 0.1249 -0.9809 -0.1493
vn -0.4969 0.2154 0.8407
vn -0.6542 0.0634 0.7537
vn -0.4193 0.2743 0.8654
vn -0.0122 -0.7801 0.6255
vn 0.0075 -0.9582 -0.2859
vn 0.1851 -0.3680 0.9112
vn -0.1561 0.0068 0.9877
vn -0.3218 0.1776 0.9300
vn 0.1424 -0.9898 -0.0054
vn -0.0247 -0.9965 0.0803
vn -0.0077 0.9984 -0.0566
vn -0.7200 0.1583 0.6757
vn -0.0895 0.0782 0.9929
vn -0.2799 0.9222 0.2669
vn 0.0201 0.9944 -0.1037
vn 0.0229 0.9987 -0.0465
vn 0.0783 0.1424 0.9867
vn 0.0827 -0.5076 0.8576
vn 0.0168 0.9967 0.0791
vn -0.0180 -0.9750 0.2216
vn 0.1769 -0.9516 -0.2513
vn 0.0969 -0.3873 0.9168
vn -0.7322 0.3514 0.5835
vn -0.6607 0.0010 0.7507
vn 0.1627 -0.1244 0.9788
vn -0.7383 0.2893 0.6093
vn -0.8521 0.2591 0.4547
vn -0.7536 0.4513 0.4780
vn 0.0393 0.9541 -0.2970
vn -0.7658 0.2104 0.6077
vn -0.5469 0.0269 0.8368
vn -0.5497 0.6973 0.4601
vn -0.5744 -0.0390 0.8176
vn 0.0773 0.1134 0.9905
vn 0.1674 -0.9807 0.1005
vn 0.2964 -0.7292 -0.6167
vn 0.0000 0.0000 0.0000
vn -0.7987 0.0503 0.5997
vn -0.0303 0.1362 -0.9902
vn -0.7710 0.6245 0.1244
vn 0.1139 -0.9933 0.0197
vn 0.1776 0.9742 0.1392
vn -0.2341 -0.0788 0.9690
vn 0.1651 -0.9849 -0.0524
vn -0.9451 0.2948 0.1407
vn -0.5430 0.8379 0.0556
vn -0.9225 0.2516 0.2927
vn -0.3769 0.1683 0.9108
vn 0.0866 0.9960 0.0215
vn -0.9181 0.3836 0.0994
vn 0.2847 -0.7240 -0.6283
vn 0.0000 0.0000 0.0000
vn -0.9507 0.0670 0.3027
vn -0.8541 0.0793 0.5140
vn 0.1241 0.9863 0.1086
vn 0.2236 -0.7782 -0.5869
vn 0.1155 0.9810 0.1562
vn 0.0502 0.9957 0.0784
vn 0.0973 -0.3240 0.9410
vn 0.0648 0.8720 -0.4853
vn -0.1644 0.9770 0.1358
vn -0.1783 0.2369 -0.9550
vn 0.1393 0.8881 -0.4380
vn 0.1955 0.9800 -0.0373
vn -0.7271 -0.1826 0.6618
vn -0.4628 0.2802 0.8410
vn 0.0721 -0.9747 0.2117
vn 0.2702 -0.9069 -0.3234
vn -0.0719 -0.3636 0.9288
vn 0.0872 -0.8367 0.5406
vn 0.0775 -0.9926 0.0939
vn 0.1754 0.9842 -0.0232
vn 0.1527 0.9880 -0.0217
vn -0.4532 0.1488 0.8789
vn 0.1532 0.1756 -0.9725
vn 0.3605 -0.7548 -0.5480
vn 0.1304 0.1707 -0.9767
vn 0.2321 -0.9712 0.0547
vn 0.1489 -0.0027 0.9888
vn -0.1292 0.5062 -0.8527
vn 0.1732 0.9848 0.0124
vn 0.0103 0.9975 0.0700
vn 0.3397 -0.9238 -0.1768
vn 0.3014 -0.9419 0.1480
vn 0.0794 -0.9913 0.1046
vn 0.0272 -0.1869 0.9820
vn 0.1803 0.9558 0.2322
vn -0.1446 0.1019 -0.9842
vn 0.0533 0.9837 -0.1717
vn -0.5154 0.1078 0.8501
vn 0.3061 -0.9511 0.0404
vn -0.1089 0.1588 -0.9813
vn -0.3443 0.0075 0.9388
vn -0.5149 -0.0793 0.8536
vn -0.2209 -0.1007 0.9701
vn 0.2179 0.8918 -0.3965
vn -0.4708 0.0927 0.8773
vn 0.0505 0.9752 0.2155
vn -0.9713 -0.0775 0.2248
vn 0.1606 0.9585 -0.2356
vn 0.3218 -0.9401 0.1128
vn -0.9873 -0.1577 -0.0206
vn -0.1249 0.9044 0.4081
vn 0.3473 -0.8085 -0.4750
vn -0.8359 -0.1218 0.5352
vn 0.3432 0.9245 0.1656
vn -0.1851 -0.0251 -0.9824
vn 0.3292 -0.9442 -0.0073
vn 0.3180 0.9144 0.2506
vn -0.9682 -0.2469 0.0389
vn -0.9040 -0.3419 0.2567
vn -0.9902 -0.0233 0.1378
vn -0.0226 0.1056 -0.9942
vn -0.9557 -0.2497 0.1560
vn -0.5454 0.0151 0.8381
vn 0.2395 -0.9549 0.1756
vn -0.3928 -0.0578 0.9178
vn -0.7731 -0.4796 0.4151
vn 0.2931 0.9027 0.3151
vn -0.4884 -0.1230 0.8639
vn -0.1662 -0.2320 0.9584
vn 0.0556 0.9816 -0.1828
vn -0.4539 0.0603 0.8890
vn -0.8875 -0.3451 0.3054
vn 0.0845 0.4691 0.8791
vn 0.3350 -0.9256 0.1760
vn -0.1536 -0.1793 -0.9717
vn -0.4174 -0.7530 0.5087
vn 0.2893 0.9571 -0.0158
vn 0.0363 0.9991 0.0210
vn 0.4262 0.8690 0.2513
vn 0.3315 0.7670 -0.5494
vn 0.0927 -0.1057 -0.9901
vn -0.3672 0.0845 0.9263
vn -0.8962 -0.3243 0.3026
vn -0.5192 -0.5021 0.6916
vn 0.3170 0.9431 0.1003
vn 0.1268 0.3685 0.9209
vn 0.2929 0.9559 0.0195
vn -0.6777 -0.1157 0.7262
vn 0.0189 0.1151 -0.9932
vn 0.3262 0.9448 -0.0307
vn -0.3453 -0.2672 0.8997
vn -0.8496 -0.1991 0.4884
vn -0.4268 -0.2697 0.8632
vn 0.1166 0.1501 -0.9818
vn -0.1872 -0.1491 0.9709
vn -0.7655 -0.3428 0.5445
vn 0.0898 -0.8194 0.5662
vn 0.1973 0.3903 0.8993
vn -0.3013 -0.0882 0.9494
vn 0.2484 0.8509 -0.4628
vn -0.6718 -0.0686 0.7375
vn -0.0077 0.9956 -0.0930
vn 0.4554 0.8350 0.3088
vn -0.4358 -0.3776 0.8170
vn 0.3476 -0.8733 0.3414
vn -0.3705 -0.2572 0.8925
vn -0.2088 -0.2622 0.9422
vn 0.3271 0.7232 -0.6082
vn 0.3440 -0.9377 -0.0491
vn -0.3327 -0.4571 0.8248
vn 0.1769 0.9786 0.1055
vn 0.3653 0.9286 0.0654
vn 0.2395 0.9705 0.0281
vn 0.4483 0.7987 0.4014
vn 0.0527 0.9986 -0.0072
vn 0.3210 0.9469 0.0153
vn 0.0535 0.0770 -0.9956
vn 0.2202 0.3369 -0.9154
vn 0.3985 -0.8525 -0.3384
vn 0.3502 0.9328 -0.0848
vn -0.7414 -0.1337 0.6576
vn -0.4714 -0.0439 0.8809
vn -0.3734 0.0158 0.9275
vn 0.3805 -0.9161 0.1262
vn -0.5433 -0.0238 0.8392
vn 0.3536 -0.9347 0.0367
vn -0.2869 -0.4088 0.8664
vn 0.3566 -0.9110 0.2071
vn 0.3041 0.8431 -0.4435
vn 0.1495 0.3610 -0.9205
vn -0.0907 -0.3798 0.9206
vn -0.4253 -0.0600 0.9031
vn 0.3614 -0.8448 0.3947
vn 0.3783 0.9257 -0.0067
vn 0.5729 0.6001 -0.5583
vn -0.4323 -0.4941 0.7543
vn 0.1918 0.9771 0.0925
vn 0.4160 0.8884 0.1941
vn 0.1955 -0.0141 -0.9806
vn 0.4452 0.8954 -0.0121
vn 0.1910 0.8997 -0.3924
vn 0.5131 0.8583 -0.0030
vn 0.1636 0.9865 -0.0086
vn -0.3512 -0.3175 0.8808
vn 0.1855 0.9824 0.0216
vn -0.4232 0.0076 0.9060
vn 0.0290 -0.4700 0.8822
vn 0.6273 0.7721 -0.1019
vn 0.5440 0.7344 -0.4059
vn 0.1532 0.2009 -0.9676
vn 0.3176 0.8057 -0.4999
vn 0.3926 0.9157 0.0856
vn -0.3331 0.0353 0.9422
vn 0.5493 0.8305 -0.0928
vn 0.4324 0.8420 0.3227
vn 0.5020 0.8633 0.0530
vn -0.7290 -0.2546 0.6354
vn 0.4838 0.8718 -0.0765
vn -0.1264 -0.5361 0.8347
vn -0.0292 0.0916 -0.9954
vn -0.0082 0.1609 -0.9869
vn -0.7353 -0.6693 0.1064
vn 0.3050 0.6790 -0.6678
vn -0.5746 0.1111 0.8109
vn -0.8279 -0.4030 0.3901
vn 0.5014 0.8648 -0.0275
vn 0.4401 0.8974 -0.0307
vn 0.6555 0.7319 -0.1860
vn 0.4868 -0.8239 0.2901
vn 0.4486 0.8873 0.1071
vn 0.7220 0.6167 0.3136
vn 0.3270 0.5869 -0.7407
vn -0.8407 -0.0242 0.5410
vn -0.4250 -0.8155 0.3930
vn -0.5200 -0.2378 0.8204
vn 0.5224 0.8511 -0.0519
vn 0.6561 0.7357 -0.1682
vn 0.3839 0.9169 0.1089
vn -0.4277 -0.7006 0.5712
vn -0.3730 -0.6403 0.6715
vn -0.2637 0.0660 0.9623
vn 0.5244 0.8502 0.0475
vn -0.2798 -0.3144 0.9071
vn -0.2561 -0.1343 0.9573
vn 0.4574 -0.7985 0.3914
vn -0.3302 -0.8275 0.4542
vn -0.3455 0.1030 0.9328
vn -0.0039 0.3496 -0.9369
vn 0.6225 -0.6820 0.3838
vn 0.6559 0.7138 0.2457
vn 0.0986 -0.7300 0.6763
vn 0.6324 -0.6762 0.3780
vn 0.6465 0.7497 -0.1414
vn -0.4209 0.0423 0.9061
vn 0.4905 -0.7535 0.4377
vn 0.0844 -0.2450 0.9659
vn 0.5012 0.7545 -0.4238
vn 0.5312 -0.7765 0.3390
vn -0.3377 0.0920 0.9367
vn 0.4376 0.8835 0.1673
vn 0.5848 0.8064 -0.0885
vn -0.5609 0.2460 0.7905
vn -0.0493 -0.0146 -0.9987
vn -0.3305 -0.1893 0.9246
vn -0.3064 -0.1251 0.9436
vn 0.1909 0.1745 -0.9660
vn 0.3787 -0.9248 -0.0360
vn 0.5316 -0.8433 0.0785
vn 0.6988 0.5694 -0.4330
vn 0.7058 -0.6367 0.3106
vn 0.5289 0.8466 -0.0604
vn 0.1398 0.1361 -0.9808
vn 0.4667 -0.8825 -0.0579
vn 0.1570 0.1978 -0.9676
vn 0.0375 0.1753 -0.9838
vn -0.3036 -0.3018 0.9037
vn -0.0985 0.1587 0.9824
vn -0.2357 0.1751 0.9559
vn 0.6115 0.7583 -0.2258
vn 0.5686 -0.8155 0.1082
vn 0.3188 -0.3179 0.8929
vn 0.3486 -0.9369 0.0259
vn 0.6139 0.6167 -0.4928
vn -0.3300 0.1635 0.9297
vn 0.5924 -0.7227 0.3559
vn 0.4095 0.8918 0.1924
vn 0.6602 0.7185 -0.2188
vn 0.4507 -0.8927 0.0036
vn 0.3979 0.9172 -0.0195
vn -0.1566 0.0432 -0.9867
vn 0.5076 0.1550 -0.8475
vn -0.2586 -0.0742 0.9631
vn -0.2786 0.2116 0.9368
vn -0.1182 0.0544 0.9915
vn 0.3520 0.9306 0.1004
vn 0.7519 0.5961 -0.2816
vn 0.5922 0.4432 0.6729
vn 0.6053 0.7815 0.1510
vn 0.6382 -0.2752 0.7190
vn -0.0514 0.1640 -0.9851
vn 0.1241 0.0791 -0.9891
vn 0.5898 0.8034 -0.0822
vn 0.0508 -0.0714 0.9961
vn 0.4513 -0.7823 -0.4293
vn 0.6260 0.7732 0.1010
vn 0.7606 0.0440 0.6477
vn 0.3053 0.3204 -0.8967
vn 0.4630 -0.8739 0.1482
vn 0.5867 0.7971 -0.1430
vn 0.4081 -0.8517 -0.3286
vn 0.2470 0.1119 0.9625
vn 0.7961 -0.5094 -0.3267
vn 0.5800 0.7968 -0.1697
vn -0.2747 0.0466 -0.9604
vn 0.7599 0.4740 -0.4448
vn 0.6665 -0.6007 -0.4415
vn 0.5227 -0.8487 0.0808
vn 0.5713 0.8180 -0.0667
vn 0.5554 0.1291 0.8215
vn 0.7854 0.5129 0.3465
vn 0.6920 -0.5907 0.4150
vn 0.7245 -0.6000 -0.3393
vn 0.7000 0.5939 -0.3967
vn 0.0348 0.0020 -0.9994
vn 0.7548 0.5896 -0.2875
vn -0.3154 -0.2114 0.9251
vn 0.5038 -0.8638 -0.0047
vn -0.2379 -0.1640 0.9573
vn 0.6322 0.7745 -0.0214
vn 0.6040 0.5250 -0.5997
vn 0.5694 0.8013 -0.1837
vn -0.1198 -0.0633 0.9908
vn 0.5199 -0.8491 0.0937
vn 0.7048 -0.6756 0.2163
vn 0.3422 0.5091 -0.7898
vn 0.7793 -0.5738 0.2520
vn 0.7119 -0.6154 0.3384
vn 0.5294 -0.8413 0.1091
vn 0.3981 -0.1168 -0.9099
vn 0.6193 0.7832 -0.0548
vn 0.7268 0.6833 0.0704
vn 0.6191 0.5085 -0.5985
vn 0.6616 0.7462 0.0733
vn -0.2269 -0.2082 0.9514
vn 0.6037 -0.1337 0.7859
vn 0.7593 0.4769 0.4427
vn 0.7006 0.7136 0.0004
vn -0.1114 0.2596 -0.9593
vn 0.8203 0.4835 -0.3054
vn 0.6271 -0.5942 -0.5036
vn 0.6658 0.7460 -0.0126
vn 0.7422 -0.5988 0.3008
vn 0.6306 0.7662 0.1235
vn 0.1276 0.0109 -0.9918
vn 0.5734 -0.8050 0.1522
vn 0.5432 -0.8257 0.1521
vn 0.8801 0.3780 -0.2874
vn -0.0757 -0.1151 -0.9905
vn 0.2239 0.1012 -0.9693
vn 0.5586 -0.3463 0.7537
vn 0.6971 -0.6970 0.1678
vn 0.7183 0.6942 -0.0450
vn 0.6017 0.4921 -0.6291
vn -0.2305 -0.1888 0.9546
vn 0.8508 0.2540 0.4600
vn 0.7587 -0.5208 0.3913
vn -0.1988 -0.1286 -0.9716
vn 0.8401 0.4868 -0.2394
vn 0.8264 -0.3964 0.4000
vn 0.7392 0.6606 -0.1311
vn 0.7703 0.6372 -0.0252
vn 0.6334 0.5228 -0.5704
vn 0.7075 -0.5875 -0.3929
vn -0.0635 -0.1196 0.9908
vn 0.4416 -0.8722 -0.2103
vn -0.2648 0.0543 -0.9628
vn 0.8756 0.3667 0.3145
vn 0.1678 0.0668 -0.9836
vn 0.0873 -0.1772 -0.9803
vn 0.5809 0.2637 -0.7701
vn 0.7914 -0.6085 0.0574
vn 0.7362 0.6763 0.0246
vn 0.5389 -0.8422 0.0186
vn 0.9159 0.3726 -0.1493
vn 0.6786 0.7329 0.0488
vn 0.8416 -0.3154 -0.4385
vn 0.0754 -0.1266 -0.9891
vn 0.0734 -0.2182 -0.9731
vn 0.7940 -0.5857 0.1628
vn 0.6395 -0.7672 0.0491
vn 0.7740 -0.4414 0.4540
vn 0.5700 -0.8212 -0.0263
vn 0.7486 -0.1168 -0.6527
vn -0.0617 -0.1664 0.9841
vn 0.6480 -0.0619 -0.7591
vn 0.7042 -0.5919 -0.3921
vn 0.7645 -0.5817 0.2779
vn -0.2083 -0.1785 0.9616
vn -0.0405 -0.1121 -0.9929
vn 0.1200 -0.3919 -0.9121
vn 0.9034 -0.2475 0.3500
vn 0.8535 -0.0941 0.5125
vn 0.8249 0.1245 0.5514
vn 0.9470 -0.0624 0.3151
vn 0.7519 0.6410 -0.1545
vn 0.2190 -0.0740 -0.9729
vn 0.1627 -0.3037 -0.9388
vn 0.6972 -0.5130 -0.5007
vn 0.8391 -0.3683 -0.4002
vn 0.8328 0.4809 0.2742
vn 0.9715 0.1559 -0.1784
vn 0.6752 -0.0795 -0.7334
vn 0.0661 -0.2243 -0.9723
vn 0.9244 0.2899 -0.2477
vn 0.9223 0.0382 -0.3846
vn 0.7226 0.6890 0.0560
vn 0.6844 -0.7072 0.1774
vn 0.8326 0.5493 -0.0712
vn 0.8634 -0.1245 -0.4889
vn 0.8335 0.4846 -0.2653
vn 0.7852 -0.0974 -0.6115
vn 0.9380 0.0602 0.3412
vn 0.8418 -0.4358 0.3186
vn 0.7450 -0.4602 -0.4829
vn 0.7808 0.6010 0.1708
vn 0.7919 0.6100 -0.0273
vn 0.8057 -0.5920 0.0215
vn 0.8575 -0.4232 0.2924
vn 0.8161 -0.5315 0.2268
vn 0.8737 -0.4714 0.1199
vn 0.7592 -0.5260 0.3833
vn 0.7818 0.6031 0.1583
vn 0.8722 0.3790 -0.3092
vn 0.8877 -0.3373 0.3134
vn 0.7565 0.6506 0.0670
vn 0.9254 0.2238 -0.3057
vn 0.8275 0.5615 0.0001
vn 0.9508 0.0644 -0.3031
vn 0.7149 -0.6825 0.1518
vn 0.7334 -0.6695 0.1176
vn 0.9184 -0.1307 -0.3733
vn 0.7900 0.6131 -0.0093
vn 0.7733 -0.3703 -0.5147
vn 0.8537 -0.5183 0.0500
vn 0.8508 0.5250 0.0204
vn 0.8569 0.5004 0.1236
vn 0.7829 -0.5933 0.1873
vn 0.9038 0.2977 0.3074
vn 0.5532 -0.8236 -0.1248
vn 0.8740 -0.3641 0.3219
vn 0.9742 -0.0497 0.2202
vn 0.6538 -0.7411 0.1525
vn 0.9638 -0.0751 0.2559
vn 0.9364 -0.2288 0.2660
vn 0.8594 -0.4447 0.2524
vn 0.7988 -0.5744 0.1787
vn 0.8306 -0.5557 -0.0354
vn 0.9002 0.2058 -0.3838
vn 0.9327 -0.3524 0.0766
vn 0.6838 -0.7160 0.1407
vn 0.9177 0.3795 0.1171
vn 0.9128 -0.3136 -0.2618
vn 0.8775 -0.4766 0.0539
vn 0.8929 -0.4465 0.0583
vn 0.9500 -0.3015 0.0808
vn 0.9111 -0.1773 -0.3721
vn 0.7883 -0.5998 0.1371
vn 0.8821 -0.4710 0.0002
vn 0.9851 -0.0821 0.1513
vn 0.9652 0.1557 0.2100
vn 0.9052 0.0798 -0.4175
vn 0.8511 -0.4983 0.1653
vn 0.9222 -0.1096 -0.3710
vn 0.8650 -0.4646 0.1895
vn 0.8571 0.4236 -0.2931
vn 0.9053 0.4246 -0.0074
vn 0.9119 -0.3406 0.2289
vn 0.9373 -0.2921 -0.1900
vn 0.9584 -0.2630 0.1107
vn 0.9565 0.2552 0.1413
vn 0.8634 0.3186 -0.3913
vn 0.8567 0.4984 -0.1332
vn 0.9052 -0.4114 0.1069
vn 0.9447 0.3259 0.0372
vn 0.9547 0.2972 0.0109
vn 0.9904 -0.0604 0.1243
vn 0.9655 0.2464 0.0840
vn 0.8413 0.5325 0.0930
vn 0.9252 0.3624 0.1124
vn 0.9892 -0.0310 0.1434
vn 0.9920 0.0473 0.1169
vn 0.9206 -0.1709 -0.3513
vn 0.9050 -0.3226 0.2773
vn 0.8908 0.2245 -0.3951
vn 0.9876 0.1541 0.0309
vn 0.9687 0.1888 0.1610
vn 0.9343 -0.3555 0.0253
vn 0.8823 -0.4567 0.1136
vn 0.9460 0.0247 -0.3234
vn 0.9987 0.0321 -0.0406
vn 0.9708 -0.2369 0.0370
vn 0.9246 0.3727 0.0789
vn 0.9371 -0.3291 -0.1167
vn 0.9709 0.1464 0.1895
vn 0.9483 -0.3031 0.0944
vn 0.9052 0.3167 -0.2835
vn 0.9289 -0.3332 0.1614
vn 0.9324 -0.3180 0.1717
vn 0.9110 0.3624 0.1966
vn 0.9522 0.1097 -0.2852
vn 0.9653 -0.2228 0.1363
vn 0.9671 0.0796 0.2415
vn 0.9879 0.0273 0.1526
vn 0.9745 0.0268 -0.2228
vn 0.9733 -0.1966 -0.1185
vn 0.9699 -0.1452 0.1957
vn 0.9479 0.0602 0.3129
vn 0.9022 0.4155 -0.1154
vn 0.9838 -0.1678 -0.0638
vn 0.9737 0.0089 -0.2278
vn 0.9678 -0.2122 0.1353
vn 0.9876 0.1416 0.0678
f 159//159 173//173 134//134
f 134//134 110//110 109//109
f 192//192 240//240 244//244
f 236//236 258//258 297//297
f 309//309 311//311 236//236
f 305//305 309//309 236//236
f 318//318 320//320 236//236
f 321//321 325//325 240//240
f 311//311 318//318 236//236
f 240//240 327//327 329//329
f 240//240 331//331 332//332
f 240//240 329//329 331//331
f 240//240 332//332 334//334
f 240//240 325//325 327//327
f 306//306 344//344 297//297
f 311//311 309//309 297//297
f 309//309 305//305 297//297
f 297//297 320//320 318//318
f 297//297 321//321 320//320
f 297//297 344//344 378//378
f 297//297 318//318 311//311
f 329//329 327//327 297//297
f 297//297 332//332 331//331
f 331//331 329//329 297//297
f 338//338 334//334 297//297
f 297//297 334//334 332//332
f 327//327 325//325 297//297
f 378//378 371//371 384//384
f 544//544 244//244 378//378
f 257//257 205//205 190//190
f 234//234 190//190 177//177
f 197//197 193//193 180//180
f 302//302 302//302 305//305
f 309//309 309//309 311//311
f 305//305 305//305 309//309
f 318//318 318//318 320//320
f 321//321 321//321 325//325
f 320//320 320//320 321//321
f 311//311 311//311 318//318
f 327//327 327//327 329//329
f 331//331 331//331 332//332
f 329//329 329//329 331//331
f 334//334 334//334 338//338
f 338//338 338//338 343//343
f 332//332 332//332 334//334
f 325//325 325//325 327//327
f 295//295 297//297 302//302
f 257//257 234//234 348//348
f 399//399 259//259 356//356
f 178//178 152//152 201//201
f 123//123 146//146 127//127
f 91//91 146//146 50//50
f 137//137 132//132 150//150
f 113//113 155//155 150//150
f 150//150 132//132 144//144
f 91//91 19//19 31//31
f 261//261 206//206 259//259
f 389//389 261//261 259//259
f 389//389 259//259 399//399
f 91//91 144//144 127//127
f 94//94 11//11 87//87
f 77//77 110//110 87//87
f 87//87 110//110 210//210
f 287//287 87//87 210//210
f 163//163 219//219 212//212
f 157//157 217//217 239//239
f 304//304 255//255 286//286
f 109//109 9//9 1//1
f 8//8 12//12 17//17
f 30//30 157//157 249//249
f 249//249 255//255 304//304
f 304//304 335//335 339//339
f 135//135 24//24 252//252
f 304//304 339//339 249//249
f 287//287 210//210 542//542
f 339//339 335//335 355//355
f 381//381 287//287 542//542
f 542//542 210//210 544//544
f 339//339 381//381 367//367
f 428//428 367//367 407//407
f 339//339 374//374 381//381
f 460//460 444//444 542//542
f 428//428 452//452 472//472
f 638//638 571//571 763//763
f 467//467 472//472 535//535
f 550//550 488//488 535//535
f 638//638 550//550 535//535
f 4//4 13//13 6//6
f 100//100 18//18 102//102
f 50//50 26//26 28//28
f 22//22 100//100 28//28
f 141//141 126//126 248//248
f 50//50 29//29 27//27
f 317//317 248//248 266//266
f 274//274 248//248 317//317
f 396//396 422//422 487//487
f 467//467 488//488 550//550
f 467//467 550//550 511//511
f 496//496 529//529 506//506
f 506//506 529//529 555//555
f 563//563 530//530 556//556
f 451//451 506//506 580//580
f 580//580 544//544 451//451
f 759//759 679//679 506//506
f 506//506 680//680 759//759
f 619//619 648//648 563//563
f 563//563 589//589 619//619
f 680//680 649//649 691//691
f 728//728 654//654 716//716
f 742//742 687//687 654//654
f 680//680 734//734 725//725
f 782//782 742//742 728//728
f 742//742 654//654 728//728
f 589//589 597//597 621//621
f 761//761 748//748 754//754
f 748//748 720//720 701//701
f 808//808 728//728 755//755
f 728//728 738//738 755//755
f 738//738 720//720 755//755
f 784//784 808//808 755//755
f 799//799 784//784 720//720
f 810//810 720//720 802//802
f 808//808 784//784 827//827
f 877//877 879//879 830//830
f 864//864 877//877 830//830
f 424//424 389//389 399//399
f 549//549 431//431 449//449
f 549//549 597//597 431//431
f 656//656 597//597 630//630
f 549//549 630//630 597//597
f 465//465 424//424 478//478
f 516//516 478//478 539//539
f 516//516 465//465 478//478
f 719//719 630//630 697//697
f 630//630 516//516 632//632
f 483//483 539//539 478//478
f 632//632 539//539 596//596
f 689//689 632//632 745//745
f 635//635 632//632 596//596
f 894//894 812//812 891//891
f 812//812 764//764 891//891
f 904//904 844//844 896//896
f 844//844 891//891 764//764
f 764//764 812//812 689//689
f 636//636 679//679 722//722
f 542//542 613//613 731//731
f 542//542 731//731 669//669
f 798//798 760//760 818//818
f 760//760 813//813 837//837
f 731//731 760//760 798//798
f 818//818 760//760 837//837
f 722//722 679//679 749//749
f 826//826 847//847 854//854
f 783//783 722//722 817//817
f 816//816 843//843 801//801
f 843//843 839//839 831//831
f 873//873 843//843 816//816
f 846//846 858//858 872//872
f 880//880 878//878 897//897
f 897//897 874//874 870//870
f 775//775 832//832 855//855
f 897//897 930//930 932//932
f 930//930 917//917 958//958
f 932//932 951//951 937//937
f 733//733 658//658 669//669
f 781//781 763//763 798//798
f 771//771 763//763 781//781
f 733//733 731//731 763//763
f 769//769 638//638 763//763
f 775//775 763//763 771//771
f 769//769 775//775 809//809
f 769//769 809//809 834//834
f 883//883 775//775 868//868
f 892//892 827//827 879//879
f 934//934 892//892 879//879
f 934//934 940//940 892//892
f 917//917 892//892 940//940
f 965//965 940//940 934//934
f 940//940 953//953 958//958
f 899//899 919//919 926//926
f 842//842 732//732 908//908
f 898//898 911//911 915//915
f 643//643 628//628 767//767
f 593//593 767//767 814//814
f 776//776 647//647 593//593
f 977//977 947//947 961//961
f 968//968 976//976 981//981
f 962//962 951//951 958//958
f 978//978 957//957 974//974
f 968//968 891//891 948//948
f 948//948 891//891 905//905
f 963//963 968//968 948//948
f 963//963 972//972 968//968
f 942//942 964//964 956//956
f 964//964 970//970 972//972
f 919//919 927//927 926//926
f 14//14 19//19 32//32
f 195//195 235//235 156//156
f 235//235 213//213 319//319
f 319//319 182//182 226//226
f 176//176 182//182 112//112
f 222//222 120//120 215//215
f 191//191 226//226 176//176
f 133//133 113//113 104//104
f 113//113 150//150 144//144
f 95//95 104//104 113//113
f 86//86 104//104 95//95
f 116//116 91//91 38//38
f 38//38 91//91 31//31
f 76//76 107//107 84//84
f 84//84 107//107 62//62
f 107//107 121//121 93//93
f 79//79 88//88 107//107
f 58//58 130//130 151//151
f 243//243 224//224 241//241
f 323//323 241//241 313//313
f 260//260 215//215 200//200
f 83//83 145//145 99//99
f 62//62 40//40 39//39
f 145//145 72//72 154//154
f 72//72 166//166 154//154
f 40//40 62//62 71//71
f 71//71 62//62 69//69
f 64//64 117//117 73//73
f 170//170 47//47 106//106
f 169//169 130//130 84//84
f 224//224 169//169 247//247
f 125//125 153//153 103//103
f 271//271 103//103 153//153
f 313//313 241//241 247//247
f 313//313 247//247 349//349
f 103//103 169//169 84//84
f 203//203 273//273 179//179
f 271//271 445//445 373//373
f 262//262 233//233 232//232
f 37//37 32//32 63//63
f 63//63 32//32 48//48
f 92//92 101//101 108//108
f 85//85 63//63 108//108
f 68//68 63//63 85//85
f 108//108 63//63 220//220
f 298//298 220//220 289//289
f 289//289 362//362 298//298
f 396//396 434//434 436//436
f 538//538 436//436 434//434
f 545//545 436//436 538//538
f 140//140 65//65 131//131
f 147//147 220//220 228//228
f 228//228 220//220 231//231
f 148//148 140//140 147//147
f 264//264 298//298 350//350
f 298//298 394//394 350//350
f 545//545 456//456 436//436
f 350//350 393//393 386//386
f 476//476 438//438 456//456
f 438//438 393//393 456//456
f 552//552 538//538 434//434
f 64//64 160//160 136//136
f 209//209 160//160 264//264
f 209//209 264//264 282//282
f 245//245 172//172 214//214
f 238//238 237//237 256//256
f 262//262 232//232 245//245
f 303//303 284//284 316//316
f 333//333 326//326 303//303
f 316//316 284//284 310//310
f 345//345 307//307 328//328
f 279//279 269//269 278//278
f 292//292 269//269 279//279
f 278//278 291//291 314//314
f 276//276 314//314 272//272
f 347//347 390//390 333//333
f 282//282 350//350 346//346
f 341//341 386//386 376//376
f 351//351 314//314 341//341
f 347//347 392//392 388//388
f 363//363 361//361 359//359
f 361//361 395//395 347//347
f 319//319 442//442 400//400
f 365//365 319//319 360//360
f 360//360 330//330 368//368
f 312//312 330//330 260//260
f 319//319 365//365 442//442
f 442//442 447//447 486//486
f 548//548 442//442 486//486
f 416//416 413//413 439//439
f 528//528 481//481 454//454
f 442//442 409//409 439//439
f 540//540 483//483 442//442
f 323//323 353//353 312//312
f 340//340 353//353 323//323
f 372//372 353//353 340//340
f 609//609 540//540 548//548
f 606//606 609//609 548//548
f 454//454 433//433 446//446
f 525//525 528//528 604//604
f 540//540 442//442 548//548
f 661//661 675//675 596//596
f 943//943 885//885 901//901
f 788//788 841//841 844//844
f 659//659 609//609 653//653
f 695//695 659//659 653//653
f 604//604 657//657 671//671
f 790//790 772//772 757//757
f 757//757 884//884 800//800
f 757//757 671//671 657//657
f 885//885 821//821 901//901
f 884//884 920//920 901//901
f 884//884 806//806 800//800
f 869//869 929//929 939//939
f 901//901 806//806 884//884
f 659//659 661//661 609//609
f 349//349 441//441 340//340
f 373//373 440//440 349//349
f 515//515 470//470 475//475
f 494//494 490//490 441//441
f 469//469 458//458 450//450
f 494//494 493//493 505//505
f 604//604 509//509 554//554
f 521//521 520//520 514//514
f 500//500 561//561 505//505
f 607//607 561//561 500//500
f 611//611 607//607 582//582
f 498//498 500//500 491//491
f 468//468 469//469 462//462
f 498//498 469//469 468//468
f 445//445 498//498 468//468
f 541//541 557//557 445//445
f 601//601 541//541 560//560
f 644//644 541//541 651//651
f 884//884 757//757 709//709
f 570//570 598//598 576//576
f 657//657 576//576 598//598
f 602//602 581//581 607//607
f 602//602 607//607 615//615
f 869//869 884//884 709//709
f 709//709 657//657 674//674
f 611//611 620//620 615//615
f 779//779 836//836 869//869
f 633//633 629//629 623//623
f 663//663 623//623 615//615
f 756//756 779//779 869//869
f 803//803 785//785 723//723
f 741//741 545//545 568//568
f 538//538 568//568 545//545
f 849//849 741//741 776//776
f 727//727 741//741 849//849
f 849//849 776//776 899//899
f 849//849 899//899 903//903
f 886//886 849//849 903//903
f 786//786 727//727 849//849
f 476//476 456//456 575//575
f 456//456 545//545 741//741
f 946//946 948//948 935//935
f 956//956 955//955 948//948
f 944//944 935//935 885//885
f 943//943 949//949 944//944
f 949//949 954//954 944//944
f 903//903 942//942 956//956
f 923//923 936//936 938//938
f 923//923 886//886 956//956
f 938//938 949//949 945//945
f 945//945 939//939 929//929
f 945//945 928//928 924//924
f 928//928 945//945 929//929
f 924//924 938//938 945//945
f 923//923 938//938 924//924
f 889//889 924//924 918//918
f 889//889 923//923 924//924
f 558//558 502//502 477//477
f 534//534 477//477 502//502
f 583//583 537//537 534//534
f 889//889 820//820 840//840
f 793//793 739//739 747//747
f 856//856 729//729 793//793
f 726//726 739//739 688//688
f 726//726 645//645 739//739
f 390//390 388//388 392//392
f 430//430 390//390 421//421
f 390//390 392//392 421//421
f 466//466 395//395 402//402
f 402//402 404//404 435//435
f 501//501 480//480 466//466
f 501//501 466//466 484//484
f 510//510 480//480 562//562
f 562//562 480//480 501//501
f 484//484 466//466 473//473
f 474//474 459//459 480//480
f 485//485 471//471 534//534
f 435//435 432//432 453//453
f 471//471 448//448 534//534
f 560//560 642//642 601//601
f 642//642 560//560 584//584
f 672//672 642//642 665//665
f 665//665 584//584 641//641
f 683//683 641//641 676//676
f 641//641 718//718 706//706
f 676//676 641//641 655//655
f 780//780 708//708 704//704
f 708//708 698//698 693//693
f 708//708 693//693 704//704
f 913//913 912//912 887//887
f 881//881 907//907 836//836
f 910//910 907//907 881//881
f 912//912 928//928 910//910
f 795//795 889//889 848//848
f 848//848 793//793 795//795
f 888//888 856//856 889//889
f 887//887 888//888 913//913
f 889//889 856//856 848//848
f 811//811 729//729 856//856
f 753//753 751//751 672//672
f 700//700 753//753 672//672
f 770//770 700//700 706//706
f 736//736 770//770 718//718
f 718//718 770//770 706//706
f 850//850 893//893 860//860
f 863//863 860//860 893//893
f 857//857 787//787 833//833
f 850//850 828//828 893//893
f 811//811 796//796 729//729
f 819//819 856//856 882//882
f 31//31 19//19 14//14
f 399//399 356//356 400//400
f 538//538 552//552 568//568
f 948//948 896//896 935//935
f 939//939 943//943 920//920
f 862//862 824//824 823//823
f 110//110 134//134 210//210
f 187//187 181//181 196//196
f 181//181 210//210 173//173
f 180//180 196//196 173//173
f 109//109 180//180 173//173
f 134//134 109//109 159//159
f 196//196 181//181 173//173
f 159//159 109//109 173//173
f 193//193 197//197 204//204
f 192//192 180//180 193//193
f 205//205 257//257 236//236
f 258//258 257//257 306//306
f 297//297 295//295 236//236
f 258//258 306//306 297//297
f 236//236 257//257 258//258
f 192//192 210//210 184//184
f 192//192 184//184 180//180
f 184//184 210//210 194//194
f 196//196 180//180 194//194
f 196//196 194//194 202//202
f 194//194 210//210 202//202
f 192//192 244//244 210//210
f 210//210 187//187 202//202
f 202//202 187//187 196//196
f 244//244 544//544 210//210
f 306//306 257//257 352//352
f 342//342 344//344 306//306
f 342//342 306//306 352//352
f 305//305 302//302 297//297
f 325//325 321//321 297//297
f 344//344 371//371 378//378
f 352//352 431//431 371//371
f 423//423 401//401 431//431
f 437//437 384//384 401//401
f 378//378 384//384 451//451
f 384//384 437//437 451//451
f 378//378 451//451 544//544
f 197//197 180//180 161//161
f 205//205 161//161 189//189
f 225//225 177//177 216//216
f 225//225 230//230 234//234
f 190//190 234//234 257//257
f 177//177 190//190 161//161
f 225//225 234//234 177//177
f 161//161 158//158 146//146
f 178//178 230//230 223//223
f 216//216 223//223 225//225
f 162//162 223//223 216//216
f 162//162 178//178 223//223
f 178//178 164//164 146//146
f 162//162 146//146 164//164
f 162//162 161//161 146//146
f 164//164 178//178 162//162
f 161//161 174//174 171//171
f 162//162 174//174 161//161
f 161//161 199//199 197//197
f 161//161 180//180 158//158
f 180//180 167//167 158//158
f 167//167 180//180 109//109
f 352//352 257//257 348//348
f 348//348 431//431 352//352
f 178//178 348//348 234//234
f 348//348 391//391 431//431
f 302//302 305//305 305//305
f 309//309 311//311 311//311
f 305//305 309//309 309//309
f 318//318 320//320 320//320
f 321//321 325//325 325//325
f 320//320 321//321 321//321
f 311//311 318//318 318//318
f 327//327 329//329 329//329
f 331//331 332//332 332//332
f 329//329 331//331 331//331
f 334//334 338//338 338//338
f 244//244 343//343 378//378
f 338//338 343//343 244//244
f 332//332 334//334 334//334
f 325//325 327//327 327//327
f 295//295 302//302 302//302
f 55//55 50//50 167//167
f 50//50 20//20 26//26
f 50//50 27//27 19//19
f 91//91 50//50 19//19
f 155//155 246//246 259//259
f 156//156 246//246 155//155
f 246//246 319//319 356//356
f 246//246 356//356 259//259
f 146//146 152//152 178//178
f 201//201 229//229 178//178
f 152//152 146//146 142//142
f 142//142 201//201 152//152
f 146//146 123//123 142//142
f 143//143 142//142 123//123
f 138//138 143//143 123//123
f 201//201 208//208 206//206
f 143//143 208//208 201//201
f 143//143 138//138 185//185
f 175//175 138//138 149//149
f 185//185 138//138 175//175
f 206//206 185//185 137//137
f 208//208 185//185 206//206
f 208//208 143//143 185//185
f 175//175 137//137 185//185
f 137//137 175//175 149//149
f 50//50 146//146 158//158
f 158//158 167//167 50//50
f 348//348 229//229 261//261
f 366//366 348//348 389//389
f 366//366 389//389 391//391
f 261//261 389//389 348//348
f 123//123 127//127 132//132
f 138//138 137//137 149//149
f 137//137 138//138 132//132
f 206//206 137//137 150//150
f 132//132 127//127 139//139
f 139//139 127//127 144//144
f 132//132 139//139 144//144
f 146//146 91//91 127//127
f 206//206 261//261 229//229
f 348//348 178//178 229//229
f 348//348 366//366 391//391
f 187//187 210//210 181//181
f 9//9 109//109 25//25
f 109//109 77//77 25//25
f 8//8 11//11 12//12
f 16//16 12//12 11//11
f 94//94 105//105 34//34
f 34//34 105//105 16//16
f 11//11 94//94 34//34
f 87//87 219//219 94//94
f 87//87 287//287 219//219
f 105//105 122//122 16//16
f 163//163 157//157 122//122
f 163//163 186//186 157//157
f 122//122 157//157 16//16
f 122//122 219//219 163//163
f 219//219 217//217 212//212
f 217//217 157//157 186//186
f 217//217 186//186 212//212
f 219//219 239//239 217//217
f 219//219 122//122 94//94
f 122//122 105//105 94//94
f 163//163 212//212 186//186
f 250//250 242//242 239//239
f 250//250 239//239 287//287
f 219//219 287//287 239//239
f 286//286 255//255 250//250
f 322//322 335//335 304//304
f 287//287 355//355 337//337
f 355//355 335//335 337//337
f 255//255 242//242 250//250
f 287//287 286//286 250//250
f 9//9 7//7 1//1
f 10//10 7//7 21//21
f 21//21 7//7 8//8
f 30//30 12//12 16//16
f 30//30 17//17 12//12
f 30//30 24//24 21//21
f 8//8 17//17 30//30
f 109//109 1//1 3//3
f 109//109 3//3 2//2
f 3//3 10//10 2//2
f 1//1 10//10 3//3
f 2//2 10//10 13//13
f 24//24 135//135 15//15
f 15//15 13//13 10//10
f 24//24 15//15 10//10
f 10//10 21//21 24//24
f 16//16 157//157 30//30
f 249//249 339//339 252//252
f 30//30 249//249 24//24
f 252//252 24//24 249//249
f 157//157 242//242 249//249
f 355//355 374//374 339//339
f 367//367 381//381 406//406
f 374//374 287//287 381//381
f 542//542 406//406 381//381
f 406//406 542//542 444//444
f 367//367 406//406 444//444
f 367//367 252//252 339//339
f 252//252 367//367 428//428
f 317//317 252//252 428//428
f 460//460 542//542 503//503
f 452//452 518//518 543//543
f 543//543 542//542 571//571
f 367//367 452//452 407//407
f 452//452 367//367 460//460
f 428//428 472//472 467//467
f 452//452 523//523 472//472
f 535//535 452//452 571//571
f 535//535 571//571 638//638
f 467//467 535//535 488//488
f 452//452 460//460 503//503
f 13//13 4//4 2//2
f 4//4 5//5 18//18
f 6//6 5//5 4//4
f 135//135 13//13 15//15
f 13//13 33//33 6//6
f 13//13 102//102 33//33
f 2//2 20//20 55//55
f 18//18 20//20 2//2
f 13//13 135//135 102//102
f 20//20 50//50 55//55
f 22//22 20//20 18//18
f 26//26 20//20 22//22
f 6//6 33//33 18//18
f 18//18 100//100 22//22
f 102//102 248//248 126//126
f 135//135 248//248 102//102
f 18//18 33//33 102//102
f 252//252 266//266 248//248
f 135//135 252//252 248//248
f 266//266 252//252 317//317
f 22//22 28//28 26//26
f 28//28 100//100 128//128
f 50//50 28//28 29//29
f 28//28 128//128 119//119
f 28//28 119//119 29//29
f 141//141 128//128 126//126
f 141//141 248//248 168//168
f 128//128 141//141 119//119
f 29//29 119//119 27//27
f 27//27 48//48 32//32
f 119//119 141//141 168//168
f 27//27 119//119 124//124
f 124//124 119//119 168//168
f 317//317 428//428 354//354
f 168//168 218//218 124//124
f 248//248 274//274 253//253
f 317//317 354//354 274//274
f 274//274 354//354 357//357
f 354//354 422//422 357//357
f 218//218 168//168 274//274
f 218//218 274//274 288//288
f 274//274 357//357 362//362
f 362//362 422//422 396//396
f 396//396 487//487 461//461
f 511//511 550//550 628//628
f 511//511 428//428 467//467
f 428//428 511//511 508//508
f 508//508 511//511 628//628
f 428//428 422//422 354//354
f 422//422 508//508 487//487
f 422//422 428//428 508//508
f 508//508 628//628 551//551
f 551//551 487//487 508//508
f 434//434 593//593 552//552
f 461//461 487//487 434//434
f 434//434 487//487 593//593
f 551//551 593//593 487//487
f 437//437 506//506 451//451
f 437//437 464//464 506//506
f 464//464 496//496 506//506
f 574//574 608//608 559//559
f 600//600 608//608 594//594
f 599//599 627//627 608//608
f 574//574 594//594 608//608
f 594//594 599//599 600//600
f 547//547 529//529 530//530
f 547//547 530//530 563//563
f 530//530 527//527 556//556
f 547//547 555//555 529//529
f 563//563 556//556 589//589
f 608//608 506//506 555//555
f 555//555 559//559 608//608
f 567//567 559//559 563//563
f 608//608 680//680 506//506
f 506//506 679//679 580//580
f 563//563 648//648 627//627
f 608//608 637//637 649//649
f 649//649 680//680 608//608
f 649//649 654//654 668//668
f 680//680 691//691 707//707
f 712//712 691//691 687//687
f 707//707 691//691 746//746
f 707//707 734//734 680//680
f 746//746 750//750 734//734
f 712//712 687//687 742//742
f 668//668 691//691 649//649
f 679//679 759//759 749//749
f 750//750 725//725 734//734
f 766//766 725//725 750//750
f 746//746 774//774 750//750
f 794//794 801//801 759//759
f 766//766 759//759 725//725
f 766//766 774//774 789//789
f 766//766 794//794 759//759
f 789//789 794//794 766//766
f 725//725 759//759 680//680
f 789//789 774//774 816//816
f 746//746 742//742 782//782
f 782//782 808//808 774//774
f 816//816 774//774 808//808
f 464//464 429//429 482//482
f 431//431 482//482 423//423
f 423//423 482//482 429//429
f 496//496 464//464 482//482
f 482//482 597//597 496//496
f 589//589 556//556 597//597
f 482//482 431//431 597//597
f 621//621 660//660 619//619
f 619//619 589//589 621//621
f 619//619 660//660 670//670
f 716//716 670//670 682//682
f 660//660 621//621 662//662
f 621//621 597//597 634//634
f 621//621 634//634 664//664
f 667//667 720//720 696//696
f 696//696 660//660 667//667
f 682//682 660//660 696//696
f 720//720 667//667 662//662
f 720//720 662//662 673//673
f 720//720 673//673 701//701
f 634//634 597//597 656//656
f 748//748 701//701 656//656
f 754//754 748//748 656//656
f 701//701 664//664 656//656
f 716//716 720//720 738//738
f 755//755 720//720 768//768
f 768//768 720//720 784//784
f 748//748 761//761 720//720
f 802//802 761//761 754//754
f 802//802 720//720 761//761
f 648//648 670//670 716//716
f 827//827 810//810 830//830
f 830//830 802//802 829//829
f 830//830 810//810 802//802
f 864//864 830//830 829//829
f 810//810 799//799 720//720
f 892//892 808//808 827//827
f 879//879 827//827 830//830
f 879//879 877//877 934//934
f 403//403 449//449 391//391
f 391//391 389//389 403//403
f 418//418 449//449 389//389
f 389//389 424//424 418//418
f 549//549 449//449 516//516
f 391//391 449//449 431//431
f 754//754 630//630 719//719
f 754//754 656//656 630//630
f 630//630 549//549 516//516
f 802//802 754//754 719//719
f 516//516 449//449 465//465
f 424//424 399//399 478//478
f 424//424 449//449 418//418
f 697//697 630//630 632//632
f 697//697 632//632 689//689
f 635//635 745//745 632//632
f 639//639 745//745 635//635
f 639//639 635//635 675//675
f 516//516 539//539 632//632
f 719//719 697//697 812//812
f 875//875 829//829 802//802
f 864//864 829//829 875//875
f 877//877 894//894 941//941
f 875//875 894//894 877//877
f 875//875 802//802 812//812
f 812//812 802//802 719//719
f 947//947 894//894 891//891
f 894//894 875//875 812//812
f 697//697 689//689 812//812
f 745//745 764//764 689//689
f 639//639 686//686 764//764
f 764//764 686//686 675//675
f 745//745 639//639 764//764
f 905//905 891//891 844//844
f 905//905 844//844 904//904
f 686//686 639//639 675//675
f 544//544 613//613 542//542
f 544//544 580//580 636//636
f 544//544 636//636 613//613
f 580//580 679//679 636//636
f 636//636 722//722 760//760
f 613//613 636//636 731//731
f 760//760 731//731 636//636
f 759//759 773//773 749//749
f 773//773 826//826 749//749
f 722//722 749//749 826//826
f 759//759 835//835 773//773
f 801//801 807//807 759//759
f 773//773 835//835 826//826
f 843//843 822//822 801//801
f 822//822 831//831 835//835
f 807//807 822//822 835//835
f 722//722 826//826 817//817
f 847//847 826//826 835//835
f 826//826 854//854 859//859
f 817//817 826//826 838//838
f 817//817 838//838 858//858
f 838//838 865//865 858//858
f 760//760 722//722 783//783
f 854//854 843//843 870//870
f 870//870 873//873 897//897
f 859//859 854//854 870//870
f 873//873 870//870 843//843
f 839//839 843//843 835//835
f 843//843 854//854 847//847
f 866//866 870//870 865//865
f 874//874 872//872 858//858
f 865//865 870//870 874//874
f 813//813 817//817 846//846
f 783//783 817//817 813//813
f 813//813 846//846 880//880
f 813//813 880//880 871//871
f 817//817 858//858 846//846
f 872//872 874//874 878//878
f 846//846 878//878 880//880
f 874//874 897//897 878//878
f 880//880 897//897 900//900
f 872//872 878//878 846//846
f 813//813 871//871 852//852
f 837//837 845//845 832//832
f 832//832 845//845 855//855
f 871//871 900//900 852//852
f 873//873 895//895 897//897
f 880//880 900//900 871//871
f 816//816 808//808 892//892
f 895//895 873//873 892//892
f 897//897 895//895 917//917
f 897//897 917//917 930//930
f 895//895 892//892 917//917
f 873//873 816//816 892//892
f 855//855 845//845 868//868
f 852//852 868//868 845//845
f 852//852 900//900 868//868
f 868//868 925//925 883//883
f 775//775 855//855 868//868
f 900//900 925//925 868//868
f 900//900 932//932 925//925
f 930//930 951//951 932//932
f 930//930 958//958 951//951
f 925//925 932//932 937//937
f 937//937 951//951 962//962
f 897//897 932//932 900//900
f 542//542 658//658 571//571
f 669//669 658//658 542//542
f 571//571 658//658 763//763
f 669//669 731//731 733//733
f 658//658 733//733 763//763
f 763//763 775//775 769//769
f 781//781 832//832 775//775
f 809//809 883//883 834//834
f 550//550 638//638 769//769
f 834//834 550//550 769//769
f 834//834 902//902 867//867
f 902//902 908//908 867//867
f 921//921 902//902 925//925
f 902//902 921//921 908//908
f 908//908 921//921 916//916
f 908//908 834//834 867//867
f 937//937 916//916 921//921
f 834//834 883//883 902//902
f 953//953 940//940 965//965
f 917//917 940//940 958//958
f 958//958 953//953 965//965
f 927//927 937//937 962//962
f 926//926 927//927 957//957
f 899//899 926//926 957//957
f 797//797 899//899 776//776
f 957//957 931//931 899//899
f 899//899 931//931 922//922
f 628//628 834//834 732//732
f 628//628 550//550 834//834
f 732//732 834//834 908//908
f 916//916 915//915 911//911
f 927//927 915//915 916//916
f 842//842 916//916 911//911
f 927//927 916//916 937//937
f 815//815 842//842 876//876
f 732//732 842//842 767//767
f 842//842 911//911 898//898
f 876//876 898//898 906//906
f 842//842 898//898 876//876
f 876//876 890//890 825//825
f 890//890 876//876 906//906
f 825//825 815//815 876//876
f 927//927 898//898 915//915
f 927//927 919//919 906//906
f 814//814 890//890 919//919
f 628//628 643//643 551//551
f 767//767 628//628 732//732
f 593//593 797//797 776//776
f 643//643 767//767 593//593
f 647//647 568//568 593//593
f 814//814 899//899 797//797
f 814//814 815//815 825//825
f 814//814 919//919 899//899
f 934//934 877//877 941//941
f 941//941 965//965 934//934
f 947//947 891//891 968//968
f 981//981 961//961 968//968
f 961//961 947//947 968//968
f 977//977 961//961 981//981
f 979//979 977//977 981//981
f 975//975 981//981 976//976
f 965//965 941//941 977//977
f 958//958 965//965 973//973
f 965//965 969//969 973//973
f 958//958 973//973 978//978
f 962//962 974//974 957//957
f 962//962 958//958 974//974
f 973//973 979//979 978//978
f 967//967 966//966 978//978
f 957//957 978//978 966//966
f 978//978 980//980 967//967
f 979//979 981//981 978//978
f 980//980 978//978 975//975
f 981//981 975//975 978//978
f 927//927 962//962 957//957
f 971//971 976//976 968//968
f 905//905 904//904 948//948
f 954//954 948//948 946//946
f 963//963 948//948 955//955
f 955//955 956//956 963//963
f 967//967 980//980 975//975
f 967//967 975//975 970//970
f 967//967 970//970 966//966
f 942//942 966//966 964//964
f 942//942 957//957 966//966
f 975//975 971//971 972//972
f 975//975 972//972 970//970
f 942//942 931//931 957//957
f 922//922 942//942 903//903
f 972//972 963//963 964//964
f 963//963 956//956 964//964
f 798//798 832//832 781//781
f 883//883 925//925 902//902
f 925//925 937//937 921//921
f 104//104 115//115 133//133
f 156//156 133//133 115//115
f 156//156 115//115 195//195
f 195//195 213//213 235//235
f 246//246 235//235 319//319
f 115//115 104//104 195//195
f 198//198 319//319 213//213
f 195//195 198//198 213//213
f 104//104 97//97 195//195
f 182//182 198//198 195//195
f 182//182 319//319 198//198
f 104//104 86//86 97//97
f 97//97 182//182 195//195
f 182//182 97//97 98//98
f 86//86 67//67 90//90
f 67//67 114//114 112//112
f 114//114 67//67 66//66
f 112//112 222//222 176//176
f 112//112 182//182 98//98
f 98//98 90//90 112//112
f 97//97 90//90 98//98
f 319//319 226//226 277//277
f 176//176 222//222 191//191
f 277//277 251//251 260//260
f 191//191 251//251 277//277
f 191//191 277//277 226//226
f 251//251 191//191 222//222
f 114//114 66//66 120//120
f 222//222 114//114 120//120
f 222//222 215//215 251//251
f 260//260 251//251 215//215
f 113//113 144//144 121//121
f 113//113 121//121 95//95
f 14//14 23//23 31//31
f 31//31 23//23 38//38
f 37//37 68//68 38//38
f 38//38 68//68 101//101
f 23//23 14//14 37//37
f 91//91 116//116 144//144
f 65//65 38//38 92//92
f 38//38 101//101 92//92
f 65//65 116//116 38//38
f 65//65 78//78 121//121
f 116//116 65//65 121//121
f 67//67 86//86 107//107
f 86//86 95//95 107//107
f 121//121 78//78 79//79
f 78//78 89//89 79//79
f 78//78 140//140 89//89
f 65//65 140//140 78//78
f 95//95 121//121 107//107
f 121//121 79//79 93//93
f 93//93 79//79 107//107
f 79//79 89//89 64//64
f 62//62 107//107 69//69
f 88//88 79//79 69//69
f 107//107 88//88 69//69
f 69//69 79//79 64//64
f 59//59 120//120 66//66
f 60//60 59//59 107//107
f 60//60 118//118 120//120
f 200//200 215//215 120//120
f 107//107 58//58 60//60
f 54//54 107//107 61//61
f 58//58 54//54 130//130
f 151//151 118//118 58//58
f 70//70 107//107 76//76
f 118//118 224//224 243//243
f 165//165 224//224 151//151
f 107//107 70//70 61//61
f 260//260 243//243 254//254
f 312//312 285//285 254//254
f 312//312 254//254 323//323
f 243//243 241//241 323//323
f 323//323 313//313 340//340
f 67//67 107//107 66//66
f 116//116 121//121 144//144
f 84//84 62//62 82//82
f 82//82 62//62 53//53
f 125//125 99//99 145//145
f 62//62 46//46 57//57
f 44//44 51//51 46//46
f 51//51 75//75 46//46
f 57//57 99//99 53//53
f 83//83 99//99 75//75
f 75//75 51//51 83//83
f 43//43 39//39 83//83
f 72//72 56//56 52//52
f 72//72 83//83 56//56
f 42//42 39//39 41//41
f 111//111 99//99 125//125
f 62//62 39//39 44//44
f 39//39 43//43 44//44
f 41//41 36//36 52//52
f 45//45 51//51 44//44
f 39//39 35//35 83//83
f 83//83 35//35 56//56
f 166//166 72//72 179//179
f 40//40 36//36 39//39
f 179//179 170//170 203//203
f 69//69 64//64 74//74
f 71//71 69//69 74//74
f 64//64 73//73 74//74
f 47//47 170//170 81//81
f 72//72 81//81 170//170
f 49//49 106//106 47//47
f 40//40 49//49 47//47
f 106//106 80//80 74//74
f 106//106 74//74 129//129
f 117//117 129//129 74//74
f 106//106 211//211 170//170
f 188//188 221//221 211//211
f 221//221 188//188 233//233
f 233//233 172//172 232//232
f 129//129 233//233 188//188
f 73//73 117//117 74//74
f 207//207 170//170 211//211
f 49//49 71//71 106//106
f 61//61 70//70 130//130
f 151//151 130//130 169//169
f 76//76 130//130 70//70
f 165//165 169//169 224//224
f 151//151 169//169 165//165
f 125//125 103//103 111//111
f 153//153 125//125 145//145
f 103//103 271//271 247//247
f 349//349 340//340 313//313
f 349//349 247//247 271//271
f 247//247 169//169 103//103
f 271//271 154//154 166//166
f 153//153 154//154 271//271
f 273//273 166//166 179//179
f 271//271 166//166 273//273
f 207//207 273//273 203//203
f 349//349 271//271 373//373
f 271//271 273//273 445//445
f 233//233 211//211 221//221
f 233//233 262//262 263//263
f 233//233 273//273 211//211
f 303//303 233//233 263//263
f 445//445 273//273 326//326
f 273//273 233//233 326//326
f 326//326 233//233 303//303
f 82//82 103//103 84//84
f 82//82 111//111 103//103
f 145//145 154//154 153//153
f 27//27 124//124 48//48
f 68//68 37//37 63//63
f 37//37 14//14 32//32
f 96//96 124//124 218//218
f 96//96 218//218 63//63
f 63//63 218//218 227//227
f 218//218 289//289 227//227
f 218//218 288//288 289//289
f 68//68 85//85 101//101
f 85//85 108//108 101//101
f 227//227 289//289 220//220
f 63//63 227//227 220//220
f 220//220 298//298 231//231
f 362//362 397//397 298//298
f 396//396 461//461 434//434
f 362//362 396//396 397//397
f 397//397 396//396 436//436
f 298//298 397//397 394//394
f 394//394 397//397 436//436
f 92//92 131//131 65//65
f 131//131 147//147 140//140
f 131//131 220//220 147//147
f 231//231 298//298 228//228
f 140//140 148//148 89//89
f 89//89 160//160 64//64
f 147//147 228//228 160//160
f 147//147 160//160 148//148
f 228//228 264//264 160//160
f 394//394 456//456 393//393
f 394//394 393//393 350//350
f 92//92 108//108 131//131
f 131//131 108//108 220//220
f 394//394 436//436 456//456
f 136//136 209//209 117//117
f 264//264 350//350 282//282
f 172//172 129//129 183//183
f 183//183 129//129 117//117
f 183//183 214//214 172//172
f 172//172 245//245 232//232
f 209//209 237//237 214//214
f 237//237 209//209 256//256
f 256//256 282//282 270//270
f 245//245 238//238 269//269
f 238//238 256//256 269//269
f 245//245 269//269 267//267
f 245//245 265//265 262//262
f 265//265 284//284 262//262
f 310//310 284//284 290//290
f 316//316 333//333 303//303
f 345//345 316//316 310//310
f 345//345 333//333 316//316
f 303//303 263//263 284//284
f 269//269 268//268 267//267
f 267//267 268//268 284//284
f 292//292 268//268 269//269
f 270//270 278//278 269//269
f 282//282 346//346 291//291
f 291//291 341//341 314//314
f 291//291 346//346 341//341
f 279//279 276//276 280//280
f 280//280 292//292 279//279
f 301//301 307//307 292//292
f 292//292 283//283 301//301
f 278//278 314//314 279//279
f 310//310 307//307 345//345
f 282//282 278//278 270//270
f 272//272 314//314 275//275
f 276//276 279//279 314//314
f 398//398 326//326 333//333
f 390//390 398//398 333//333
f 350//350 386//386 346//346
f 386//386 438//438 477//477
f 386//386 477//477 376//376
f 376//376 477//477 448//448
f 346//346 386//386 341//341
f 275//275 296//296 281//281
f 281//281 296//296 299//299
f 299//299 296//296 275//275
f 300//300 314//314 315//315
f 275//275 314//314 300//300
f 299//299 315//315 324//324
f 336//336 301//301 361//361
f 347//347 345//345 361//361
f 336//336 361//361 345//345
f 351//351 324//324 314//314
f 275//275 300//300 299//299
f 300//300 296//296 299//299
f 392//392 347//347 395//395
f 404//404 402//402 361//361
f 341//341 369//369 351//351
f 341//341 376//376 369//369
f 370//370 369//369 377//377
f 359//359 369//369 370//370
f 376//376 377//377 369//369
f 425//425 376//376 448//448
f 377//377 376//376 379//379
f 379//379 376//376 425//425
f 379//379 425//425 385//385
f 387//387 385//385 411//411
f 385//385 425//425 412//412
f 408//408 387//387 411//411
f 425//425 419//419 415//415
f 425//425 420//420 419//419
f 385//385 412//412 411//411
f 425//425 427//427 420//420
f 361//361 370//370 382//382
f 361//361 382//382 387//387
f 387//387 408//408 410//410
f 356//356 319//319 400//400
f 399//399 400//400 483//483
f 400//400 442//442 483//483
f 277//277 360//360 319//319
f 293//293 330//330 308//308
f 330//330 293//293 260//260
f 277//277 260//260 293//293
f 360//360 308//308 330//330
f 365//365 368//368 375//375
f 442//442 365//365 375//375
f 375//375 409//409 442//442
f 330//330 312//312 353//353
f 358//358 330//330 353//353
f 368//368 330//330 364//364
f 358//358 353//353 372//372
f 368//368 364//364 413//413
f 372//372 364//364 358//358
f 364//364 372//372 413//413
f 413//413 405//405 433//433
f 368//368 413//413 416//416
f 447//447 439//439 463//463
f 463//463 486//486 447//447
f 439//439 413//413 455//455
f 439//439 455//455 463//463
f 455//455 413//413 433//433
f 463//463 455//455 486//486
f 528//528 454//454 499//499
f 455//455 433//433 481//481
f 481//481 528//528 525//525
f 499//499 513//513 528//528
f 439//439 447//447 442//442
f 409//409 416//416 439//439
f 478//478 399//399 483//483
f 531//531 483//483 540//540
f 539//539 483//483 531//531
f 539//539 531//531 596//596
f 596//596 540//540 609//609
f 596//596 531//531 540//540
f 635//635 596//596 675//675
f 609//609 661//661 596//596
f 405//405 372//372 340//340
f 405//405 340//340 446//446
f 454//454 446//446 499//499
f 499//499 446//446 495//495
f 653//653 548//548 604//604
f 548//548 525//525 604//604
f 528//528 522//522 604//604
f 486//486 525//525 548//548
f 433//433 405//405 446//446
f 788//788 844//844 661//661
f 675//675 661//661 844//844
f 764//764 675//675 844//844
f 904//904 896//896 948//948
f 788//788 777//777 821//821
f 821//821 885//885 788//788
f 885//885 841//841 788//788
f 653//653 609//609 631//631
f 695//695 661//661 659//659
f 788//788 695//695 777//777
f 677//677 653//653 671//671
f 677//677 671//671 685//685
f 685//685 730//730 677//677
f 806//806 730//730 772//772
f 653//653 604//604 671//671
f 772//772 730//730 757//757
f 800//800 790//790 757//757
f 730//730 685//685 671//671
f 730//730 671//671 757//757
f 901//901 821//821 806//806
f 943//943 901//901 920//920
f 884//884 939//939 920//920
f 939//939 884//884 869//869
f 788//788 661//661 695//695
f 806//806 821//821 777//777
f 806//806 790//790 800//800
f 517//517 512//512 509//509
f 446//446 340//340 441//441
f 450//450 440//440 373//373
f 373//373 445//445 468//468
f 445//445 326//326 470//470
f 326//326 398//398 470//470
f 398//398 475//475 470//470
f 446//446 441//441 490//490
f 495//495 446//446 490//490
f 479//479 493//493 458//458
f 494//494 441//441 493//493
f 450//450 458//458 440//440
f 479//479 469//469 491//491
f 479//479 458//458 469//469
f 469//469 450//450 462//462
f 479//479 491//491 497//497
f 514//514 507//507 499//499
f 490//490 494//494 514//514
f 495//495 490//490 514//514
f 499//499 495//495 514//514
f 521//521 514//514 494//494
f 494//494 505//505 521//521
f 493//493 500//500 505//505
f 509//509 524//524 554//554
f 491//491 469//469 498//498
f 532//532 561//561 533//533
f 561//561 564//564 554//554
f 533//533 561//561 554//554
f 532//532 521//521 561//561
f 500//500 498//498 607//607
f 607//607 498//498 582//582
f 581//581 561//561 607//607
f 557//557 498//498 445//445
f 590//590 557//557 541//541
f 541//541 445//445 470//470
f 470//470 515//515 541//541
f 541//541 515//515 560//560
f 620//620 582//582 557//557
f 611//611 582//582 620//620
f 620//620 557//557 590//590
f 590//590 644//644 640//640
f 620//620 590//590 640//640
f 651//651 541//541 601//601
f 651//651 601//601 672//672
f 450//450 373//373 462//462
f 657//657 573//573 576//576
f 576//576 566//566 569//569
f 566//566 581//581 577//577
f 581//581 591//591 577//577
f 570//570 576//576 565//565
f 577//577 591//591 569//569
f 577//577 569//569 566//566
f 607//607 611//611 615//615
f 581//581 602//602 591//591
f 757//757 657//657 709//709
f 869//869 836//836 929//929
f 907//907 929//929 836//836
f 615//615 620//620 640//640
f 640//640 644//644 615//615
f 836//836 779//779 805//805
f 570//570 572//572 586//586
f 578//578 591//591 603//603
f 592//592 598//598 586//586
f 591//591 623//623 603//603
f 585//585 588//588 586//586
f 586//586 588//588 585//585
f 592//592 595//595 598//598
f 603//603 595//595 598//598
f 598//598 595//595 585//585
f 657//657 622//622 633//633
f 598//598 605//605 617//617
f 622//622 598//598 617//617
f 603//603 622//622 617//617
f 603//603 629//629 622//622
f 585//585 588//588 579//579
f 585//585 579//579 586//586
f 591//591 602//602 623//623
f 602//602 615//615 623//623
f 625//625 663//663 615//615
f 702//702 663//663 625//625
f 709//709 674//674 690//690
f 702//702 690//690 674//674
f 629//629 633//633 622//622
f 723//723 625//625 651//651
f 751//751 723//723 672//672
f 723//723 751//751 787//787
f 735//735 625//625 756//756
f 756//756 625//625 785//785
f 785//785 625//625 723//723
f 787//787 823//823 723//723
f 723//723 823//823 803//803
f 836//836 805//805 824//824
f 803//803 824//824 805//805
f 570//570 565//565 569//569
f 569//569 578//578 570//570
f 651//651 625//625 644//644
f 709//709 690//690 869//869
f 756//756 869//869 690//690
f 735//735 756//756 690//690
f 604//604 554//554 573//573
f 566//566 564//564 561//561
f 519//519 520//520 524//524
f 240//240 204//204 197//197
f 575//575 456//456 741//741
f 727//727 786//786 575//575
f 741//741 727//727 575//575
f 851//851 747//747 786//786
f 575//575 786//786 747//747
f 747//747 851//851 840//840
f 568//568 552//552 593//593
f 568//568 647//647 776//776
f 956//956 948//948 954//954
f 956//956 954//954 959//959
f 944//944 885//885 943//943
f 960//960 954//954 950//950
f 938//938 936//936 949//949
f 949//949 943//943 945//945
f 950//950 954//954 949//949
f 954//954 935//935 944//944
f 923//923 956//956 960//960
f 956//956 959//959 960//960
f 933//933 923//923 960//960
f 936//936 933//933 952//952
f 933//933 936//936 923//923
f 886//886 923//923 840//840
f 886//886 903//903 956//956
f 945//945 943//943 939//939
f 438//438 476//476 477//477
f 476//476 575//575 477//477
f 558//558 575//575 747//747
f 558//558 477//477 575//575
f 448//448 477//477 534//534
f 534//534 558//558 583//583
f 583//583 558//558 645//645
f 645//645 624//624 583//583
f 534//534 502//502 558//558
f 645//645 558//558 747//747
f 645//645 747//747 739//739
f 792//792 795//795 793//793
f 795//795 820//820 889//889
f 795//795 792//792 820//820
f 652//652 645//645 688//688
f 688//688 717//717 652//652
f 645//645 726//726 688//688
f 739//739 793//793 729//729
f 688//688 739//739 717//717
f 747//747 792//792 793//793
f 430//430 475//475 398//398
f 398//398 390//390 430//430
f 480//480 430//430 421//421
f 395//395 421//421 392//392
f 466//466 402//402 435//435
f 466//466 435//435 457//457
f 466//466 457//457 473//473
f 475//475 459//459 474//474
f 475//475 474//474 480//480
f 492//492 501//501 484//484
f 501//501 492//492 546//546
f 501//501 546//546 562//562
f 459//459 475//475 430//430
f 430//430 480//480 459//459
f 427//427 425//425 448//448
f 448//448 471//471 443//443
f 489//489 492//492 473//473
f 489//489 485//485 536//536
f 426//426 420//420 443//443
f 453//453 432//432 426//426
f 453//453 426//426 443//443
f 426//426 417//417 419//419
f 432//432 435//435 414//414
f 432//432 414//414 426//426
f 420//420 427//427 443//443
f 473//473 457//457 453//453
f 457//457 435//435 453//453
f 485//485 443//443 471//471
f 553//553 492//492 489//489
f 536//536 534//534 537//537
f 526//526 536//536 553//553
f 562//562 553//553 614//614
f 562//562 546//546 553//553
f 536//536 614//614 553//553
f 484//484 473//473 492//492
f 492//492 553//553 546//546
f 489//489 526//526 553//553
f 537//537 583//583 616//616
f 415//415 411//411 412//412
f 537//537 616//616 536//536
f 536//536 616//616 614//614
f 560//560 515//515 510//510
f 510//510 562//562 584//584
f 560//560 510//510 584//584
f 587//587 584//584 562//562
f 641//641 584//584 587//587
f 641//641 587//587 612//612
f 641//641 612//612 655//655
f 642//642 584//584 665//665
f 672//672 601//601 642//642
f 672//672 665//665 700//700
f 706//706 700//700 641//641
f 736//736 718//718 641//641
f 737//737 736//736 683//683
f 641//641 683//683 736//736
f 665//665 641//641 700//700
f 610//610 562//562 614//614
f 612//612 562//562 610//610
f 612//612 610//610 646//646
f 610//610 614//614 626//626
f 655//655 612//612 646//646
f 650//650 626//626 666//666
f 678//678 650//650 666//666
f 616//616 618//618 614//614
f 618//618 626//626 614//614
f 624//624 652//652 717//717
f 666//666 624//624 717//717
f 699//699 655//655 646//646
f 699//699 705//705 711//711
f 710//710 705//705 699//699
f 710//710 711//711 705//705
f 666//666 714//714 710//710
f 729//729 796//796 711//711
f 796//796 780//780 711//711
f 681//681 684//684 655//655
f 692//692 693//693 698//698
f 698//698 694//694 692//692
f 693//693 692//692 684//684
f 655//655 684//684 676//676
f 713//713 703//703 715//715
f 743//743 740//740 758//758
f 743//743 752//752 721//721
f 752//752 683//683 721//721
f 744//744 708//708 780//780
f 713//713 721//721 692//692
f 713//713 724//724 721//721
f 743//743 740//740 744//744
f 704//704 681//681 699//699
f 704//704 711//711 780//780
f 678//678 666//666 710//710
f 626//626 624//624 666//666
f 652//652 624//624 645//645
f 717//717 729//729 714//714
f 910//910 929//929 907//907
f 928//928 929//929 910//910
f 913//913 914//914 918//918
f 913//913 928//928 912//912
f 913//913 918//918 928//928
f 910//910 881//881 912//912
f 912//912 881//881 863//863
f 912//912 893//893 909//909
f 828//828 882//882 909//909
f 893//893 912//912 863//863
f 793//793 848//848 856//856
f 888//888 889//889 918//918
f 882//882 887//887 909//909
f 856//856 819//819 811//811
f 914//914 913//913 888//888
f 753//753 700//700 762//762
f 787//787 751//751 791//791
f 791//791 751//751 753//753
f 753//753 762//762 833//833
f 753//753 833//833 791//791
f 770//770 762//762 700//700
f 770//770 819//819 762//762
f 736//736 804//804 819//819
f 833//833 762//762 819//819
f 882//882 828//828 819//819
f 833//833 819//819 828//828
f 736//736 737//737 778//778
f 823//823 787//787 857//857
f 863//863 881//881 861//861
f 857//857 861//861 853//853
f 862//862 881//881 824//824
f 881//881 836//836 824//824
f 862//862 823//823 853//853
f 823//823 857//857 853//853
f 857//857 833//833 850//850
f 857//857 860//860 863//863
f 850//850 860//860 857//857
f 811//811 804//804 796//796
f 780//780 796//796 804//804
f 780//780 804//804 778//778
f 778//778 765//765 780//780
f 918//918 924//924 928//928
f 840//840 923//923 889//889
f 758//758 744//744 780//780
f 113//113 133//133 155//155
f 288//288 274//274 362//362
f 411//411 414//414 408//408
f 27//27 32//32 19//19
f 935//935 896//896 885//885
f 173//173 210//210 134//134
f 205//205 197//197 199//199
f 236//236 320//320 321//321
f 236//236 321//321 240//240
f 192//192 193//193 240//240
f 240//240 193//193 204//204
f 240//240 205//205 236//236
f 240//240 197//197 205//205
f 305//305 236//236 302//302
f 334//334 338//338 244//244
f 334//334 244//244 240//240
f 378//378 343//343 338//338
f 378//378 338//338 297//297
f 302//302 236//236 295//295
f 194//194 180//180 184//184
f 342//342 352//352 371//371
f 371//371 344//344 342//342
f 132//132 138//138 123//123
f 431//431 401//401 371//371
f 401//401 384//384 371//371
f 437//437 401//401 423//423
f 161//161 205//205 199//199
f 205//205 189//189 190//190
f 189//189 161//161 190//190
f 177//177 171//171 216//216
f 162//162 216//216 174//174
f 178//178 234//234 230//230
f 174//174 216//216 171//171
f 223//223 230//230 225//225
f 161//161 171//171 177//177
f 2//2 55//55 167//167
f 235//235 246//246 156//156
f 206//206 229//229 201//201
f 142//142 143//143 201//201
f 206//206 150//150 155//155
f 259//259 206//206 155//155
f 128//128 100//100 126//126
f 167//167 109//109 2//2
f 156//156 155//155 133//133
f 8//8 7//7 9//9
f 87//87 9//9 25//25
f 87//87 25//25 77//77
f 9//9 87//87 8//8
f 87//87 11//11 8//8
f 16//16 11//11 34//34
f 304//304 286//286 287//287
f 337//337 322//322 304//304
f 337//337 335//335 322//322
f 337//337 304//304 287//287
f 239//239 242//242 157//157
f 10//10 1//1 7//7
f 21//21 8//8 30//30
f 109//109 110//110 77//77
f 249//249 242//242 255//255
f 374//374 355//355 287//287
f 444//444 460//460 367//367
f 518//518 503//503 542//542
f 503//503 518//518 452//452
f 543//543 518//518 542//542
f 407//407 452//452 428//428
f 535//535 523//523 452//452
f 543//543 571//571 452//452
f 523//523 535//535 472//472
f 4//4 18//18 2//2
f 5//5 6//6 18//18
f 126//126 100//100 102//102
f 559//559 567//567 574//574
f 253//253 274//274 168//168
f 422//422 362//362 357//357
f 248//248 253//253 168//168
f 423//423 429//429 437//437
f 464//464 437//437 429//429
f 599//599 574//574 567//567
f 599//599 567//567 563//563
f 608//608 600//600 599//599
f 712//712 742//742 746//746
f 712//712 746//746 691//691
f 594//594 574//574 599//599
f 527//527 529//529 496//496
f 527//527 530//530 529//529
f 555//555 547//547 559//559
f 627//627 599//599 563//563
f 563//563 559//559 547//547
f 654//654 649//649 648//648
f 649//649 637//637 648//648
f 668//668 687//687 691//691
f 746//746 734//734 707//707
f 648//648 716//716 654//654
f 668//668 654//654 687//687
f 556//556 527//527 496//496
f 556//556 496//496 597//597
f 766//766 750//750 774//774
f 794//794 789//789 816//816
f 728//728 808//808 782//782
f 746//746 782//782 774//774
f 843//843 831//831 822//822
f 619//619 670//670 648//648
f 667//667 660//660 662//662
f 682//682 670//670 660//660
f 664//664 662//662 621//621
f 696//696 716//716 682//682
f 664//664 701//701 673//673
f 664//664 673//673 662//662
f 656//656 664//664 634//634
f 716//716 738//738 728//728
f 768//768 784//784 755//755
f 799//799 827//827 784//784
f 637//637 608//608 627//627
f 648//648 637//637 627//627
f 696//696 720//720 716//716
f 799//799 810//810 827//827
f 449//449 403//403 389//389
f 465//465 449//449 424//424
f 864//864 875//875 877//877
f 813//813 760//760 783//783
f 832//832 798//798 818//818
f 837//837 832//832 818//818
f 759//759 807//807 835//835
f 52//52 56//56 41//41
f 52//52 41//41 42//42
f 801//801 822//822 807//807
f 843//843 847//847 835//835
f 859//859 866//866 826//826
f 865//865 838//838 866//866
f 838//838 826//826 866//866
f 859//859 870//870 866//866
f 835//835 831//831 839//839
f 874//874 858//858 865//865
f 852//852 837//837 813//813
f 852//852 845//845 837//837
f 798//798 763//763 731//731
f 771//771 781//781 775//775
f 809//809 775//775 883//883
f 903//903 899//899 922//922
f 908//908 916//916 842//842
f 842//842 815//815 767//767
f 906//906 919//919 890//890
f 927//927 906//906 898//898
f 815//815 814//814 767//767
f 551//551 643//643 593//593
f 814//814 797//797 593//593
f 890//890 814//814 825//825
f 947//947 941//941 894//894
f 977//977 979//979 969//969
f 977//977 969//969 965//965
f 947//947 977//977 941//941
f 973//973 969//969 979//979
f 978//978 974//974 958//958
f 976//976 971//971 975//975
f 968//968 972//972 971//971
f 970//970 964//964 966//966
f 931//931 942//942 922//922
f 114//114 222//222 112//112
f 90//90 97//97 86//86
f 67//67 112//112 90//90
f 182//182 176//176 226//226
f 260//260 285//285 312//312
f 37//37 38//38 23//23
f 107//107 59//59 66//66
f 60//60 120//120 59//59
f 118//118 200//200 120//120
f 58//58 118//118 60//60
f 54//54 58//58 107//107
f 224//224 118//118 151//151
f 118//118 243//243 200//200
f 254//254 285//285 260//260
f 323//323 254//254 243//243
f 200//200 243//243 260//260
f 111//111 82//82 53//53
f 53//53 99//99 111//111
f 46//46 99//99 57//57
f 62//62 44//44 46//46
f 36//36 41//41 39//39
f 43//43 83//83 51//51
f 45//45 43//43 51//51
f 83//83 72//72 145//145
f 57//57 53//53 62//62
f 46//46 75//75 99//99
f 41//41 52//52 42//42
f 42//42 56//56 35//35
f 42//42 35//35 39//39
f 52//52 36//36 81//81
f 52//52 81//81 72//72
f 41//41 56//56 42//42
f 45//45 44//44 43//43
f 170//170 179//179 72//72
f 71//71 49//49 40//40
f 183//183 209//209 214//214
f 81//81 36//36 40//40
f 47//47 81//81 40//40
f 80//80 71//71 74//74
f 80//80 106//106 71//71
f 106//106 188//188 211//211
f 129//129 188//188 106//106
f 129//129 172//172 233//233
f 170//170 207//207 203//203
f 54//54 61//61 130//130
f 84//84 130//130 76//76
f 224//224 247//247 241//241
f 211//211 273//273 207//207
f 96//96 48//48 124//124
f 362//362 289//289 288//288
f 264//264 228//228 298//298
f 148//148 160//160 89//89
f 438//438 386//386 393//393
f 160//160 209//209 136//136
f 136//136 117//117 64//64
f 209//209 183//183 117//117
f 361//361 301//301 351//351
f 361//361 351//351 359//359
f 237//237 238//238 214//214
f 238//238 245//245 214//214
f 269//269 256//256 270//270
f 282//282 256//256 209//209
f 267//267 265//265 245//245
f 267//267 284//284 265//265
f 347//347 333//333 345//345
f 262//262 284//284 263//263
f 268//268 292//292 284//284
f 284//284 292//292 290//290
f 291//291 278//278 282//282
f 292//292 307//307 310//310
f 292//292 310//310 290//290
f 272//272 292//292 280//280
f 276//276 272//272 280//280
f 272//272 283//283 292//292
f 301//301 328//328 307//307
f 283//283 294//294 301//301
f 281//281 299//299 294//294
f 294//294 283//283 281//281
f 299//299 301//301 294//294
f 281//281 283//283 275//275
f 301//301 336//336 328//328
f 336//336 345//345 328//328
f 324//324 351//351 301//301
f 315//315 314//314 324//324
f 299//299 296//296 300//300
f 299//299 300//300 315//315
f 387//387 410//410 404//404
f 387//387 404//404 361//361
f 324//324 301//301 299//299
f 390//390 347//347 388//388
f 361//361 402//402 395//395
f 382//382 379//379 385//385
f 369//369 359//359 351//351
f 359//359 370//370 363//363
f 370//370 379//379 382//382
f 385//385 380//380 383//383
f 385//385 383//383 382//382
f 387//387 382//382 383//383
f 377//377 379//379 370//370
f 385//385 387//387 383//383
f 385//385 383//383 380//380
f 375//375 368//368 416//416
f 375//375 416//416 409//409
f 415//415 412//412 425//425
f 272//272 275//275 283//283
f 363//363 370//370 361//361
f 48//48 96//96 63//63
f 277//277 308//308 360//360
f 293//293 308//308 277//277
f 517//517 524//524 509//509
f 358//358 364//364 330//330
f 372//372 405//405 413//413
f 368//368 365//365 360//360
f 481//481 486//486 455//455
f 454//454 481//481 433//433
f 525//525 486//486 481//481
f 522//522 528//528 513//513
f 606//606 631//631 609//609
f 841//841 896//896 844//844
f 885//885 896//896 841//841
f 548//548 653//653 631//631
f 548//548 631//631 606//606
f 677//677 730//730 695//695
f 653//653 677//677 695//695
f 695//695 730//730 777//777
f 730//730 806//806 777//777
f 772//772 790//790 806//806
f 522//522 513//513 507//507
f 507//507 509//509 522//522
f 509//509 512//512 517//517
f 512//512 524//524 517//517
f 512//512 509//509 504//504
f 504//504 509//509 512//512
f 524//524 520//520 533//533
f 524//524 533//533 554//554
f 349//349 440//440 441//441
f 373//373 468//468 462//462
f 440//440 458//458 441//441
f 458//458 493//493 441//441
f 479//479 497//497 493//493
f 509//509 604//604 522//522
f 493//493 497//497 500//500
f 565//565 576//576 569//569
f 505//505 561//561 521//521
f 491//491 500//500 497//497
f 532//532 533//533 520//520
f 521//521 532//532 520//520
f 498//498 557//557 582//582
f 590//590 541//541 644//644
f 604//604 573//573 657//657
f 564//564 576//576 573//573
f 566//566 576//576 564//564
f 592//592 588//588 585//585
f 592//592 585//585 595//595
f 585//585 603//603 598//598
f 570//570 578//578 585//585
f 570//570 585//585 572//572
f 603//603 605//605 595//595
f 605//605 598//598 595//595
f 588//588 592//592 586//586
f 578//578 603//603 585//585
f 622//622 657//657 598//598
f 623//623 629//629 603//603
f 603//603 617//617 605//605
f 586//586 579//579 588//588
f 570//570 586//586 598//598
f 572//572 585//585 586//586
f 573//573 554//554 564//564
f 657//657 633//633 674//674
f 633//633 663//663 674//674
f 623//623 663//663 633//633
f 702//702 625//625 735//735
f 702//702 735//735 690//690
f 663//663 702//702 674//674
f 672//672 723//723 651//651
f 785//785 779//779 756//756
f 779//779 785//785 805//805
f 803//803 805//805 785//785
f 823//823 824//824 803//803
f 578//578 569//569 591//591
f 644//644 625//625 615//615
f 509//509 507//507 514//514
f 561//561 581//581 566//566
f 513//513 499//499 507//507
f 512//512 514//514 520//520
f 514//514 512//512 517//517
f 512//512 520//520 524//524
f 520//520 519//519 524//524
f 820//820 792//792 747//747
f 820//820 747//747 840//840
f 509//509 514//514 517//517
f 886//886 786//786 849//849
f 840//840 851//851 886//886
f 886//886 851//851 786//786
f 776//776 741//741 568//568
f 935//935 954//954 946//946
f 950//950 949//949 952//952
f 949//949 936//936 952//952
f 954//954 960//960 959//959
f 952//952 933//933 960//960
f 950//950 952//952 960//960
f 713//713 692//692 694//694
f 713//713 694//694 703//703
f 739//739 729//729 717//717
f 395//395 466//466 421//421
f 480//480 421//421 466//466
f 404//404 410//410 435//435
f 410//410 414//414 435//435
f 480//480 510//510 475//475
f 443//443 427//427 448//448
f 485//485 489//489 473//473
f 534//534 536//536 485//485
f 426//426 414//414 417//417
f 417//417 415//415 419//419
f 485//485 453//453 443//443
f 473//473 453//453 485//485
f 616//616 583//583 624//624
f 417//417 411//411 415//415
f 411//411 417//417 414//414
f 489//489 536//536 526//526
f 562//562 612//612 587//587
f 683//683 752//752 737//737
f 626//626 650//650 646//646
f 650//650 678//678 646//646
f 610//610 626//626 646//646
f 618//618 624//624 626//626
f 624//624 618//618 616//616
f 666//666 717//717 714//714
f 714//714 711//711 710//710
f 714//714 729//729 711//711
f 678//678 699//699 646//646
f 678//678 710//710 699//699
f 681//681 655//655 699//699
f 684//684 692//692 676//676
f 693//693 684//684 704//704
f 692//692 721//721 683//683
f 715//715 708//708 713//713
f 715//715 713//713 724//724
f 713//713 715//715 724//724
f 715//715 703//703 708//708
f 743//743 721//721 724//724
f 743//743 724//724 740//740
f 694//694 708//708 703//703
f 724//724 713//713 744//744
f 743//743 758//758 740//740
f 713//713 708//708 744//744
f 804//804 736//736 778//778
f 724//724 744//744 740//740
f 743//743 744//744 758//758
f 704//704 699//699 711//711
f 676//676 692//692 683//683
f 694//694 698//698 708//708
f 684//684 681//681 704//704
f 475//475 510//510 515//515
f 893//893 828//828 909//909
f 912//912 909//909 887//887
f 918//918 914//914 888//888
f 856//856 887//887 882//882
f 856//856 888//888 887//887
f 791//791 833//833 787//787
f 819//819 770//770 736//736
f 752//752 778//778 737//737
f 804//804 811//811 819//819
f 857//857 863//863 861//861
f 853//853 861//861 862//862
f 862//862 861//861 881//881
f 833//833 828//828 850//850
f 765//765 758//758 780//780
f 752//752 758//758 765//765
f 752//752 743//743 758//758
f 752//752 765//765 778//778
f 408//408 414//414 410//410
f 420//420 426//426 419//419
f 794//794 816//816 801//801
