# convertido de flygym/NeuroMechFly (lm_tarsus3)
v -0.03725 -0.00782 -0.11227
v -0.03723 -0.00824 -0.11199
v -0.03715 -0.00705 -0.11514
v -0.03617 -0.01149 -0.11348
v -0.03616 0.03034 -0.11356
v -0.03605 0.02939 -0.11114
v -0.03565 0.02888 -0.11295
v -0.03551 -0.00928 -0.10667
v -0.03541 0.02938 -0.11416
v -0.03538 -0.00985 -0.11652
v -0.03525 -0.00636 -0.10858
v -0.03491 -0.00538 -0.11488
v -0.03490 -0.01192 -0.11111
v -0.03487 0.02750 -0.10753
v -0.03476 0.03254 -0.11028
v -0.03472 0.03245 -0.11186
v -0.03460 0.02781 -0.11210
v -0.03451 0.03242 -0.11347
v -0.03424 0.03149 -0.10877
v -0.03421 -0.00489 -0.11249
v -0.03407 -0.00506 -0.11306
v -0.03402 -0.01004 -0.10425
v -0.03392 0.02624 -0.10812
v -0.03374 -0.00530 -0.10589
v -0.03373 0.02854 -0.10633
v -0.03354 -0.01233 -0.10847
v -0.03340 0.03059 -0.11433
v -0.03340 -0.00681 -0.11508
v -0.03338 -0.01120 -0.11695
v -0.03329 -0.01233 -0.11438
v -0.03327 -0.00456 -0.11190
v -0.03318 -0.00791 -0.11639
v -0.03318 -0.00893 -0.10310
v -0.03308 0.02927 -0.10556
v -0.03274 -0.00400 -0.11121
v -0.03266 -0.01169 -0.10503
v -0.03247 -0.00457 -0.10345
v -0.03229 -0.01042 -0.11678
v -0.03211 -0.00767 -0.10175
v -0.03206 -0.01318 -0.11117
v -0.03196 0.03369 -0.11356
v -0.03188 0.02861 -0.10322
v -0.03165 0.02829 -0.11244
v -0.03159 0.03291 -0.10783
v -0.03137 0.02595 -0.10794
v -0.03127 0.02759 -0.11108
v -0.03101 0.03237 -0.11420
v -0.03084 0.02796 -0.10144
v -0.03082 -0.00357 -0.10081
v -0.03081 -0.00690 -0.11458
v -0.03080 -0.00375 -0.10022
v -0.03045 0.02583 -0.10784
v -0.03040 -0.01299 -0.10771
v -0.03033 -0.01034 -0.11423
v -0.03010 0.03396 -0.11072
v -0.03009 0.03402 -0.11034
v -0.02999 -0.00289 -0.11046
v -0.02966 -0.00252 -0.10839
v -0.02959 0.03203 -0.11302
v -0.02956 -0.00219 -0.10670
v -0.02953 -0.00835 -0.09840
v -0.02937 0.02390 -0.10222
v -0.02936 -0.00147 -0.08235
v -0.02936 -0.00039 -0.08641
v -0.02920 0.02661 -0.10846
v -0.02917 -0.00188 -0.10585
v -0.02911 -0.00144 -0.09958
v -0.02908 -0.01180 -0.10371
v -0.02906 0.02715 -0.09771
v -0.02894 -0.00048 -0.10278
v -0.02892 0.00035 -0.08830
v -0.02892 -0.00728 -0.09697
v -0.02889 0.02908 -0.11009
v -0.02885 -0.00371 -0.09812
v -0.02877 0.03324 -0.10568
v -0.02862 -0.00564 -0.09677
v -0.02857 -0.00340 -0.10823
v -0.02850 -0.00216 -0.09445
v -0.02844 -0.00170 -0.09412
v -0.02842 0.02614 -0.08250
v -0.02841 0.00075 -0.09032
v -0.02834 -0.01125 -0.10164
v -0.02829 0.03157 -0.11193
v -0.02828 0.02435 -0.10897
v -0.02827 -0.00667 -0.09592
v -0.02820 -0.00242 -0.08924
v -0.02806 -0.00264 -0.07736
v -0.02799 0.00524 -0.01348
v -0.02797 0.00036 -0.07632
v -0.02795 0.02500 -0.07919
v -0.02786 0.02176 -0.08058
v -0.02785 0.00528 -0.01405
v -0.02783 0.03420 -0.10951
v -0.02783 0.03139 -0.11164
v -0.02777 0.02478 -0.08479
v -0.02777 0.02623 -0.09419
v -0.02764 -0.00580 -0.11184
v -0.02761 0.00407 -0.01304
v -0.02758 -0.01065 -0.09930
v -0.02757 0.02742 -0.10925
v -0.02753 -0.00676 -0.09477
v -0.02747 0.02314 -0.09757
v -0.02742 -0.00508 -0.08406
v -0.02740 0.03132 -0.09981
v -0.02723 0.00292 -0.01299
v -0.02721 0.00548 -0.01614
v -0.02714 0.02568 -0.09154
v -0.02713 0.00192 -0.09397
v -0.02711 -0.00443 -0.09297
v -0.02704 0.00827 -0.01572
v -0.02704 0.01021 -0.01502
v -0.02699 -0.00885 -0.11210
v -0.02698 0.00596 -0.01470
v -0.02694 -0.01203 -0.10602
v -0.02693 0.02723 -0.08252
v -0.02692 0.00222 -0.05828
v -0.02690 0.00307 -0.01616
v -0.02684 0.00333 -0.07536
v -0.02683 0.01106 -0.01505
v -0.02682 0.01987 -0.07544
v -0.02682 0.01065 -0.01483
v -0.02676 0.00671 -0.01530
v -0.02675 0.00454 -0.07933
v -0.02671 0.01085 -0.01515
v -0.02668 0.01187 -0.01559
v -0.02660 -0.00258 -0.10658
v -0.02659 0.02319 -0.10985
v -0.02657 -0.00426 -0.08827
v -0.02654 0.00204 -0.01304
v -0.02652 0.00319 -0.06205
v -0.02649 0.01231 -0.01514
v -0.02640 0.02420 -0.08730
v -0.02636 0.00419 -0.09148
v -0.02634 0.00061 -0.07369
v -0.02632 0.03423 -0.10902
v -0.02629 -0.00700 -0.09280
v -0.02628 0.01299 -0.01551
v -0.02627 0.01215 -0.01524
v -0.02624 0.00221 -0.09947
v -0.02623 -0.00391 -0.07400
v -0.02618 0.01280 -0.01563
v -0.02618 0.00132 -0.05282
v -0.02616 0.02235 -0.10834
v -0.02611 0.01366 -0.01572
v -0.02609 0.02081 -0.10461
v -0.02605 0.02293 -0.09208
v -0.02603 0.01097 -0.01874
v -0.02595 0.02879 -0.09466
v -0.02592 0.00818 -0.02157
v -0.02586 0.00221 -0.07005
v -0.02586 0.00297 -0.02120
v -0.02585 0.00230 -0.10292
v -0.02580 -0.00163 -0.05977
v -0.02578 0.02498 -0.09109
v -0.02577 0.01142 -0.03268
v -0.02574 -0.00013 -0.06239
v -0.02574 0.01464 -0.07198
v -0.02571 0.00123 -0.06480
v -0.02569 -0.00246 -0.07179
v -0.02567 0.00747 -0.07444
v -0.02567 0.00480 -0.05212
v -0.02567 0.02395 -0.08871
v -0.02565 0.02669 -0.08533
v -0.02560 0.00877 -0.01487
v -0.02559 0.00556 -0.01401
v -0.02557 0.00351 -0.04877
v -0.02557 0.00575 -0.06934
v -0.02557 0.01543 -0.07766
v -0.02557 -0.00600 -0.08017
v -0.02556 0.01429 -0.01775
v -0.02552 0.02092 -0.08786
v -0.02550 0.02109 -0.10648
v -0.02549 0.00620 -0.08298
v -0.02547 0.02658 -0.09053
v -0.02546 0.02203 -0.06920
v -0.02545 0.01169 -0.07293
v -0.02542 0.01357 -0.02187
v -0.02541 0.01854 -0.03076
v -0.02538 0.00031 -0.01907
v -0.02537 0.02886 -0.11029
v -0.02535 0.03407 -0.10687
v -0.02533 0.00469 -0.06560
v -0.02531 0.00090 -0.02469
v -0.02531 0.02714 -0.08233
v -0.02530 0.03333 -0.10938
v -0.02530 0.02657 -0.08897
v -0.02528 0.02661 -0.08613
v -0.02526 0.02185 -0.05503
v -0.02526 0.00978 -0.05123
v -0.02526 0.01966 -0.03381
v -0.02525 -0.00720 -0.09107
v -0.02525 0.02739 -0.07954
v -0.02524 0.01948 -0.10517
v -0.02524 0.00714 -0.08642
v -0.02523 0.00971 -0.03827
v -0.02519 0.00878 -0.04375
v -0.02519 0.00170 -0.04104
v -0.02514 0.01509 -0.01934
v -0.02513 0.01911 -0.09970
v -0.02513 0.00066 -0.04788
v -0.02511 0.00061 -0.03569
v -0.02507 -0.00553 -0.07493
v -0.02506 0.01792 -0.05273
v -0.02505 -0.00500 -0.10971
v -0.02503 0.02026 -0.05800
v -0.02501 0.02101 -0.06383
v -0.02499 0.01254 -0.07634
v -0.02498 0.00899 -0.07977
v -0.02494 0.00741 -0.01473
v -0.02494 0.01722 -0.06658
v -0.02492 -0.01191 -0.10232
v -0.02491 0.01161 -0.06747
v -0.02491 0.00734 -0.05754
v -0.02489 0.00729 -0.06297
v -0.02488 -0.00021 -0.01367
v -0.02484 0.01784 -0.10531
v -0.02480 0.00850 -0.09230
v -0.02480 -0.00884 -0.10921
v -0.02480 0.01415 -0.01639
v -0.02477 0.01687 -0.01765
v -0.02475 -0.00064 -0.03031
v -0.02469 0.00989 -0.05534
v -0.02466 0.00075 -0.10601
v -0.02465 0.01933 -0.04713
v -0.02464 0.01710 -0.09474
v -0.02461 0.02542 -0.11087
v -0.02459 -0.00686 -0.08550
v -0.02450 0.01781 -0.01679
v -0.02449 0.01332 -0.05576
v -0.02446 0.01812 -0.04152
v -0.02446 0.01840 -0.01696
v -0.02441 0.01038 -0.08684
v -0.02441 0.01485 -0.01724
v -0.02439 0.02053 -0.03816
v -0.02427 0.00610 -0.09735
v -0.02425 0.02591 -0.07391
v -0.02422 0.01475 -0.08990
v -0.02422 -0.00316 -0.05421
v -0.02422 0.02054 -0.02394
v -0.02416 0.01596 -0.10604
v -0.02415 0.01928 -0.02031
v -0.02409 0.01286 -0.09313
v -0.02407 0.01279 -0.08031
v -0.02404 -0.00204 -0.04157
v -0.02401 0.00620 -0.10332
v -0.02399 0.02227 -0.10869
v -0.02399 -0.00287 -0.02591
v -0.02398 0.01390 -0.08364
v -0.02394 -0.00177 -0.01410
v -0.02393 -0.00265 -0.06747
v -0.02384 0.01511 -0.10578
v -0.02374 0.01665 -0.01681
v -0.02373 -0.01073 -0.09817
v -0.02373 0.02679 -0.11129
v -0.02362 0.01060 -0.05933
v -0.02362 0.02420 -0.05566
v -0.02362 0.02395 -0.11058
v -0.02362 0.03322 -0.10118
v -0.02359 0.01318 -0.09625
v -0.02357 -0.00357 -0.06741
v -0.02354 0.02241 -0.03418
v -0.02354 0.02278 -0.02863
v -0.02354 0.01365 -0.10579
v -0.02353 0.01999 -0.01781
v -0.02351 0.02408 -0.05915
v -0.02350 0.02847 -0.08121
v -0.02349 0.02372 -0.05172
v -0.02346 -0.00758 -0.08665
v -0.02346 -0.00715 -0.08227
v -0.02343 0.02438 -0.06905
v -0.02341 -0.00332 -0.06103
v -0.02331 0.02388 -0.06335
v -0.02329 -0.00222 -0.01415
v -0.02327 -0.00434 -0.10852
v -0.02326 0.01473 -0.01668
v -0.02325 0.01384 -0.10174
v -0.02324 -0.00354 -0.03787
v -0.02322 0.01245 -0.10531
v -0.02315 0.00820 -0.10337
v -0.02311 0.01001 -0.10381
v -0.02308 0.02197 -0.04061
v -0.02298 0.01141 -0.10395
v -0.02292 -0.01006 -0.09517
v -0.02292 0.02273 -0.04594
v -0.02290 0.01610 -0.10583
v -0.02288 0.03194 -0.10760
v -0.02285 0.03184 -0.10771
v -0.02278 -0.00783 -0.10801
v -0.02275 0.01080 -0.10065
v -0.02269 0.02157 -0.01812
v -0.02267 0.00496 -0.10552
v -0.02266 -0.00421 -0.05010
v -0.02266 -0.00422 -0.02096
v -0.02262 0.01867 -0.01760
v -0.02262 0.02304 -0.02342
v -0.02256 -0.00340 -0.10738
v -0.02253 0.00291 -0.10675
v -0.02246 -0.00629 -0.07398
v -0.02237 0.02430 -0.02640
v -0.02236 -0.00309 -0.01421
v -0.02235 0.02251 -0.11033
v -0.02233 0.00794 -0.10456
v -0.02227 -0.00680 -0.07872
v -0.02212 0.02332 -0.03828
v -0.02211 0.02867 -0.07747
v -0.02201 0.03155 -0.09591
v -0.02200 0.02761 -0.11065
v -0.02187 -0.00917 -0.09088
v -0.02179 -0.00454 -0.06236
v -0.02169 0.01158 -0.10525
v -0.02148 -0.00394 -0.10759
v -0.02141 -0.01069 -0.10059
v -0.02136 -0.00518 -0.03299
v -0.02131 -0.00390 -0.01455
v -0.02127 0.00213 -0.10725
v -0.02106 -0.00484 -0.01705
v -0.02089 0.02958 -0.09119
v -0.02084 0.02332 -0.01788
v -0.02083 -0.00359 -0.01474
v -0.02081 0.03173 -0.09876
v -0.02080 0.01311 -0.10631
v -0.02076 0.02023 -0.10993
v -0.02073 -0.00590 -0.02804
v -0.02048 0.02901 -0.08002
v -0.02047 -0.00453 -0.01506
v -0.02041 -0.00566 -0.04507
v -0.02016 0.00016 -0.10757
v -0.02011 -0.00701 -0.06949
v -0.01993 -0.00466 -0.01513
v -0.01986 0.02618 -0.02683
v -0.01984 0.02887 -0.07382
v -0.01984 -0.00618 -0.03981
v -0.01983 -0.00654 -0.02312
v -0.01975 -0.00853 -0.08666
v -0.01970 0.01884 -0.10966
v -0.01969 -0.01062 -0.09757
v -0.01967 0.02787 -0.11013
v -0.01951 0.00792 -0.10631
v -0.01950 -0.00507 -0.01541
v -0.01947 0.00020 -0.01486
v -0.01945 0.02724 -0.05192
v -0.01940 0.02898 -0.08577
v -0.01939 0.03186 -0.10185
v -0.01938 0.00107 -0.10735
v -0.01937 0.02733 -0.05558
v -0.01931 0.02584 -0.02284
v -0.01929 -0.00636 -0.03480
v -0.01928 0.02780 -0.06882
v -0.01928 0.01623 -0.10843
v -0.01921 0.02665 -0.04606
v -0.01918 0.02512 -0.01771
v -0.01914 0.02705 -0.05858
v -0.01911 -0.00672 -0.01915
v -0.01911 0.03191 -0.09657
v -0.01902 -0.00708 -0.10439
v -0.01901 0.02594 -0.04091
v -0.01894 -0.00785 -0.08147
v -0.01891 0.02708 -0.06324
v -0.01889 -0.00537 -0.01541
v -0.01887 0.02573 -0.03823
v -0.01875 0.01760 -0.10949
v -0.01873 0.00615 -0.10688
v -0.01869 -0.00148 -0.10806
v -0.01858 -0.00532 -0.10585
v -0.01857 0.02723 -0.11007
v -0.01842 0.00432 -0.10743
v -0.01838 0.02886 -0.10952
v -0.01822 -0.00688 -0.04718
v -0.01818 -0.00672 -0.05595
v -0.01818 0.03046 -0.09113
v -0.01803 0.02957 -0.07582
v -0.01801 0.01657 -0.10933
v -0.01791 -0.00691 -0.03006
v -0.01790 -0.00990 -0.09342
v -0.01780 -0.00604 -0.01616
v -0.01779 0.01202 -0.01685
v -0.01777 -0.00093 -0.10733
v -0.01775 -0.00575 -0.01618
v -0.01740 0.02965 -0.08789
v -0.01725 0.02605 -0.01770
v -0.01721 0.03146 -0.09828
v -0.01721 0.02161 -0.10885
v -0.01716 0.03102 -0.10260
v -0.01716 0.01529 -0.10903
v -0.01709 -0.00874 -0.07594
v -0.01706 0.02775 -0.02584
v -0.01701 -0.00826 -0.06451
v -0.01692 0.01172 -0.10789
v -0.01689 0.02964 -0.10499
v -0.01681 -0.00448 -0.10550
v -0.01679 -0.00737 -0.04049
v -0.01657 0.00106 -0.10639
v -0.01648 0.00783 -0.10754
v -0.01641 -0.00736 -0.05229
v -0.01641 -0.00774 -0.02347
v -0.01640 -0.00672 -0.01706
v -0.01616 -0.00159 -0.01584
v -0.01612 0.01398 -0.10883
v -0.01601 -0.00944 -0.09492
v -0.01575 0.02893 -0.10963
v -0.01564 0.02808 -0.10926
v -0.01557 -0.00993 -0.07109
v -0.01533 -0.00851 -0.05962
v -0.01522 -0.00127 -0.10554
v -0.01518 0.00314 -0.01564
v -0.01515 -0.00745 -0.01777
v -0.01514 -0.00883 -0.08251
v -0.01511 0.02829 -0.02300
v -0.01504 0.02862 -0.05269
v -0.01495 0.02855 -0.02811
v -0.01481 0.03039 -0.06902
v -0.01477 -0.01006 -0.07766
v -0.01477 -0.00857 -0.02982
v -0.01466 0.02907 -0.10933
v -0.01460 0.02900 -0.05731
v -0.01452 0.02584 -0.10806
v -0.01449 -0.00966 -0.09161
v -0.01443 0.01173 -0.10844
v -0.01441 0.02842 -0.10824
v -0.01440 0.03030 -0.07440
v -0.01440 0.02914 -0.10794
v -0.01432 0.02840 -0.04049
v -0.01431 0.02977 -0.06299
v -0.01425 0.02763 -0.01787
v -0.01420 0.02842 -0.03491
v -0.01412 0.00671 -0.01624
v -0.01405 -0.00438 -0.10437
v -0.01401 -0.00773 -0.01766
v -0.01397 0.03007 -0.08669
v -0.01385 -0.01037 -0.06583
v -0.01374 0.00285 -0.10682
v -0.01369 0.03072 -0.09263
v -0.01364 0.02918 -0.02461
v -0.01362 -0.01149 -0.07382
v -0.01352 0.02927 -0.10664
v -0.01346 -0.00932 -0.08847
v -0.01337 0.02365 -0.10727
v -0.01335 -0.01135 -0.06982
v -0.01333 0.01015 -0.10818
v -0.01332 0.03019 -0.08093
v -0.01322 0.02885 -0.04651
v -0.01322 -0.00769 -0.04621
v -0.01320 0.03085 -0.07131
v -0.01315 -0.00808 -0.04175
v -0.01308 0.02953 -0.10391
v -0.01298 -0.00649 -0.09936
v -0.01286 -0.00790 -0.01733
v -0.01262 0.02907 -0.03707
v -0.01240 -0.00433 -0.10432
v -0.01238 -0.00845 -0.09386
v -0.01233 0.02924 -0.10507
v -0.01217 -0.00938 -0.02484
v -0.01215 0.03077 -0.06919
v -0.01188 -0.00876 -0.05410
v -0.01186 0.02947 -0.02121
v -0.01179 0.03034 -0.09828
v -0.01178 -0.00360 -0.01656
v -0.01176 0.00218 -0.01580
v -0.01168 -0.00936 -0.03655
v -0.01159 0.02935 -0.10400
v -0.01158 -0.00896 -0.02042
v -0.01153 0.01616 -0.10648
v -0.01132 0.03157 -0.06699
v -0.01127 -0.00678 -0.01698
v -0.01126 -0.00828 -0.01698
v -0.01102 0.02885 -0.01816
v -0.01096 -0.00836 -0.05003
v -0.01096 0.00669 -0.10763
v -0.01068 0.01039 -0.10734
v -0.01067 0.01979 -0.10546
v -0.01067 -0.00922 -0.08940
v -0.01062 -0.01033 -0.03184
v -0.01054 0.03053 -0.07880
v -0.01046 -0.01173 -0.07263
v -0.01041 0.02998 -0.03329
v -0.01036 -0.00406 -0.10456
v -0.01017 -0.01098 -0.07767
v -0.01014 0.03148 -0.06387
v -0.00999 0.02902 -0.10271
v -0.00985 0.02941 -0.10262
v -0.00982 0.00070 -0.01565
v -0.00980 -0.01057 -0.02744
v -0.00977 -0.00852 -0.01753
v -0.00971 0.03024 -0.02329
v -0.00959 -0.00993 -0.05813
v -0.00949 0.01902 -0.10455
v -0.00934 -0.00744 -0.01741
v -0.00929 0.02216 -0.10363
v -0.00928 -0.00585 -0.01710
v -0.00921 -0.00874 -0.01840
v -0.00914 -0.00846 -0.04230
v -0.00892 0.02949 -0.10180
v -0.00886 0.03065 -0.02951
v -0.00885 -0.01008 -0.02391
v -0.00884 -0.01002 -0.08442
v -0.00878 0.02912 -0.01852
v -0.00871 0.02709 -0.10202
v -0.00870 -0.01183 -0.06753
v -0.00864 0.03124 -0.06965
v -0.00855 -0.00388 -0.10452
v -0.00819 0.03012 -0.03509
v -0.00814 0.02948 -0.04102
v -0.00814 0.02971 -0.10095
v -0.00799 0.02984 -0.05317
v -0.00790 0.03078 -0.05841
v -0.00779 0.02937 -0.04777
v -0.00777 0.03077 -0.09356
v -0.00771 -0.00203 -0.10555
v -0.00770 -0.00370 -0.10499
v -0.00767 -0.00949 -0.03753
v -0.00761 0.02558 -0.01763
v -0.00759 -0.01098 -0.08000
v -0.00755 -0.00880 -0.01845
v -0.00751 -0.01166 -0.06426
v -0.00738 -0.00224 -0.01520
v -0.00734 -0.00507 -0.10010
v -0.00732 0.03028 -0.08180
v -0.00720 0.03005 -0.09906
v -0.00714 0.00162 -0.10674
v -0.00698 -0.00359 -0.10578
v -0.00696 0.03165 -0.06417
v -0.00690 -0.00595 -0.01615
v -0.00688 -0.00682 -0.01631
v -0.00673 0.03087 -0.03195
v -0.00665 -0.01081 -0.06051
v -0.00661 0.02920 -0.01887
v -0.00658 -0.00839 -0.01666
v -0.00639 -0.01125 -0.07637
v -0.00638 -0.00693 -0.09487
v -0.00631 0.02291 -0.01717
v -0.00624 0.00670 -0.10673
v -0.00614 0.03049 -0.08679
v -0.00612 -0.00810 -0.04328
v -0.00611 -0.00802 -0.01519
v -0.00605 0.03064 -0.03024
v -0.00598 0.02824 -0.01841
v -0.00595 0.02721 -0.10124
v -0.00582 0.03012 -0.09841
v -0.00569 0.03139 -0.06011
v -0.00567 -0.01005 -0.03215
v -0.00563 -0.00351 -0.10628
v -0.00552 0.03124 -0.02825
v -0.00547 0.01277 -0.10582
v -0.00543 -0.00988 -0.02390
v -0.00527 0.02582 -0.01707
v -0.00516 -0.00986 -0.05589
v -0.00516 0.03072 -0.07354
v -0.00490 0.03072 -0.02427
v -0.00485 0.03064 -0.05633
v -0.00484 -0.00588 -0.01484
v -0.00452 -0.00382 -0.10299
v -0.00447 -0.00224 -0.10610
v -0.00441 -0.00334 -0.10610
v -0.00438 -0.01053 -0.07875
v -0.00437 -0.01051 -0.07222
v -0.00435 0.00493 -0.01525
v -0.00427 0.02443 -0.10197
v -0.00424 -0.00775 -0.01477
v -0.00419 0.02822 -0.01775
v -0.00409 0.00003 -0.01435
v -0.00403 -0.01085 -0.06213
v -0.00398 0.02972 -0.03811
v -0.00396 0.03053 -0.09752
v -0.00393 -0.00843 -0.04783
v -0.00376 -0.00847 -0.03746
v -0.00368 0.02925 -0.01932
v -0.00333 0.03011 -0.08104
v -0.00328 -0.00363 -0.01422
v -0.00324 0.03081 -0.05939
v -0.00316 0.02808 -0.01680
v -0.00309 0.02725 -0.01624
v -0.00307 0.02963 -0.04911
v -0.00305 -0.00315 -0.10593
v -0.00301 0.02605 -0.01619
v -0.00292 -0.00888 -0.01887
v -0.00287 -0.00298 -0.10595
v -0.00283 0.03062 -0.03100
v -0.00281 -0.00982 -0.07522
v -0.00276 -0.00303 -0.10576
v -0.00273 -0.00307 -0.10578
v -0.00270 0.02863 -0.01717
v -0.00268 -0.00954 -0.03081
v -0.00262 0.03110 -0.09464
v -0.00256 -0.00745 -0.01423
v -0.00253 -0.00319 -0.10534
v -0.00232 0.02919 -0.04239
v -0.00220 0.02811 -0.01481
v -0.00215 -0.01041 -0.05858
v -0.00209 -0.00822 -0.08991
v -0.00208 0.02949 -0.09749
v -0.00198 0.03050 -0.03121
v -0.00195 0.01682 -0.01606
v -0.00174 -0.00276 -0.10571
v -0.00168 -0.00681 -0.01318
v -0.00161 0.02798 -0.01455
v -0.00156 0.03100 -0.07142
v -0.00149 -0.00371 -0.10100
v -0.00136 0.02500 -0.01571
v -0.00132 -0.00381 -0.01262
v -0.00132 0.00015 -0.10640
v -0.00123 -0.00640 -0.01186
v -0.00112 0.03085 -0.08930
v -0.00106 -0.00762 -0.04386
v -0.00104 -0.00932 -0.08585
v -0.00101 -0.00621 -0.01104
v -0.00101 -0.00913 -0.07207
v -0.00076 0.00575 -0.10654
v -0.00067 0.03067 -0.07695
v -0.00057 -0.00507 -0.01156
v -0.00036 -0.00224 -0.10612
v -0.00036 -0.00514 -0.09599
v -0.00033 0.02776 -0.01485
v -0.00022 0.00176 -0.01320
v -0.00010 -0.00573 -0.01060
v -0.00006 0.03098 -0.06592
v 0.00001 -0.00799 -0.04872
v 0.00008 0.03000 -0.08400
v 0.00029 0.02968 -0.05525
v 0.00031 -0.00775 -0.01747
v 0.00040 0.02891 -0.09706
v 0.00041 0.02400 -0.10045
v 0.00043 0.02925 -0.03813
v 0.00054 -0.00986 -0.08008
v 0.00062 -0.00198 -0.10633
v 0.00068 0.02741 -0.01497
v 0.00074 0.03000 -0.03393
v 0.00094 -0.00888 -0.06817
v 0.00102 -0.00887 -0.05577
v 0.00114 -0.00508 -0.01022
v 0.00138 -0.00886 -0.02859
v 0.00140 0.03010 -0.09544
v 0.00145 0.01730 -0.10342
v 0.00170 0.03005 -0.03021
v 0.00207 0.02870 -0.04371
v 0.00210 -0.00935 -0.07490
v 0.00211 0.02748 -0.01553
v 0.00214 -0.00336 -0.01102
v 0.00214 0.03112 -0.07537
v 0.00236 0.02505 -0.01485
v 0.00242 0.02858 -0.09664
v 0.00242 0.02929 -0.02663
v 0.00243 -0.00129 -0.10688
v 0.00252 0.03042 -0.09021
v 0.00254 0.02849 -0.03904
v 0.00257 -0.00435 -0.00990
v 0.00283 0.03105 -0.07256
v 0.00284 0.02921 -0.09651
v 0.00290 -0.00682 -0.04230
v 0.00292 -0.00838 -0.06446
v 0.00296 -0.00863 -0.07051
v 0.00300 -0.00824 -0.02515
v 0.00301 0.02785 -0.02024
v 0.00303 -0.00153 -0.10071
v 0.00334 -0.00936 -0.08162
v 0.00334 0.01119 -0.01487
v 0.00335 0.02889 -0.03735
v 0.00354 -0.00569 -0.01512
v 0.00359 0.02893 -0.05409
v 0.00359 0.02914 -0.03272
v 0.00378 0.01622 -0.01497
v 0.00380 -0.00071 -0.10721
v 0.00388 0.02846 -0.09739
v 0.00392 0.02292 -0.01470
v 0.00392 0.02969 -0.06136
v 0.00396 0.03050 -0.06722
v 0.00404 0.03020 -0.07833
v 0.00409 0.02973 -0.08329
v 0.00419 0.02690 -0.01619
v 0.00443 0.02630 -0.09802
v 0.00447 0.02907 -0.09354
v 0.00469 -0.00620 -0.04459
v 0.00481 0.02778 -0.04523
v 0.00485 -0.00982 -0.07752
v 0.00486 0.02428 -0.01528
v 0.00513 -0.00641 -0.05116
v 0.00520 -0.00756 -0.02782
v 0.00524 0.02759 -0.09794
v 0.00528 0.02826 -0.05686
v 0.00533 -0.00666 -0.02336
v 0.00553 -0.00650 -0.05631
v 0.00554 0.00504 -0.10637
v 0.00558 0.02737 -0.04007
v 0.00574 0.02883 -0.08567
v 0.00580 0.00127 -0.01141
v 0.00582 -0.00759 -0.03384
v 0.00586 -0.00680 -0.06340
v 0.00606 -0.00577 -0.08624
v 0.00611 0.00105 -0.10711
v 0.00636 -0.00639 -0.03977
v 0.00640 0.02967 -0.07369
v 0.00641 0.02711 -0.09789
v 0.00646 -0.00736 -0.06914
v 0.00668 -0.00848 -0.07753
v 0.00669 0.02564 -0.01705
v 0.00680 -0.00088 -0.01003
v 0.00696 0.00555 -0.01265
v 0.00709 0.02676 -0.02431
v 0.00709 0.02010 -0.10171
v 0.00720 0.02662 -0.05208
v 0.00730 -0.00005 -0.01033
v 0.00747 -0.00192 -0.01361
v 0.00747 -0.00753 -0.07544
v 0.00749 0.01960 -0.01429
v 0.00750 -0.00635 -0.06581
v 0.00761 0.00204 -0.10097
v 0.00768 -0.00697 -0.03590
v 0.00771 0.02212 -0.01474
v 0.00774 0.00214 -0.10708
v 0.00778 0.00834 -0.10535
v 0.00783 -0.00674 -0.08006
v 0.00811 0.00098 -0.01042
v 0.00814 0.02407 -0.01596
v 0.00826 -0.00251 -0.01699
v 0.00827 -0.00483 -0.05366
v 0.00834 0.01241 -0.10427
v 0.00839 -0.00663 -0.07629
v 0.00840 0.00299 -0.10674
v 0.00843 0.00050 -0.09527
v 0.00846 0.02484 -0.01781
v 0.00852 0.02611 -0.03474
v 0.00868 0.02765 -0.08081
v 0.00877 0.02512 -0.04682
v 0.00877 0.00303 -0.01171
v 0.00885 0.02869 -0.06887
v 0.00896 0.02671 -0.09290
v 0.00898 0.00203 -0.01121
v 0.00911 0.00402 -0.10619
v 0.00920 0.02324 -0.01510
v 0.00920 -0.00323 -0.02214
v 0.00920 -0.00496 -0.06568
v 0.00930 -0.00597 -0.07805
v 0.00947 -0.00291 -0.05111
v 0.00955 -0.00304 -0.04529
v 0.00958 0.00462 -0.01234
v 0.00959 -0.00559 -0.03583
v 0.00976 0.00266 -0.01312
v 0.00978 0.02251 -0.01435
v 0.00981 -0.00339 -0.06266
v 0.00982 -0.00297 -0.05585
v 0.01000 0.02428 -0.09941
v 0.01002 -0.00399 -0.02757
v 0.01005 0.02172 -0.01388
v 0.01014 0.00545 -0.10589
v 0.01022 -0.00431 -0.07894
v 0.01030 0.00508 -0.01257
v 0.01033 0.00268 -0.01469
v 0.01037 -0.00006 -0.01753
v 0.01039 0.00610 -0.01204
v 0.01040 -0.00385 -0.03901
v 0.01050 0.01404 -0.01362
v 0.01054 -0.00170 -0.08584
v 0.01055 0.02394 -0.04167
v 0.01059 -0.00452 -0.03386
v 0.01062 0.01721 -0.01448
v 0.01066 0.00821 -0.01223
v 0.01073 0.02534 -0.05882
v 0.01076 0.00767 -0.01193
v 0.01079 0.00548 -0.10040
v 0.01083 0.02465 -0.02959
v 0.01097 -0.00238 -0.02490
v 0.01102 0.00662 -0.10569
v 0.01103 -0.00393 -0.07442
v 0.01108 0.02645 -0.07559
v 0.01113 0.00879 -0.01222
v 0.01117 0.02438 -0.02422
v 0.01125 0.02698 -0.07184
v 0.01126 0.02332 -0.05383
v 0.01128 0.00690 -0.10519
v 0.01129 0.01766 -0.10261
v 0.01138 0.00761 -0.10561
v 0.01141 0.02727 -0.06746
v 0.01156 0.01001 -0.01249
v 0.01181 0.02572 -0.08775
v 0.01188 0.00145 -0.02095
v 0.01188 0.01172 -0.10507
v 0.01193 0.01008 -0.10576
v 0.01196 0.01360 -0.10412
v 0.01200 0.00872 -0.10594
v 0.01205 0.01184 -0.01271
v 0.01207 0.01681 -0.01304
v 0.01209 -0.00270 -0.03684
v 0.01210 0.00976 -0.10575
v 0.01212 0.01620 -0.01260
v 0.01214 0.00966 -0.10501
v 0.01215 0.01767 -0.01418
v 0.01217 0.02144 -0.04888
v 0.01217 0.00786 -0.09992
v 0.01220 0.01859 -0.01481
v 0.01221 0.00014 -0.02579
v 0.01225 0.00947 -0.10588
v 0.01229 -0.00088 -0.02861
v 0.01231 0.01045 -0.10549
v 0.01234 0.01011 -0.10266
v 0.01234 0.02303 -0.09515
v 0.01235 0.01273 -0.01302
v 0.01252 0.01011 -0.10566
v 0.01254 0.01010 -0.10605
v 0.01260 0.01608 -0.10337
v 0.01260 0.01073 -0.10547
v 0.01262 0.01428 -0.01299
v 0.01263 0.02288 -0.03677
v 0.01269 0.02180 -0.02045
v 0.01269 0.00149 -0.05563
v 0.01274 0.00088 -0.02649
v 0.01274 0.00222 -0.08974
v 0.01279 0.01428 -0.01319
v 0.01286 0.02564 -0.07078
v 0.01291 0.01158 -0.10525
v 0.01295 0.01259 -0.10413
v 0.01301 0.02325 -0.02845
v 0.01302 0.01863 -0.10232
v 0.01303 0.01939 -0.10175
v 0.01304 0.01590 -0.10329
v 0.01308 0.02502 -0.06380
v 0.01309 0.01487 -0.10365
v 0.01310 0.01099 -0.01622
v 0.01315 0.01644 -0.10283
v 0.01317 0.01533 -0.10289
v 0.01318 0.01569 -0.10340
v 0.01322 0.00081 -0.03295
v 0.01323 0.00148 -0.05014
v 0.01331 0.01733 -0.10327
v 0.01335 0.00793 -0.01930
v 0.01341 0.01591 -0.10373
v 0.01341 -0.00022 -0.03750
v 0.01349 0.00481 -0.02224
v 0.01356 0.00095 -0.06780
v 0.01360 0.00216 -0.06162
v 0.01368 0.02004 -0.04385
v 0.01375 0.02220 -0.03149
v 0.01378 0.02186 -0.02243
v 0.01378 0.00041 -0.04476
v 0.01382 0.01828 -0.09663
v 0.01387 0.01422 -0.01711
v 0.01392 0.00309 -0.03048
v 0.01394 0.01474 -0.09839
v 0.01397 0.00185 -0.08513
v 0.01398 -0.00015 -0.04055
v 0.01403 0.00428 -0.09004
v 0.01413 0.02416 -0.08692
v 0.01422 0.00566 -0.02537
v 0.01425 0.02232 -0.08970
v 0.01434 0.00417 -0.03410
v 0.01444 0.01002 -0.09339
v 0.01452 0.00081 -0.07959
v 0.01462 0.01949 -0.05574
v 0.01463 0.02337 -0.08292
v 0.01464 0.02235 -0.06179
v 0.01468 0.01198 -0.02011
v 0.01468 0.02315 -0.07767
v 0.01491 0.00539 -0.05331
v 0.01493 0.01713 -0.05092
v 0.01493 0.02092 -0.03598
v 0.01494 0.00714 -0.03112
v 0.01496 0.00919 -0.02465
v 0.01506 0.01916 -0.03870
v 0.01507 0.00542 -0.08696
v 0.01520 0.01998 -0.02346
v 0.01529 0.01729 -0.02205
v 0.01545 0.01884 -0.02516
v 0.01553 0.01273 -0.02342
v 0.01555 0.01734 -0.02316
v 0.01555 0.00996 -0.02786
v 0.01556 0.01969 -0.02724
v 0.01586 0.00517 -0.03842
v 0.01587 0.00695 -0.06045
v 0.01587 0.01898 -0.03243
v 0.01593 0.01240 -0.08928
v 0.01593 0.00772 -0.05474
v 0.01597 0.01647 -0.02835
v 0.01601 0.01647 -0.03410
v 0.01602 0.00861 -0.08872
v 0.01604 0.01508 -0.04561
v 0.01613 0.01450 -0.02882
v 0.01622 0.02113 -0.07240
v 0.01627 0.00194 -0.04233
v 0.01628 0.01865 -0.02995
v 0.01637 0.01481 -0.08722
v 0.01645 0.01136 -0.03608
v 0.01649 0.01760 -0.02652
v 0.01656 0.01190 -0.05352
v 0.01660 0.00649 -0.06653
v 0.01660 0.01491 -0.05785
v 0.01661 0.02054 -0.06728
v 0.01665 0.01994 -0.06358
v 0.01666 0.01342 -0.04076
v 0.01671 0.00481 -0.08445
v 0.01686 0.00395 -0.07475
v 0.01692 0.00940 -0.05286
v 0.01697 0.01795 -0.08035
v 0.01700 0.01996 -0.07555
v 0.01707 0.01089 -0.05849
v 0.01708 0.01764 -0.06272
v 0.01714 0.00851 -0.06412
v 0.01732 0.00537 -0.04983
v 0.01743 0.00853 -0.05078
v 0.01748 0.01885 -0.07151
v 0.01765 0.00580 -0.04145
v 0.01768 0.00599 -0.08431
v 0.01773 0.01751 -0.07408
v 0.01781 0.01087 -0.08634
v 0.01781 0.01729 -0.06801
v 0.01781 0.00631 -0.07296
v 0.01787 0.00354 -0.04493
v 0.01789 0.01174 -0.06496
v 0.01790 0.00366 -0.04435
v 0.01796 0.01027 -0.04824
v 0.01827 0.00967 -0.06776
v 0.01835 0.01352 -0.08194
v 0.01837 0.00550 -0.07819
v 0.01849 0.00882 -0.04274
v 0.01857 0.00892 -0.07477
v 0.01889 0.01026 -0.07213
v 0.01908 0.00959 -0.07706
v 0.01917 0.00922 -0.07605
v 0.01922 0.00754 -0.07546
v 0.01923 0.01053 -0.07708
v 0.01929 0.00762 -0.04414
v 0.01932 0.00642 -0.04852
v 0.01935 0.00954 -0.08320
v 0.01963 0.00528 -0.04546
v 0.01967 0.00707 -0.04838
v 0.01985 0.00834 -0.07914
v 0.02023 0.00609 -0.04565
vn -0.7980 0.5637 0.2130
vn -0.8771 -0.4478 0.1737
vn -0.8356 0.2788 -0.4733
vn -0.7364 -0.6563 -0.1645
vn -0.9342 0.3263 -0.1443
vn -0.9735 -0.0483 0.2234
vn -0.7801 -0.6094 -0.1418
vn -0.9180 -0.1165 0.3790
vn -0.1806 -0.2708 -0.9455
vn -0.5643 -0.3377 -0.7534
vn -0.8073 0.5432 0.2307
vn -0.0773 0.7780 -0.6234
vn -0.6899 -0.6799 0.2484
vn -0.8958 0.0354 0.4431
vn -0.6001 0.7729 0.2061
vn -0.7802 0.6200 -0.0826
vn -0.0028 -0.8305 -0.5571
vn -0.4188 0.8280 -0.3728
vn -0.7552 0.3957 0.5225
vn -0.6381 0.7654 0.0835
vn 0.2712 0.8076 -0.5236
vn -0.7080 -0.4893 0.5094
vn -0.3721 -0.9243 -0.0846
vn -0.7474 0.6220 0.2335
vn -0.1772 -0.6055 0.7759
vn -0.6261 -0.7478 0.2208
vn 0.0646 -0.2512 -0.9658
vn 0.3222 0.7600 -0.5644
vn 0.2795 -0.6845 -0.6733
vn -0.3330 -0.8792 -0.3406
vn 0.1527 0.7272 -0.6692
vn 0.0398 0.3919 -0.9192
vn -0.6361 -0.2548 0.7283
vn -0.8363 0.2562 0.4847
vn -0.5157 0.8567 0.0107
vn -0.3991 -0.7698 0.4980
vn -0.7924 0.5586 0.2449
vn 0.6299 0.0501 -0.7751
vn -0.7873 -0.2099 0.5798
vn 0.2293 -0.9457 -0.2306
vn 0.1400 0.7926 -0.5935
vn -0.8030 -0.5329 0.2670
vn 0.2977 -0.6939 -0.6557
vn -0.4501 0.7587 0.4710
vn -0.1345 -0.9783 0.1574
vn 0.4672 -0.7233 -0.5086
vn 0.4111 -0.2312 -0.8818
vn -0.8690 -0.3717 0.3264
vn -0.7570 0.6534 -0.0020
vn 0.4702 0.4620 -0.7520
vn -0.8412 0.2387 0.4851
vn -0.6171 -0.7536 -0.2265
vn -0.0444 -0.9797 0.1957
vn 0.6218 -0.6006 -0.5027
vn 0.2039 0.9000 -0.3852
vn -0.2654 0.9561 0.1239
vn 0.2710 0.7615 -0.5887
vn -0.0109 0.9833 -0.1818
vn 0.5890 0.6568 -0.4709
vn -0.4714 0.8819 0.0039
vn -0.6484 -0.6176 0.4452
vn -0.8105 -0.5797 0.0844
vn -0.9879 -0.1050 0.1144
vn -0.9992 0.0195 -0.0341
vn -0.3238 -0.2178 -0.9207
vn -0.4960 0.8095 -0.3142
vn -0.8839 0.4530 0.1160
vn -0.1999 -0.8943 0.4003
vn -0.8801 0.1904 0.4349
vn -0.7232 0.6734 -0.1535
vn -0.8928 0.4465 -0.0592
vn -0.7866 -0.1299 0.6036
vn 0.5081 -0.6362 -0.5807
vn -0.9418 0.0808 0.3264
vn -0.3857 0.8572 0.3412
vn -0.7752 0.2061 0.5971
vn 0.3875 0.8193 -0.4227
vn -0.9745 -0.0722 0.2124
vn -0.9851 0.1494 -0.0854
vn -0.9193 0.3927 -0.0250
vn -0.9623 0.2374 -0.1325
vn -0.6436 -0.6655 0.3779
vn 0.4413 0.6385 -0.6306
vn -0.6409 -0.6415 -0.4215
vn -0.6174 -0.6501 0.4430
vn -0.8830 -0.4644 -0.0687
vn -0.8755 -0.4340 0.2124
vn -0.0914 0.6276 0.7731
vn -0.9509 0.1644 0.2623
vn -0.9123 0.2984 0.2806
vn -0.9512 -0.2961 -0.0867
vn -0.9836 0.1459 -0.1063
vn 0.0472 0.9664 -0.2526
vn 0.3973 -0.3793 -0.8356
vn -0.9311 -0.1968 -0.3071
vn -0.8897 0.2791 0.3614
vn 0.3847 0.6127 -0.6903
vn -0.6372 -0.0566 0.7686
vn -0.2614 -0.8235 0.5036
vn -0.4607 0.0641 -0.8852
vn -0.7557 -0.4963 0.4273
vn -0.8909 -0.4110 0.1933
vn -0.7566 -0.6530 -0.0339
vn -0.5379 0.7196 0.4391
vn -0.8466 -0.5266 -0.0767
vn -0.9797 0.0335 -0.1978
vn -0.8522 -0.0814 0.5168
vn -0.8813 0.4644 -0.0874
vn -0.8723 -0.4696 0.1364
vn -0.9978 0.0626 0.0198
vn -0.7839 -0.1444 0.6039
vn 0.6736 -0.3359 -0.6584
vn -0.5114 0.6541 0.5573
vn 0.4712 -0.8348 -0.2846
vn -0.3003 0.9492 -0.0938
vn -0.9983 -0.0177 0.0553
vn -0.9154 -0.3891 -0.1031
vn -0.9726 0.1714 0.1570
vn -0.8029 0.3405 0.4893
vn -0.9806 -0.1580 0.1157
vn 0.2373 0.1535 0.9592
vn -0.6357 0.1847 0.7495
vn -0.9192 0.3934 0.0190
vn -0.8528 0.3319 0.4032
vn -0.9652 0.1731 -0.1963
vn -0.0582 0.5500 -0.8332
vn -0.3510 -0.3992 -0.8470
vn -0.7615 -0.6352 0.1289
vn 0.3885 0.1113 0.9147
vn -0.9838 0.1397 -0.1127
vn -0.4355 0.2727 0.8579
vn -0.8493 0.1861 -0.4940
vn -0.9007 0.4169 -0.1218
vn -0.9485 0.0071 0.3168
vn 0.3248 0.9091 -0.2610
vn -0.7581 -0.5183 0.3958
vn -0.9392 0.3287 -0.0988
vn 0.1244 0.3100 0.9426
vn -0.8075 0.5872 -0.0559
vn -0.7824 -0.5156 0.3492
vn -0.4705 0.4698 0.7469
vn -0.9514 -0.2761 0.1366
vn -0.4588 -0.8090 -0.3675
vn -0.9058 0.4232 -0.0220
vn -0.7945 -0.5975 -0.1087
vn -0.9565 -0.2592 0.1339
vn -0.9754 0.1450 -0.1662
vn -0.5390 0.7063 0.4589
vn -0.9990 0.0106 -0.0436
vn -0.9849 -0.0987 0.1420
vn -0.9903 -0.0975 -0.0995
vn -0.8042 0.5149 -0.2969
vn -0.7669 -0.6396 -0.0530
vn -0.8972 -0.0415 0.4397
vn -0.9986 0.0091 -0.0526
vn -0.8519 -0.4483 -0.2706
vn -0.9902 -0.1239 0.0645
vn -0.9316 -0.3563 -0.0721
vn -0.8301 -0.4370 0.3464
vn -0.9821 0.1884 -0.0022
vn -0.9838 0.1781 0.0178
vn -0.9948 0.0954 -0.0348
vn -0.4625 0.7933 -0.3958
vn 0.0422 0.0944 0.9946
vn 0.2491 0.1983 0.9480
vn -0.9982 -0.0313 0.0514
vn -0.9906 0.0959 0.0979
vn -0.9441 -0.3192 -0.0824
vn -0.6346 -0.7621 0.1283
vn -0.8909 0.4525 -0.0405
vn -0.9670 -0.2341 -0.1002
vn -0.4870 -0.7127 -0.5049
vn -0.9154 0.4014 -0.0306
vn -0.6352 0.7073 0.3104
vn -0.9217 0.3171 0.2236
vn -0.9994 0.0244 0.0229
vn -0.9858 0.1612 0.0479
vn -0.9918 0.1275 0.0104
vn -0.8634 -0.5046 -0.0023
vn 0.1850 0.2302 -0.9554
vn 0.2209 0.9740 0.0493
vn -0.9932 0.1166 0.0018
vn -0.9378 -0.3472 0.0028
vn -0.3079 0.9445 -0.1141
vn 0.5712 0.4213 -0.7044
vn -0.3741 0.9273 0.0085
vn -0.4910 0.8565 -0.1591
vn -0.9514 0.3008 0.0655
vn -0.9983 0.0425 -0.0405
vn -0.9408 0.3360 -0.0439
vn -0.7303 -0.6549 0.1945
vn -0.5000 0.8390 0.2147
vn -0.6007 -0.4150 -0.6833
vn -0.9195 0.3929 -0.0139
vn -0.9982 0.0180 -0.0572
vn -0.9989 0.0410 0.0232
vn -0.9892 -0.1463 0.0137
vn -0.9751 0.2218 0.0023
vn -0.8949 -0.4462 -0.0050
vn -0.8781 -0.4728 0.0738
vn -0.9903 -0.1365 -0.0256
vn -0.5273 -0.8167 0.2346
vn -1.0000 0.0068 -0.0056
vn 0.4604 0.4337 -0.7745
vn -0.9981 -0.0173 -0.0598
vn -0.9969 0.0632 0.0463
vn -0.9904 -0.0070 -0.1378
vn -0.9669 0.2421 -0.0803
vn 0.1461 0.1771 0.9733
vn -0.9857 -0.0488 0.1614
vn 0.0461 -0.9852 0.1649
vn -0.9909 0.0385 0.1289
vn -0.9462 0.3226 -0.0250
vn -0.9665 0.2529 0.0431
vn -0.0430 -0.1573 0.9866
vn -0.9234 -0.3122 -0.2234
vn -0.9692 0.2164 -0.1175
vn 0.6236 -0.6111 -0.4875
vn -0.1107 0.7249 0.6799
vn -0.8862 -0.0648 0.4588
vn -0.8470 -0.5284 -0.0591
vn -0.9819 0.1146 -0.1507
vn -0.4009 0.3742 -0.8362
vn -0.9818 0.1719 0.0802
vn -0.9585 -0.2848 0.0161
vn -0.3821 -0.0667 -0.9217
vn -0.5913 -0.7955 -0.1324
vn -0.6466 -0.2033 0.7352
vn -0.9891 -0.0496 -0.1385
vn -0.9934 0.1026 -0.0512
vn -0.8625 0.3910 0.3214
vn -0.9868 0.1619 -0.0080
vn -0.7315 0.3129 0.6059
vn -0.8687 0.4770 -0.1336
vn -0.9235 0.3616 -0.1280
vn -0.5796 0.7590 0.2966
vn -0.9905 -0.1373 0.0058
vn -0.7527 -0.6567 0.0454
vn -0.9435 0.3145 0.1050
vn -0.9235 -0.2970 -0.2426
vn -0.9399 0.3341 0.0702
vn -0.9951 0.0307 -0.0936
vn -0.9934 0.0342 -0.1098
vn -0.8508 -0.5239 -0.0415
vn -0.8715 0.3752 -0.3157
vn -0.4889 -0.5878 -0.6446
vn -0.8023 -0.5966 -0.0177
vn -0.9569 -0.2602 -0.1290
vn -0.7867 -0.6166 0.0291
vn -0.9109 -0.3735 0.1753
vn -0.9320 -0.2778 -0.2327
vn -0.0885 0.0590 0.9943
vn -0.2577 -0.8989 0.3544
vn -0.1254 0.0236 -0.9918
vn -0.9998 -0.0055 0.0206
vn -0.6543 0.7562 0.0038
vn 0.0632 -0.2808 -0.9577
vn 0.0654 0.9841 0.1650
vn -0.9685 -0.2323 -0.0898
vn -0.6602 -0.7369 0.1453
vn -0.6961 0.7146 -0.0698
vn -0.8367 0.5476 0.0070
vn -0.7520 -0.2061 -0.6261
vn -0.5702 0.4519 0.6861
vn -0.7903 0.6097 -0.0609
vn -0.3136 0.9432 -0.1098
vn -0.7170 0.6833 0.1383
vn -0.4876 -0.8597 0.1523
vn -0.3053 -0.9447 0.1197
vn -0.6604 0.7164 0.2251
vn -0.6388 -0.7570 -0.1376
vn -0.6875 0.7256 0.0313
vn 0.1781 -0.0260 0.9837
vn 0.0838 0.7772 -0.6237
vn 0.1536 0.2175 0.9639
vn -0.9558 -0.2939 -0.0077
vn -0.7987 -0.6017 0.0068
vn -0.9031 -0.3431 -0.2582
vn -0.9610 0.2517 -0.1146
vn -0.8667 0.0434 -0.4969
vn -0.8381 0.5455 0.0045
vn -0.8189 -0.1807 -0.5447
vn -0.0052 -0.9777 0.2101
vn -0.7987 0.5857 0.1381
vn -0.4239 -0.1473 -0.8937
vn 0.4637 0.8636 -0.1980
vn 0.2945 0.4827 -0.8248
vn 0.5889 -0.4999 -0.6351
vn -0.9900 0.0752 -0.1192
vn -0.7901 0.5859 0.1802
vn -0.4725 0.3393 -0.8134
vn -0.6972 -0.7125 0.0789
vn -0.7830 -0.6178 0.0721
vn -0.0147 0.0978 0.9951
vn -0.7559 0.6335 0.1651
vn -0.0634 0.4289 -0.9011
vn -0.6634 0.3494 -0.6617
vn -0.4868 -0.8632 0.1336
vn -0.7300 0.6732 0.1180
vn 0.2115 -0.0392 0.9766
vn -0.0542 -0.2117 -0.9758
vn -0.5777 0.2090 -0.7890
vn -0.3130 -0.9462 0.0820
vn -0.6872 0.7245 -0.0530
vn -0.4337 0.8826 0.1817
vn -0.2450 0.8875 0.3904
vn 0.1059 0.4739 -0.8742
vn -0.3265 -0.9147 0.2383
vn -0.6522 -0.7558 0.0583
vn -0.4964 -0.2164 -0.8407
vn 0.2044 -0.0417 -0.9780
vn 0.4915 -0.8230 -0.2848
vn -0.7284 -0.6851 0.0041
vn -0.5152 -0.7893 0.3339
vn -0.2690 0.1777 -0.9466
vn -0.7091 -0.6943 0.1233
vn -0.3756 0.8605 0.3442
vn -0.0476 0.0674 0.9966
vn 0.3355 -0.0854 0.9381
vn 0.1614 0.9794 0.1213
vn -0.4411 -0.2419 -0.8643
vn -0.0084 -0.2388 -0.9710
vn -0.6500 -0.7579 -0.0562
vn -0.2229 0.9738 -0.0458
vn -0.3828 -0.8478 0.3670
vn -0.7218 -0.6921 0.0067
vn -0.2490 0.0378 -0.9678
vn -0.5957 -0.7869 0.1609
vn 0.2169 -0.2302 0.9487
vn -0.5576 0.8292 -0.0376
vn -0.3995 0.9051 0.1453
vn -0.5570 -0.8304 -0.0171
vn -0.5109 -0.8596 -0.0056
vn -0.1351 -0.9800 0.1464
vn 0.0774 -0.1069 -0.9913
vn 0.3192 -0.9281 -0.1914
vn 0.2309 -0.0228 -0.9727
vn -0.5059 0.0155 -0.8624
vn 0.2832 -0.1303 0.9502
vn 0.2001 0.0497 0.9785
vn -0.4688 0.8801 0.0752
vn -0.3016 0.9522 0.0490
vn 0.3324 0.9284 -0.1660
vn 0.2019 0.0858 -0.9756
vn -0.4342 0.9005 -0.0234
vn -0.5406 0.8259 0.1602
vn -0.4344 -0.9004 -0.0216
vn -0.5480 0.8124 0.1995
vn -0.5397 -0.3907 -0.7457
vn -0.5353 0.8376 0.1088
vn -0.6014 0.7783 0.1804
vn -0.5144 0.8556 -0.0577
vn -0.4061 -0.8999 0.1589
vn -0.0017 0.9848 0.1737
vn 0.5061 -0.7532 -0.4201
vn -0.6235 0.7772 0.0847
vn -0.2838 -0.9582 0.0369
vn -0.5432 0.8361 0.0764
vn 0.3994 -0.0134 0.9167
vn -0.5269 0.8487 -0.0445
vn 0.2421 -0.0261 -0.9699
vn -0.3933 0.2506 -0.8846
vn 0.0620 -0.1164 -0.9913
vn 0.4413 -0.4412 -0.7814
vn 0.2668 -0.0828 -0.9602
vn -0.0070 -0.1158 -0.9933
vn 0.2362 0.8557 -0.4604
vn -0.3446 -0.9386 -0.0183
vn -0.4796 -0.8775 0.0048
vn -0.1192 0.9684 0.2191
vn -0.2503 0.9670 0.0487
vn 0.4030 0.0213 -0.9150
vn -0.4022 -0.9155 -0.0116
vn 0.0071 -0.9897 0.1429
vn -0.2853 -0.8826 0.3736
vn -0.0450 0.1019 0.9938
vn 0.5327 -0.0330 -0.8457
vn 0.3875 -0.1781 0.9045
vn -0.1534 0.9609 0.2305
vn 0.1453 -0.2234 0.9638
vn 0.2339 0.9694 -0.0741
vn 0.3673 -0.0687 -0.9276
vn 0.2657 0.9334 -0.2411
vn -0.3498 -0.3370 -0.8741
vn -0.4546 -0.8905 -0.0208
vn -0.4278 0.9033 0.0326
vn -0.5638 -0.8164 0.1251
vn -0.3594 -0.2404 -0.9017
vn 0.2315 0.9164 -0.3264
vn 0.4700 -0.2953 -0.8318
vn -0.3120 -0.9496 -0.0303
vn 0.2288 -0.1416 -0.9631
vn -0.3610 -0.0653 -0.9303
vn -0.2338 -0.9714 0.0415
vn -0.3190 -0.9468 0.0430
vn 0.0565 -0.4255 0.9032
vn 0.1921 -0.1438 0.9708
vn 0.2732 0.0286 -0.9615
vn 0.3516 -0.9093 -0.2229
vn 0.0747 0.5932 -0.8016
vn 0.4410 -0.3019 -0.8452
vn -0.5219 -0.8517 0.0469
vn -0.4184 -0.8980 0.1364
vn 0.1021 -0.3018 -0.9479
vn 0.1119 -0.0259 0.9934
vn -0.2697 -0.9518 0.1459
vn -0.1954 -0.9781 -0.0721
vn -0.4293 0.8905 0.1505
vn -0.2048 0.9777 0.0469
vn -0.3927 0.9185 -0.0466
vn -0.3770 0.9219 0.0900
vn -0.3291 -0.9273 -0.1783
vn -0.4203 -0.9070 0.0253
vn 0.7219 0.0195 -0.6917
vn -0.3038 0.9499 0.0740
vn 0.5629 -0.0704 -0.8235
vn 0.0697 -0.9974 0.0203
vn 0.1785 0.0326 -0.9834
vn 0.8081 -0.1169 -0.5774
vn -0.1658 0.9853 -0.0412
vn 0.1352 0.9789 -0.1530
vn -0.3279 0.9447 0.0106
vn -0.4012 0.9051 0.1412
vn -0.2440 0.5368 0.8076
vn -0.3963 0.9172 -0.0414
vn 0.0146 0.1123 0.9936
vn 0.3790 -0.7637 -0.5225
vn -0.0994 -0.4760 0.8738
vn -0.0720 0.9954 0.0625
vn -0.3066 -0.9346 0.1804
vn 0.0020 -0.2519 -0.9678
vn 0.0598 0.9960 0.0660
vn -0.3372 0.9407 0.0373
vn -0.3441 -0.9336 -0.1002
vn 0.4620 0.8029 -0.3767
vn -0.0989 -0.9944 0.0359
vn 0.5353 0.0210 -0.8444
vn -0.3369 -0.9360 0.1016
vn 0.0432 -0.0735 -0.9964
vn -0.1261 0.9914 -0.0352
vn -0.2238 0.9742 0.0295
vn -0.1052 -0.9944 0.0063
vn -0.1382 0.9900 -0.0275
vn -0.1658 -0.9798 -0.1122
vn 0.1467 0.9710 -0.1888
vn 0.2790 -0.8918 -0.3563
vn -0.2888 -0.7967 0.5309
vn -0.2716 0.9624 0.0028
vn 0.0314 -0.7582 -0.6512
vn 0.2260 -0.9233 -0.3105
vn 0.7114 0.1944 -0.6753
vn -0.3546 -0.9320 0.0752
vn -0.1448 0.9844 -0.0995
vn -0.2881 -0.9501 0.1194
vn -0.3262 0.9301 0.1687
vn 0.0966 0.9891 -0.1108
vn -0.0300 -0.1792 0.9833
vn -0.0552 -0.0021 0.9985
vn -0.2541 -0.9597 -0.1198
vn 0.6739 0.3183 -0.6667
vn -0.2245 -0.9601 0.1668
vn 0.4222 0.1577 -0.8927
vn -0.1429 0.9866 -0.0784
vn -0.0311 -0.1074 0.9937
vn -0.0919 -0.7631 0.6397
vn -0.1857 0.8119 0.5534
vn -0.1168 -0.9817 0.1506
vn 0.0888 -0.1100 -0.9900
vn 0.2576 0.1771 -0.9499
vn 0.5716 0.0794 -0.8167
vn 0.1178 -0.9666 -0.2275
vn -0.2252 -0.9708 -0.0831
vn -0.0323 0.9972 -0.0671
vn 0.0566 -0.9975 -0.0417
vn -0.2729 0.9541 -0.1232
vn -0.0009 -0.5413 -0.8408
vn -0.1244 -0.9728 -0.1954
vn -0.2086 0.9704 0.1215
vn 0.6470 0.1493 -0.7477
vn 0.3072 0.8497 -0.4285
vn -0.1930 0.0159 0.9811
vn -0.1021 -0.9941 0.0379
vn 0.0741 -0.9113 0.4050
vn -0.1610 0.9790 0.1250
vn -0.1986 -0.9620 0.1876
vn 0.2440 0.2677 -0.9321
vn 0.2656 -0.2569 0.9292
vn 0.4889 0.2347 -0.8402
vn -0.1727 -0.3386 0.9249
vn 0.0615 -0.9086 0.4131
vn 0.0094 -0.9831 -0.1831
vn 0.3209 0.8181 -0.4773
vn -0.2487 0.9685 -0.0102
vn -0.0807 -0.9782 0.1915
vn -0.0298 -0.9859 -0.1644
vn 0.0384 0.7790 0.6259
vn 0.4261 0.2443 -0.8711
vn 0.0049 -0.9994 0.0343
vn -0.0056 0.9974 -0.0719
vn 0.1348 -0.9097 -0.3929
vn -0.1087 0.9869 -0.1192
vn -0.0708 0.9964 -0.0458
vn 0.2567 0.8653 -0.4305
vn -0.1380 0.9831 0.1205
vn -0.1785 0.9696 0.1676
vn -0.0655 0.9974 0.0312
vn -0.0367 0.9993 0.0040
vn -0.1922 -0.2254 -0.9551
vn 0.0223 -0.9537 -0.3000
vn 0.0794 -0.9786 -0.1898
vn -0.0375 0.2423 0.9695
vn -0.0301 -0.9864 -0.1616
vn -0.0650 -0.9432 0.3259
vn -0.0083 -0.9949 0.1003
vn -0.2736 -0.1677 0.9471
vn 0.1571 -0.9305 -0.3310
vn -0.0100 0.9999 -0.0110
vn 0.0992 0.9658 -0.2395
vn 0.0076 -0.1738 -0.9848
vn -0.4867 -0.2799 -0.8275
vn 0.0437 0.9989 0.0158
vn -0.4395 -0.2575 0.8605
vn -0.6400 -0.2734 0.7181
vn -0.0206 0.9949 -0.0983
vn -0.0168 -0.9798 0.1992
vn 0.0377 0.8400 0.5413
vn -0.2600 -0.9078 0.3290
vn 0.1659 -0.9856 -0.0326
vn 0.1264 -0.9383 -0.3219
vn -0.0962 0.0741 0.9926
vn 0.1332 0.0640 -0.9890
vn 0.0028 0.9969 0.0783
vn 0.0347 -0.9988 -0.0356
vn -0.2642 -0.7430 0.6149
vn -0.0198 0.9953 -0.0951
vn -0.1583 0.5488 0.8208
vn 0.3182 0.4939 -0.8092
vn 0.2896 0.6320 -0.7189
vn 0.0265 0.9879 0.1526
vn 0.1463 -0.9861 -0.0785
vn -0.0289 -0.7766 -0.6293
vn 0.0003 0.9999 -0.0140
vn 0.1537 0.2452 -0.9572
vn 0.1322 -0.9878 0.0819
vn -0.3680 0.2180 0.9039
vn 0.0260 -0.9815 0.1899
vn 0.0043 0.9973 -0.0734
vn 0.1047 0.9841 0.1434
vn 0.0440 0.9909 0.1273
vn -0.3548 -0.0749 0.9319
vn 0.1705 -0.9384 -0.3007
vn -0.0239 -0.1459 -0.9890
vn 0.1832 -0.8771 -0.4439
vn 0.1747 -0.9834 -0.0483
vn 0.2804 -0.9592 -0.0370
vn -0.1530 0.1344 0.9790
vn 0.1882 0.3278 -0.9258
vn -0.1707 -0.5243 0.8343
vn -0.3455 0.5775 0.7396
vn -0.2573 0.0485 0.9651
vn 0.2763 -0.9609 -0.0185
vn 0.0481 0.9919 -0.1179
vn 0.0252 0.9684 -0.2480
vn 0.0070 -0.9915 0.1296
vn 0.1653 -0.9751 -0.1480
vn 0.1470 0.9574 0.2486
vn 0.0096 0.9955 -0.0941
vn -0.4716 0.0081 0.8818
vn 0.1502 0.9826 0.1097
vn -0.6351 0.4929 0.5947
vn -0.6636 0.1706 0.7284
vn 0.0246 0.9952 0.0944
vn 0.1645 -0.8998 -0.4040
vn -0.4130 -0.0729 0.9078
vn 0.1940 -0.9666 0.1674
vn 0.1794 -0.0359 -0.9831
vn 0.1234 0.9902 -0.0659
vn 0.2139 -0.9744 0.0692
vn 0.3304 -0.7804 -0.5308
vn 0.2796 -0.8340 -0.4757
vn 0.1215 0.9713 0.2045
vn 0.1664 -0.9801 -0.1079
vn 0.0830 0.9902 -0.1126
vn 0.1119 -0.8704 0.4794
vn 0.2240 -0.9567 -0.1858
vn 0.0671 0.9977 0.0041
vn -0.7402 0.3309 0.5853
vn 0.2452 -0.9645 0.0977
vn 0.1825 -0.9331 -0.3100
vn 0.3123 0.6533 -0.6897
vn 0.1277 0.9914 -0.0276
vn -0.1229 0.0633 0.9904
vn 0.0265 -0.2552 -0.9665
vn -0.3913 -0.6233 0.6771
vn 0.1179 0.8609 0.4949
vn 0.0181 0.9995 -0.0265
vn 0.3523 -0.9149 -0.1970
vn -0.2209 -0.1782 0.9589
vn -0.5531 0.1623 0.8171
vn -0.0467 -0.0850 -0.9953
vn 0.1669 -0.9514 0.2587
vn 0.0470 0.9973 0.0561
vn 0.1408 -0.9898 0.0228
vn 0.1070 -0.9760 -0.1894
vn -0.7828 0.2613 0.5648
vn 0.1981 -0.9792 0.0436
vn 0.0577 0.1426 -0.9881
vn -0.0088 0.9960 -0.0887
vn -0.6507 0.4028 0.6437
vn -0.1947 -0.2107 -0.9580
vn 0.3950 -0.8512 -0.3455
vn 0.2804 0.5547 0.7834
vn -0.3151 0.2405 0.9181
vn 0.2651 -0.8859 0.3805
vn 0.1090 0.9935 0.0313
vn 0.2335 -0.9655 0.1155
vn 0.0829 0.9963 0.0206
vn 0.1962 0.9769 0.0847
vn 0.3327 -0.9198 0.2078
vn 0.2228 0.5914 -0.7750
vn 0.2294 0.5002 -0.8350
vn 0.1441 0.9828 -0.1153
vn 0.0873 -0.9961 -0.0137
vn 0.2932 -0.9332 -0.2080
vn 0.0073 -0.0930 0.9956
vn 0.2106 0.9722 -0.1024
vn 0.2959 -0.9544 -0.0400
vn 0.3667 -0.9241 0.1078
vn 0.1370 -0.6592 0.7394
vn 0.2175 -0.9754 0.0352
vn 0.2320 0.9469 -0.2224
vn 0.1241 0.2979 -0.9465
vn 0.2437 0.9696 0.0225
vn 0.2311 0.9727 0.0226
vn 0.1489 -0.9752 0.1638
vn 0.2915 0.8278 0.4794
vn -0.3805 0.3209 0.8673
vn 0.0608 0.9892 -0.1330
vn -0.1744 0.0009 0.9847
vn -0.0068 0.5611 -0.8277
vn 0.2923 0.9461 0.1393
vn 0.1317 -0.7602 -0.6362
vn 0.2782 0.9602 0.0258
vn 0.3115 0.9459 -0.0914
vn 0.5056 -0.6817 0.5288
vn 0.1565 0.9877 0.0001
vn 0.3678 0.8860 -0.2824
vn 0.1838 -0.9770 -0.1081
vn 0.3690 -0.9291 0.0269
vn 0.2499 -0.9656 0.0716
vn 0.3200 -0.9351 0.1520
vn 0.2773 0.9478 0.1577
vn 0.5376 -0.8082 -0.2404
vn 0.3982 -0.8645 -0.3066
vn -0.1919 0.1534 0.9694
vn 0.2912 0.9456 -0.1450
vn 0.5002 -0.8275 0.2550
vn 0.3842 0.9217 0.0534
vn 0.4402 0.8977 -0.0215
vn -0.1368 -0.0222 0.9903
vn 0.3261 -0.6687 -0.6682
vn -0.1805 0.4671 -0.8656
vn -0.1222 0.0128 0.9924
vn 0.3003 0.9433 0.1415
vn 0.2420 0.9681 0.0643
vn 0.2817 0.9542 -0.1004
vn 0.1591 0.9765 -0.1456
vn 0.4318 0.8550 0.2874
vn 0.0687 0.5137 -0.8552
vn 0.4624 0.8796 -0.1115
vn 0.4672 -0.8838 -0.0239
vn 0.4267 0.9034 0.0418
vn 0.3138 -0.9494 0.0089
vn 0.2662 0.4223 0.8665
vn 0.4667 -0.8780 0.1059
vn 0.5025 -0.8596 0.0923
vn -0.0483 0.2683 -0.9621
vn 0.4496 0.8799 0.1534
vn 0.4974 -0.8464 0.1901
vn 0.5810 -0.8132 0.0340
vn 0.0581 0.2427 -0.9684
vn 0.4952 0.8672 -0.0524
vn 0.4116 0.9106 -0.0381
vn -0.2080 0.3752 0.9033
vn 0.2782 -0.9587 -0.0585
vn 0.5333 -0.8415 0.0862
vn 0.5551 -0.7641 -0.3287
vn -0.0012 0.1449 -0.9894
vn 0.4715 -0.8563 -0.2109
vn 0.4448 0.8938 -0.0569
vn 0.4481 0.8316 -0.3281
vn 0.5250 -0.8473 0.0800
vn 0.6871 -0.7232 -0.0699
vn 0.4674 0.8102 0.3536
vn 0.6350 -0.6564 0.4073
vn -0.2160 0.2503 0.9438
vn 0.4767 0.8753 0.0813
vn 0.0580 0.4211 -0.9051
vn 0.5735 0.8145 0.0880
vn 0.1327 0.0971 0.9864
vn 0.7077 -0.6391 0.3012
vn 0.5110 -0.8487 0.1367
vn -0.0550 -0.0416 0.9976
vn 0.5234 -0.8343 0.1731
vn 0.6991 -0.7030 -0.1310
vn 0.4152 -0.8989 -0.1402
vn -0.0320 0.3495 0.9364
vn 0.6247 -0.7623 -0.1693
vn -0.0377 0.1903 -0.9810
vn 0.6442 -0.7230 -0.2494
vn 0.3676 0.0938 0.9252
vn 0.2241 0.6616 0.7156
vn 0.7330 -0.6300 0.2567
vn 0.5799 -0.8127 0.0573
vn 0.0187 0.2992 -0.9540
vn 0.7126 -0.7011 -0.0242
vn 0.7961 -0.3458 -0.4966
vn 0.6474 -0.6942 -0.3146
vn 0.5759 0.7901 0.2103
vn 0.5428 0.8390 -0.0378
vn 0.5141 0.8563 -0.0483
vn 0.6378 0.7701 0.0140
vn 0.1175 0.3073 0.9443
vn 0.4522 0.8918 0.0149
vn 0.5390 0.8308 -0.1385
vn 0.2046 0.4739 0.8565
vn 0.6975 -0.3010 -0.6504
vn 0.0500 0.7422 0.6683
vn 0.6995 -0.6776 0.2270
vn 0.7691 -0.6302 0.1060
vn 0.7290 -0.6786 -0.0897
vn 0.7065 -0.7072 0.0268
vn 0.6137 -0.7776 -0.1372
vn 0.0840 0.0351 0.9958
vn 0.6870 -0.7169 -0.1191
vn 0.8556 -0.3404 0.3900
vn 0.7149 0.6098 0.3420
vn 0.7399 -0.6664 0.0923
vn 0.7764 -0.6294 0.0331
vn 0.4116 0.6852 -0.6010
vn 0.7423 -0.6573 0.1300
vn 0.0203 0.0063 0.9998
vn 0.0587 0.1138 -0.9918
vn 0.7465 -0.6451 -0.1630
vn 0.8029 -0.3073 0.5108
vn 0.8917 -0.3285 0.3114
vn 0.8336 -0.4652 0.2977
vn 0.8581 -0.2440 0.4519
vn 0.6489 -0.7425 -0.1660
vn -0.2970 0.2095 0.9316
vn 0.6860 -0.6742 -0.2736
vn 0.6473 0.7580 -0.0808
vn 0.6337 -0.7695 0.0795
vn -0.1561 0.0992 0.9827
vn -0.2457 0.1924 0.9500
vn 0.5973 0.7751 0.2063
vn -0.1547 0.1074 0.9821
vn 0.7602 -0.5977 -0.2545
vn 0.5585 0.8293 -0.0181
vn 0.8333 -0.5214 0.1838
vn 0.7891 -0.3899 -0.4747
vn 0.7557 -0.6537 0.0411
vn 0.5854 0.8074 -0.0739
vn 0.5759 -0.0012 0.8175
vn 0.5711 0.8109 0.1281
vn 0.5796 0.8111 -0.0783
vn 0.7258 0.6695 0.1582
vn 0.8501 -0.5204 -0.0803
vn -0.0449 0.3853 -0.9217
vn 0.3712 -0.1007 -0.9231
vn 0.5174 0.8421 0.1524
vn 0.8942 -0.2076 0.3967
vn 0.5683 0.8180 -0.0889
vn 0.8886 -0.3982 0.2277
vn -0.1043 0.4132 -0.9046
vn -0.1651 0.2128 -0.9630
vn -0.0266 0.3454 -0.9381
vn 0.7914 -0.4086 -0.4547
vn -0.1996 0.1629 0.9663
vn -0.6085 0.3822 0.6955
vn 0.8621 -0.5030 0.0620
vn 0.3776 -0.2979 -0.8767
vn 0.8060 0.2253 0.5474
vn 0.9490 -0.3118 0.0457
vn 0.8171 0.3859 0.4282
vn 0.7881 0.6150 0.0244
vn 0.9253 -0.3060 -0.2240
vn 0.8132 0.2947 0.5018
vn 0.8496 -0.4634 0.2519
vn 0.9687 -0.2438 -0.0464
vn 0.8646 -0.4976 0.0696
vn 0.5720 0.2899 -0.7673
vn 0.9588 -0.2644 -0.1041
vn 0.7940 0.5746 -0.1986
vn 0.8167 -0.1361 0.5608
vn 0.8353 -0.3758 0.4014
vn -0.0061 0.3268 -0.9451
vn -0.1484 0.2650 -0.9528
vn -0.0296 0.3310 -0.9432
vn -0.1506 -0.0287 0.9882
vn 0.6729 0.7326 -0.1020
vn 0.7677 0.5654 0.3015
vn 0.8585 -0.5125 0.0153
vn 0.9297 -0.3510 0.1116
vn 0.7359 -0.6044 -0.3052
vn 0.9560 -0.0785 0.2825
vn 0.7374 0.6749 -0.0286
vn 0.7474 0.2139 -0.6290
vn 0.9741 -0.1787 -0.1388
vn 0.7137 0.7003 0.0159
vn 0.9195 0.2337 -0.3162
vn 0.7271 0.4695 -0.5009
vn 0.5981 -0.0354 -0.8006
vn 0.7655 0.6358 0.0990
vn 0.9057 0.0626 -0.4192
vn 0.9360 -0.1823 0.3010
vn 0.9961 0.0444 -0.0764
vn 0.9871 0.0467 -0.1532
vn 0.9792 -0.1725 0.1072
vn 0.9157 -0.3884 0.1036
vn 0.7390 -0.6535 -0.1640
vn 0.1089 0.4267 -0.8978
vn 0.9282 -0.2430 0.2818
vn 0.7158 -0.0502 -0.6965
vn 0.8792 -0.4674 0.0923
vn 0.9335 -0.2709 0.2350
vn 0.8364 -0.5301 0.1392
vn 0.8539 -0.5129 0.0884
vn 0.8219 0.5612 -0.0978
vn 0.7311 0.6820 -0.0185
vn 0.7702 0.6089 0.1896
vn 0.6362 -0.7443 -0.2031
vn 0.9574 0.2240 -0.1820
vn 0.9516 -0.0074 0.3072
vn 0.9567 -0.2815 0.0742
vn 0.9796 -0.0550 -0.1933
vn 0.7559 -0.6095 -0.2389
vn 0.7803 -0.6167 0.1039
vn 0.8936 -0.3498 -0.2812
vn 0.8963 0.4241 -0.1296
vn 0.9524 -0.2767 0.1279
vn 0.9265 0.3179 -0.2015
vn 0.9290 -0.3107 0.2011
vn 0.9396 -0.1885 -0.2856
vn 0.7732 -0.6271 -0.0939
vn 0.8679 0.4591 0.1898
vn 0.6430 0.7658 0.0066
vn 0.7965 0.5624 0.2219
vn 0.9400 -0.1789 0.2903
vn 0.7459 0.6658 -0.0192
vn 0.7947 -0.5432 -0.2710
vn 0.9167 0.3975 0.0418
vn 0.8681 0.4868 -0.0976
vn 0.9670 -0.2345 0.1000
vn 0.9666 -0.2142 0.1406
vn 0.9134 0.3941 -0.1019
vn 0.8072 -0.4476 -0.3849
vn 0.9213 0.3320 0.2023
vn 0.9191 0.2037 0.3372
vn 0.9409 0.2929 0.1701
vn 0.9778 -0.1087 0.1794
vn 0.9856 -0.0068 0.1687
vn 0.9830 -0.1760 0.0519
vn 0.8669 0.4978 0.0256
vn 0.9133 -0.2957 0.2799
vn 0.9166 -0.3905 0.0857
vn 0.9921 0.0709 -0.1034
vn 0.9473 -0.0399 -0.3180
vn 0.9332 -0.3493 -0.0847
vn 0.9928 0.1177 -0.0242
vn 0.9893 0.1449 -0.0175
vn 0.8769 -0.2452 -0.4134
vn 0.9215 0.3832 -0.0629
vn 0.9945 -0.0860 0.0599
vn 0.8364 0.5480 0.0106
vn 0.7672 -0.6114 0.1939
vn 0.9294 0.3682 0.0258
vn 0.9550 0.2011 -0.2182
vn 0.9850 -0.0582 0.1625
vn 0.9924 0.1010 0.0697
vn 0.9795 0.1998 -0.0244
vn 0.8921 -0.4262 0.1500
vn 0.9610 0.2265 0.1583
vn 0.8718 0.4873 0.0496
vn 0.8874 0.4253 0.1780
vn 0.9596 0.2799 0.0281
vn 0.7364 -0.5966 -0.3192
vn 0.8132 -0.5740 0.0961
vn 0.9369 -0.0393 -0.3474
vn 0.9478 0.2784 -0.1554
vn 0.9090 0.4133 -0.0530
vn 0.9908 -0.0837 0.1064
vn 0.9603 0.2177 0.1744
vn 0.9212 -0.3638 0.1379
vn 0.6903 -0.6122 -0.3857
vn 0.9132 0.0050 -0.4076
vn 0.9228 0.3852 0.0023
vn 0.9043 -0.2186 0.3668
vn 0.8373 -0.4538 -0.3049
vn 0.9654 0.2576 -0.0395
vn 0.9034 0.0568 -0.4251
vn 0.9808 0.1819 0.0702
vn 0.8862 -0.4248 0.1848
vn 0.5980 -0.7530 -0.2745
vn 0.9892 -0.0427 0.1400
vn 0.8450 -0.3382 0.4143
vn 0.9210 0.3824 -0.0745
vn 0.9386 -0.2877 0.1904
vn 0.9467 0.2902 -0.1396
vn 0.8607 -0.5079 -0.0343
vn 0.9641 0.0880 0.2506
vn 0.9718 -0.1387 0.1905
vn 0.9906 -0.0819 0.1096
vn 0.9412 -0.1692 0.2924
vn 0.9975 0.0118 -0.0695
vn 0.9512 -0.2438 0.1891
vn 0.9847 0.1741 0.0095
vn 0.9244 0.2584 0.2805
vn 0.6518 -0.6695 -0.3564
vn 0.9771 -0.0505 -0.2066
vn 0.7787 -0.6061 0.1622
vn 0.8976 0.2908 -0.3312
vn 0.9830 -0.1780 0.0448
vn 0.9999 -0.0067 0.0086
f 18//18 5//5 16//16
f 5//5 18//18 9//9
f 15//15 6//6 19//19
f 6//6 23//23 14//14
f 45//45 25//25 23//23
f 34//34 14//14 25//25
f 25//25 14//14 23//23
f 14//14 19//19 6//6
f 94//94 43//43 47//47
f 83//83 94//94 47//47
f 43//43 73//73 46//46
f 52//52 45//45 46//46
f 145//145 52//52 84//84
f 257//257 127//127 226//226
f 127//127 84//84 65//65
f 145//145 84//84 143//143
f 143//143 84//84 127//127
f 55//55 18//18 56//56
f 23//23 17//17 43//43
f 104//104 34//34 69//69
f 42//42 34//34 48//48
f 62//62 34//34 52//52
f 52//52 145//145 62//62
f 62//62 145//145 199//199
f 102//102 48//48 62//62
f 96//96 69//69 146//146
f 62//62 199//199 102//102
f 69//69 102//102 146//146
f 132//132 162//162 171//171
f 163//163 95//95 80//80
f 95//95 91//91 80//80
f 248//248 95//95 171//171
f 91//91 95//95 248//248
f 95//95 163//163 187//187
f 237//237 232//232 248//248
f 168//168 248//248 243//243
f 232//232 208//208 243//243
f 272//272 175//175 206//206
f 160//160 123//123 118//118
f 167//167 118//118 150//150
f 176//176 160//160 167//167
f 210//210 120//120 157//157
f 90//90 175//175 270//270
f 210//210 157//157 212//212
f 207//207 208//208 160//160
f 157//157 176//176 212//212
f 212//212 167//167 182//182
f 167//167 150//150 182//182
f 182//182 150//150 158//158
f 150//150 250//250 158//158
f 214//214 212//212 182//182
f 182//182 130//130 214//214
f 255//255 206//206 210//210
f 212//212 214//214 255//255
f 11//11 1//1 8//8
f 24//24 20//20 11//11
f 20//20 1//1 11//11
f 58//58 35//35 60//60
f 60//60 24//24 66//66
f 223//223 66//66 70//70
f 51//51 39//39 72//72
f 39//39 51//51 37//37
f 49//49 37//37 51//51
f 70//70 51//51 67//67
f 3//3 20//20 12//12
f 2//2 3//3 4//4
f 20//20 3//3 1//1
f 4//4 3//3 10//10
f 3//3 12//12 32//32
f 38//38 50//50 54//54
f 13//13 4//4 40//40
f 112//112 114//114 54//54
f 29//29 32//32 38//38
f 218//218 112//112 204//204
f 36//36 8//8 26//26
f 114//114 53//53 40//40
f 36//36 39//39 33//33
f 204//204 66//66 126//126
f 204//204 126//126 274//274
f 312//312 211//211 114//114
f 246//246 322//322 349//349
f 193//193 246//246 349//349
f 276//276 240//240 251//251
f 321//321 263//263 285//285
f 263//263 251//251 285//285
f 310//310 278//278 321//321
f 321//321 278//278 263//263
f 285//285 193//193 349//349
f 216//216 193//193 285//285
f 393//393 321//321 388//388
f 388//388 384//384 398//398
f 245//245 235//235 279//279
f 366//366 315//315 362//362
f 276//276 259//259 199//199
f 276//276 278//278 289//289
f 282//282 280//280 289//289
f 278//278 282//282 289//289
f 289//289 259//259 276//276
f 302//302 280//280 338//338
f 282//282 338//338 280//280
f 349//349 372//372 384//384
f 126//126 223//223 296//296
f 311//311 223//223 363//363
f 344//344 315//315 366//366
f 364//364 390//390 427//427
f 364//364 311//311 363//363
f 392//392 366//366 431//431
f 508//508 476//476 519//519
f 508//508 500//500 476//476
f 508//508 519//519 552//552
f 541//541 508//508 552//552
f 551//551 541//541 553//553
f 223//223 70//70 152//152
f 76//76 51//51 72//72
f 74//74 76//76 85//85
f 78//78 67//67 74//74
f 67//67 78//78 108//108
f 78//78 79//79 108//108
f 85//85 78//78 74//74
f 71//71 86//86 64//64
f 64//64 63//63 123//123
f 78//78 109//109 86//86
f 227//227 86//86 128//128
f 128//128 191//191 268//268
f 103//103 86//86 227//227
f 269//269 268//268 334//334
f 128//128 268//268 227//227
f 61//61 82//82 99//99
f 253//253 85//85 99//99
f 308//308 85//85 253//253
f 308//308 253//253 283//283
f 253//253 99//99 211//211
f 289//289 235//235 217//217
f 108//108 81//81 133//133
f 235//235 133//133 217//217
f 139//139 108//108 235//235
f 242//242 289//289 217//217
f 194//194 71//71 173//173
f 194//194 173//173 232//232
f 173//173 123//123 208//208
f 173//173 71//71 123//123
f 446//446 336//336 427//427
f 446//446 500//500 516//516
f 450//450 399//399 446//446
f 417//417 399//399 450//450
f 529//529 450//450 516//516
f 450//450 529//529 471//471
f 589//589 471//471 529//529
f 589//589 529//529 551//551
f 589//589 551//551 611//611
f 450//450 446//446 516//516
f 89//89 63//63 87//87
f 63//63 103//103 169//169
f 169//169 103//103 269//269
f 303//303 169//169 269//269
f 303//303 385//385 298//298
f 123//123 89//89 118//118
f 134//134 118//118 89//89
f 385//385 357//357 412//412
f 260//260 250//250 159//159
f 589//589 495//495 471//471
f 604//604 495//495 589//589
f 434//434 474//474 438//438
f 498//498 474//474 555//555
f 512//512 604//604 554//554
f 298//298 328//328 159//159
f 93//93 135//135 185//185
f 135//135 93//93 181//181
f 181//181 93//93 75//75
f 65//65 94//94 180//180
f 100//100 65//65 180//180
f 180//180 185//185 287//287
f 65//65 254//254 226//226
f 307//307 337//337 254//254
f 257//257 254//254 337//337
f 367//367 287//287 286//286
f 286//286 181//181 258//258
f 75//75 104//104 258//258
f 320//320 343//343 258//258
f 104//104 306//306 258//258
f 445//445 367//367 389//389
f 421//421 400//400 367//367
f 381//381 383//383 343//343
f 492//492 480//480 445//445
f 492//492 445//445 503//503
f 306//306 148//148 317//317
f 317//317 148//148 174//174
f 354//354 432//432 381//381
f 456//456 503//503 445//445
f 104//104 69//69 148//148
f 354//354 343//343 320//320
f 343//343 286//286 258//258
f 583//583 507//507 602//602
f 518//518 503//503 456//456
f 186//186 187//187 342//342
f 163//163 115//115 184//184
f 429//429 342//342 440//440
f 517//517 429//429 440//440
f 432//432 429//429 507//507
f 507//507 429//429 517//517
f 305//305 192//192 236//236
f 324//324 331//331 371//371
f 440//440 420//420 473//473
f 420//420 324//324 371//371
f 184//184 192//192 266//266
f 379//379 342//342 429//429
f 379//379 370//370 342//342
f 602//602 507//507 532//532
f 532//532 507//507 517//517
f 617//617 567//567 608//608
f 667//667 617//617 666//666
f 666//666 617//617 608//608
f 602//602 532//532 617//617
f 358//358 348//348 270//270
f 411//411 348//348 423//423
f 352//352 265//265 256//256
f 352//352 345//345 415//415
f 358//358 415//415 423//423
f 423//423 348//348 358//358
f 478//478 411//411 423//423
f 505//505 423//423 415//415
f 348//348 236//236 270//270
f 443//443 420//420 411//411
f 411//411 478//478 463//463
f 505//505 478//478 423//423
f 547//547 499//499 596//596
f 499//499 547//547 473//473
f 638//638 608//608 646//646
f 539//539 521//521 505//505
f 569//569 521//521 539//539
f 664//664 665//665 615//615
f 771//771 724//724 664//664
f 317//317 174//174 342//342
f 301//301 365//365 322//322
f 322//322 365//365 382//382
f 361//361 382//382 437//437
f 372//372 361//361 437//437
f 382//382 365//365 416//416
f 382//382 416//416 437//437
f 398//398 372//372 462//462
f 418//418 462//462 469//469
f 372//372 470//470 462//462
f 419//419 416//416 401//401
f 419//419 421//421 435//435
f 416//416 419//419 435//435
f 451//451 460//460 488//488
f 488//488 537//537 557//557
f 543//543 557//557 632//632
f 519//519 531//531 607//607
f 531//531 469//469 543//543
f 610//610 593//593 600//600
f 610//610 600//600 642//642
f 642//642 600//600 661//661
f 688//688 607//607 681//681
f 688//688 681//681 708//708
f 705//705 717//717 727//727
f 681//681 709//709 727//727
f 768//768 727//727 743//743
f 681//681 715//715 709//709
f 538//538 563//563 590//590
f 621//621 537//537 590//590
f 557//557 537//537 621//621
f 621//621 669//669 698//698
f 670//670 647//647 631//631
f 640//640 662//662 669//669
f 632//632 698//698 715//715
f 715//715 698//698 777//777
f 777//777 798//798 815//815
f 793//793 770//770 784//784
f 836//836 815//815 818//818
f 769//769 698//698 812//812
f 836//836 817//817 811//811
f 551//551 585//585 597//597
f 653//653 661//661 708//708
f 611//611 551//551 597//597
f 611//611 597//597 653//653
f 705//705 708//708 717//717
f 653//653 705//705 718//718
f 687//687 653//653 718//718
f 602//602 631//631 583//583
f 602//602 643//643 631//631
f 794//794 740//740 725//725
f 773//773 721//721 847//847
f 890//890 840//840 891//891
f 643//643 602//602 617//617
f 844//844 787//787 836//836
f 868//868 872//872 844//844
f 872//872 839//839 844//844
f 839//839 805//805 787//787
f 837//837 805//805 839//839
f 833//833 842//842 878//878
f 890//890 878//878 842//842
f 687//687 654//654 611//611
f 751//751 687//687 718//718
f 751//751 718//718 805//805
f 744//744 751//751 837//837
f 650//650 635//635 702//702
f 702//702 693//693 710//710
f 716//716 744//744 762//762
f 710//710 751//751 744//744
f 710//710 687//687 751//751
f 731//731 716//716 710//710
f 721//721 666//666 690//690
f 763//763 721//721 690//690
f 847//847 763//763 850//850
f 900//900 890//890 891//891
f 807//807 771//771 814//814
f 900//900 875//875 897//897
f 900//900 897//897 902//902
f 857//857 837//837 839//839
f 887//887 837//837 857//857
f 744//744 837//837 845//845
f 845//845 837//837 887//887
f 899//899 845//845 887//887
f 900//900 909//909 890//890
f 909//909 878//878 890//890
f 917//917 909//909 900//900
f 910//910 899//899 920//920
f 903//903 888//888 910//910
f 902//902 913//913 917//917
f 916//916 903//903 910//910
f 718//718 758//758 805//805
f 794//794 812//812 740//740
f 585//585 593//593 624//624
f 661//661 597//597 642//642
f 768//768 705//705 727//727
f 205//205 229//229 203//203
f 188//188 205//205 203//203
f 224//224 196//196 230//230
f 224//224 230//230 281//281
f 284//284 188//188 224//224
f 214//214 213//213 255//255
f 213//213 130//130 116//116
f 156//156 153//153 130//130
f 205//205 255//255 229//229
f 189//189 229//229 222//222
f 229//229 255//255 222//222
f 189//189 161//161 166//166
f 161//161 142//142 166//166
f 142//142 238//238 292//292
f 200//200 142//142 292//292
f 189//189 196//196 203//203
f 178//178 190//190 230//230
f 230//230 155//155 178//178
f 178//178 155//155 149//149
f 190//190 234//234 230//230
f 196//196 166//166 197//197
f 201//201 196//196 197//197
f 195//195 196//196 201//201
f 326//326 292//292 368//368
f 200//200 292//292 326//326
f 197//197 244//244 277//277
f 332//332 326//326 368//368
f 183//183 201//201 221//221
f 332//332 368//368 391//391
f 149//149 106//106 147//147
f 151//151 201//201 183//183
f 177//177 198//198 241//241
f 177//177 241//241 239//239
f 198//198 177//177 147//147
f 294//294 252//252 275//275
f 294//294 275//275 376//376
f 149//149 147//147 177//177
f 121//121 111//111 164//164
f 209//209 164//164 122//122
f 110//110 106//106 122//122
f 113//113 92//92 165//165
f 106//106 151//151 117//117
f 98//98 117//117 105//105
f 105//105 117//117 215//215
f 215//215 117//117 249//249
f 340//340 209//209 165//165
f 165//165 98//98 129//129
f 340//340 273//273 300//300
f 340//340 165//165 215//215
f 98//98 105//105 129//129
f 151//151 179//179 117//117
f 125//125 144//144 147//147
f 275//275 138//138 121//121
f 275//275 121//121 164//164
f 275//275 209//209 426//426
f 376//376 275//275 426//426
f 183//183 221//221 247//247
f 293//293 247//247 333//333
f 373//373 323//323 313//313
f 413//413 347//347 472//472
f 373//373 347//347 413//413
f 373//373 413//413 452//452
f 316//316 179//179 293//293
f 325//325 353//353 375//375
f 396//396 397//397 378//378
f 378//378 397//397 339//339
f 325//325 316//316 353//353
f 333//333 373//373 395//395
f 406//406 395//395 461//461
f 452//452 413//413 482//482
f 428//428 396//396 406//406
f 406//406 461//461 428//428
f 405//405 340//340 397//397
f 457//457 405//405 397//397
f 426//426 405//405 458//458
f 458//458 457//457 481//481
f 428//428 457//457 396//396
f 396//396 353//353 406//406
f 465//465 461//461 483//483
f 522//522 515//515 489//489
f 550//550 522//522 523//523
f 550//550 523//523 534//534
f 558//558 534//534 575//575
f 447//447 461//461 465//465
f 271//271 309//309 369//369
f 369//369 309//309 403//403
f 260//260 328//328 387//387
f 238//238 153//153 369//369
f 403//403 485//485 454//454
f 546//546 525//525 588//588
f 467//467 485//485 546//546
f 498//498 438//438 474//474
f 514//514 498//498 555//555
f 514//514 555//555 561//561
f 627//627 561//561 555//555
f 561//561 525//525 514//514
f 525//525 561//561 588//588
f 442//442 394//394 467//467
f 533//533 442//442 564//564
f 467//467 564//564 442//442
f 467//467 546//546 564//564
f 491//491 442//442 533//533
f 459//459 491//491 510//510
f 491//491 533//533 565//565
f 565//565 510//510 491//491
f 442//442 444//444 368//368
f 292//292 369//369 368//368
f 413//413 472//472 482//482
f 630//630 544//544 582//582
f 544//544 575//575 513//513
f 347//347 459//459 472//472
f 265//265 188//188 256//256
f 409//409 345//345 341//341
f 415//415 345//345 409//409
f 504//504 415//415 409//409
f 341//341 441//441 409//409
f 422//422 356//356 360//360
f 441//441 422//422 502//502
f 506//506 409//409 441//441
f 506//506 441//441 502//502
f 586//586 572//572 506//506
f 618//618 664//664 569//569
f 618//618 549//549 572//572
f 771//771 678//678 756//756
f 699//699 756//756 678//678
f 618//618 572//572 586//586
f 618//618 586//586 634//634
f 672//672 699//699 658//658
f 672//672 618//618 634//634
f 682//682 672//672 634//634
f 658//658 618//618 672//672
f 767//767 699//699 722//722
f 756//756 699//699 767//767
f 699//699 678//678 658//658
f 304//304 261//261 360//360
f 261//261 330//330 360//360
f 410//410 425//425 360//360
f 239//239 262//262 178//178
f 330//330 262//262 299//299
f 261//261 262//262 330//330
f 299//299 239//239 295//295
f 330//330 346//346 408//408
f 330//330 299//299 346//346
f 346//346 299//299 295//295
f 360//360 330//330 410//410
f 433//433 408//408 484//484
f 493//493 501//501 475//475
f 562//562 501//501 577//577
f 577//577 622//622 562//562
f 644//644 622//622 656//656
f 542//542 493//493 548//548
f 548//548 641//641 577//577
f 577//577 641//641 591//591
f 720//720 659//659 697//697
f 641//641 659//659 633//633
f 577//577 501//501 524//524
f 644//644 682//682 634//634
f 682//682 722//722 672//672
f 682//682 644//644 656//656
f 720//720 752//752 682//682
f 786//786 722//722 752//752
f 752//752 829//829 786//786
f 801//801 752//752 720//720
f 759//759 801//801 720//720
f 830//830 801//801 759//759
f 867//867 871//871 853//853
f 871//871 856//856 853//853
f 501//501 425//425 475//475
f 549//549 505//505 504//504
f 346//346 295//295 351//351
f 380//380 351//351 318//318
f 351//351 380//380 424//424
f 264//264 294//294 318//318
f 530//530 318//318 294//294
f 530//530 294//294 376//376
f 424//424 318//318 530//530
f 466//466 424//424 511//511
f 556//556 426//426 458//458
f 458//458 481//481 556//556
f 556//556 655//655 592//592
f 526//526 496//496 511//511
f 559//559 536//536 511//511
f 566//566 559//559 581//581
f 566//566 484//484 526//526
f 697//697 641//641 652//652
f 719//719 765//765 697//697
f 598//598 574//574 530//530
f 598//598 595//595 574//574
f 639//639 598//598 530//530
f 592//592 639//639 530//530
f 639//639 625//625 598//598
f 674//674 636//636 639//639
f 719//719 712//712 728//728
f 674//674 663//663 707//707
f 595//595 612//612 636//636
f 636//636 625//625 639//639
f 802//802 765//765 719//719
f 810//810 765//765 831//831
f 864//864 810//810 831//831
f 810//810 759//759 765//765
f 864//864 830//830 810//810
f 870//870 877//877 864//864
f 867//867 874//874 871//871
f 660//660 592//592 655//655
f 855//855 823//823 841//841
f 816//816 823//823 834//834
f 737//737 802//802 719//719
f 834//834 788//788 785//785
f 834//834 859//859 788//788
f 861//861 855//855 874//874
f 855//855 861//861 823//823
f 859//859 861//861 862//862
f 862//862 858//858 859//859
f 834//834 849//849 861//861
f 823//823 861//861 849//849
f 859//859 858//858 831//831
f 831//831 765//765 802//802
f 560//560 550//550 558//558
f 614//614 601//601 657//657
f 601//601 594//594 657//657
f 609//609 599//599 594//594
f 613//613 599//599 637//637
f 599//599 609//609 637//637
f 556//556 696//696 655//655
f 696//696 613//613 684//684
f 700//700 613//613 637//637
f 695//695 645//645 701//701
f 711//711 684//684 700//700
f 629//629 657//657 645//645
f 637//637 609//609 629//629
f 750//750 754//754 655//655
f 750//750 755//755 772//772
f 736//736 745//745 734//734
f 834//834 772//772 816//816
f 772//772 834//834 806//806
f 795//795 779//779 772//772
f 795//795 800//800 779//779
f 834//834 785//785 783//783
f 556//556 592//592 426//426
f 484//484 408//408 455//455
f 290//290 241//241 264//264
f 318//318 290//290 264//264
f 650//650 606//606 635//635
f 704//704 686//686 649//649
f 704//704 649//649 692//692
f 627//627 650//650 649//649
f 827//827 730//730 888//888
f 888//888 730//730 762//762
f 628//628 588//588 649//649
f 680//680 628//628 686//686
f 803//803 739//739 828//828
f 739//739 738//738 828//828
f 738//738 680//680 686//686
f 767//767 848//848 756//756
f 848//848 767//767 846//846
f 893//893 848//848 846//846
f 893//893 884//884 885//885
f 905//905 902//902 893//893
f 883//883 893//893 846//846
f 893//893 892//892 905//905
f 869//869 803//803 866//866
f 852//852 846//846 786//786
f 881//881 892//892 883//883
f 873//873 881//881 852//852
f 903//903 827//827 888//888
f 882//882 827//827 903//903
f 828//828 827//827 882//882
f 905//905 894//894 882//882
f 803//803 828//828 866//866
f 913//913 882//882 903//903
f 733//733 732//732 821//821
f 603//603 648//648 565//565
f 648//648 616//616 671//671
f 749//749 733//733 832//832
f 838//838 825//825 749//749
f 732//732 671//671 675//675
f 616//616 628//628 675//675
f 739//739 714//714 680//680
f 821//821 732//732 803//803
f 851//851 821//821 803//803
f 869//869 895//895 851//851
f 895//895 821//821 851//851
f 895//895 869//869 896//896
f 832//832 821//821 895//895
f 886//886 907//907 873//873
f 911//911 907//907 886//886
f 904//904 895//895 919//919
f 895//895 896//896 922//922
f 922//922 907//907 918//918
f 876//876 906//906 865//865
f 876//876 832//832 904//904
f 865//865 911//911 879//879
f 911//911 886//886 879//879
f 879//879 886//886 871//871
f 898//898 911//911 865//865
f 921//921 904//904 919//919
f 918//918 911//911 906//906
f 630//630 582//582 685//685
f 685//685 648//648 706//706
f 648//648 685//685 582//582
f 753//753 749//749 781//781
f 781//781 749//749 825//825
f 706//706 753//753 685//685
f 781//781 741//741 753//753
f 753//753 741//741 676//676
f 753//753 735//735 749//749
f 679//679 651//651 676//676
f 544//544 630//630 575//575
f 774//774 729//729 789//789
f 729//729 679//679 741//741
f 820//820 741//741 781//781
f 676//676 741//741 679//679
f 820//820 843//843 854//854
f 843//843 865//865 854//854
f 855//855 841//841 854//854
f 854//854 835//835 820//820
f 874//874 854//854 879//879
f 879//879 854//854 865//865
f 841//841 826//826 774//774
f 774//774 826//826 823//823
f 774//774 804//804 841//841
f 747//747 746//746 713//713
f 713//713 701//701 657//657
f 657//657 679//679 729//729
f 205//205 188//188 265//265
f 158//158 250//250 309//309
f 250//250 260//260 309//309
f 505//505 415//415 504//504
f 678//678 771//771 664//664
f 650//650 702//702 692//692
f 65//65 73//73 94//94
f 206//206 205//205 265//265
f 236//236 90//90 270//270
f 604//604 589//589 654//654
f 276//276 145//145 216//216
f 237//237 242//242 232//232
f 414//414 400//400 421//421
f 666//666 683//683 667//667
f 347//347 391//391 459//459
f 7//7 6//6 5//5
f 7//7 9//9 17//17
f 18//18 27//27 9//9
f 16//16 15//15 18//18
f 18//18 41//41 27//27
f 18//18 55//55 41//41
f 41//41 47//47 27//27
f 17//17 27//27 43//43
f 7//7 17//17 23//23
f 15//15 5//5 6//6
f 7//7 23//23 6//6
f 15//15 19//19 44//44
f 15//15 44//44 56//56
f 18//18 15//15 56//56
f 34//34 75//75 44//44
f 75//75 34//34 104//104
f 19//19 34//34 44//44
f 73//73 43//43 94//94
f 45//45 23//23 43//43
f 45//45 43//43 46//46
f 52//52 46//46 73//73
f 65//65 100//100 254//254
f 246//246 127//127 257//257
f 143//143 127//127 246//246
f 127//127 65//65 226//226
f 9//9 27//27 17//17
f 27//27 47//47 43//43
f 47//47 59//59 83//83
f 48//48 69//69 42//42
f 42//42 69//69 34//34
f 48//48 102//102 69//69
f 172//172 193//193 145//145
f 172//172 246//246 193//193
f 145//145 143//143 172//172
f 148//148 69//69 96//96
f 107//107 96//96 146//146
f 107//107 146//146 154//154
f 225//225 146//146 102//102
f 199//199 259//259 225//225
f 145//145 276//276 199//199
f 48//48 34//34 62//62
f 174//174 162//162 187//187
f 132//132 95//95 187//187
f 187//187 162//162 132//132
f 115//115 80//80 192//192
f 225//225 242//242 237//237
f 171//171 162//162 146//146
f 146//146 237//237 171//171
f 171//171 237//237 248//248
f 91//91 248//248 168//168
f 91//91 90//90 80//80
f 90//90 91//91 120//120
f 91//91 168//168 120//120
f 232//232 243//243 248//248
f 168//168 243//243 207//207
f 205//205 206//206 255//255
f 160//160 176//176 207//207
f 160//160 118//118 167//167
f 176//176 167//167 212//212
f 157//157 168//168 207//207
f 120//120 168//168 157//157
f 90//90 120//120 210//210
f 90//90 210//210 175//175
f 206//206 175//175 210//210
f 158//158 130//130 182//182
f 210//210 212//212 255//255
f 207//207 176//176 157//157
f 208//208 123//123 160//160
f 207//207 243//243 208//208
f 154//154 162//162 174//174
f 225//225 237//237 146//146
f 20//20 24//24 35//35
f 20//20 35//35 31//31
f 35//35 24//24 60//60
f 57//57 35//35 58//58
f 58//58 60//60 77//77
f 24//24 11//11 8//8
f 24//24 37//37 66//66
f 37//37 24//24 39//39
f 37//37 49//49 66//66
f 66//66 49//49 70//70
f 126//126 66//66 223//223
f 49//49 51//51 70//70
f 70//70 67//67 139//139
f 10//10 3//3 32//32
f 4//4 10//10 30//30
f 32//32 12//12 28//28
f 28//28 50//50 32//32
f 12//12 20//20 21//21
f 12//12 21//21 28//28
f 28//28 21//21 50//50
f 50//50 21//21 31//31
f 38//38 32//32 50//50
f 2//2 8//8 1//1
f 4//4 13//13 2//2
f 26//26 2//2 13//13
f 4//4 30//30 40//40
f 29//29 40//40 30//30
f 40//40 29//29 54//54
f 40//40 26//26 13//13
f 54//54 50//50 112//112
f 38//38 54//54 29//29
f 40//40 54//54 114//114
f 35//35 57//57 31//31
f 50//50 31//31 97//97
f 31//31 57//57 97//97
f 97//97 57//57 77//77
f 97//97 112//112 50//50
f 112//112 97//97 204//204
f 97//97 77//77 204//204
f 8//8 2//2 26//26
f 36//36 22//22 8//8
f 26//26 40//40 53//53
f 33//33 22//22 36//36
f 39//39 68//68 82//82
f 36//36 68//68 39//39
f 68//68 53//53 114//114
f 36//36 53//53 68//68
f 8//8 22//22 33//33
f 114//114 112//112 218//218
f 204//204 77//77 66//66
f 126//126 296//296 274//274
f 218//218 204//204 288//288
f 274//274 311//311 204//204
f 311//311 288//288 204//204
f 312//312 114//114 218//218
f 312//312 218//218 288//288
f 312//312 288//288 355//355
f 68//68 114//114 211//211
f 361//361 349//349 335//335
f 276//276 216//216 240//240
f 216//216 285//285 240//240
f 310//310 282//282 278//278
f 349//349 321//321 285//285
f 338//338 310//310 393//393
f 282//282 310//310 338//338
f 338//338 393//393 362//362
f 393//393 366//366 362//362
f 388//388 321//321 349//349
f 388//388 349//349 384//384
f 393//393 418//418 439//439
f 297//297 152//152 245//245
f 235//235 245//245 152//152
f 297//297 223//223 152//152
f 245//245 291//291 297//297
f 279//279 302//302 245//245
f 280//280 302//302 279//279
f 302//302 291//291 245//245
f 223//223 297//297 315//315
f 297//297 291//291 315//315
f 291//291 302//302 362//362
f 291//291 362//362 315//315
f 139//139 235//235 152//152
f 242//242 225//225 259//259
f 279//279 289//289 280//280
f 235//235 289//289 279//279
f 439//439 468//468 366//366
f 223//223 311//311 296//296
f 344//344 327//327 315//315
f 344//344 366//366 392//392
f 392//392 377//377 344//344
f 377//377 363//363 344//344
f 390//390 377//377 404//404
f 427//427 390//390 404//404
f 327//327 223//223 315//315
f 355//355 364//364 427//427
f 363//363 390//390 364//364
f 404//404 392//392 431//431
f 404//404 431//431 519//519
f 431//431 366//366 468//468
f 519//519 431//431 468//468
f 404//404 476//476 449//449
f 476//476 404//404 519//519
f 552//552 553//553 541//541
f 427//427 404//404 449//449
f 446//446 427//427 449//449
f 301//301 322//322 246//246
f 355//355 288//288 364//364
f 296//296 311//311 274//274
f 58//58 77//77 57//57
f 393//393 439//439 366//366
f 79//79 86//86 81//81
f 72//72 39//39 61//61
f 51//51 76//76 74//74
f 76//76 72//72 85//85
f 108//108 139//139 67//67
f 78//78 85//85 101//101
f 101//101 85//85 308//308
f 78//78 101//101 136//136
f 79//79 81//81 108//108
f 86//86 79//79 78//78
f 191//191 109//109 136//136
f 109//109 78//78 136//136
f 308//308 191//191 136//136
f 63//63 64//64 103//103
f 128//128 86//86 191//191
f 227//227 269//269 103//103
f 191//191 308//308 268//268
f 109//109 191//191 86//86
f 81//81 86//86 71//71
f 72//72 61//61 99//99
f 99//99 68//68 211//211
f 312//312 355//355 336//336
f 211//211 312//312 253//253
f 283//283 253//253 336//336
f 253//253 312//312 336//336
f 308//308 336//336 374//374
f 217//217 133//133 194//194
f 194//194 232//232 217//217
f 217//217 232//232 242//242
f 232//232 173//173 208//208
f 336//336 355//355 427//427
f 399//399 336//336 446//446
f 516//516 509//509 551//551
f 516//516 551//551 529//529
f 374//374 399//399 417//417
f 308//308 374//374 334//334
f 374//374 417//417 334//334
f 417//417 471//471 436//436
f 417//417 450//450 471//471
f 334//334 417//417 436//436
f 374//374 336//336 399//399
f 63//63 89//89 123//123
f 159//159 89//89 87//87
f 140//140 87//87 202//202
f 334//334 357//357 269//269
f 169//169 303//303 202//202
f 159//159 140//140 202//202
f 159//159 202//202 298//298
f 140//140 159//159 87//87
f 87//87 169//169 202//202
f 202//202 303//303 298//298
f 63//63 169//169 87//87
f 118//118 134//134 150//150
f 357//357 385//385 303//303
f 150//150 159//159 250//250
f 298//298 402//402 328//328
f 385//385 402//402 298//298
f 334//334 407//407 357//357
f 407//407 334//334 436//436
f 436//436 495//495 407//407
f 477//477 412//412 407//407
f 512//512 407//407 495//495
f 495//495 604//604 512//512
f 412//412 434//434 385//385
f 412//412 477//477 434//434
f 385//385 434//434 402//402
f 434//434 477//477 474//474
f 477//477 512//512 528//528
f 512//512 554//554 528//528
f 554//554 578//578 528//528
f 474//474 528//528 555//555
f 578//578 635//635 606//606
f 555//555 528//528 578//578
f 623//623 554//554 604//604
f 554//554 623//623 578//578
f 477//477 407//407 512//512
f 474//474 477//477 528//528
f 227//227 268//268 269//269
f 81//81 71//71 133//133
f 72//72 99//99 85//85
f 308//308 334//334 268//268
f 402//402 434//434 438//438
f 82//82 68//68 99//99
f 289//289 242//242 259//259
f 446//446 476//476 500//500
f 500//500 509//509 516//516
f 39//39 82//82 61//61
f 83//83 41//41 55//55
f 83//83 59//59 41//41
f 56//56 93//93 55//55
f 55//55 93//93 83//83
f 185//185 83//83 93//93
f 75//75 56//56 44//44
f 56//56 75//75 93//93
f 135//135 181//181 185//185
f 185//185 181//181 286//286
f 185//185 180//180 94//94
f 180//180 307//307 254//254
f 337//337 365//365 257//257
f 180//180 367//367 307//307
f 400//400 365//365 367//367
f 367//367 365//365 337//337
f 367//367 180//180 287//287
f 367//367 337//337 307//307
f 83//83 185//185 94//94
f 181//181 75//75 258//258
f 367//367 286//286 343//343
f 421//421 367//367 435//435
f 445//445 389//389 383//383
f 445//445 451//451 435//435
f 367//367 445//445 435//435
f 383//383 381//381 445//445
f 389//389 343//343 383//383
f 451//451 445//445 460//460
f 306//306 104//104 148//148
f 320//320 306//306 354//354
f 354//354 370//370 432//432
f 381//381 343//343 354//354
f 381//381 432//432 456//456
f 507//507 456//456 432//432
f 445//445 381//381 456//456
f 317//317 370//370 354//354
f 367//367 343//343 389//389
f 518//518 456//456 507//507
f 563//563 507//507 583//583
f 174//174 187//187 186//186
f 317//317 342//342 370//370
f 184//184 266//266 187//187
f 192//192 184//184 115//115
f 266//266 324//324 187//187
f 342//342 187//187 324//324
f 432//432 370//370 429//429
f 370//370 379//379 429//429
f 90//90 236//236 192//192
f 305//305 331//331 324//324
f 324//324 192//192 305//305
f 305//305 236//236 331//331
f 342//342 324//324 440//440
f 324//324 420//420 440//440
f 517//517 440//440 473//473
f 371//371 331//331 420//420
f 517//517 473//473 547//547
f 532//532 517//517 617//617
f 567//567 517//517 608//608
f 617//617 517//517 567//567
f 517//517 547//547 608//608
f 175//175 272//272 270//270
f 265//265 352//352 272//272
f 358//358 352//352 415//415
f 352//352 256//256 345//345
f 352//352 358//358 272//272
f 270//270 272//272 358//358
f 236//236 348//348 331//331
f 331//331 348//348 411//411
f 420//420 443//443 499//499
f 443//443 411//411 453//453
f 453//453 499//499 443//443
f 499//499 463//463 478//478
f 596//596 499//499 615//615
f 547//547 596//596 608//608
f 608//608 596//596 646//646
f 666//666 646//646 690//690
f 646//646 596//596 665//665
f 690//690 646//646 665//665
f 724//724 690//690 665//665
f 763//763 690//690 724//724
f 608//608 638//638 666//666
f 666//666 638//638 646//646
f 615//615 499//499 521//521
f 499//499 478//478 521//521
f 521//521 569//569 615//615
f 569//569 539//539 505//505
f 478//478 505//505 521//521
f 615//615 569//569 664//664
f 665//665 596//596 615//615
f 724//724 665//665 664//664
f 420//420 331//331 411//411
f 473//473 420//420 499//499
f 453//453 463//463 499//499
f 400//400 401//401 365//365
f 401//401 414//414 419//419
f 335//335 322//322 382//382
f 335//335 382//382 361//361
f 372//372 437//437 470//470
f 462//462 418//418 398//398
f 469//469 439//439 418//418
f 384//384 372//372 398//398
f 462//462 486//486 469//469
f 437//437 416//416 451//451
f 470//470 488//488 486//486
f 437//437 451//451 470//470
f 488//488 479//479 497//497
f 479//479 503//503 497//497
f 480//480 492//492 479//479
f 488//488 460//460 479//479
f 451//451 488//488 470//470
f 469//469 486//486 543//543
f 497//497 537//537 488//488
f 503//503 537//537 497//497
f 557//557 543//543 486//486
f 488//488 557//557 486//486
f 439//439 469//469 468//468
f 469//469 531//531 468//468
f 519//519 468//468 531//531
f 531//531 543//543 607//607
f 552//552 519//519 600//600
f 519//519 607//607 600//600
f 573//573 580//580 579//579
f 585//585 573//573 579//579
f 579//579 580//580 576//576
f 576//576 580//580 573//573
f 552//552 600//600 593//593
f 552//552 576//576 573//573
f 552//552 593//593 576//576
f 593//593 610//610 624//624
f 600//600 607//607 661//661
f 708//708 661//661 688//688
f 610//610 642//642 624//624
f 543//543 632//632 607//607
f 607//607 632//632 681//681
f 681//681 632//632 715//715
f 607//607 688//688 661//661
f 681//681 727//727 717//717
f 727//727 709//709 743//743
f 503//503 518//518 537//537
f 538//538 537//537 518//518
f 538//538 590//590 537//537
f 518//518 563//563 538//538
f 583//583 590//590 563//563
f 590//590 631//631 620//620
f 590//590 583//583 631//631
f 557//557 621//621 632//632
f 632//632 621//621 698//698
f 669//669 621//621 620//620
f 620//620 640//640 669//669
f 662//662 677//677 669//669
f 647//647 662//662 640//640
f 691//691 647//647 670//670
f 677//677 691//691 669//669
f 669//669 691//691 740//740
f 669//669 740//740 698//698
f 698//698 769//769 777//777
f 777//777 769//769 798//798
f 770//770 743//743 709//709
f 709//709 715//715 776//776
f 709//709 776//776 770//770
f 743//743 770//770 761//761
f 743//743 761//761 768//768
f 770//770 776//776 778//778
f 778//778 784//784 770//770
f 761//761 770//770 768//768
f 715//715 775//775 776//776
f 777//777 775//775 715//715
f 775//775 792//792 776//776
f 808//808 799//799 775//775
f 775//775 799//799 792//792
f 792//792 797//797 776//776
f 797//797 792//792 799//799
f 777//777 808//808 775//775
f 777//777 809//809 808//808
f 782//782 790//790 796//796
f 778//778 790//790 784//784
f 792//792 784//784 796//796
f 797//797 799//799 796//796
f 698//698 740//740 812//812
f 818//818 817//817 836//836
f 815//815 819//819 818//818
f 813//813 819//819 817//817
f 811//811 817//817 822//822
f 812//812 811//811 769//769
f 416//416 365//365 401//401
f 414//414 421//421 419//419
f 585//585 624//624 597//597
f 597//597 661//661 653//653
f 624//624 642//642 597//597
f 705//705 653//653 708//708
f 718//718 705//705 758//758
f 687//687 611//611 653//653
f 631//631 643//643 670//670
f 691//691 670//670 725//725
f 617//617 683//683 643//643
f 725//725 683//683 773//773
f 725//725 740//740 691//691
f 794//794 725//725 773//773
f 794//794 773//773 842//842
f 683//683 617//617 667//667
f 683//683 666//666 721//721
f 773//773 683//683 721//721
f 773//773 847//847 840//840
f 842//842 840//840 890//890
f 891//891 840//840 847//847
f 725//725 670//670 683//683
f 758//758 768//768 787//787
f 787//787 768//768 793//793
f 809//809 836//836 787//787
f 833//833 812//812 794//794
f 836//836 811//811 812//812
f 794//794 842//842 833//833
f 839//839 787//787 844//844
f 836//836 878//878 868//868
f 878//878 836//836 833//833
f 872//872 868//868 901//901
f 868//868 878//878 901//901
f 844//844 836//836 868//868
f 654//654 589//589 611//611
f 805//805 837//837 751//751
f 623//623 604//604 654//654
f 623//623 654//654 673//673
f 710//710 654//654 687//687
f 623//623 673//673 635//635
f 702//702 710//710 716//716
f 635//635 673//673 702//702
f 673//673 693//693 702//702
f 673//673 654//654 710//710
f 744//744 731//731 710//710
f 702//702 716//716 762//762
f 762//762 845//845 888//888
f 847//847 721//721 763//763
f 850//850 763//763 807//807
f 763//763 766//766 807//807
f 891//891 847//847 850//850
f 875//875 891//891 850//850
f 807//807 766//766 724//724
f 807//807 724//724 771//771
f 875//875 850//850 807//807
f 875//875 807//807 814//814
f 875//875 902//902 897//897
f 766//766 763//763 724//724
f 884//884 875//875 814//814
f 839//839 872//872 857//857
f 872//872 899//899 857//857
f 899//899 872//872 901//901
f 887//887 857//857 899//899
f 901//901 909//909 920//920
f 901//901 878//878 909//909
f 901//901 920//920 899//899
f 762//762 744//744 845//845
f 845//845 910//910 888//888
f 923//923 920//920 917//917
f 914//914 923//923 917//917
f 910//910 914//914 915//915
f 916//916 910//910 915//915
f 917//917 912//912 914//914
f 912//912 917//917 913//913
f 914//914 912//912 915//915
f 903//903 912//912 913//913
f 912//912 903//903 916//916
f 915//915 912//912 916//916
f 910//910 920//920 923//923
f 845//845 899//899 910//910
f 920//920 909//909 917//917
f 914//914 910//910 923//923
f 768//768 758//758 705//705
f 189//189 203//203 229//229
f 188//188 284//284 267//267
f 188//188 203//203 224//224
f 203//203 196//196 224//224
f 222//222 213//213 161//161
f 213//213 222//222 255//255
f 158//158 156//156 130//130
f 130//130 153//153 116//116
f 156//156 271//271 153//153
f 130//130 213//213 214//214
f 142//142 161//161 116//116
f 116//116 161//161 213//213
f 222//222 161//161 189//189
f 166//166 196//196 189//189
f 166//166 142//142 200//200
f 238//238 369//369 292//292
f 142//142 116//116 238//238
f 153//153 238//238 116//116
f 262//262 190//190 178//178
f 234//234 190//190 261//261
f 195//195 230//230 196//196
f 195//195 155//155 230//230
f 201//201 149//149 155//155
f 239//239 178//178 177//177
f 155//155 195//195 201//201
f 166//166 244//244 197//197
f 200//200 326//326 244//244
f 326//326 332//332 244//244
f 201//201 313//313 221//221
f 277//277 332//332 347//347
f 277//277 347//347 313//313
f 373//373 313//313 347//347
f 332//332 391//391 347//347
f 201//201 197//197 277//277
f 230//230 234//234 281//281
f 166//166 200//200 244//244
f 277//277 313//313 201//201
f 151//151 149//149 201//201
f 147//147 144//144 170//170
f 231//231 264//264 241//241
f 220//220 252//252 228//228
f 252//252 233//233 275//275
f 228//228 252//252 231//231
f 231//231 252//252 294//294
f 220//220 198//198 233//233
f 231//231 241//241 198//198
f 198//198 220//220 231//231
f 220//220 233//233 252//252
f 111//111 125//125 110//110
f 113//113 106//106 92//92
f 110//110 122//122 164//164
f 88//88 92//92 98//98
f 88//88 165//165 92//92
f 98//98 165//165 88//88
f 106//106 117//117 92//92
f 179//179 249//249 117//117
f 149//149 151//151 106//106
f 105//105 215//215 129//129
f 129//129 215//215 165//165
f 215//215 273//273 340//340
f 141//141 144//144 125//125
f 125//125 138//138 131//131
f 131//131 137//137 125//125
f 141//141 137//137 144//144
f 138//138 219//219 144//144
f 137//137 141//141 138//138
f 164//164 209//209 275//275
f 121//121 138//138 124//124
f 138//138 275//275 219//219
f 124//124 119//119 125//125
f 426//426 209//209 340//340
f 426//426 340//340 405//405
f 151//151 183//183 179//179
f 121//121 119//119 111//111
f 111//111 124//124 125//125
f 221//221 323//323 247//247
f 293//293 179//179 183//183
f 323//323 333//333 247//247
f 183//183 247//247 293//293
f 333//333 353//353 293//293
f 314//314 249//249 316//316
f 249//249 314//314 300//300
f 179//179 316//316 249//249
f 314//314 316//316 325//325
f 293//293 353//353 316//316
f 340//340 300//300 319//319
f 339//339 319//319 329//329
f 340//340 319//319 339//339
f 340//340 339//339 397//397
f 325//325 375//375 339//339
f 353//353 396//396 375//375
f 314//314 319//319 300//300
f 395//395 373//373 452//452
f 333//333 395//395 353//353
f 395//395 452//452 461//461
f 461//461 447//447 428//428
f 353//353 395//395 406//406
f 397//397 396//396 457//457
f 458//458 405//405 457//457
f 452//452 482//482 494//494
f 483//483 461//461 490//490
f 461//461 513//513 490//490
f 461//461 494//494 513//513
f 461//461 452//452 494//494
f 481//481 457//457 515//515
f 428//428 447//447 464//464
f 464//464 447//447 465//465
f 489//489 464//464 487//487
f 457//457 464//464 489//489
f 464//464 465//465 487//487
f 487//487 490//490 513//513
f 483//483 490//490 487//487
f 515//515 457//457 489//489
f 522//522 550//550 515//515
f 527//527 523//523 513//513
f 513//513 575//575 527//527
f 575//575 534//534 527//527
f 339//339 329//329 325//325
f 314//314 325//325 319//319
f 428//428 464//464 457//457
f 149//149 177//177 178//178
f 221//221 313//313 323//323
f 309//309 271//271 158//158
f 158//158 271//271 156//156
f 260//260 387//387 309//309
f 271//271 369//369 153//153
f 387//387 438//438 430//430
f 430//430 485//485 403//403
f 438//438 498//498 430//430
f 369//369 454//454 394//394
f 454//454 485//485 467//467
f 485//485 525//525 546//546
f 387//387 430//430 403//403
f 309//309 387//387 403//403
f 369//369 403//403 454//454
f 498//498 514//514 430//430
f 430//430 514//514 485//485
f 485//485 514//514 525//525
f 561//561 649//649 588//588
f 561//561 627//627 649//649
f 368//368 369//369 394//394
f 394//394 442//442 368//368
f 546//546 616//616 564//564
f 391//391 444//444 459//459
f 459//459 444//444 491//491
f 472//472 459//459 510//510
f 533//533 564//564 603//603
f 368//368 444//444 391//391
f 565//565 533//533 603//603
f 444//444 442//442 491//491
f 394//394 454//454 467//467
f 472//472 540//540 482//482
f 540//540 565//565 582//582
f 544//544 540//540 582//582
f 510//510 540//540 472//472
f 482//482 540//540 544//544
f 494//494 482//482 544//544
f 513//513 494//494 544//544
f 256//256 341//341 345//345
f 256//256 188//188 267//267
f 267//267 350//350 341//341
f 267//267 341//341 256//256
f 284//284 281//281 356//356
f 356//356 281//281 304//304
f 350//350 267//267 284//284
f 356//356 350//350 284//284
f 224//224 281//281 284//284
f 356//356 422//422 350//350
f 350//350 441//441 341//341
f 441//441 350//350 422//422
f 504//504 409//409 506//506
f 504//504 506//506 572//572
f 506//506 502//502 586//586
f 569//569 549//549 618//618
f 678//678 664//664 618//618
f 722//722 699//699 672//672
f 786//786 767//767 722//722
f 234//234 304//304 281//281
f 234//234 261//261 304//304
f 261//261 190//190 262//262
f 356//356 304//304 360//360
f 360//360 425//425 422//422
f 501//501 422//422 448//448
f 425//425 501//501 448//448
f 425//425 410//410 493//493
f 425//425 493//493 475//475
f 239//239 299//299 262//262
f 410//410 330//330 386//386
f 410//410 484//484 493//493
f 330//330 408//408 386//386
f 410//410 386//386 408//408
f 410//410 408//408 433//433
f 410//410 433//433 484//484
f 502//502 422//422 501//501
f 493//493 524//524 501//501
f 586//586 502//502 562//562
f 634//634 586//586 622//622
f 586//586 562//562 622//622
f 591//591 622//622 577//577
f 562//562 502//502 501//501
f 622//622 626//626 659//659
f 656//656 622//622 659//659
f 524//524 493//493 535//535
f 524//524 535//535 577//577
f 542//542 548//548 577//577
f 542//542 577//577 535//535
f 493//493 484//484 548//548
f 535//535 493//493 542//542
f 633//633 591//591 641//641
f 659//659 641//641 697//697
f 591//591 659//659 626//626
f 591//591 633//633 659//659
f 591//591 626//626 622//622
f 752//752 722//722 682//682
f 752//752 801//801 829//829
f 873//873 829//829 856//856
f 682//682 659//659 720//720
f 759//759 720//720 697//697
f 877//877 853//853 830//830
f 801//801 830//830 853//853
f 856//856 801//801 853//853
f 853//853 877//877 867//867
f 856//856 829//829 801//801
f 549//549 504//504 572//572
f 682//682 656//656 659//659
f 290//290 351//351 295//295
f 290//290 318//318 351//351
f 346//346 351//351 424//424
f 295//295 241//241 290//290
f 241//241 295//295 239//239
f 346//346 424//424 408//408
f 484//484 455//455 466//466
f 408//408 466//466 455//455
f 592//592 376//376 426//426
f 530//530 376//376 592//592
f 548//548 484//484 566//566
f 484//484 466//466 496//496
f 641//641 548//548 566//566
f 566//566 652//652 641//641
f 511//511 536//536 526//526
f 559//559 511//511 545//545
f 536//536 559//559 566//566
f 652//652 581//581 595//595
f 652//652 566//566 581//581
f 484//484 496//496 526//526
f 545//545 571//571 570//570
f 566//566 526//526 536//536
f 697//697 652//652 668//668
f 719//719 697//697 694//694
f 574//574 545//545 530//530
f 574//574 571//571 545//545
f 571//571 574//574 587//587
f 595//595 581//581 587//587
f 595//595 625//625 612//612
f 663//663 639//639 592//592
f 663//663 592//592 660//660
f 703//703 663//663 660//660
f 636//636 674//674 668//668
f 668//668 674//674 694//694
f 674//674 712//712 694//694
f 663//663 703//703 707//707
f 728//728 712//712 707//707
f 728//728 707//707 737//737
f 742//742 707//707 703//703
f 712//712 719//719 694//694
f 545//545 511//511 530//530
f 652//652 595//595 636//636
f 625//625 636//636 612//612
f 765//765 759//759 697//697
f 864//864 831//831 858//858
f 858//858 862//862 860//860
f 862//862 874//874 880//880
f 880//880 860//860 862//862
f 864//864 860//860 880//880
f 880//880 874//874 870//870
f 703//703 660//660 754//754
f 660//660 655//655 754//754
f 737//737 788//788 802//802
f 859//859 831//831 802//802
f 742//742 703//703 788//788
f 737//737 742//742 788//788
f 788//788 859//859 802//802
f 861//861 874//874 862//862
f 834//834 861//861 859//859
f 849//849 834//834 823//823
f 560//560 481//481 515//515
f 556//556 481//481 560//560
f 556//556 560//560 613//613
f 560//560 515//515 550//550
f 568//568 560//560 558//558
f 568//568 613//613 560//560
f 568//568 558//558 584//584
f 568//568 584//584 594//594
f 584//584 657//657 594//594
f 594//594 599//599 568//568
f 594//594 601//601 609//609
f 601//601 614//614 605//605
f 613//613 568//568 599//599
f 684//684 613//613 700//700
f 696//696 556//556 613//613
f 696//696 684//684 723//723
f 701//701 746//746 700//700
f 700//700 695//695 701//701
f 684//684 711//711 726//726
f 726//726 711//711 736//736
f 701//701 713//713 746//746
f 723//723 684//684 726//726
f 629//629 614//614 657//657
f 637//637 645//645 700//700
f 276//276 251//251 263//263
f 276//276 263//263 278//278
f 605//605 614//614 609//609
f 609//609 614//614 629//629
f 645//645 657//657 701//701
f 750//750 655//655 755//755
f 750//750 772//772 779//779
f 746//746 774//774 823//823
f 772//772 748//748 746//746
f 772//772 823//823 816//816
f 748//748 734//734 745//745
f 757//757 755//755 748//748
f 755//755 734//734 748//748
f 746//746 745//745 736//736
f 746//746 748//748 745//745
f 772//772 755//755 764//764
f 757//757 748//748 764//764
f 772//772 746//746 823//823
f 780//780 754//754 750//750
f 780//780 750//750 783//783
f 785//785 780//780 783//783
f 834//834 783//783 806//806
f 800//800 795//795 806//806
f 783//783 800//800 806//806
f 795//795 772//772 806//806
f 750//750 779//779 800//800
f 785//785 788//788 754//754
f 754//754 780//780 785//785
f 496//496 466//466 511//511
f 755//755 655//655 696//696
f 723//723 734//734 696//696
f 700//700 746//746 736//736
f 737//737 719//719 728//728
f 830//830 864//864 877//877
f 830//830 759//759 810//810
f 380//380 318//318 424//424
f 649//649 650//650 692//692
f 704//704 692//692 730//730
f 738//738 730//730 827//827
f 730//730 692//692 762//762
f 628//628 649//649 686//686
f 738//738 704//704 730//730
f 739//739 680//680 738//738
f 738//738 686//686 704//704
f 692//692 702//702 762//762
f 884//884 848//848 885//885
f 848//848 893//893 885//885
f 814//814 756//756 848//848
f 884//884 893//893 902//902
f 869//869 851//851 803//803
f 883//883 846//846 852//852
f 881//881 883//883 852//852
f 866//866 905//905 892//892
f 889//889 869//869 881//881
f 892//892 893//893 883//883
f 869//869 866//866 892//892
f 902//902 905//905 913//913
f 738//738 827//827 828//828
f 908//908 882//882 913//913
f 908//908 913//913 905//905
f 882//882 908//908 905//905
f 894//894 866//866 828//828
f 546//546 628//628 616//616
f 616//616 675//675 671//671
f 603//603 564//564 616//616
f 648//648 671//671 689//689
f 689//689 671//671 733//733
f 733//733 749//749 689//689
f 733//733 671//671 732//732
f 714//714 628//628 680//680
f 628//628 714//714 675//675
f 675//675 714//714 732//732
f 714//714 739//739 732//732
f 832//832 733//733 821//821
f 832//832 895//895 904//904
f 852//852 829//829 873//873
f 881//881 896//896 889//889
f 907//907 881//881 873//873
f 869//869 889//889 896//896
f 907//907 911//911 918//918
f 919//919 895//895 922//922
f 922//922 896//896 907//907
f 865//865 906//906 898//898
f 904//904 906//906 876//876
f 876//876 865//865 838//838
f 865//865 825//825 838//838
f 838//838 832//832 876//876
f 871//871 886//886 856//856
f 906//906 911//911 898//898
f 918//918 906//906 921//921
f 924//924 918//918 921//921
f 922//922 918//918 924//924
f 852//852 786//786 829//829
f 749//749 832//832 838//838
f 905//905 866//866 894//894
f 582//582 565//565 648//648
f 735//735 706//706 749//749
f 706//706 689//689 749//749
f 706//706 735//735 753//753
f 630//630 651//651 575//575
f 575//575 651//651 679//679
f 685//685 676//676 630//630
f 789//789 760//760 804//804
f 774//774 713//713 729//729
f 760//760 729//729 741//741
f 789//789 729//729 760//760
f 676//676 685//685 753//753
f 804//804 791//791 820//820
f 835//835 804//804 820//820
f 854//854 804//804 835//835
f 820//820 781//781 825//825
f 820//820 825//825 865//865
f 843//843 820//820 865//865
f 863//863 854//854 874//874
f 791//791 804//804 741//741
f 789//789 804//804 774//774
f 854//854 841//841 804//804
f 826//826 841//841 823//823
f 619//619 575//575 679//679
f 741//741 820//820 791//791
f 747//747 713//713 774//774
f 648//648 689//689 706//706
f 871//871 874//874 879//879
f 402//402 387//387 328//328
f 402//402 438//438 387//387
f 606//606 555//555 578//578
f 569//569 505//505 549//549
f 814//814 848//848 884//884
f 96//96 174//174 148//148
f 206//206 265//265 272//272
f 552//552 573//573 553//553
f 578//578 623//623 635//635
f 301//301 246//246 257//257
f 555//555 606//606 627//627
f 546//546 588//588 628//628
f 193//193 216//216 145//145
f 301//301 257//257 365//365
f 518//518 507//507 563//563
f 771//771 756//756 814//814
f 886//886 873//873 856//856
f 874//874 855//855 863//863
f 584//584 575//575 619//619
f 774//774 746//746 747//747
f 7//7 5//5 9//9
f 15//15 16//16 5//5
f 14//14 34//34 19//19
f 34//34 45//45 52//52
f 25//25 45//45 34//34
f 73//73 65//65 52//52
f 65//65 84//84 52//52
f 41//41 59//59 47//47
f 143//143 246//246 172//172
f 107//107 174//174 96//96
f 154//154 174//174 107//107
f 199//199 225//225 102//102
f 95//95 132//132 171//171
f 115//115 163//163 80//80
f 90//90 192//192 80//80
f 162//162 154//154 146//146
f 39//39 24//24 8//8
f 33//33 39//39 8//8
f 66//66 77//77 60//60
f 2//2 1//1 3//3
f 32//32 29//29 10//10
f 29//29 30//30 10//10
f 53//53 36//36 26//26
f 322//322 335//335 349//349
f 349//349 361//361 372//372
f 240//240 285//285 251//251
f 520//520 509//509 508//508
f 509//509 500//500 508//508
f 310//310 321//321 393//393
f 398//398 418//418 388//388
f 388//388 418//418 393//393
f 338//338 362//362 302//302
f 327//327 363//363 223//223
f 311//311 364//364 288//288
f 344//344 363//363 327//327
f 377//377 390//390 363//363
f 392//392 404//404 377//377
f 449//449 476//476 446//446
f 509//509 520//520 541//541
f 509//509 541//541 551//551
f 691//691 677//677 662//662
f 691//691 662//662 647//647
f 541//541 520//520 508//508
f 139//139 152//152 70//70
f 20//20 31//31 21//21
f 308//308 136//136 101//101
f 86//86 103//103 64//64
f 283//283 336//336 308//308
f 133//133 235//235 108//108
f 64//64 123//123 71//71
f 71//71 194//194 133//133
f 159//159 134//134 89//89
f 357//357 303//303 269//269
f 134//134 159//159 150//150
f 328//328 260//260 159//159
f 471//471 495//495 436//436
f 407//407 412//412 357//357
f 74//74 67//67 51//51
f 254//254 257//257 226//226
f 286//286 287//287 185//185
f 180//180 254//254 100//100
f 306//306 320//320 258//258
f 445//445 480//480 460//460
f 306//306 317//317 354//354
f 184//184 187//187 163//163
f 186//186 342//342 174//174
f 192//192 324//324 266//266
f 463//463 453//453 411//411
f 414//414 401//401 400//400
f 486//486 462//462 470//470
f 435//435 451//451 416//416
f 479//479 460//460 480//480
f 503//503 479//479 492//492
f 585//585 579//579 580//580
f 593//593 580//580 579//579
f 593//593 585//585 580//580
f 576//576 593//593 579//579
f 717//717 708//708 681//681
f 620//620 621//621 590//590
f 640//640 620//620 631//631
f 647//647 640//640 631//631
f 808//808 784//784 792//792
f 808//808 792//792 799//799
f 782//782 776//776 797//797
f 782//782 797//797 790//790
f 809//809 793//793 784//784
f 815//815 809//809 777//777
f 836//836 809//809 815//815
f 784//784 808//808 809//809
f 782//782 784//784 790//790
f 782//782 796//796 784//784
f 776//776 782//782 778//778
f 782//782 790//790 778//778
f 797//797 796//796 790//790
f 815//815 798//798 813//813
f 815//815 813//813 819//819
f 792//792 796//796 799//799
f 811//811 822//822 769//769
f 813//813 798//798 824//824
f 813//813 824//824 819//819
f 818//818 819//819 813//813
f 818//818 813//813 817//817
f 233//233 198//198 170//170
f 233//233 170//170 219//219
f 822//822 798//798 769//769
f 824//824 817//817 819//819
f 822//822 817//817 824//824
f 824//824 798//798 822//822
f 643//643 683//683 670//670
f 773//773 840//840 842//842
f 770//770 793//793 768//768
f 793//793 809//809 787//787
f 812//812 833//833 836//836
f 787//787 805//805 758//758
f 710//710 693//693 673//673
f 716//716 731//731 744//744
f 891//891 875//875 900//900
f 875//875 884//884 902//902
f 900//900 902//902 917//917
f 332//332 277//277 244//244
f 219//219 170//170 144//144
f 147//147 170//170 198//198
f 275//275 233//233 219//219
f 220//220 228//228 231//231
f 264//264 231//231 294//294
f 141//141 137//137 131//131
f 141//141 131//131 138//138
f 110//110 125//125 147//147
f 106//106 110//110 147//147
f 113//113 122//122 106//106
f 111//111 110//110 164//164
f 113//113 165//165 209//209
f 113//113 209//209 122//122
f 249//249 273//273 215//215
f 138//138 125//125 119//119
f 141//141 125//125 137//137
f 924//924 921//921 919//919
f 924//924 919//919 922//922
f 137//137 138//138 144//144
f 124//124 138//138 119//119
f 121//121 124//124 119//119
f 124//124 111//111 119//119
f 117//117 98//98 92//92
f 323//323 373//373 333//333
f 325//325 329//329 319//319
f 396//396 378//378 375//375
f 487//487 513//513 489//489
f 513//513 523//523 489//489
f 527//527 534//534 523//523
f 534//534 558//558 550//550
f 584//584 558//558 575//575
f 483//483 487//487 465//465
f 489//489 523//523 522//522
f 359//359 339//339 375//375
f 359//359 378//378 339//339
f 375//375 378//378 359//359
f 249//249 300//300 273//273
f 565//565 540//540 510//510
f 618//618 658//658 678//678
f 425//425 448//448 422//422
f 622//622 644//644 634//634
f 424//424 466//466 408//408
f 530//530 511//511 424//424
f 559//559 570//570 581//581
f 570//570 559//559 545//545
f 587//587 570//570 571//571
f 598//598 625//625 595//595
f 570//570 587//587 581//581
f 574//574 595//595 587//587
f 636//636 668//668 652//652
f 694//694 697//697 668//668
f 707//707 712//712 674//674
f 742//742 737//737 707//707
f 639//639 663//663 674//674
f 877//877 874//874 867//867
f 864//864 880//880 870//870
f 858//858 860//860 864//864
f 877//877 870//870 874//874
f 703//703 754//754 788//788
f 609//609 601//601 605//605
f 637//637 629//629 645//645
f 695//695 700//700 645//645
f 748//748 772//772 764//764
f 696//696 734//734 755//755
f 723//723 736//736 734//734
f 726//726 736//736 723//723
f 755//755 757//757 764//764
f 750//750 800//800 783//783
f 700//700 736//736 711//711
f 650//650 627//627 606//606
f 767//767 786//786 846//846
f 881//881 869//869 892//892
f 828//828 882//882 894//894
f 616//616 648//648 603//603
f 739//739 803//803 732//732
f 881//881 907//907 896//896
f 904//904 921//921 906//906
f 551//551 553//553 573//573
f 551//551 573//573 585//585
f 630//630 676//676 651//651
f 741//741 804//804 760//760
f 863//863 855//855 854//854
f 657//657 584//584 619//619
f 729//729 713//713 657//657
f 679//679 657//657 619//619
