# convertido de flygym/NeuroMechFly (rh_coxa)
v -0.10277 -0.03970 -0.05229
v -0.10226 -0.03369 -0.05573
v -0.10194 -0.04415 -0.04469
v -0.10184 -0.03367 -0.05902
v -0.10120 -0.03388 -0.04500
v -0.10119 -0.03630 -0.03594
v -0.10099 -0.04390 -0.05328
v -0.10083 -0.03279 -0.06758
v -0.10046 -0.02374 -0.07389
v -0.10032 -0.04846 -0.03624
v -0.10024 -0.03404 -0.03592
v -0.09974 -0.04990 -0.03487
v -0.09936 -0.01736 -0.07784
v -0.09921 -0.04914 -0.03060
v -0.09914 -0.00651 -0.09378
v -0.09906 -0.02576 -0.07830
v -0.09860 -0.05027 -0.02530
v -0.09851 -0.01741 -0.08734
v -0.09803 -0.00173 -0.09885
v -0.09800 -0.04258 -0.06548
v -0.09794 -0.01027 -0.08400
v -0.09755 -0.00320 -0.10268
v -0.09751 -0.05311 -0.03547
v -0.09740 -0.00222 -0.09181
v -0.09718 -0.04271 -0.02603
v -0.09714 -0.04996 -0.01682
v -0.09701 -0.04857 -0.05525
v -0.09694 0.00164 -0.10357
v -0.09667 -0.00764 -0.10179
v -0.09653 -0.05508 -0.02552
v -0.09628 -0.01179 -0.09624
v -0.09627 -0.04189 -0.01616
v -0.09624 0.00365 -0.10206
v -0.09605 -0.05380 -0.01877
v -0.09599 -0.00792 -0.07520
v -0.09580 -0.04098 -0.01702
v -0.09566 0.00325 -0.11141
v -0.09531 -0.02414 -0.08709
v -0.09514 -0.05509 -0.03623
v -0.09490 0.00764 -0.10693
v -0.09409 -0.03628 -0.02439
v -0.09380 -0.00213 -0.06456
v -0.09316 -0.00335 -0.11201
v -0.09198 0.00115 -0.06449
v -0.09181 -0.04511 -0.07633
v -0.09163 -0.02447 -0.03123
v -0.09161 -0.05070 -0.00574
v -0.09158 -0.03752 -0.01713
v -0.09141 -0.00639 -0.04953
v -0.09136 0.01148 -0.12444
v -0.09127 -0.01059 -0.04632
v -0.09121 -0.05137 -0.00423
v -0.09116 0.01347 -0.12416
v -0.09114 -0.04864 -0.00717
v -0.09112 -0.01725 -0.10358
v -0.09098 -0.05113 -0.00514
v -0.09087 -0.05453 -0.00443
v -0.09070 -0.00471 -0.05494
v -0.09043 0.00965 -0.08263
v -0.09031 0.00656 -0.07083
v -0.09027 -0.04697 -0.07593
v -0.08989 0.01197 -0.08201
v -0.08969 -0.01730 -0.03662
v -0.08954 -0.01248 -0.03973
v -0.08947 -0.00757 -0.04703
v -0.08945 0.00857 -0.09709
v -0.08939 0.01694 -0.12185
v -0.08933 -0.05165 -0.00253
v -0.08926 -0.03011 -0.02365
v -0.08924 -0.05310 -0.00171
v -0.08922 0.01237 -0.12736
v -0.08901 -0.05285 -0.00174
v -0.08897 -0.05286 -0.00180
v -0.08897 -0.02502 -0.09874
v -0.08855 0.01550 -0.11101
v -0.08825 -0.06005 -0.00679
v -0.08802 0.00751 -0.06952
v -0.08789 0.01145 -0.07546
v -0.08788 -0.05344 -0.00132
v -0.08774 -0.06202 -0.01371
v -0.08753 0.02223 -0.08731
v -0.08751 0.02203 -0.08780
v -0.08703 0.01638 -0.08092
v -0.08702 -0.02296 -0.11630
v -0.08688 0.02013 -0.12679
v -0.08673 -0.00662 -0.04710
v -0.08658 -0.01145 -0.11667
v -0.08649 -0.01747 -0.11828
v -0.08640 -0.02562 -0.12251
v -0.08585 -0.03602 -0.10325
v -0.08560 0.01485 -0.12988
v -0.08540 0.00021 -0.12790
v -0.08538 0.02823 -0.13896
v -0.08537 0.02645 -0.14042
v -0.08528 0.02594 -0.09213
v -0.08524 -0.00944 -0.12227
v -0.08514 -0.02195 -0.12872
v -0.08508 0.01675 -0.10618
v -0.08503 0.02014 -0.13515
v -0.08491 0.02238 -0.13211
v -0.08491 -0.04483 -0.08595
v -0.08469 0.01629 -0.09871
v -0.08463 -0.04398 -0.08711
v -0.08457 -0.06162 -0.04398
v -0.08447 0.01835 -0.13952
v -0.08445 -0.05918 0.00064
v -0.08439 0.02491 -0.12969
v -0.08420 0.01007 -0.13622
v -0.08420 0.02374 -0.08889
v -0.08388 0.02908 -0.14732
v -0.08387 -0.02411 -0.13558
v -0.08365 -0.02430 -0.14477
v -0.08352 -0.02638 -0.15246
v -0.08324 0.01777 -0.13368
v -0.08314 -0.02777 -0.14058
v -0.08286 0.01417 -0.13311
v -0.08277 -0.02740 -0.15623
v -0.08260 -0.06305 -0.00359
v -0.08258 0.02149 -0.14993
v -0.08250 -0.02454 -0.16347
v -0.08242 -0.03171 -0.14368
v -0.08222 0.00925 -0.15883
v -0.08219 0.01310 -0.15541
v -0.08217 -0.00305 -0.05259
v -0.08214 0.02550 -0.09773
v -0.08165 -0.01531 -0.13355
v -0.08153 0.03642 -0.14893
v -0.08122 0.01373 -0.14788
v -0.08103 0.01296 -0.07567
v -0.08087 0.00909 -0.17745
v -0.08079 0.02523 -0.15524
v -0.08078 0.01624 -0.15776
v -0.08077 -0.00379 -0.13794
v -0.08060 -0.04260 -0.10624
v -0.08059 -0.06597 -0.01499
v -0.08011 0.03752 -0.14529
v -0.08003 -0.03618 -0.13569
v -0.07998 -0.05445 -0.06669
v -0.07989 0.01034 -0.18503
v -0.07978 -0.00992 -0.13711
v -0.07971 -0.01342 -0.14707
v -0.07951 0.00568 -0.19022
v -0.07941 -0.00119 -0.18055
v -0.07936 -0.06134 0.00455
v -0.07901 -0.01200 -0.17448
v -0.07899 -0.05826 -0.06122
v -0.07864 -0.01101 -0.17471
v -0.07835 -0.02617 -0.18083
v -0.07834 0.02651 -0.09485
v -0.07830 0.03883 -0.15513
v -0.07826 0.02761 -0.10472
v -0.07821 0.03180 -0.13084
v -0.07814 -0.06448 0.00126
v -0.07803 -0.00557 -0.17028
v -0.07796 -0.04330 -0.12490
v -0.07796 -0.00322 -0.15514
v -0.07789 -0.00719 -0.17937
v -0.07768 -0.00762 -0.16106
v -0.07765 0.02641 -0.10987
v -0.07752 -0.01141 -0.18965
v -0.07752 -0.03708 -0.15653
v -0.07744 -0.00722 -0.15195
v -0.07742 -0.04410 -0.11743
v -0.07676 -0.03355 -0.17410
v -0.07664 0.00012 -0.19525
v -0.07647 0.01463 -0.19453
v -0.07631 -0.05133 -0.08571
v -0.07609 0.03463 -0.17025
v -0.07605 -0.06879 -0.04445
v -0.07604 0.03882 -0.16984
v -0.07577 0.02893 -0.10177
v -0.07568 0.02744 -0.17406
v -0.07553 0.02840 -0.11360
v -0.07542 -0.02341 -0.21959
v -0.07526 -0.01122 -0.20070
v -0.07514 -0.06331 0.00669
v -0.07509 0.03023 -0.12051
v -0.07490 -0.01818 -0.22188
v -0.07451 0.01490 -0.19839
v -0.07439 -0.03091 -0.21899
v -0.07437 -0.02010 -0.20689
v -0.07414 0.04277 -0.14575
v -0.07389 0.02150 -0.18554
v -0.07376 -0.01886 -0.22513
v -0.07368 -0.01964 -0.22492
v -0.07366 0.04181 -0.16804
v -0.07346 -0.01685 -0.22651
v -0.07346 -0.04801 -0.11693
v -0.07334 -0.01737 -0.22645
v -0.07324 -0.02317 -0.22690
v -0.07312 -0.01721 -0.22699
v -0.07311 -0.03661 -0.18222
v -0.07311 0.00586 -0.20461
v -0.07306 -0.01700 -0.22686
v -0.07290 0.03126 -0.17781
v -0.07282 -0.06381 0.00871
v -0.07269 -0.03082 -0.22569
v -0.07266 -0.06336 0.00881
v -0.07254 -0.02891 -0.20215
v -0.07244 -0.01049 -0.22184
v -0.07225 0.02032 -0.19163
v -0.07214 -0.05384 -0.09254
v -0.07205 -0.06391 0.00952
v -0.07203 -0.00807 -0.22048
v -0.07203 -0.06392 0.00898
v -0.07198 -0.01718 -0.22643
v -0.07180 -0.06669 0.00679
v -0.07179 -0.06455 0.00998
v -0.07140 -0.03786 -0.22218
v -0.07130 -0.00545 -0.22053
v -0.07124 -0.06523 0.01215
v -0.07111 -0.06019 0.00605
v -0.07111 -0.06424 0.00787
v -0.07091 -0.05651 -0.08188
v -0.07080 0.03984 -0.17414
v -0.07064 -0.03966 -0.18898
v -0.07056 0.04060 -0.13713
v -0.07054 -0.07115 -0.02939
v -0.07042 0.00130 -0.21723
v -0.07036 -0.06365 0.00817
v -0.07035 -0.02419 -0.22493
v -0.07026 -0.04969 -0.14182
v -0.07024 -0.07116 -0.02362
v -0.07014 0.03942 -0.12727
v -0.07013 -0.00130 -0.22076
v -0.06992 0.00253 -0.21644
v -0.06984 0.00107 -0.21836
v -0.06983 0.03689 -0.11603
v -0.06982 0.00098 -0.21937
v -0.06977 0.00271 -0.21813
v -0.06964 0.00517 -0.21628
v -0.06957 -0.06993 -0.06011
v -0.06953 0.04368 -0.16597
v -0.06945 -0.03789 -0.01418
v -0.06945 -0.05386 -0.09948
v -0.06924 -0.03711 -0.20385
v -0.06917 0.03167 -0.10784
v -0.06915 -0.00823 -0.22059
v -0.06914 -0.04140 -0.20961
v -0.06914 -0.03753 -0.19853
v -0.06911 0.01353 -0.20804
v -0.06910 -0.06521 0.01477
v -0.06904 -0.04237 -0.22096
v -0.06900 -0.05055 -0.14424
v -0.06900 0.00523 -0.21634
v -0.06888 0.00059 -0.21743
v -0.06879 0.00739 -0.21758
v -0.06870 -0.07478 -0.04207
v -0.06870 0.02724 -0.09765
v -0.06869 -0.04834 -0.15182
v -0.06866 0.00919 -0.21679
v -0.06851 0.02606 -0.09525
v -0.06836 -0.04462 -0.22056
v -0.06830 -0.04499 -0.22023
v -0.06819 -0.07101 -0.00031
v -0.06817 -0.04462 -0.22063
v -0.06808 -0.06291 0.01253
v -0.06781 -0.04575 -0.22112
v -0.06753 -0.04558 -0.22069
v -0.06742 0.04389 -0.15276
v -0.06725 -0.04705 -0.22040
v -0.06690 0.03535 -0.17938
v -0.06688 -0.04746 -0.19411
v -0.06676 0.04524 -0.15714
v -0.06662 -0.06583 -0.07242
v -0.06661 -0.04752 -0.22206
v -0.06659 0.01516 -0.21173
v -0.06627 -0.06507 0.01553
v -0.06623 -0.05092 -0.21171
v -0.06589 -0.07340 -0.01468
v -0.06585 -0.04940 -0.18824
v -0.06572 -0.05233 -0.20151
v -0.06570 -0.05296 -0.20698
v -0.06548 -0.05522 -0.11284
v -0.06530 0.01540 -0.21598
v -0.06520 -0.05672 -0.09960
v -0.06446 -0.04550 -0.21991
v -0.06417 -0.05220 -0.17552
v -0.06390 -0.05068 -0.21927
v -0.06355 0.02902 -0.10020
v -0.06350 -0.05590 -0.12242
v -0.06339 -0.05795 -0.10375
v -0.06332 -0.05403 -0.14835
v -0.06327 -0.05395 -0.17184
v -0.06310 -0.05431 -0.21326
v -0.06296 -0.06193 -0.08492
v -0.06282 -0.05641 -0.13767
v -0.06276 -0.05498 -0.19845
v -0.06270 -0.07870 -0.04694
v -0.06259 -0.05375 -0.19310
v -0.06177 -0.03261 -0.01861
v -0.06163 -0.07593 -0.01926
v -0.06141 -0.07807 -0.05503
v -0.06136 -0.05401 -0.21655
v -0.06116 -0.05581 -0.15242
v -0.06100 0.04175 -0.11753
v -0.06090 -0.07927 -0.06384
v -0.06030 -0.05608 -0.18227
v -0.06027 -0.05715 -0.15783
v -0.06005 -0.06567 0.01812
v -0.06004 0.02180 -0.21430
v -0.05987 -0.00490 -0.21569
v -0.05955 -0.01265 -0.21916
v -0.05954 -0.06882 0.01661
v -0.05931 0.04580 -0.15801
v -0.05928 0.02283 -0.21427
v -0.05921 -0.05739 -0.19956
v -0.05897 -0.06061 -0.13082
v -0.05874 0.04365 -0.12116
v -0.05874 -0.03243 -0.21626
v -0.05844 -0.07889 -0.08081
v -0.05810 0.04500 -0.15276
v -0.05784 0.04329 -0.13142
v -0.05776 -0.08002 -0.04334
v -0.05764 -0.07419 0.00889
v -0.05749 -0.08105 -0.07096
v -0.05733 -0.06729 0.01974
v -0.05660 -0.06532 0.02046
v -0.05650 -0.05912 0.00709
v -0.05640 -0.04429 -0.21332
v -0.05618 -0.06761 -0.18161
v -0.05602 -0.05885 -0.20196
v -0.05599 0.02595 -0.21211
v -0.05598 -0.06678 -0.15233
v -0.05582 0.02867 -0.20404
v -0.05572 0.04457 -0.12336
v -0.05547 -0.06941 -0.11883
v -0.05528 -0.06975 -0.14604
v -0.05517 0.03887 -0.17651
v -0.05516 -0.05703 -0.21060
v -0.05504 0.04327 -0.11959
v -0.05494 -0.06058 0.00963
v -0.05471 -0.07230 0.01581
v -0.05458 -0.02950 -0.02306
v -0.05434 -0.07085 -0.14434
v -0.05408 -0.07594 -0.09611
v -0.05383 -0.07895 -0.03272
v -0.05375 -0.07284 -0.10060
v -0.05322 -0.08618 -0.09303
v -0.05320 -0.08264 -0.05699
v -0.05318 -0.06278 -0.19741
v -0.05288 0.03717 -0.18279
v -0.05263 -0.07169 -0.13626
v -0.05245 -0.06405 -0.19872
v -0.05228 -0.06429 0.01981
v -0.05216 -0.07236 -0.17376
v -0.05210 -0.08998 -0.09886
v -0.05206 -0.07319 -0.11800
v -0.05194 -0.09021 -0.10230
v -0.05178 -0.06881 -0.19221
v -0.05087 -0.07461 -0.11112
v -0.05061 0.04471 -0.12346
v -0.05058 -0.09144 -0.11200
v -0.05047 0.03141 -0.20628
v -0.05044 -0.08087 -0.01769
v -0.05041 -0.07840 -0.10546
v -0.05025 0.03029 -0.20930
v -0.05006 -0.09926 -0.12015
v -0.04966 -0.09966 -0.11029
v -0.04963 -0.09621 -0.12319
v -0.04940 -0.07106 0.02280
v -0.04935 -0.07762 -0.11643
v -0.04912 -0.09220 -0.09104
v -0.04900 -0.06818 -0.19776
v -0.04886 -0.07623 -0.13032
v -0.04884 -0.08066 -0.11132
v -0.04861 0.03151 -0.20567
v -0.04848 -0.10029 -0.13239
v -0.04838 -0.10037 -0.14039
v -0.04836 0.03398 -0.20308
v -0.04833 0.03061 -0.20603
v -0.04819 -0.07797 -0.17904
v -0.04816 -0.08140 -0.01699
v -0.04814 -0.09913 -0.13296
v -0.04813 0.03381 -0.20438
v -0.04795 -0.08705 -0.06200
v -0.04791 0.03356 -0.20398
v -0.04774 0.04505 -0.14448
v -0.04759 -0.08001 -0.00088
v -0.04748 -0.09949 -0.14840
v -0.04747 -0.10275 -0.12241
v -0.04737 -0.07865 -0.13546
v -0.04717 -0.08075 -0.12358
v -0.04703 -0.10347 -0.11694
v -0.04688 0.03458 -0.20261
v -0.04687 -0.08161 -0.00846
v -0.04685 -0.10472 -0.14351
v -0.04679 -0.08158 -0.12781
v -0.04678 -0.04952 -0.20980
v -0.04654 -0.07942 -0.16435
v -0.04621 -0.05967 -0.20731
v -0.04617 -0.09477 -0.14960
v -0.04617 -0.09354 -0.08391
v -0.04612 -0.10126 -0.09664
v -0.04585 -0.05782 -0.20895
v -0.04580 -0.10400 -0.12565
v -0.04565 -0.08874 -0.13347
v -0.04563 -0.10464 -0.13866
v -0.04550 -0.07022 0.02603
v -0.04549 -0.07934 -0.15471
v -0.04519 -0.10182 -0.15220
v -0.04503 0.04600 -0.12946
v -0.04500 -0.10342 -0.09885
v -0.04492 -0.08163 -0.15718
v -0.04489 -0.08780 -0.17081
v -0.04487 -0.09356 -0.07539
v -0.04477 -0.08424 -0.17473
v -0.04457 0.04119 -0.11868
v -0.04447 -0.09517 -0.15987
v -0.04434 -0.09438 -0.16795
v -0.04421 -0.08825 -0.14309
v -0.04420 -0.10600 -0.14521
v -0.04412 -0.08527 -0.18042
v -0.04408 -0.08510 -0.14843
v -0.04383 -0.10430 -0.12830
v -0.04380 -0.07749 0.01644
v -0.04379 -0.08720 -0.15435
v -0.04377 0.04579 -0.13987
v -0.04358 -0.08302 -0.01307
v -0.04353 -0.07536 -0.19523
v -0.04352 -0.10547 -0.11181
v -0.04335 -0.10559 -0.10506
v -0.04330 -0.05804 0.00809
v -0.04264 -0.09204 -0.17576
v -0.04255 -0.10523 -0.09924
v -0.04249 -0.07548 0.02443
v -0.04242 -0.06667 0.02664
v -0.04239 0.03589 -0.19920
v -0.04235 -0.10362 -0.15697
v -0.04232 0.00754 -0.20774
v -0.04222 -0.09597 -0.17118
v -0.04214 -0.10344 -0.08950
v -0.04212 -0.09858 -0.16329
v -0.04187 -0.09816 -0.07977
v -0.04185 0.00035 -0.06019
v -0.04173 -0.07032 -0.20127
v -0.04159 -0.08339 -0.18992
v -0.04061 -0.10433 -0.12694
v -0.03994 -0.07459 0.03183
v -0.03960 -0.09569 -0.06747
v -0.03929 -0.06363 0.02040
v -0.03897 -0.10708 -0.15198
v -0.03893 -0.10167 -0.16448
v -0.03871 -0.10404 -0.12372
v -0.03866 -0.10082 -0.07396
v -0.03849 -0.07067 0.03149
v -0.03843 -0.08663 -0.19103
v -0.03822 0.03680 -0.19560
v -0.03767 -0.07170 -0.20551
v -0.03762 -0.08099 0.03440
v -0.03753 -0.05839 0.00950
v -0.03746 -0.10690 -0.09441
v -0.03744 0.04658 -0.13339
v -0.03737 -0.08832 -0.05345
v -0.03722 -0.10597 -0.14063
v -0.03706 -0.08569 -0.19336
v -0.03692 -0.09728 -0.17620
v -0.03662 -0.08093 0.02277
v -0.03658 -0.06891 0.02916
v -0.03646 -0.10728 -0.09435
v -0.03644 -0.08281 -0.01882
v -0.03610 0.02755 -0.09782
v -0.03574 -0.08189 0.03524
v -0.03571 -0.10347 -0.07305
v -0.03547 -0.07696 0.03495
v -0.03465 -0.01048 -0.04572
v -0.03439 0.04064 -0.17681
v -0.03437 -0.10535 -0.07918
v -0.03423 -0.07145 -0.20486
v -0.03410 -0.01106 -0.20601
v -0.03408 -0.10777 -0.15293
v -0.03351 0.02342 -0.19899
v -0.03315 -0.08500 -0.03246
v -0.03263 -0.10340 -0.11228
v -0.03256 0.04599 -0.13069
v -0.03243 -0.05948 0.01124
v -0.03217 0.04214 -0.17149
v -0.03214 -0.07705 -0.20072
v -0.03181 -0.10647 -0.16425
v -0.03167 0.04464 -0.16473
v -0.03142 -0.08537 0.03577
v -0.03119 -0.09597 -0.05481
v -0.03012 -0.04419 -0.00567
v -0.02999 -0.10089 -0.17249
v -0.02998 -0.07451 -0.20343
v -0.02986 -0.09512 -0.05067
v -0.02981 -0.08470 -0.19565
v -0.02977 -0.07219 0.03194
v -0.02967 -0.00010 -0.05943
v -0.02939 -0.08014 -0.19866
v -0.02919 -0.08959 -0.04092
v -0.02895 -0.08448 0.00484
v -0.02895 -0.08736 -0.03483
v -0.02854 -0.10251 -0.17136
v -0.02828 0.04336 -0.16854
v -0.02807 -0.10642 -0.14970
v -0.02791 -0.09984 -0.12378
v -0.02740 -0.07614 -0.20515
v -0.02708 -0.10612 -0.16425
v -0.02695 -0.06396 0.01821
v -0.02685 0.00397 -0.20261
v -0.02684 -0.09833 -0.05226
v -0.02659 -0.04047 -0.20414
v -0.02637 -0.07795 -0.20563
v -0.02595 -0.09838 -0.12918
v -0.02564 -0.08550 0.00847
v -0.02524 -0.08561 0.03952
v -0.02452 -0.08064 0.03862
v -0.02418 -0.09282 -0.18620
v -0.02408 -0.10609 -0.09973
v -0.02369 -0.10882 -0.07212
v -0.02358 0.03738 -0.18506
v -0.02295 -0.07975 -0.19903
v -0.02283 0.04763 -0.14100
v -0.02270 -0.07769 0.03613
v -0.02212 -0.07224 0.03069
v -0.02209 -0.10242 -0.11116
v -0.02208 -0.09800 -0.12767
v -0.02206 -0.08307 0.04043
v -0.02196 -0.08771 0.01208
v -0.02188 0.03560 -0.18647
v -0.02177 -0.09588 -0.18100
v -0.02159 -0.10932 -0.08142
v -0.02081 -0.08998 0.02364
v -0.02066 0.03594 -0.18655
v -0.02054 0.03124 -0.18821
v -0.02042 0.03595 -0.18716
v -0.02040 0.04419 -0.15436
v -0.02037 -0.08584 -0.01564
v -0.01999 -0.07920 -0.20649
v -0.01973 0.03574 -0.18663
v -0.01935 -0.10020 -0.04778
v -0.01875 -0.09978 -0.17497
v -0.01864 -0.11035 -0.07913
v -0.01863 -0.09042 -0.02930
v -0.01826 -0.09762 -0.03822
v -0.01824 -0.09978 -0.14829
v -0.01819 -0.10798 -0.06845
v -0.01812 -0.07490 -0.20489
v -0.01757 -0.09791 -0.13260
v -0.01752 -0.07928 -0.20785
v -0.01749 -0.08942 0.03074
v -0.01721 -0.10222 -0.11133
v -0.01719 -0.06948 -0.20269
v -0.01705 -0.06618 0.02215
v -0.01696 -0.08702 -0.00793
v -0.01683 -0.10300 -0.05801
v -0.01652 -0.07822 0.03202
v -0.01649 -0.08570 0.03447
v -0.01636 -0.10448 -0.09541
v -0.01624 -0.09907 -0.14697
v -0.01529 0.04480 -0.15047
v -0.01522 -0.10207 -0.11490
v -0.01517 0.03692 -0.17508
v -0.01510 0.03119 -0.18616
v -0.01470 -0.06399 0.01970
v -0.01440 -0.09994 -0.03735
v -0.01384 -0.09269 -0.17963
v -0.01325 -0.09751 -0.17198
v -0.01314 -0.09012 0.02664
v -0.01300 -0.06982 0.02560
v -0.01295 -0.09865 -0.12333
v -0.01281 -0.09315 -0.02887
v -0.01247 -0.10112 -0.10989
v -0.01246 0.03381 -0.18095
v -0.01211 -0.09086 -0.01741
v -0.01205 -0.05871 0.01354
v -0.01160 0.02314 -0.19132
v -0.01159 -0.10181 -0.03877
v -0.01127 -0.07913 -0.20861
v -0.01112 0.01591 -0.19528
v -0.01083 0.04095 -0.17066
v -0.01065 -0.07909 -0.20813
v -0.01060 -0.07917 -0.19229
v -0.01039 0.04860 -0.13446
v -0.01013 -0.09539 -0.16820
v -0.01013 0.03158 -0.10297
v -0.01000 -0.08161 -0.18523
v -0.00993 0.03311 -0.17992
v -0.00955 -0.08550 0.03184
v -0.00876 -0.09754 -0.14033
v -0.00853 0.02632 -0.09464
v -0.00843 -0.08899 0.01679
v -0.00803 -0.10704 -0.07247
v -0.00799 0.03132 -0.18380
v -0.00777 -0.07808 -0.20676
v -0.00775 -0.07400 0.02748
v -0.00773 -0.09532 -0.03056
v -0.00758 -0.09570 -0.15901
v -0.00735 -0.09664 -0.12147
v -0.00722 -0.08896 0.00220
v -0.00717 -0.06611 0.02123
v -0.00714 -0.07819 -0.20313
v -0.00712 -0.09464 -0.02090
v -0.00638 0.04246 -0.16444
v -0.00636 -0.07717 -0.20646
v -0.00617 0.04873 -0.13780
v -0.00499 -0.08539 0.02997
v -0.00454 -0.05079 -0.20173
v -0.00442 0.04914 -0.13587
v -0.00430 -0.09550 -0.02950
v -0.00386 0.02964 -0.18554
v -0.00368 0.02537 -0.18963
v -0.00358 0.04880 -0.13736
v -0.00306 0.04242 -0.15910
v -0.00264 0.02992 -0.18234
v -0.00243 -0.00248 -0.20262
v -0.00235 -0.10139 -0.05498
v -0.00178 -0.03427 -0.01515
v -0.00177 -0.06762 -0.20081
v -0.00147 -0.07300 -0.20329
v -0.00143 -0.10187 -0.05750
v -0.00113 0.04749 -0.13115
v -0.00104 -0.08284 0.03115
v -0.00088 -0.07423 -0.19986
v -0.00081 -0.07530 -0.18407
v -0.00029 -0.07240 -0.20310
v -0.00019 -0.09374 -0.11978
v -0.00008 -0.10304 -0.07521
v 0.00021 -0.07169 -0.20274
v 0.00055 -0.08796 -0.16695
v 0.00069 -0.07158 -0.20322
v 0.00082 -0.10047 -0.04207
v 0.00114 -0.02787 -0.02260
v 0.00140 0.02742 -0.18903
v 0.00144 -0.07057 -0.20298
v 0.00173 -0.07245 -0.19195
v 0.00200 -0.07576 0.03034
v 0.00228 -0.07138 -0.18634
v 0.00248 0.01708 -0.19698
v 0.00252 -0.07981 0.03230
v 0.00280 -0.10047 -0.08122
v 0.00299 -0.02329 -0.02785
v 0.00306 -0.02964 -0.02083
v 0.00330 0.03535 -0.17776
v 0.00330 0.04851 -0.13945
v 0.00336 0.03144 -0.18112
v 0.00337 -0.09602 -0.03150
v 0.00356 0.04392 -0.14723
v 0.00380 -0.10069 -0.06459
v 0.00385 -0.09567 -0.02481
v 0.00412 0.03787 -0.17372
v 0.00416 -0.07542 0.03023
v 0.00432 -0.09238 -0.00717
v 0.00466 0.04376 -0.14835
v 0.00487 -0.09672 -0.03469
v 0.00514 -0.06615 -0.19958
v 0.00517 -0.06845 -0.18367
v 0.00558 -0.08743 -0.14684
v 0.00600 -0.02277 -0.02856
v 0.00660 -0.08994 -0.11296
v 0.00660 -0.08186 -0.16434
v 0.00667 -0.09476 -0.09695
v 0.00672 -0.09923 -0.05682
v 0.00732 -0.06563 -0.19867
v 0.00739 0.01838 -0.08034
v 0.00743 0.02558 -0.19517
v 0.00749 -0.02197 -0.20133
v 0.00761 -0.06550 -0.19899
v 0.00802 -0.06541 -0.19934
v 0.00818 -0.08640 -0.13592
v 0.00849 0.02280 -0.19642
v 0.00868 -0.08483 -0.14525
v 0.00895 -0.06472 -0.19897
v 0.00900 0.03542 -0.17740
v 0.00931 -0.05933 -0.19803
v 0.00982 -0.08073 0.03097
v 0.01029 0.04871 -0.13007
v 0.01043 -0.08881 0.01126
v 0.01066 -0.09425 -0.08218
v 0.01076 -0.08974 0.00375
v 0.01079 -0.07581 0.02932
v 0.01110 0.01177 -0.19838
v 0.01111 -0.09681 -0.04793
v 0.01137 0.03342 -0.10002
v 0.01272 -0.06700 -0.17261
v 0.01326 -0.09433 -0.03013
v 0.01344 -0.07859 0.02976
v 0.01355 -0.06554 -0.17297
v 0.01360 0.01833 -0.19866
v 0.01396 0.04072 -0.15060
v 0.01423 0.02518 -0.19144
v 0.01427 -0.09342 -0.02200
v 0.01475 0.02301 -0.19993
v 0.01504 0.02278 -0.19813
v 0.01519 -0.05886 -0.19569
v 0.01536 0.04963 -0.13684
v 0.01566 -0.08903 -0.00086
v 0.01626 -0.08946 -0.09025
v 0.01834 -0.00316 -0.20118
v 0.01836 0.02202 -0.19410
v 0.01858 0.03623 -0.16068
v 0.01889 -0.08756 -0.08311
v 0.01914 -0.05689 -0.18512
v 0.01938 -0.08062 0.01982
v 0.01962 -0.07588 -0.13054
v 0.01965 -0.06728 -0.15936
v 0.01988 0.02338 -0.19137
v 0.02003 -0.07439 0.02624
v 0.02091 0.01697 -0.20054
v 0.02129 -0.05115 -0.19344
v 0.02142 -0.05287 -0.19214
v 0.02184 -0.06826 -0.14980
v 0.02186 0.01973 -0.20086
v 0.02201 -0.05693 0.00412
v 0.02244 0.05018 -0.12830
v 0.02255 0.01413 -0.20118
v 0.02300 0.05096 -0.13115
v 0.02312 -0.09071 -0.04298
v 0.02362 -0.07642 -0.11329
v 0.02374 -0.07222 0.02339
v 0.02397 -0.06816 0.01790
v 0.02420 -0.07597 0.02269
v 0.02429 -0.08488 -0.07512
v 0.02454 0.02259 -0.08169
v 0.02478 0.04387 -0.11423
v 0.02522 0.01809 -0.20172
v 0.02550 -0.03828 -0.19290
v 0.02550 -0.04227 -0.19214
v 0.02573 -0.04803 -0.18758
v 0.02604 -0.00874 -0.19834
v 0.02661 -0.04689 -0.19073
v 0.02671 -0.08534 -0.06046
v 0.02743 0.04241 -0.10996
v 0.02769 0.04882 -0.12584
v 0.02772 -0.06807 -0.12791
v 0.02794 -0.07117 -0.11900
v 0.02799 -0.06388 -0.14629
v 0.02803 -0.08210 -0.00620
v 0.02813 0.03607 -0.15621
v 0.02816 0.04648 -0.12081
v 0.02819 -0.08504 -0.01609
v 0.02837 -0.07504 -0.09616
v 0.02855 0.04305 -0.14321
v 0.02858 0.04371 -0.11379
v 0.02859 0.02599 -0.18662
v 0.02863 0.01430 -0.20132
v 0.02880 0.03395 -0.09508
v 0.02896 0.02314 -0.19096
v 0.02899 -0.07127 0.02002
v 0.02900 -0.07068 0.01878
v 0.02925 0.01714 -0.19922
v 0.02964 -0.07025 0.01940
v 0.02975 0.02982 -0.17159
v 0.02984 0.04868 -0.13001
v 0.02988 -0.08632 -0.02574
v 0.02992 0.01498 -0.20279
v 0.03001 -0.04623 -0.18394
v 0.03024 -0.06193 0.00849
v 0.03025 0.01517 -0.20223
v 0.03093 -0.04464 -0.19120
v 0.03100 -0.06643 -0.12324
v 0.03110 0.00936 -0.20259
v 0.03127 0.01423 -0.20425
v 0.03128 -0.08448 -0.02045
v 0.03195 0.01446 -0.20176
v 0.03206 0.04298 -0.10927
v 0.03212 -0.07100 0.01109
v 0.03283 -0.07481 0.00534
v 0.03286 -0.04349 -0.18881
v 0.03309 -0.05089 -0.16980
v 0.03335 -0.07541 0.00313
v 0.03354 -0.04221 -0.01026
v 0.03358 0.04325 -0.11150
v 0.03358 0.04323 -0.11093
v 0.03365 0.04321 -0.11092
v 0.03377 0.04453 -0.10792
v 0.03390 -0.02910 -0.19105
v 0.03457 -0.04097 -0.18969
v 0.03515 -0.04021 -0.18960
v 0.03539 -0.04045 -0.18927
v 0.03553 -0.06730 0.01020
v 0.03587 -0.07343 -0.01012
v 0.03608 -0.03706 -0.18989
v 0.03616 -0.07098 -0.08461
v 0.03712 0.04599 -0.13262
v 0.03725 -0.08080 -0.04122
v 0.03734 -0.05247 -0.15522
v 0.03763 -0.04445 -0.17554
v 0.03765 0.04160 -0.11579
v 0.03771 -0.06484 0.00901
v 0.03786 -0.06828 0.00181
v 0.03805 -0.06977 -0.00859
v 0.03808 0.00920 -0.19976
v 0.03809 -0.07288 -0.07241
v 0.03818 -0.06160 -0.11979
v 0.03861 -0.00140 -0.19842
v 0.03887 -0.03513 -0.18929
v 0.03905 -0.06225 -0.10536
v 0.03918 -0.06616 0.00297
v 0.03936 0.00781 -0.20094
v 0.03967 0.03996 -0.10134
v 0.03976 0.00636 -0.20117
v 0.03982 -0.06273 -0.11246
v 0.03989 0.04130 -0.10981
v 0.04002 -0.07110 -0.01633
v 0.04048 -0.06348 0.00791
v 0.04055 -0.03383 -0.18753
v 0.04075 -0.07807 -0.03373
v 0.04132 -0.06243 -0.09338
v 0.04140 0.01699 -0.18646
v 0.04156 0.00347 -0.20109
v 0.04161 -0.07618 -0.02853
v 0.04166 0.03703 -0.14597
v 0.04180 0.01016 -0.06588
v 0.04189 -0.06100 -0.11372
v 0.04206 -0.06302 0.00676
v 0.04209 -0.05757 0.00570
v 0.04246 -0.02908 -0.18931
v 0.04287 0.00073 -0.20062
v 0.04299 -0.04060 -0.17103
v 0.04305 0.04078 -0.10491
v 0.04317 -0.02913 -0.18773
v 0.04320 0.01957 -0.18126
v 0.04327 -0.06790 -0.07046
v 0.04346 -0.05747 -0.11167
v 0.04360 -0.02683 -0.18818
v 0.04405 0.03721 -0.09736
v 0.04422 -0.04520 -0.15330
v 0.04422 -0.06228 -0.00462
v 0.04422 -0.04543 -0.00619
v 0.04454 -0.00052 -0.19873
v 0.04481 0.03819 -0.10743
v 0.04509 -0.05607 0.00323
v 0.04516 0.03492 -0.10970
v 0.04549 -0.00244 -0.19838
v 0.04553 0.03055 -0.15959
v 0.04588 0.03602 -0.14090
v 0.04630 -0.02226 -0.19165
v 0.04644 -0.05245 -0.11912
v 0.04680 -0.03960 -0.16292
v 0.04706 -0.00640 -0.19837
v 0.04706 -0.07099 -0.04469
v 0.04781 -0.01410 -0.19490
v 0.04784 -0.02389 -0.18182
v 0.04793 0.03211 -0.11254
v 0.04829 0.03311 -0.09216
v 0.04839 -0.05819 -0.00020
v 0.04843 -0.00385 -0.19342
v 0.04859 -0.01432 -0.19461
v 0.04868 -0.06021 -0.07180
v 0.04871 -0.06892 -0.03067
v 0.04913 0.02176 -0.07918
v 0.04967 -0.06568 -0.05816
v 0.04982 -0.06807 -0.03518
v 0.04985 -0.00128 -0.18907
v 0.04994 -0.05481 0.00243
v 0.05050 -0.01182 -0.18711
v 0.05092 0.02828 -0.15657
v 0.05106 0.03159 -0.13557
v 0.05107 -0.04129 -0.14414
v 0.05131 0.02500 -0.16767
v 0.05136 -0.06209 -0.06151
v 0.05152 0.04037 -0.10078
v 0.05160 -0.05073 -0.00013
v 0.05165 -0.05453 0.00125
v 0.05194 0.02889 -0.12368
v 0.05240 -0.03180 -0.02177
v 0.05263 -0.03525 -0.01740
v 0.05266 0.00247 -0.18615
v 0.05280 0.04046 -0.10194
v 0.05288 0.02996 -0.10961
v 0.05332 0.03789 -0.10489
v 0.05348 -0.02671 -0.17131
v 0.05351 0.03431 -0.09186
v 0.05366 -0.04320 -0.00693
v 0.05370 0.01396 -0.18043
v 0.05402 -0.05930 -0.02643
v 0.05411 -0.05267 -0.00203
v 0.05420 -0.05743 -0.01910
v 0.05452 -0.06062 -0.03184
v 0.05457 0.03286 -0.10660
v 0.05557 -0.04735 -0.09687
v 0.05577 -0.02540 -0.02888
v 0.05585 -0.01389 -0.04075
v 0.05595 -0.04862 -0.08582
v 0.05599 0.02463 -0.11564
v 0.05614 -0.03658 -0.01688
v 0.05647 -0.04726 -0.00391
v 0.05656 0.04029 -0.10122
v 0.05685 -0.04439 -0.00576
v 0.05719 -0.04974 -0.00355
v 0.05722 0.03402 -0.08715
v 0.05741 -0.03256 -0.14856
v 0.05784 0.03747 -0.09709
v 0.05786 -0.04439 -0.00782
v 0.05826 -0.02697 -0.16314
v 0.05829 -0.04973 -0.06268
v 0.05851 -0.04378 -0.01014
v 0.05867 -0.04173 -0.01490
v 0.05882 -0.03401 -0.02313
v 0.05885 -0.04199 -0.10555
v 0.05894 0.00973 -0.18135
v 0.05898 -0.04899 -0.01624
v 0.05915 -0.04946 -0.04167
v 0.05921 -0.00918 -0.17839
v 0.05923 -0.04452 -0.07911
v 0.05956 -0.02782 -0.15555
v 0.05981 0.02383 -0.11049
v 0.05993 -0.01420 -0.04120
v 0.05994 -0.01402 -0.04166
v 0.05996 -0.04587 -0.06810
v 0.06001 -0.02734 -0.02911
v 0.06009 0.03442 -0.10242
v 0.06016 -0.00832 -0.04639
v 0.06018 0.03504 -0.09276
v 0.06020 0.00084 -0.05575
v 0.06025 -0.04667 -0.04652
v 0.06026 -0.04684 -0.02135
v 0.06027 -0.02181 -0.16373
v 0.06050 0.02269 -0.13351
v 0.06061 -0.02919 -0.13980
v 0.06061 -0.02615 -0.03107
v 0.06068 0.02005 -0.07310
v 0.06076 -0.04387 -0.06436
v 0.06078 -0.00736 -0.04767
v 0.06104 0.03556 -0.09813
v 0.06130 -0.04521 -0.02611
v 0.06134 -0.04240 -0.05174
v 0.06148 0.03068 -0.08214
v 0.06149 0.01917 -0.15486
v 0.06165 -0.04223 -0.02351
v 0.06167 -0.01395 -0.04417
v 0.06181 -0.04067 -0.06962
v 0.06213 -0.03772 -0.02698
v 0.06220 0.00586 -0.06074
v 0.06238 0.01031 -0.17762
v 0.06253 -0.03789 -0.09777
v 0.06272 0.02133 -0.10905
v 0.06273 -0.04230 -0.03145
v 0.06295 0.01842 -0.11877
v 0.06296 0.02118 -0.07215
v 0.06305 0.01290 -0.16836
v 0.06307 0.00059 -0.05590
v 0.06320 0.00375 -0.18115
v 0.06348 -0.03429 -0.06517
v 0.06353 0.03281 -0.09328
v 0.06377 -0.03582 -0.09174
v 0.06380 0.01118 -0.17001
v 0.06404 -0.04180 -0.03625
v 0.06419 0.00279 -0.17921
v 0.06455 -0.02979 -0.12142
v 0.06459 -0.01156 -0.16323
v 0.06462 -0.00329 -0.17182
v 0.06473 -0.01269 -0.15831
v 0.06496 -0.03263 -0.11395
v 0.06502 0.02754 -0.08249
v 0.06509 -0.04105 -0.03884
v 0.06528 0.01434 -0.14206
v 0.06532 0.01445 -0.15163
v 0.06545 0.02782 -0.09776
v 0.06549 -0.03160 -0.11033
v 0.06576 0.02079 -0.07347
v 0.06608 0.01580 -0.12340
v 0.06637 -0.03437 -0.04610
v 0.06647 -0.03116 -0.03926
v 0.06655 -0.02467 -0.08316
v 0.06671 0.02722 -0.09131
v 0.06676 0.01895 -0.06869
v 0.06686 -0.00610 -0.05533
v 0.06699 0.01565 -0.10690
v 0.06701 0.00624 -0.15398
v 0.06715 -0.01713 -0.07112
v 0.06727 0.01446 -0.12472
v 0.06731 -0.02821 -0.10898
v 0.06731 -0.01406 -0.14368
v 0.06757 -0.02998 -0.04795
v 0.06786 0.01716 -0.10085
v 0.06787 -0.01766 -0.13746
v 0.06811 0.00463 -0.06212
v 0.06818 -0.02327 -0.09888
v 0.06821 -0.02445 -0.05187
v 0.06848 -0.00592 -0.07478
v 0.06882 -0.02554 -0.05674
v 0.06904 -0.02318 -0.06114
v 0.06913 -0.01142 -0.09402
v 0.06922 -0.01884 -0.05723
v 0.06937 0.01634 -0.07225
v 0.06949 -0.01883 -0.12232
v 0.06961 0.00616 -0.11177
v 0.06962 0.00851 -0.13354
v 0.06972 -0.01386 -0.13423
v 0.06977 -0.02301 -0.11094
v 0.06982 0.00607 -0.06267
v 0.06998 0.00132 -0.08212
v 0.06999 0.00046 -0.13541
v 0.07004 0.01213 -0.09553
v 0.07031 0.01290 -0.06903
v 0.07046 0.00532 -0.07067
v 0.07061 0.01159 -0.06432
v 0.07073 -0.00969 -0.13431
v 0.07075 -0.00299 -0.11522
vn -0.9915 -0.0868 -0.0973
vn -0.9887 -0.0135 -0.1490
vn -0.9497 -0.3125 -0.0218
vn -0.9981 0.0564 -0.0255
vn -0.9155 0.3599 0.1797
vn -0.8939 0.2202 0.3904
vn -0.8509 -0.4865 -0.1981
vn -0.9424 -0.2310 -0.2420
vn -0.9701 -0.1084 -0.2171
vn -0.9649 -0.2585 0.0455
vn -0.9092 0.4018 0.1089
vn -0.8586 -0.5011 0.1082
vn -0.9627 0.2540 0.0934
vn -0.9632 -0.1947 0.1850
vn -0.9958 -0.0429 -0.0805
vn -0.8850 -0.2778 -0.3737
vn -0.9920 0.0006 0.1265
vn -0.9629 -0.2021 -0.1786
vn -0.9862 0.1491 -0.0721
vn -0.8796 -0.3621 -0.3086
vn -0.9767 0.1842 0.1102
vn -0.9786 0.0316 -0.2034
vn -0.7381 -0.6717 0.0638
vn -0.8864 0.4430 0.1341
vn -0.9381 0.2150 0.2716
vn -0.9423 -0.1252 0.3105
vn -0.6271 -0.7290 -0.2743
vn -0.9835 0.0934 -0.1551
vn -0.8717 -0.3231 -0.3683
vn -0.6968 -0.7172 0.0001
vn -0.8472 -0.3863 -0.3648
vn -0.8774 0.2502 0.4095
vn -0.7625 0.5983 0.2461
vn -0.8334 -0.4994 0.2366
vn -0.9339 0.3383 0.1155
vn -0.7910 0.5638 0.2378
vn -0.9247 -0.1246 -0.3596
vn -0.8532 -0.3619 -0.3757
vn -0.6426 -0.7608 -0.0912
vn -0.8322 0.5452 0.1010
vn -0.8224 0.4518 0.3459
vn -0.9430 0.2864 0.1697
vn -0.8171 -0.3377 -0.4672
vn -0.7248 0.5702 0.3867
vn -0.7289 -0.5642 -0.3878
vn -0.7861 0.4966 0.3680
vn -0.8098 0.2118 0.5472
vn -0.1347 0.6749 0.7255
vn -0.5800 0.7330 0.3553
vn -0.8478 -0.2338 -0.4760
vn -0.9082 0.3513 0.2273
vn -0.7976 0.2475 0.5501
vn -0.9079 0.3947 -0.1411
vn -0.1827 0.6893 0.7011
vn -0.8782 -0.3326 -0.3438
vn -0.9717 -0.1173 0.2051
vn -0.8662 -0.2734 0.4184
vn -0.4495 0.7665 0.4587
vn -0.9245 0.3799 -0.0313
vn -0.7670 0.5743 0.2863
vn -0.4992 -0.8195 -0.2815
vn -0.8814 0.3717 0.2916
vn -0.3805 0.6394 0.6682
vn -0.0787 0.7091 0.7007
vn -0.3600 0.5587 0.7471
vn -0.7988 0.5979 0.0668
vn -0.8624 0.5057 -0.0214
vn -0.1377 0.7274 0.6723
vn -0.2282 0.7081 0.6682
vn -0.7184 -0.1515 0.6789
vn -0.8781 -0.0070 -0.4784
vn -0.1279 0.4814 0.8671
vn -0.0140 0.5510 0.8344
vn -0.8939 -0.2848 -0.3461
vn -0.6810 0.7029 0.2054
vn -0.7297 -0.6368 0.2490
vn -0.2494 0.7884 0.5624
vn -0.5650 0.6902 0.4522
vn -0.0556 0.5454 0.8363
vn -0.5677 -0.8209 0.0623
vn -0.1487 0.7522 0.6419
vn -0.9596 0.1837 -0.2133
vn -0.5138 0.6464 0.5640
vn -0.9996 -0.0202 0.0180
vn -0.8953 0.2266 -0.3835
vn 0.0224 0.8034 0.5950
vn -0.8932 -0.2634 -0.3645
vn -0.9675 0.1021 -0.2314
vn -0.9404 -0.3015 -0.1572
vn -0.8966 -0.3960 -0.1982
vn -0.8092 0.0718 -0.5831
vn -0.8692 -0.2783 -0.4088
vn -0.7674 0.5923 0.2454
vn -0.9812 0.0780 -0.1764
vn -0.3756 0.9217 0.0965
vn -0.9462 -0.0714 -0.3157
vn -0.9540 0.2015 -0.2222
vn -0.7228 0.6583 0.2102
vn -0.9826 -0.1810 0.0407
vn -0.9809 -0.0127 -0.1942
vn -0.6828 -0.5158 -0.5175
vn -0.8898 0.4354 -0.1370
vn -0.7891 -0.5636 -0.2442
vn -0.6250 -0.7546 -0.2001
vn -0.9705 -0.1521 -0.1871
vn -0.6793 -0.5117 0.5260
vn -0.7282 0.6552 0.2009
vn -0.9300 -0.0094 -0.3674
vn 0.0838 0.8050 0.5874
vn -0.9559 0.1717 -0.2381
vn -0.9755 -0.1059 -0.1928
vn -0.9854 0.1684 -0.0268
vn -0.9895 0.1375 -0.0449
vn -0.9460 -0.3050 0.1103
vn -0.9956 -0.0877 0.0326
vn -0.9340 0.2031 -0.2939
vn -0.8923 -0.4302 -0.1366
vn -0.5273 -0.8146 0.2417
vn -0.9742 -0.0773 -0.2120
vn -0.9788 -0.0916 -0.1830
vn -0.8678 -0.4925 -0.0655
vn -0.9753 -0.2200 0.0209
vn -0.9930 0.1031 -0.0580
vn 0.0150 0.7956 0.6057
vn -0.8774 0.3692 -0.3063
vn -0.9614 0.1999 -0.1891
vn -0.8091 0.5834 -0.0715
vn -0.9841 -0.1738 -0.0369
vn 0.0237 0.8143 0.5799
vn -0.9863 0.1288 -0.1029
vn -0.9547 0.0119 -0.2975
vn -0.9639 0.1926 -0.1839
vn -0.9401 -0.1921 -0.2815
vn -0.7691 -0.6318 -0.0971
vn -0.5139 -0.8576 0.0194
vn -0.7441 0.6103 0.2718
vn -0.8568 -0.5053 -0.1027
vn -0.5536 -0.7848 -0.2787
vn -0.9553 0.2442 -0.1668
vn -0.9661 -0.0267 -0.2567
vn -0.9491 0.3019 -0.0893
vn -0.9689 -0.0303 -0.2455
vn -0.9890 -0.1457 -0.0259
vn -0.1495 0.4726 0.8685
vn -0.9840 0.1645 -0.0679
vn -0.6221 -0.6209 -0.4769
vn -0.9852 0.1555 -0.0725
vn -0.9606 -0.1864 -0.2059
vn -0.0297 0.9430 0.3314
vn -0.7439 0.6561 -0.1270
vn -0.8169 0.5130 -0.2636
vn -0.7096 0.6233 0.3285
vn -0.5314 -0.8153 0.2299
vn -0.9851 -0.1716 -0.0142
vn -0.8167 -0.5569 -0.1511
vn -0.9800 -0.1981 0.0176
vn -0.9940 -0.1074 0.0215
vn -0.9945 -0.0633 0.0829
vn -0.7166 0.6938 -0.0707
vn -0.9793 -0.0646 -0.1917
vn -0.8107 -0.5773 -0.0976
vn -0.9966 0.0305 -0.0764
vn -0.7032 -0.7017 -0.1142
vn -0.8629 -0.4855 -0.1403
vn -0.9068 -0.1185 -0.4046
vn -0.8982 0.3605 -0.2516
vn -0.6268 -0.7536 -0.1980
vn -0.9602 0.1150 -0.2547
vn -0.5833 -0.8096 -0.0654
vn -0.8467 0.3613 -0.3906
vn -0.2239 0.9545 0.1969
vn -0.9421 0.2467 -0.2272
vn -0.7287 0.6580 0.1898
vn -0.9975 -0.0511 -0.0487
vn -0.9857 -0.0278 -0.1664
vn -0.3544 0.4913 0.7957
vn -0.6902 0.6838 0.2368
vn -0.9685 0.2297 -0.0957
vn -0.7667 0.4534 -0.4545
vn -0.9678 -0.2516 0.0062
vn -0.9998 -0.0186 -0.0056
vn -0.3615 0.9263 0.1066
vn -0.8449 0.4456 -0.2958
vn -0.9397 -0.1111 -0.3235
vn -0.2677 -0.0094 -0.9635
vn -0.5115 0.8536 -0.0989
vn -0.7761 0.5232 -0.3521
vn -0.6520 -0.7534 -0.0857
vn -0.1080 -0.6144 -0.7816
vn -0.8592 -0.0706 -0.5068
vn 0.1156 -0.7761 -0.6199
vn -0.8886 -0.4152 -0.1949
vn -0.9546 0.1044 -0.2789
vn -0.0947 0.7711 -0.6296
vn -0.7090 0.4034 -0.5785
vn -0.5743 -0.5382 0.6169
vn -0.5826 -0.3137 -0.7498
vn -0.3492 0.6707 0.6543
vn -0.9676 -0.2295 -0.1056
vn -0.0299 0.1456 -0.9889
vn -0.5713 0.7209 -0.3924
vn -0.6068 -0.7770 -0.1675
vn -0.4714 0.8544 0.2186
vn -0.9841 0.1399 -0.1092
vn 0.5172 -0.0655 0.8534
vn 0.4709 0.0388 -0.8813
vn -0.4877 -0.7884 0.3750
vn -0.9961 -0.0787 -0.0408
vn -0.9240 -0.3661 -0.1100
vn -0.8815 0.2410 -0.4060
vn -0.8375 0.1178 0.5336
vn -0.1775 0.7019 0.6898
vn -0.2617 0.5345 0.8036
vn -0.6367 -0.7227 -0.2690
vn -0.2432 0.7648 -0.5966
vn -0.9168 -0.3744 -0.1388
vn -0.5207 0.8057 0.2822
vn -0.4537 -0.8775 0.1551
vn -0.9049 0.3054 -0.2963
vn -0.7750 0.5242 0.3529
vn 0.5172 -0.0765 -0.8525
vn -0.7127 -0.7000 0.0462
vn -0.4461 -0.8950 -0.0020
vn -0.5818 0.7974 0.1598
vn -0.4133 0.2536 -0.8746
vn -0.7434 0.3702 -0.5571
vn 0.1605 0.5703 -0.8056
vn -0.5908 0.7388 0.3242
vn 0.8407 0.2316 -0.4894
vn 0.2811 0.7689 -0.5743
vn -0.9671 0.1732 -0.1862
vn -0.6607 -0.6942 -0.2855
vn -0.0382 0.9388 -0.3424
vn -0.0674 0.6959 0.7149
vn -0.5636 -0.8115 -0.1543
vn -0.9565 -0.2786 0.0870
vn -0.4057 0.8339 0.3743
vn 0.2362 0.4106 -0.8807
vn -0.9665 -0.2485 0.0638
vn -0.9067 -0.3833 -0.1759
vn -0.7513 0.5493 -0.3658
vn -0.3143 -0.8267 0.4668
vn 0.0575 -0.1946 -0.9792
vn -0.7860 -0.6069 -0.1180
vn 0.2984 0.0415 -0.9535
vn 0.5073 0.3403 -0.7917
vn 0.0000 0.0000 0.0000
vn -0.5244 -0.8419 0.1273
vn -0.0072 0.9126 0.4087
vn -0.7207 -0.6805 -0.1322
vn -0.6866 0.3507 -0.6369
vn 0.0253 0.8161 0.5774
vn -0.7418 -0.3661 -0.5619
vn -0.8947 -0.4297 -0.1222
vn -0.4429 -0.8865 0.1336
vn 0.1398 0.0090 -0.9901
vn -0.1870 0.8606 0.4738
vn -0.1856 0.4797 -0.8576
vn -0.1048 0.2838 -0.9531
vn -0.1545 0.9861 0.0610
vn -0.7668 -0.6091 -0.2024
vn -0.4302 0.7358 -0.5231
vn -0.9612 -0.2759 -0.0019
vn -0.3289 0.9425 0.0591
vn -0.7685 -0.5596 -0.3102
vn 0.2552 -0.1545 -0.9545
vn -0.7508 0.6338 -0.1860
vn -0.2067 0.7267 0.6551
vn -0.9140 -0.4048 -0.0261
vn -0.4566 -0.8885 0.0458
vn -0.8204 -0.5710 -0.0305
vn -0.7872 -0.6105 0.0869
vn -0.8722 -0.4892 0.0046
vn -0.7413 -0.6618 -0.1117
vn -0.7280 0.5722 -0.3776
vn -0.6233 -0.7679 -0.1479
vn 0.5152 -0.0573 -0.8552
vn -0.8128 -0.5816 -0.0337
vn -0.1756 -0.6847 -0.7074
vn -0.0614 0.8339 0.5484
vn -0.6759 -0.7361 -0.0373
vn -0.7942 -0.6052 -0.0549
vn -0.7725 -0.6207 -0.1341
vn -0.8300 -0.5568 -0.0332
vn -0.5025 -0.8480 -0.1685
vn -0.8237 -0.5052 -0.2576
vn -0.7586 -0.6494 -0.0527
vn -0.6300 -0.7695 0.1050
vn -0.5183 -0.8519 -0.0750
vn -0.6640 -0.7312 0.1562
vn -0.0460 0.7227 0.6896
vn -0.4195 -0.9063 0.0509
vn -0.6144 -0.7811 -0.1115
vn 0.5533 -0.2738 -0.7867
vn -0.8219 -0.5641 -0.0790
vn -0.0939 0.8429 0.5298
vn -0.6693 -0.7328 -0.1230
vn -0.8488 -0.5055 -0.1553
vn -0.8251 -0.5650 -0.0036
vn -0.4910 -0.5449 0.6797
vn 0.3684 0.0670 -0.9273
vn 0.3441 0.1852 -0.9205
vn 0.4598 0.0671 -0.8855
vn -0.4924 -0.6996 0.5179
vn -0.0027 0.9913 -0.1317
vn -0.7056 0.6878 -0.1702
vn -0.5157 -0.8548 -0.0581
vn -0.8272 -0.5619 -0.0052
vn -0.3422 0.9393 0.0261
vn 0.4934 -0.1071 -0.8632
vn -0.8481 -0.5232 -0.0837
vn -0.1117 0.9768 0.1825
vn -0.1872 0.9806 0.0584
vn -0.3284 -0.9341 0.1399
vn -0.4161 -0.8653 0.2797
vn -0.7352 -0.6774 -0.0246
vn -0.5228 -0.4644 0.7149
vn -0.1444 0.8565 0.4955
vn -0.1027 0.7139 0.6927
vn 0.4632 -0.0806 -0.8826
vn -0.8507 -0.5031 -0.1521
vn -0.3503 -0.8768 -0.3295
vn -0.2392 0.7252 -0.6457
vn -0.8675 -0.4931 -0.0657
vn -0.6307 0.7285 -0.2674
vn -0.1373 0.9875 0.0778
vn -0.8033 -0.5952 -0.0219
vn -0.8203 -0.5716 0.0202
vn -0.0817 0.9363 -0.3417
vn 0.0884 -0.7484 -0.6573
vn 0.0637 0.8747 0.4805
vn -0.0880 0.9045 0.4173
vn -0.5362 -0.7051 0.4641
vn 0.0146 0.7582 0.6518
vn -0.6810 -0.7312 0.0397
vn -0.9223 -0.1937 -0.3345
vn -0.3532 -0.9345 0.0442
vn -0.8527 -0.4990 -0.1549
vn -0.9231 -0.3227 -0.2093
vn -0.4160 -0.8974 0.1468
vn -0.7816 -0.5882 -0.2075
vn -0.2220 0.9427 -0.2489
vn -0.7910 -0.6095 0.0528
vn -0.6497 -0.4634 -0.6026
vn -0.2234 0.7327 0.6428
vn -0.8481 -0.5288 0.0348
vn -0.9582 -0.2860 0.0021
vn -0.8209 -0.5694 -0.0428
vn -0.9956 -0.0687 -0.0644
vn -0.7471 -0.5581 -0.3610
vn -0.8377 -0.5436 -0.0524
vn 0.0654 0.9240 0.3768
vn -0.9923 0.0528 -0.1124
vn -0.3899 0.8341 -0.3902
vn -0.3976 -0.9164 0.0460
vn -0.9591 -0.1195 -0.2566
vn -0.3342 0.8243 -0.4569
vn -0.9583 -0.2739 -0.0812
vn -0.8849 -0.4593 0.0770
vn -0.9816 0.0474 -0.1851
vn -0.4998 -0.5000 0.7073
vn -0.8989 -0.4350 -0.0525
vn -0.8140 -0.5543 0.1737
vn -0.5652 -0.5964 -0.5699
vn -0.8399 -0.5362 -0.0839
vn -0.9850 -0.0329 -0.1693
vn 0.2620 0.4281 -0.8649
vn -0.9412 -0.3271 0.0846
vn -0.9998 -0.0070 -0.0205
vn -0.5533 0.8171 -0.1616
vn 0.5107 0.2076 -0.8343
vn -0.8202 -0.5593 -0.1206
vn -0.1736 -0.9796 -0.1016
vn -0.9869 0.1331 -0.0909
vn 0.0483 0.7257 -0.6863
vn -0.4885 -0.7959 0.3575
vn 0.7214 0.2806 -0.6331
vn -0.0290 0.9990 -0.0350
vn -0.3589 -0.9239 0.1330
vn -0.9644 -0.0873 -0.2495
vn -0.7821 -0.6189 -0.0734
vn -0.9049 -0.4208 -0.0638
vn -0.9914 -0.0179 -0.1295
vn -0.6925 -0.7203 0.0392
vn -0.4371 0.8991 -0.0245
vn -0.3541 -0.9306 0.0927
vn -0.6948 -0.7173 -0.0522
vn -0.9849 -0.0834 -0.1519
vn 0.2997 -0.0491 -0.9528
vn -0.8407 -0.5411 0.0198
vn 0.0308 -0.3158 -0.9483
vn -0.9725 0.2013 -0.1172
vn -0.7540 -0.6405 0.1460
vn -0.8420 -0.5070 0.1843
vn 0.0000 0.0000 0.0000
vn -0.4363 -0.8982 -0.0540
vn -0.9683 0.1362 -0.2096
vn -0.4327 -0.8991 0.0663
vn -0.5942 0.0496 0.8028
vn -0.8135 -0.5816 0.0001
vn -0.8915 -0.3288 -0.3118
vn -0.0949 0.9951 0.0262
vn -0.6911 -0.7095 0.1378
vn -0.9689 -0.2322 0.0855
vn -0.9871 -0.1597 -0.0085
vn -0.6897 -0.7116 0.1337
vn -0.9111 -0.4114 -0.0257
vn 0.0403 0.8649 0.5004
vn -0.9670 -0.1450 -0.2094
vn -0.9664 -0.2422 -0.0862
vn -0.9925 0.0989 -0.0725
vn -0.4210 -0.9031 -0.0841
vn -0.8920 -0.4007 -0.2095
vn -0.9682 -0.2383 -0.0757
vn -0.1049 -0.9919 0.0709
vn -0.4377 -0.8656 0.2430
vn -0.9998 0.0202 -0.0021
vn -0.1270 0.9912 -0.0372
vn -0.1775 -0.9840 0.0142
vn -0.5189 -0.5493 -0.6550
vn -0.1467 -0.9883 -0.0426
vn -0.1426 -0.9808 -0.1333
vn -0.1179 0.6820 0.7218
vn -0.8156 -0.4665 -0.3424
vn -0.5386 -0.8252 0.1701
vn -0.6112 -0.7125 0.3447
vn -0.0634 0.8500 0.5230
vn -0.2049 0.8800 -0.4286
vn -0.6956 -0.6157 -0.3701
vn 0.3512 0.2304 -0.9075
vn -0.6550 -0.6677 -0.3538
vn -0.7301 -0.6177 0.2921
vn -0.7836 -0.6170 -0.0726
vn -0.7326 -0.6512 0.1982
vn 0.0281 0.7977 0.6024
vn -0.5005 -0.6219 -0.6023
vn -0.7521 -0.5697 -0.3312
vn -0.0437 -0.9934 0.1062
vn -0.7781 -0.0946 0.6210
vn -0.6046 -0.6994 0.3812
vn 0.0269 0.8885 0.4581
vn -0.2750 -0.9479 -0.1610
vn -0.5922 -0.7250 -0.3518
vn 0.3188 -0.9472 0.0331
vn -0.7386 -0.6214 0.2612
vn -0.3295 0.4663 0.8210
vn -0.4085 -0.7407 -0.5334
vn 0.3638 0.7426 -0.5623
vn -0.4181 -0.5980 -0.6838
vn -0.8031 -0.5403 0.2514
vn -0.0560 0.7699 0.6357
vn -0.4244 -0.8919 0.1560
vn -0.0483 0.9960 0.0750
vn -0.5317 -0.7658 0.3617
vn 0.2186 -0.9556 0.1976
vn -0.3374 -0.4592 -0.8218
vn -0.3024 -0.7979 -0.5215
vn -0.4469 -0.8940 0.0332
vn 0.0872 0.7184 0.6902
vn -0.2368 -0.9709 0.0350
vn -0.2501 -0.9656 0.0708
vn -0.0049 0.8203 0.5719
vn -0.5934 -0.7471 0.2994
vn -0.5827 -0.7416 0.3322
vn -0.1657 0.3440 0.9242
vn -0.0288 0.7717 0.6353
vn 0.0416 0.9804 -0.1927
vn -0.4117 -0.8945 0.1745
vn 0.0998 -0.0530 -0.9936
vn 0.2858 0.0106 -0.9582
vn 0.0545 -0.9981 0.0297
vn 0.5142 0.3051 -0.8016
vn -0.2978 -0.9458 0.1295
vn 0.1743 -0.9765 -0.1264
vn -0.0310 0.9009 0.4328
vn -0.0829 0.7834 0.6160
vn 0.0229 0.9340 -0.3564
vn -0.3223 -0.7271 -0.6061
vn -0.3205 -0.8685 -0.3780
vn 0.0391 0.9964 -0.0752
vn -0.4859 -0.8706 0.0771
vn -0.6629 -0.6301 0.4044
vn -0.0383 0.7531 0.6568
vn -0.0526 -0.7229 -0.6889
vn -0.5146 -0.5449 -0.6621
vn -0.6047 -0.6866 0.4036
vn 0.0647 -0.7038 -0.7074
vn -0.0286 0.5746 0.8179
vn -0.0397 0.7979 0.6015
vn -0.0097 -0.5543 -0.8323
vn -0.6047 -0.6837 0.4085
vn -0.2192 -0.9754 0.0237
vn -0.3425 -0.9204 0.1886
vn -0.0410 -0.8350 -0.5487
vn 0.0750 0.8940 -0.4418
vn 0.3948 -0.9038 0.1653
vn 0.1607 -0.9648 -0.2081
vn 0.0945 0.0422 -0.9946
vn 0.3795 -0.9228 -0.0670
vn 0.0355 0.8472 0.5300
vn 0.2284 0.1899 -0.9549
vn -0.3858 -0.8434 0.3738
vn 0.1503 -0.0232 -0.9884
vn -0.3389 -0.6922 -0.6372
vn 0.3420 -0.9251 0.1652
vn -0.4197 -0.9077 0.0002
vn -0.1946 -0.5541 0.8094
vn 0.0056 0.5852 0.8109
vn 0.0616 -0.7768 -0.6267
vn 0.0746 -0.9786 -0.1920
vn -0.2321 -0.9533 0.1931
vn 0.3557 0.7905 -0.4987
vn 0.1030 -0.9569 -0.2717
vn -0.0499 0.9730 -0.2255
vn 0.4229 0.5549 0.7164
vn 0.1433 0.7833 0.6049
vn 0.0933 -0.9651 -0.2445
vn 0.0655 -0.9674 -0.2447
vn 0.5426 0.1906 0.8181
vn -0.3142 -0.9417 -0.1206
vn -0.2843 0.2424 -0.9276
vn 0.0827 -0.8286 -0.5536
vn -0.3946 -0.9149 -0.0848
vn -0.2508 -0.9677 0.0246
vn 0.5184 0.7782 -0.3546
vn 0.4108 0.3413 -0.8454
vn -0.1902 0.4936 -0.8487
vn 0.0368 0.9979 -0.0533
vn -0.2303 -0.9705 0.0715
vn -0.2775 -0.6151 -0.7380
vn 0.4403 0.6530 -0.6162
vn -0.1903 -0.9715 0.1413
vn 0.2905 -0.8787 -0.3787
vn 0.3123 -0.9322 -0.1829
vn -0.3940 -0.8613 0.3210
vn -0.5515 -0.7283 0.4067
vn 0.5250 -0.8509 0.0182
vn 0.0923 -0.9458 0.3115
vn -0.0430 0.4765 -0.8781
vn 0.2105 -0.9717 0.1072
vn -0.1367 -0.7737 -0.6186
vn 0.0760 -0.9120 0.4030
vn 0.0002 -0.9958 -0.0920
vn 0.1479 0.0577 -0.9873
vn 0.0132 0.7956 0.6057
vn -0.2950 -0.9542 0.0505
vn -0.0784 -0.9266 0.3679
vn 0.3966 0.4361 0.8078
vn 0.5196 -0.2750 0.8089
vn 0.3548 -0.9127 -0.2026
vn 0.3535 -0.9277 0.1201
vn 0.0270 0.9694 -0.2442
vn 0.1250 -0.9588 -0.2551
vn 0.0633 0.8078 -0.5861
vn 0.2064 0.5756 -0.7913
vn -0.0363 0.7716 0.6351
vn -0.4062 -0.7196 0.5632
vn 0.5357 -0.5932 -0.6010
vn 0.5858 -0.7434 -0.3228
vn 0.0788 -0.9964 0.0316
vn 0.1798 0.6307 0.7550
vn 0.2584 -0.9400 -0.2228
vn -0.3997 -0.9123 0.0893
vn 0.3583 -0.9215 -0.1498
vn 0.3009 0.9154 -0.2675
vn -0.4569 -0.8685 0.1925
vn -0.0373 0.7656 0.6422
vn 0.1437 0.5344 -0.8329
vn -0.0477 -0.9540 0.2959
vn 0.0177 0.5257 -0.8505
vn 0.0934 0.3863 -0.9176
vn 0.0537 0.8600 -0.5074
vn 0.1724 -0.9850 -0.0021
vn 0.2686 -0.9566 -0.1131
vn -0.0661 0.9706 0.2315
vn 0.5992 -0.7860 -0.1521
vn -0.0529 0.8551 0.5158
vn 0.4334 -0.6865 -0.5838
vn 0.0710 0.8151 -0.5750
vn 0.2689 -0.0784 0.9600
vn 0.4301 -0.9022 -0.0332
vn -0.0852 0.8127 0.5764
vn 0.1006 -0.9880 0.1171
vn 0.3049 -0.9439 0.1271
vn 0.1475 0.8112 -0.5659
vn 0.4656 -0.8615 -0.2027
vn 0.0619 0.4462 0.8928
vn -0.1210 -0.8692 0.4795
vn 0.5091 -0.8580 -0.0686
vn 0.3859 -0.9142 -0.1234
vn -0.1638 -0.9845 0.0626
vn 0.0621 0.7503 0.6581
vn 0.5080 -0.8576 -0.0804
vn -0.1379 -0.9732 0.1842
vn 0.1636 0.9709 -0.1749
vn 0.6988 -0.5735 -0.4276
vn -0.0213 0.9853 -0.1696
vn 0.2233 -0.9181 0.3274
vn 0.1722 -0.0385 -0.9843
vn -0.0474 0.9942 0.0968
vn -0.0542 -0.9933 0.1023
vn 0.0532 0.8439 -0.5339
vn -0.1204 0.5439 -0.8305
vn -0.0123 0.9799 -0.1989
vn 0.1822 0.9621 -0.2031
vn 0.0857 0.8662 -0.4922
vn 0.0762 0.0846 -0.9935
vn 0.2145 -0.9748 0.0610
vn 0.0323 0.7492 0.6616
vn 0.1124 0.1149 -0.9870
vn 0.3288 0.1848 -0.9261
vn 0.1422 -0.9728 0.1829
vn -0.0629 0.9016 0.4279
vn -0.0704 0.0093 0.9975
vn 0.6650 -0.7408 -0.0952
vn 0.6314 -0.6829 -0.3673
vn 0.5969 -0.7048 -0.3835
vn 0.5580 -0.8275 -0.0623
vn 0.4611 -0.8863 -0.0432
vn -0.0286 0.0900 -0.9955
vn 0.6825 -0.6378 -0.3568
vn 0.7380 -0.5557 -0.3829
vn 0.2611 -0.9567 0.1282
vn -0.0382 0.7630 0.6452
vn -0.0030 0.9075 -0.4200
vn -0.0228 0.4906 -0.8711
vn 0.7252 -0.6881 -0.0240
vn -0.2593 0.4893 0.8327
vn 0.7419 -0.6703 -0.0154
vn -0.0481 0.4203 -0.9061
vn -0.1199 0.3526 0.9281
vn 0.5190 -0.8408 -0.1538
vn -0.0178 0.7893 0.6138
vn 0.0595 0.7062 0.7055
vn 0.0022 0.7599 -0.6500
vn -0.0188 0.9020 -0.4313
vn -0.0145 0.8038 -0.5948
vn -0.0714 -0.9936 0.0874
vn 0.0862 0.8760 -0.4746
vn 0.3849 -0.9211 0.0591
vn 0.0639 -0.9780 0.1987
vn 0.1173 0.9091 -0.3998
vn 0.1179 0.7086 0.6957
vn 0.0210 -0.9834 0.1801
vn 0.1768 0.9548 -0.2389
vn 0.1992 -0.9437 0.2642
vn 0.1400 0.2807 -0.9495
vn 0.6586 -0.7296 -0.1840
vn 0.5915 -0.8019 -0.0841
vn 0.0019 0.7477 0.6640
vn 0.5792 -0.7853 -0.2186
vn 0.7483 -0.6314 -0.2035
vn 0.4487 -0.8711 -0.1994
vn 0.3524 -0.9351 0.0361
vn 0.6889 -0.7211 -0.0740
vn -0.0972 0.7930 0.6014
vn -0.0580 0.8561 -0.5136
vn 0.2018 -0.0856 -0.9757
vn 0.5064 -0.8195 0.2682
vn 0.3328 -0.7776 -0.5334
vn 0.5898 -0.8046 -0.0690
vn -0.3987 0.1059 -0.9109
vn 0.7296 -0.6639 -0.1644
vn 0.3684 0.0138 -0.9296
vn 0.2297 0.9130 -0.3371
vn 0.2762 0.0501 -0.9598
vn 0.3698 -0.7552 0.5412
vn -0.1464 0.9102 0.3874
vn 0.3018 -0.9110 0.2810
vn 0.6046 -0.7877 -0.1185
vn 0.0168 -0.9933 0.1144
vn 0.2324 0.5633 0.7929
vn -0.0737 0.2350 -0.9692
vn 0.3790 -0.9204 0.0962
vn -0.1271 0.8706 0.4754
vn 0.6875 -0.6189 -0.3798
vn 0.3871 -0.9173 0.0932
vn 0.1620 0.6180 0.7693
vn 0.6080 -0.7403 -0.2867
vn -0.2561 0.0786 -0.9635
vn 0.1123 0.9112 -0.3963
vn 0.1050 0.8555 -0.5071
vn 0.3738 -0.9146 0.1544
vn 0.0000 0.0000 0.0000
vn -0.0168 0.6047 -0.7962
vn 0.7065 -0.5594 -0.4334
vn 0.0993 0.9184 -0.3829
vn 0.3788 -0.9036 0.2000
vn 0.6244 -0.7579 -0.1890
vn 0.1912 -0.0591 -0.9798
vn 0.2399 0.8899 -0.3879
vn 0.2340 0.9307 -0.2812
vn 0.6564 -0.7425 -0.1335
vn 0.6505 -0.7265 -0.2217
vn 0.4692 -0.8119 0.3475
vn 0.7376 -0.6504 -0.1813
vn 0.7064 -0.6266 -0.3291
vn 0.1228 0.7280 -0.6745
vn 0.2900 0.3560 0.8883
vn -0.2657 0.0883 -0.9600
vn 0.3273 -0.1031 -0.9393
vn 0.7613 -0.6180 -0.1963
vn 0.7170 -0.6697 -0.1934
vn 0.2458 0.8783 -0.4102
vn 0.1087 0.7271 0.6778
vn -0.0501 0.9154 0.3994
vn -0.0842 -0.0396 -0.9957
vn 0.0819 0.9825 -0.1670
vn 0.5469 -0.8351 -0.0583
vn 0.6664 -0.7325 -0.1391
vn 0.4350 0.4804 0.7615
vn 0.1691 0.7400 0.6510
vn 0.6069 -0.7290 0.3164
vn 0.6590 -0.7303 -0.1801
vn -0.0953 0.7505 0.6540
vn -0.1647 0.8914 0.4222
vn 0.0995 0.2483 -0.9636
vn 0.4064 -0.1344 -0.9038
vn 0.2975 -0.1106 -0.9483
vn 0.6779 -0.7055 -0.2066
vn 0.0809 -0.2330 -0.9691
vn 0.5736 -0.4897 -0.6567
vn 0.6184 -0.7728 -0.1431
vn -0.1845 0.8839 0.4297
vn 0.3383 0.8993 0.2770
vn 0.6627 -0.7257 -0.1849
vn 0.6381 -0.7275 -0.2522
vn 0.6777 -0.7088 -0.1958
vn 0.5937 -0.7803 0.1966
vn 0.2286 0.8909 -0.3926
vn 0.1413 0.9236 0.3563
vn 0.5763 -0.7859 0.2242
vn 0.6895 -0.7003 -0.1850
vn 0.1883 0.8598 -0.4747
vn 0.1328 0.9638 0.2313
vn 0.3133 0.8707 -0.3792
vn -0.0685 0.1827 -0.9808
vn -0.1039 0.7898 0.6045
vn 0.4054 0.7377 -0.5399
vn 0.0000 0.0000 0.0000
vn 0.7545 0.3597 0.5490
vn 0.3793 0.8102 -0.4468
vn 0.0000 0.0000 0.0000
vn 0.2991 0.8943 -0.3329
vn 0.3036 0.9460 0.1138
vn 0.5080 -0.8591 0.0629
vn -0.7416 -0.0663 -0.6676
vn 0.6094 -0.7206 -0.3307
vn 0.0364 0.6915 0.7214
vn 0.0013 0.8915 -0.4530
vn 0.4699 -0.4114 -0.7809
vn 0.6478 -0.7143 -0.2648
vn 0.0436 -0.1585 -0.9864
vn 0.4722 0.1223 -0.8730
vn 0.7216 -0.6415 0.2602
vn 0.6774 0.4310 -0.5961
vn -0.3007 0.9419 0.1499
vn 0.8293 -0.2643 0.4923
vn 0.6601 -0.6933 0.2891
vn 0.6083 -0.6561 -0.4467
vn 0.6267 -0.7193 -0.2996
vn 0.7969 -0.5835 0.1565
vn 0.0170 0.7125 0.7015
vn 0.2125 0.9740 -0.0783
vn -0.0655 0.9948 0.0776
vn 0.1834 0.9195 -0.3478
vn -0.0856 0.9070 0.4123
vn 0.2354 -0.2419 -0.9413
vn -0.0405 -0.1523 -0.9875
vn 0.5628 -0.2586 -0.7851
vn 0.7586 -0.5596 -0.3338
vn 0.6725 -0.3993 0.6232
vn 0.7796 -0.5968 0.1899
vn 0.2921 -0.0564 -0.9547
vn 0.7038 -0.6733 -0.2267
vn 0.5379 0.8356 -0.1118
vn 0.6284 -0.7691 -0.1165
vn 0.6656 -0.7005 -0.2573
vn 0.7092 -0.6367 -0.3028
vn 0.2268 0.9551 0.1907
vn 0.5874 0.1015 0.8029
vn 0.8358 -0.5241 0.1635
vn 0.7659 -0.6270 0.1422
vn 0.6170 0.4739 -0.6282
vn 0.6697 -0.7197 -0.1830
vn 0.6906 -0.6948 -0.2009
vn 0.0827 -0.2361 -0.9682
vn 0.6147 -0.3249 -0.7187
vn 0.6919 -0.7207 -0.0432
vn 0.6860 -0.7080 0.1679
vn 0.0000 0.0000 0.0000
vn -0.0954 0.7932 0.6015
vn -0.5346 -0.1322 -0.8347
vn 0.6683 -0.7411 -0.0646
vn 0.6673 0.7447 0.0073
vn 0.6806 -0.6712 0.2938
vn 0.5487 -0.4161 0.7251
vn 0.8086 -0.5184 -0.2784
vn 0.7071 -0.6992 0.1060
vn 0.7176 -0.6773 -0.1623
vn 0.4836 0.6996 -0.5260
vn 0.6943 0.4039 -0.5957
vn 0.6675 -0.6811 0.3010
vn 0.3495 0.8559 -0.3812
vn -0.0387 0.7590 0.6500
vn 0.8116 -0.5221 -0.2622
vn 0.7717 -0.4145 0.4823
vn 0.0232 0.6260 0.7795
vn 0.0000 0.0000 0.0000
vn 0.0292 -0.4935 -0.8693
vn 0.7439 -0.5897 -0.3143
vn 0.2921 0.9556 -0.0393
vn 0.7400 -0.4446 -0.5047
vn 0.4078 0.7958 -0.4476
vn 0.7512 -0.6169 -0.2348
vn 0.7296 -0.6728 -0.1229
vn 0.5884 -0.5855 -0.5576
vn -0.0874 0.7814 0.6179
vn 0.7108 -0.6703 -0.2132
vn 0.6799 -0.7028 0.2093
vn -0.0276 0.7375 0.6748
vn 0.0893 -0.2498 -0.9642
vn 0.4979 0.6496 -0.5745
vn 0.4346 -0.1953 0.8792
vn 0.4698 0.6785 -0.5647
vn 0.8475 0.3380 -0.4092
vn 0.2835 0.8925 -0.3508
vn 0.6739 0.7332 -0.0906
vn 0.5756 -0.5388 -0.6151
vn 0.7625 -0.6269 -0.1596
vn 0.7344 -0.6307 -0.2507
vn 0.8004 -0.0194 -0.5992
vn 0.7790 -0.6192 -0.0986
vn 0.1202 -0.2829 -0.9516
vn 0.8164 -0.3874 -0.4284
vn 0.6764 0.7225 -0.1433
vn -0.1381 0.7579 0.6376
vn 0.6935 -0.6663 0.2741
vn 0.8741 0.2052 -0.4403
vn 0.9468 -0.2048 -0.2483
vn 0.7749 -0.6032 -0.1890
vn 0.7332 -0.6502 0.1991
vn -0.1550 0.7458 0.6479
vn 0.8149 -0.5697 -0.1064
vn 0.8183 -0.5747 -0.0112
vn 0.8970 -0.1068 -0.4289
vn 0.3176 -0.1455 0.9370
vn 0.8456 -0.1825 -0.5016
vn 0.6475 0.7436 -0.1668
vn 0.6831 0.7294 -0.0349
vn 0.7128 -0.6732 -0.1968
vn 0.4596 0.7882 -0.4094
vn 0.8146 -0.5157 -0.2656
vn 0.0770 0.9882 0.1325
vn 0.0707 0.6054 0.7927
vn 0.7638 -0.3339 0.5524
vn 0.7168 0.6949 0.0576
vn 0.0456 0.7520 0.6576
vn 0.0913 0.7346 0.6723
vn 0.6497 0.1027 -0.7532
vn -0.0325 0.8491 -0.5273
vn 0.4618 0.5636 -0.6848
vn -0.0663 0.5101 -0.8576
vn 0.7531 -0.5318 -0.3874
vn -0.2395 0.8080 0.5382
vn -0.0453 0.8256 0.5624
vn 0.5201 0.5953 -0.6125
vn 0.8191 -0.5513 0.1587
vn 0.7386 -0.6215 0.2611
vn 0.8508 -0.5124 0.1167
vn 0.8897 -0.4560 -0.0217
vn 0.3699 0.5916 -0.7164
vn 0.7348 -0.6696 -0.1079
vn 0.0618 0.7147 0.6966
vn 0.0378 0.7266 0.6860
vn 0.7608 -0.6387 -0.1155
vn 0.6559 0.7546 -0.0197
vn 0.6587 0.5811 0.4779
vn 0.2210 0.5396 0.8124
vn 0.5696 0.7114 -0.4117
vn 0.5107 0.5961 0.6196
vn 0.9283 -0.3258 0.1792
vn -0.2926 0.7919 0.5360
vn 0.7827 -0.5973 -0.1749
vn 0.2920 0.8764 0.3830
vn 0.7311 0.5801 0.3591
vn 0.7944 -0.5431 -0.2719
vn 0.8623 -0.4959 -0.1031
vn 0.8452 0.2800 0.4551
vn 0.7267 0.5817 0.3655
vn 0.6874 0.4581 0.5636
vn 0.7567 -0.6341 -0.1592
vn 0.3859 0.4170 -0.8229
vn 0.8617 -0.4392 0.2543
vn 0.8813 -0.4725 0.0090
vn 0.7622 -0.3577 -0.5395
vn 0.8750 -0.4811 -0.0541
vn 0.9017 -0.4056 -0.1498
vn 0.6463 0.5981 -0.4739
vn 0.6566 0.5141 0.5518
vn 0.4124 0.5932 0.6914
vn 0.9086 -0.4107 -0.0759
vn 0.6766 0.4563 0.5779
vn 0.6685 0.4948 -0.5552
vn 0.4175 0.5789 0.7004
vn 0.3874 0.8766 0.2856
vn -0.0166 0.7040 0.7100
vn 0.8831 -0.4620 -0.0825
vn 0.9358 -0.3359 0.1066
vn 0.8462 -0.3911 -0.3620
vn 0.7338 0.6787 -0.0284
vn 0.8248 -0.5408 -0.1650
vn 0.7328 0.4633 0.4983
vn -0.1827 0.6666 0.7227
vn 0.9477 -0.3193 -0.0009
vn 0.1901 0.6654 0.7219
vn 0.7463 0.6519 -0.1340
vn 0.9337 -0.3548 0.0477
vn 0.9210 -0.3821 -0.0763
vn -0.0188 0.7537 0.6570
vn 0.7103 0.6896 -0.1415
vn 0.9796 -0.0907 0.1791
vn 0.8589 0.2708 0.4347
vn 0.9603 -0.2788 -0.0098
vn 0.9201 0.1579 0.3585
vn -0.0649 0.6648 0.7442
vn 0.6647 0.6289 -0.4033
vn 0.8640 -0.5022 -0.0357
vn 0.8448 0.4531 -0.2846
vn 0.9362 -0.3127 0.1605
vn 0.7718 0.6359 -0.0005
vn -0.0593 0.7408 0.6691
vn 0.7149 0.6654 -0.2148
vn 0.2565 0.5672 0.7826
vn 0.6470 -0.1523 -0.7471
vn 0.9330 -0.3339 -0.1342
vn 0.7884 0.6112 0.0695
vn 0.9373 -0.3443 0.0542
vn 0.9459 0.2813 -0.1618
vn 0.9162 -0.3230 0.2373
vn 0.9860 0.1090 -0.1260
vn 0.7980 -0.5682 -0.2007
vn 0.8891 -0.3420 -0.3044
vn 0.9776 -0.1090 -0.1799
vn 0.9679 -0.2023 -0.1489
vn 0.8398 -0.5214 -0.1513
vn 0.7483 0.6122 0.2556
vn 0.9169 -0.3980 0.0302
vn 0.8407 0.5411 -0.0222
vn 0.9221 0.3725 -0.1051
vn 0.9287 0.3106 -0.2024
vn 0.8464 -0.5306 -0.0454
vn 0.5750 0.6994 0.4245
vn 0.7711 0.6194 0.1474
vn 0.9397 -0.3168 -0.1291
vn 0.9256 0.1944 0.3249
vn 0.9752 -0.2141 0.0562
vn 0.9280 0.3710 0.0330
vn 0.2722 0.6982 0.6621
vn 0.8021 0.2039 0.5613
vn 0.8983 0.3731 -0.2321
vn 0.9874 0.0112 -0.1577
vn 0.9866 -0.1474 -0.0700
vn 0.9397 0.3419 -0.0093
vn 0.9170 -0.3945 0.0593
vn 0.9396 -0.2783 -0.1991
vn 0.9430 -0.3259 -0.0674
vn 0.9072 0.3202 -0.2729
vn 0.8815 -0.4302 -0.1945
vn 0.6043 0.3389 0.7211
vn 0.9638 -0.2550 0.0781
vn 0.9304 0.2200 0.2930
vn 0.9893 -0.1407 0.0394
vn 0.9303 -0.3588 -0.0767
vn 0.9436 -0.2264 -0.2416
vn 0.9966 -0.0582 0.0583
vn 0.9850 0.0447 0.1664
vn 0.9770 0.2125 0.0165
vn 0.9518 -0.2904 -0.0985
vn 0.9920 0.1251 -0.0192
vn 0.9482 0.3136 -0.0517
vn 0.9487 -0.2909 -0.1242
vn 0.9854 -0.1705 -0.0017
vn 0.9969 -0.0475 0.0629
vn 0.9951 -0.0970 0.0209
vn 0.9907 0.0979 -0.0941
vn 0.9717 0.2289 -0.0591
vn 0.9993 0.0121 -0.0345
vn 1.0000 -0.0038 -0.0032
vn 0.1610 0.5755 0.8018
vn 0.9913 -0.0628 -0.1158
vn 0.9990 0.0373 0.0250
f 560//560 598//598 580//580
f 458//458 481//481 463//463
f 450//450 439//439 426//426
f 399//399 427//427 345//345
f 446//446 459//459 427//427
f 427//427 399//399 446//446
f 332//332 427//427 441//441
f 416//416 426//426 315//315
f 361//361 317//317 426//426
f 524//524 507//507 481//481
f 524//524 560//560 542//542
f 591//591 583//583 560//560
f 426//426 416//416 458//458
f 591//591 560//560 520//520
f 441//441 516//516 500//500
f 355//355 379//379 292//292
f 386//386 419//419 379//379
f 373//373 461//461 419//419
f 379//379 315//315 255//255
f 416//416 315//315 379//379
f 176//176 234//234 144//144
f 176//176 212//212 234//234
f 212//212 319//319 234//234
f 234//234 291//291 48//48
f 476//476 567//567 451//451
f 567//567 592//592 466//466
f 451//451 567//567 483//483
f 319//319 423//423 234//234
f 695//695 667//667 669//669
f 741//741 713//713 758//758
f 695//695 669//669 713//713
f 695//695 713//713 667//667
f 758//758 713//713 759//759
f 713//713 669//669 688//688
f 683//683 729//729 688//688
f 856//856 847//847 838//838
f 783//783 732//732 796//796
f 790//790 783//783 796//796
f 799//799 755//755 746//746
f 746//746 709//709 777//777
f 799//799 746//746 777//777
f 842//842 838//838 796//796
f 870//870 882//882 869//869
f 870//870 869//869 838//838
f 866//866 889//889 821//821
f 918//918 909//909 870//870
f 894//894 870//870 909//909
f 922//922 925//925 889//889
f 922//922 889//889 909//909
f 891//891 878//878 925//925
f 855//855 882//882 879//879
f 956//956 913//913 903//903
f 871//871 868//868 842//842
f 871//871 870//870 868//868
f 956//956 903//903 925//925
f 671//671 669//669 583//583
f 529//529 546//546 492//492
f 688//688 594//594 641//641
f 461//461 314//314 473//473
f 535//535 493//493 491//491
f 473//473 535//535 461//461
f 473//473 493//493 535//535
f 746//746 732//732 677//677
f 569//569 646//646 588//588
f 612//612 569//569 532//532
f 538//538 612//612 547//547
f 569//569 536//536 532//532
f 591//591 492//492 546//546
f 669//669 598//598 583//583
f 855//855 808//808 824//824
f 633//633 650//650 489//489
f 435//435 334//334 466//466
f 489//489 650//650 805//805
f 462//462 489//489 582//582
f 489//489 805//805 656//656
f 408//408 577//577 475//475
f 135//135 255//255 153//153
f 17//17 26//26 32//32
f 25//25 17//17 32//32
f 69//69 36//36 48//48
f 46//46 6//6 69//69
f 14//14 25//25 6//6
f 27//27 39//39 3//3
f 3//3 7//7 27//27
f 138//138 27//27 45//45
f 9//9 20//20 8//8
f 232//232 104//104 27//27
f 454//454 340//340 376//376
f 511//511 468//468 460//460
f 460//460 464//464 434//434
f 248//248 169//169 289//289
f 293//293 289//289 169//169
f 169//169 232//232 293//293
f 232//232 146//146 265//265
f 38//38 45//45 16//16
f 274//274 282//282 235//235
f 338//338 286//286 282//282
f 218//218 248//248 314//314
f 337//337 218//218 314//314
f 20//20 16//16 45//45
f 124//124 334//334 435//435
f 124//124 435//435 129//129
f 5//5 51//51 13//13
f 42//42 13//13 51//51
f 60//60 42//42 44//44
f 18//18 13//13 21//21
f 60//60 78//78 59//59
f 129//129 435//435 252//252
f 81//81 129//129 109//109
f 249//249 252//252 280//280
f 38//38 18//18 31//31
f 74//74 38//38 31//31
f 31//31 18//18 15//15
f 55//55 29//29 87//87
f 29//29 22//22 28//28
f 159//159 102//102 151//151
f 43//43 37//37 87//87
f 33//33 98//98 40//40
f 134//134 90//90 155//155
f 87//87 84//84 90//90
f 89//89 90//90 84//84
f 508//508 507//507 519//519
f 159//159 171//171 237//237
f 331//331 408//408 326//326
f 331//331 296//296 408//408
f 136//136 217//217 182//182
f 168//168 150//150 170//170
f 182//182 217//217 313//313
f 186//186 150//150 264//264
f 155//155 89//89 137//137
f 133//133 105//105 162//162
f 133//133 162//162 140//140
f 162//162 105//105 128//128
f 842//842 799//799 833//833
f 940//940 870//870 948//948
f 930//930 870//870 940//940
f 923//923 900//900 956//956
f 923//923 956//956 972//972
f 977//977 923//923 972//972
f 977//977 974//974 975//975
f 919//919 888//888 915//915
f 919//919 915//915 936//936
f 919//919 936//936 974//974
f 957//957 963//963 924//924
f 876//876 897//897 841//841
f 957//957 924//924 897//897
f 928//928 897//897 876//876
f 938//938 897//897 928//928
f 971//971 938//938 928//928
f 833//833 777//777 785//785
f 693//693 723//723 709//709
f 709//709 640//640 619//619
f 670//670 709//709 632//632
f 584//584 612//612 538//538
f 619//619 612//612 584//584
f 693//693 709//709 670//670
f 841//841 815//815 800//800
f 714//714 733//733 785//785
f 928//928 892//892 952//952
f 946//946 892//892 942//942
f 952//952 892//892 946//946
f 873//873 800//800 816//816
f 800//800 789//789 816//816
f 892//892 816//816 830//830
f 892//892 830//830 942//942
f 710//710 689//689 651//651
f 653//653 651//651 689//689
f 726//726 727//727 710//710
f 710//710 663//663 696//696
f 786//786 752//752 726//726
f 800//800 733//733 710//710
f 728//728 851//851 786//786
f 844//844 815//815 841//841
f 959//959 914//914 990//990
f 984//984 977//977 963//963
f 984//984 963//963 973//973
f 978//978 989//989 980//980
f 958//958 947//947 978//978
f 805//805 907//907 926//926
f 805//805 926//926 914//914
f 843//843 805//805 914//914
f 963//963 957//957 973//973
f 715//715 805//805 738//738
f 738//738 805//805 843//843
f 818//818 738//738 843//843
f 843//843 920//920 883//883
f 837//837 843//843 865//865
f 917//917 906//906 937//937
f 675//675 738//738 818//818
f 937//937 947//947 958//958
f 976//976 985//985 957//957
f 976//976 957//957 971//971
f 978//978 980//980 987//987
f 951//951 978//978 987//987
f 857//857 836//836 877//877
f 929//929 961//961 980//980
f 980//980 992//992 964//964
f 931//931 980//980 954//954
f 857//857 877//877 911//911
f 980//980 961//961 987//987
f 904//904 885//885 917//917
f 675//675 577//577 738//738
f 757//757 675//675 767//767
f 675//675 724//724 716//716
f 764//764 795//795 780//780
f 766//766 795//795 764//764
f 600//600 604//604 597//597
f 675//675 668//668 613//613
f 780//780 795//795 776//776
f 857//857 795//795 836//836
f 857//857 776//776 795//795
f 734//734 776//776 804//804
f 804//804 730//730 734//734
f 992//992 983//983 979//979
f 991//991 992//992 979//979
f 949//949 911//911 981//981
f 912//912 884//884 966//966
f 966//966 945//945 962//962
f 884//884 851//851 819//819
f 887//887 884//884 864//864
f 884//884 831//831 864//864
f 884//884 819//819 831//831
f 945//945 887//887 910//910
f 896//896 848//848 860//860
f 860//860 848//848 846//846
f 860//860 846//846 839//839
f 839//839 784//784 860//860
f 848//848 835//835 840//840
f 835//835 848//848 896//896
f 839//839 848//848 840//840
f 896//896 910//910 864//864
f 860//860 893//893 935//935
f 804//804 849//849 827//827
f 933//933 849//849 921//921
f 744//744 852//852 814//814
f 867//867 814//814 852//852
f 814//814 867//867 801//801
f 801//801 739//739 814//814
f 839//839 802//802 784//784
f 784//784 802//802 793//793
f 742//742 739//739 784//784
f 991//991 979//979 982//982
f 861//861 854//854 880//880
f 867//867 927//927 893//893
f 523//523 534//534 511//511
f 510//510 550//550 534//534
f 510//510 511//511 460//460
f 653//653 550//550 564//564
f 422//422 510//510 460//460
f 510//510 523//523 511//511
f 425//425 432//432 394//394
f 422//422 425//425 403//403
f 460//460 452//452 422//422
f 517//517 422//422 474//474
f 353//353 359//359 349//349
f 349//349 356//356 366//366
f 383//383 349//349 366//366
f 358//358 359//359 353//353
f 381//381 396//396 384//384
f 415//415 396//396 398//398
f 397//397 374//374 360//360
f 384//384 396//396 421//421
f 383//383 353//353 349//349
f 327//327 365//365 348//348
f 382//382 343//343 400//400
f 651//651 653//653 590//590
f 661//661 710//710 618//618
f 455//455 398//398 387//387
f 471//471 455//455 442//442
f 369//369 374//374 411//411
f 551//551 581//581 540//540
f 455//455 551//551 540//540
f 551//551 455//455 496//496
f 414//414 382//382 400//400
f 382//382 414//414 411//411
f 328//328 287//287 324//324
f 404//404 400//400 390//390
f 346//346 299//299 284//284
f 346//346 284//284 321//321
f 407//407 346//346 372//372
f 390//390 346//346 407//407
f 346//346 321//321 372//372
f 328//328 324//324 390//390
f 661//661 649//649 663//663
f 697//697 703//703 652//652
f 621//621 589//589 576//576
f 697//697 652//652 621//621
f 509//509 558//558 522//522
f 578//578 558//558 487//487
f 574//574 616//616 578//578
f 487//487 457//457 447//447
f 541//541 573//573 513//513
f 541//541 539//539 570//570
f 541//541 513//513 530//530
f 453//453 597//597 418//418
f 418//418 514//514 378//378
f 418//418 597//597 514//514
f 264//264 305//305 233//233
f 329//329 215//215 233//233
f 572//572 635//635 554//554
f 428//428 472//472 371//371
f 448//448 472//472 428//428
f 312//312 378//378 305//305
f 222//222 137//137 244//244
f 113//113 117//117 161//161
f 117//117 113//113 120//120
f 148//148 120//120 145//145
f 157//157 154//154 130//130
f 284//284 298//298 321//321
f 236//236 199//199 209//209
f 199//199 181//181 209//209
f 178//178 181//181 204//204
f 148//148 160//160 199//199
f 130//130 123//123 132//132
f 183//183 262//262 201//201
f 201//201 166//166 183//183
f 193//193 166//166 179//179
f 193//193 179//179 241//241
f 179//179 201//201 241//241
f 267//267 241//241 325//325
f 226//226 193//193 241//241
f 267//267 251//251 241//241
f 323//323 306//306 325//325
f 325//325 370//370 354//354
f 181//181 175//175 193//193
f 210//210 193//193 219//219
f 599//599 503//503 607//607
f 768//768 751//751 719//719
f 694//694 686//686 702//702
f 720//720 694//694 702//702
f 718//718 719//719 701//701
f 658//658 690//690 701//701
f 834//834 721//721 787//787
f 625//625 637//637 682//682
f 571//571 568//568 603//603
f 673//673 685//685 680//680
f 700//700 685//685 704//704
f 691//691 739//739 742//742
f 571//571 430//430 568//568
f 302//302 430//430 501//501
f 753//753 787//787 721//721
f 721//721 690//690 707//707
f 350//350 341//341 364//364
f 344//344 341//341 391//391
f 389//389 395//395 391//391
f 503//503 469//469 391//391
f 544//544 498//498 503//503
f 469//469 449//449 391//391
f 470//470 303//303 302//302
f 294//294 279//279 277//277
f 221//221 320//320 277//277
f 277//277 256//256 243//243
f 243//243 254//254 209//209
f 201//201 428//428 385//385
f 154//154 122//122 130//130
f 175//175 160//160 193//193
f 137//137 121//121 244//244
f 162//162 113//113 141//141
f 697//697 778//778 703//703
f 696//696 663//663 703//703
f 813//813 774//774 768//768
f 155//155 137//137 287//287
f 686//686 655//655 664//664
f 598//598 667//667 614//614
f 669//669 667//667 598//598
f 631//631 587//587 614//614
f 548//548 587//587 561//561
f 580//580 587//587 548//548
f 592//592 561//561 587//587
f 587//587 631//631 592//592
f 667//667 643//643 631//631
f 643//643 672//672 712//712
f 678//678 667//667 699//699
f 667//667 713//713 699//699
f 678//678 712//712 672//672
f 631//631 643//643 628//628
f 643//643 592//592 628//628
f 592//592 631//631 628//628
f 567//567 556//556 592//592
f 592//592 643//643 712//712
f 592//592 556//556 561//561
f 614//614 587//587 580//580
f 609//609 592//592 705//705
f 548//548 508//508 519//519
f 459//459 446//446 465//465
f 516//516 508//508 515//515
f 488//488 507//507 508//508
f 465//465 481//481 507//507
f 488//488 508//508 516//516
f 516//516 459//459 488//488
f 516//516 427//427 459//459
f 426//426 439//439 399//399
f 446//446 399//399 439//439
f 361//361 426//426 399//399
f 458//458 463//463 450//450
f 450//450 426//426 458//458
f 399//399 317//317 361//361
f 441//441 427//427 516//516
f 451//451 332//332 441//441
f 345//345 427//427 332//332
f 465//465 439//439 450//450
f 446//446 439//439 465//465
f 315//315 426//426 333//333
f 300//300 317//317 318//318
f 317//317 333//333 426//426
f 345//345 318//318 317//317
f 318//318 345//345 332//332
f 207//207 304//304 300//300
f 315//315 304//304 207//207
f 315//315 317//317 304//304
f 300//300 257//257 268//268
f 257//257 318//318 332//332
f 423//423 332//332 451//451
f 315//315 333//333 317//317
f 207//207 211//211 208//208
f 198//198 176//176 196//196
f 153//153 207//207 176//176
f 153//153 255//255 207//207
f 255//255 315//315 207//207
f 268//268 242//242 300//300
f 549//549 507//507 542//542
f 580//580 549//549 542//542
f 549//549 548//548 519//519
f 458//458 520//520 481//481
f 520//520 524//524 481//481
f 560//560 580//580 542//542
f 560//560 524//524 520//520
f 560//560 583//583 598//598
f 561//561 516//516 548//548
f 516//516 561//561 545//545
f 476//476 451//451 500//500
f 500//500 545//545 556//556
f 476//476 556//556 567//567
f 500//500 556//556 476//476
f 458//458 506//506 520//520
f 492//492 506//506 458//458
f 451//451 441//441 500//500
f 492//492 520//520 506//506
f 492//492 591//591 520//520
f 379//379 419//419 492//492
f 419//419 529//529 492//492
f 419//419 461//461 529//529
f 419//419 386//386 373//373
f 386//386 355//355 373//373
f 355//355 337//337 373//373
f 337//337 355//355 292//292
f 355//355 386//386 379//379
f 379//379 458//458 416//416
f 492//492 458//458 379//379
f 319//319 332//332 423//423
f 332//332 319//319 257//257
f 319//319 212//212 257//257
f 212//212 176//176 198//198
f 234//234 451//451 483//483
f 483//483 567//567 466//466
f 466//466 592//592 609//609
f 483//483 466//466 334//334
f 451//451 234//234 423//423
f 483//483 334//334 234//234
f 291//291 234//234 334//334
f 69//69 291//291 334//334
f 69//69 48//48 291//291
f 808//808 749//749 781//781
f 749//749 712//712 781//781
f 762//762 781//781 772//772
f 758//758 762//762 772//772
f 781//781 797//797 808//808
f 838//838 824//824 808//808
f 838//838 807//807 790//790
f 807//807 838//838 808//808
f 781//781 782//782 790//790
f 782//782 781//781 762//762
f 790//790 797//797 781//781
f 820//820 838//838 790//790
f 713//713 711//711 699//699
f 712//712 711//711 741//741
f 741//741 758//758 712//712
f 713//713 741//741 711//711
f 592//592 712//712 705//705
f 705//705 712//712 749//749
f 762//762 758//758 759//759
f 759//759 713//713 729//729
f 763//763 749//749 808//808
f 783//783 782//782 762//762
f 688//688 729//729 713//713
f 796//796 820//820 790//790
f 796//796 838//838 820//820
f 773//773 729//729 732//732
f 842//842 796//796 803//803
f 783//783 773//773 732//732
f 773//773 783//783 729//729
f 732//732 755//755 796//796
f 746//746 755//755 732//732
f 729//729 683//683 732//732
f 799//799 796//796 755//755
f 783//783 762//762 729//729
f 763//763 705//705 749//749
f 609//609 705//705 634//634
f 634//634 705//705 763//763
f 650//650 634//634 763//763
f 624//624 609//609 634//634
f 650//650 633//633 634//634
f 633//633 624//624 634//634
f 886//886 881//881 882//882
f 889//889 886//886 882//882
f 856//856 869//869 855//855
f 879//879 866//866 855//855
f 866//866 821//821 855//855
f 889//889 866//866 886//886
f 858//858 763//763 859//859
f 889//889 890//890 878//878
f 891//891 859//859 878//878
f 763//763 821//821 859//859
f 858//858 874//874 763//763
f 909//909 889//889 894//894
f 868//868 870//870 842//842
f 870//870 894//894 889//889
f 925//925 890//890 889//889
f 903//903 859//859 891//891
f 858//858 859//859 903//903
f 903//903 891//891 925//925
f 930//930 925//925 918//918
f 948//948 925//925 930//930
f 930//930 918//918 870//870
f 925//925 878//878 890//890
f 866//866 881//881 886//886
f 903//903 913//913 874//874
f 874//874 858//858 903//903
f 900//900 874//874 913//913
f 956//956 900//900 913//913
f 875//875 874//874 900//900
f 901//901 875//875 900//900
f 905//905 875//875 901//901
f 916//916 875//875 905//905
f 650//650 763//763 874//874
f 875//875 805//805 650//650
f 875//875 650//650 874//874
f 591//591 671//671 583//583
f 591//591 644//644 671//671
f 546//546 566//566 591//591
f 594//594 591//591 566//566
f 529//529 566//566 546//546
f 591//591 594//594 644//644
f 535//535 594//594 566//566
f 594//594 563//563 588//588
f 671//671 644//644 688//688
f 461//461 535//535 529//529
f 337//337 461//461 373//373
f 337//337 314//314 461//461
f 563//563 594//594 535//535
f 536//536 535//535 491//491
f 486//486 536//536 491//491
f 491//491 493//493 454//454
f 454//454 493//493 340//340
f 566//566 529//529 535//535
f 677//677 732//732 683//683
f 601//601 638//638 594//594
f 588//588 646//646 601//601
f 646//646 638//638 601//601
f 674//674 677//677 646//646
f 709//709 746//746 677//677
f 709//709 677//677 674//674
f 623//623 674//674 646//646
f 641//641 683//683 688//688
f 646//646 677//677 683//683
f 557//557 569//569 535//535
f 535//535 569//569 588//588
f 535//535 536//536 557//557
f 608//608 623//623 569//569
f 612//612 608//608 569//569
f 623//623 646//646 569//569
f 536//536 569//569 557//557
f 532//532 502//502 547//547
f 502//502 532//532 536//536
f 482//482 502//502 486//486
f 608//608 654//654 623//623
f 709//709 674//674 654//654
f 547//547 612//612 532//532
f 511//511 538//538 547//547
f 502//502 511//511 547//547
f 482//482 486//486 491//491
f 502//502 536//536 486//486
f 633//633 466//466 624//624
f 699//699 711//711 712//712
f 847//847 856//856 855//855
f 847//847 855//855 824//824
f 855//855 821//821 808//808
f 763//763 808//808 821//821
f 870//870 838//838 842//842
f 845//845 871//871 842//842
f 907//907 805//805 916//916
f 805//805 875//875 916//916
f 466//466 633//633 489//489
f 489//489 435//435 466//466
f 577//577 582//582 738//738
f 582//582 656//656 738//738
f 462//462 582//582 577//577
f 408//408 462//462 577//577
f 582//582 489//489 656//656
f 252//252 489//489 462//462
f 252//252 435//435 489//489
f 656//656 805//805 715//715
f 270//270 292//292 255//255
f 292//292 270//270 223//223
f 223//223 337//337 292//292
f 234//234 79//79 144//144
f 79//79 234//234 68//68
f 57//57 76//76 106//106
f 57//57 106//106 79//79
f 52//52 57//57 70//70
f 68//68 52//52 70//70
f 79//79 72//72 70//70
f 73//73 72//72 79//79
f 70//70 57//57 79//79
f 68//68 54//54 52//52
f 32//32 47//47 54//54
f 118//118 153//153 144//144
f 118//118 135//135 153//153
f 118//118 144//144 106//106
f 135//135 118//118 80//80
f 54//54 68//68 234//234
f 54//54 234//234 48//48
f 30//30 135//135 80//80
f 26//26 34//34 57//57
f 25//25 32//32 36//36
f 14//14 17//17 25//25
f 30//30 34//34 26//26
f 17//17 30//30 26//26
f 47//47 32//32 57//57
f 56//56 47//47 57//57
f 76//76 57//57 34//34
f 46//46 69//69 63//63
f 69//69 41//41 36//36
f 41//41 25//25 36//36
f 6//6 41//41 69//69
f 6//6 25//25 41//41
f 5//5 11//11 46//46
f 63//63 5//5 46//46
f 11//11 6//6 46//46
f 10//10 14//14 6//6
f 12//12 14//14 10//10
f 169//169 223//223 135//135
f 218//218 223//223 169//169
f 39//39 169//169 135//135
f 169//169 39//39 104//104
f 248//248 218//218 169//169
f 64//64 63//63 334//334
f 63//63 69//69 334//334
f 63//63 51//51 5//5
f 14//14 23//23 39//39
f 23//23 12//12 10//10
f 39//39 10//10 3//3
f 39//39 23//23 10//10
f 12//12 23//23 14//14
f 27//27 104//104 39//39
f 146//146 232//232 27//27
f 11//11 3//3 6//6
f 5//5 3//3 11//11
f 1//1 3//3 5//5
f 13//13 4//4 5//5
f 2//2 1//1 5//5
f 45//45 27//27 20//20
f 7//7 20//20 27//27
f 9//9 8//8 4//4
f 8//8 20//20 4//4
f 9//9 16//16 20//20
f 30//30 39//39 135//135
f 491//491 454//454 482//482
f 464//464 482//482 454//454
f 440//440 464//464 454//454
f 406//406 440//440 376//376
f 445//445 406//406 434//434
f 445//445 440//440 406//406
f 468//468 511//511 464//464
f 511//511 534//534 538//538
f 440//440 445//445 464//464
f 464//464 460//460 468//468
f 434//434 432//432 460//460
f 432//432 434//434 363//363
f 434//434 393//393 363//363
f 434//434 464//464 445//445
f 511//511 502//502 464//464
f 482//482 464//464 502//502
f 347//347 432//432 363//363
f 394//394 432//432 347//347
f 289//289 314//314 248//248
f 104//104 232//232 169//169
f 314//314 289//289 293//293
f 297//297 314//314 293//293
f 297//297 293//293 232//232
f 297//297 232//232 265//265
f 297//297 316//316 340//340
f 316//316 297//297 265//265
f 297//297 340//340 314//314
f 265//265 146//146 138//138
f 286//286 311//311 265//265
f 45//45 61//61 138//138
f 167//167 138//138 61//61
f 101//101 103//103 167//167
f 101//101 167//167 61//61
f 45//45 38//38 101//101
f 214//214 138//138 167//167
f 286//286 265//265 214//214
f 214//214 265//265 138//138
f 214//214 167//167 202//202
f 202//202 286//286 214//214
f 167//167 103//103 90//90
f 134//134 167//167 90//90
f 38//38 90//90 103//103
f 38//38 103//103 101//101
f 45//45 101//101 61//61
f 406//406 340//340 316//316
f 311//311 406//406 316//316
f 434//434 311//311 393//393
f 311//311 434//434 406//406
f 363//363 393//393 311//311
f 339//339 363//363 311//311
f 286//286 339//339 311//311
f 339//339 286//286 336//336
f 339//339 347//347 363//363
f 336//336 347//347 339//339
f 349//349 394//394 347//347
f 356//356 347//347 336//336
f 338//338 336//336 286//286
f 356//356 349//349 347//347
f 356//356 338//338 351//351
f 351//351 338//338 282//282
f 356//356 336//336 338//338
f 235//235 202//202 167//167
f 235//235 286//286 202//202
f 276//276 286//286 235//235
f 235//235 282//282 276//276
f 282//282 286//286 276//276
f 274//274 167//167 188//188
f 274//274 235//235 167//167
f 155//155 163//163 134//134
f 163//163 167//167 134//134
f 188//188 167//167 163//163
f 327//327 351//351 282//282
f 274//274 327//327 282//282
f 188//188 281//281 274//274
f 155//155 188//188 163//163
f 155//155 287//287 188//188
f 308//308 274//274 281//281
f 311//311 316//316 265//265
f 146//146 27//27 138//138
f 255//255 135//135 270//270
f 86//86 64//64 334//334
f 86//86 334//334 124//124
f 65//65 51//51 86//86
f 86//86 58//58 49//49
f 86//86 124//124 58//58
f 51//51 65//65 49//49
f 42//42 51//51 58//58
f 44//44 58//58 60//60
f 60//60 58//58 124//124
f 77//77 124//124 129//129
f 60//60 124//124 77//77
f 78//78 77//77 129//129
f 60//60 77//77 78//78
f 83//83 78//78 129//129
f 81//81 83//83 129//129
f 35//35 13//13 42//42
f 13//13 9//9 4//4
f 42//42 60//60 35//35
f 59//59 35//35 60//60
f 13//13 16//16 9//9
f 83//83 62//62 78//78
f 62//62 59//59 78//78
f 83//83 82//82 62//62
f 82//82 59//59 62//62
f 82//82 83//83 81//81
f 252//252 109//109 129//129
f 149//149 252//252 249//249
f 171//171 125//125 149//149
f 252//252 149//149 109//109
f 280//280 252//252 462//462
f 280//280 171//171 249//249
f 249//249 171//171 149//149
f 35//35 24//24 21//21
f 21//21 15//15 18//18
f 24//24 19//19 15//15
f 29//29 55//55 31//31
f 74//74 90//90 38//38
f 55//55 90//90 74//74
f 55//55 74//74 31//31
f 66//66 24//24 59//59
f 102//102 66//66 59//59
f 81//81 109//109 82//82
f 125//125 59//59 82//82
f 151//151 102//102 125//125
f 95//95 125//125 82//82
f 33//33 19//19 24//24
f 40//40 28//28 33//33
f 22//22 29//29 19//19
f 28//28 22//22 33//33
f 33//33 22//22 19//19
f 75//75 40//40 98//98
f 159//159 98//98 102//102
f 43//43 87//87 29//29
f 37//37 43//43 29//29
f 92//92 87//87 37//37
f 67//67 37//37 40//40
f 67//67 75//75 107//107
f 50//50 37//37 53//53
f 85//85 71//71 67//67
f 40//40 75//75 67//67
f 37//37 67//67 53//53
f 37//37 29//29 28//28
f 66//66 98//98 33//33
f 102//102 98//98 66//66
f 155//155 90//90 89//89
f 88//88 84//84 87//87
f 84//84 88//88 89//89
f 126//126 88//88 96//96
f 96//96 87//87 92//92
f 140//140 96//96 92//92
f 133//133 140//140 92//92
f 92//92 37//37 50//50
f 71//71 92//92 50//50
f 114//114 116//116 100//100
f 116//116 71//71 91//91
f 133//133 71//71 108//108
f 133//133 92//92 71//71
f 116//116 105//105 108//108
f 116//116 108//108 71//71
f 105//105 133//133 108//108
f 19//19 29//29 15//15
f 88//88 87//87 96//96
f 296//296 237//237 280//280
f 159//159 151//151 171//171
f 173//173 159//159 237//237
f 228//228 173//173 237//237
f 177//177 75//75 173//173
f 228//228 224//224 173//173
f 173//173 224//224 177//177
f 173//173 75//75 98//98
f 85//85 67//67 107//107
f 296//296 280//280 462//462
f 296//296 462//462 408//408
f 326//326 296//296 331//331
f 224//224 296//296 309//309
f 326//326 408//408 352//352
f 313//313 309//309 326//326
f 224//224 309//309 313//313
f 453//453 352//352 475//475
f 402//402 352//352 453//453
f 418//418 402//402 453//453
f 402//402 326//326 352//352
f 402//402 418//418 326//326
f 418//418 313//313 326//326
f 378//378 313//313 418//418
f 224//224 228//228 296//296
f 107//107 75//75 177//177
f 224//224 152//152 177//177
f 224//224 217//217 93//93
f 93//93 152//152 224//224
f 152//152 93//93 177//177
f 107//107 177//177 93//93
f 100//100 93//93 99//99
f 116//116 114//114 105//105
f 119//119 105//105 94//94
f 94//94 105//105 93//93
f 110//110 119//119 94//94
f 105//105 99//99 93//93
f 93//93 100//100 107//107
f 182//182 313//313 260//260
f 312//312 260//260 378//378
f 119//119 128//128 105//105
f 182//182 127//127 136//136
f 150//150 127//127 182//182
f 182//182 260//260 150//150
f 110//110 168//168 131//131
f 150//150 168//168 110//110
f 150//150 110//110 127//127
f 136//136 93//93 217//217
f 264//264 260//260 312//312
f 150//150 260//260 264//264
f 186//186 170//170 150//150
f 97//97 89//89 88//88
f 111//111 89//89 97//97
f 89//89 111//111 137//137
f 126//126 115//115 111//111
f 115//115 112//112 121//121
f 115//115 126//126 112//112
f 121//121 112//112 113//113
f 115//115 121//121 137//137
f 141//141 126//126 140//140
f 113//113 112//112 141//141
f 162//162 141//141 140//140
f 122//122 162//162 128//128
f 131//131 119//119 110//110
f 168//168 132//132 131//131
f 132//132 123//123 119//119
f 123//123 128//128 119//119
f 13//13 18//18 38//38
f 24//24 35//35 59//59
f 97//97 88//88 126//126
f 173//173 98//98 159//159
f 122//122 128//128 123//123
f 845//845 842//842 833//833
f 948//948 956//956 925//925
f 948//948 870//870 895//895
f 908//908 948//948 895//895
f 948//948 930//930 940//940
f 967//967 955//955 908//908
f 956//956 948//948 955//955
f 956//956 967//967 972//972
f 923//923 960//960 916//916
f 923//923 916//916 905//905
f 977//977 960//960 923//923
f 905//905 901//901 923//923
f 975//975 963//963 977//977
f 974//974 967//967 919//919
f 833//833 871//871 845//845
f 908//908 833//833 844//844
f 888//888 908//908 844//844
f 871//871 833//833 908//908
f 919//919 908//908 888//888
f 888//888 902//902 915//915
f 897//897 902//902 888//888
f 841//841 888//888 853//853
f 853//853 844//844 841//841
f 919//919 967//967 908//908
f 975//975 974//974 936//936
f 924//924 936//936 915//915
f 897//897 924//924 902//902
f 924//924 963//963 936//936
f 963//963 975//975 936//936
f 888//888 841//841 897//897
f 971//971 957//957 938//938
f 928//928 876//876 873//873
f 928//928 873//873 892//892
f 965//965 971//971 928//928
f 965//965 928//928 952//952
f 946//946 965//965 952//952
f 957//957 897//897 938//938
f 955//955 948//948 908//908
f 723//723 777//777 709//709
f 785//785 777//777 723//723
f 693//693 714//714 723//723
f 640//640 709//709 654//654
f 619//619 640//640 612//612
f 619//619 632//632 709//709
f 632//632 619//619 534//534
f 653//653 670//670 632//632
f 653//653 689//689 670//670
f 693//693 670//670 689//689
f 534//534 653//653 632//632
f 640//640 608//608 612//612
f 534//534 619//619 584//584
f 844//844 833//833 785//785
f 815//815 844//844 785//785
f 785//785 800//800 815//815
f 714//714 785//785 723//723
f 775//775 785//785 733//733
f 800//800 785//785 775//775
f 733//733 714//714 693//693
f 876//876 841//841 800//800
f 800//800 775//775 733//733
f 789//789 800//800 710//710
f 873//873 876//876 800//800
f 816//816 789//789 794//794
f 786//786 806//806 794//794
f 816//816 794//794 806//806
f 816//816 806//806 786//786
f 830//830 816//816 786//786
f 892//892 873//873 816//816
f 710//710 693//693 689//689
f 710//710 733//733 693//693
f 618//618 710//710 651//651
f 727//727 794//794 710//710
f 726//726 710//710 696//696
f 786//786 727//727 752//752
f 696//696 703//703 726//726
f 727//727 786//786 794//794
f 794//794 789//789 710//710
f 752//752 727//727 726//726
f 786//786 726//726 728//728
f 703//703 728//728 726//726
f 778//778 728//728 703//703
f 779//779 778//778 761//761
f 819//819 851//851 728//728
f 778//778 819//819 728//728
f 819//819 778//778 779//779
f 851//851 830//830 786//786
f 960//960 970//970 916//916
f 907//907 916//916 934//934
f 970//970 934//934 916//916
f 970//970 990//990 934//934
f 926//926 934//934 990//990
f 926//926 907//907 934//934
f 984//984 970//970 960//960
f 914//914 926//926 990//990
f 989//989 984//984 973//973
f 988//988 990//990 984//984
f 978//978 990//990 988//988
f 978//978 959//959 990//990
f 978//978 988//988 989//989
f 980//980 989//989 985//985
f 988//988 984//984 989//989
f 932//932 914//914 959//959
f 953//953 932//932 959//959
f 953//953 920//920 932//932
f 985//985 989//989 973//973
f 843//843 914//914 920//920
f 947//947 906//906 920//920
f 865//865 843//843 883//883
f 854//854 837//837 865//865
f 947//947 937//937 906//906
f 885//885 906//906 917//917
f 885//885 854//854 865//865
f 863//863 861//861 880//880
f 837//837 818//818 843//843
f 818//818 837//837 854//854
f 675//675 818//818 792//792
f 792//792 818//818 854//854
f 823//823 854//854 825//825
f 985//985 973//973 957//957
f 980//980 985//985 976//976
f 980//980 976//976 992//992
f 983//983 976//976 971//971
f 992//992 976//976 983//983
f 958//958 978//978 951//951
f 968//968 951//951 987//987
f 961//961 968//968 987//987
f 929//929 968//968 961//961
f 951//951 937//937 958//958
f 904//904 951//951 899//899
f 951//951 904//904 917//917
f 880//880 904//904 872//872
f 872//872 863//863 880//880
f 863//863 872//872 854//854
f 836//836 872//872 862//862
f 836//836 862//862 899//899
f 836//836 899//899 877//877
f 836//836 825//825 872//872
f 929//929 931//931 899//899
f 980//980 931//931 929//929
f 964//964 954//954 980//980
f 899//899 931//931 877//877
f 964//964 911//911 954//954
f 931//931 954//954 911//911
f 929//929 951//951 968//968
f 978//978 953//953 959//959
f 767//767 675//675 792//792
f 792//792 812//812 767//767
f 795//795 767//767 812//812
f 825//825 795//795 823//823
f 823//823 795//795 812//812
f 724//724 675//675 757//757
f 716//716 724//724 735//735
f 757//757 735//735 724//724
f 731//731 716//716 735//735
f 735//735 757//757 764//764
f 731//731 735//735 780//780
f 766//766 765//765 757//757
f 767//767 766//766 757//757
f 731//731 776//776 725//725
f 731//731 668//668 716//716
f 668//668 675//675 716//716
f 706//706 668//668 731//731
f 731//731 725//725 706//706
f 725//725 745//745 706//706
f 668//668 706//706 708//708
f 575//575 475//475 613//613
f 600//600 668//668 687//687
f 514//514 597//597 552//552
f 552//552 597//597 639//639
f 636//636 639//639 597//597
f 645//645 552//552 639//639
f 575//575 600//600 597//597
f 604//604 600//600 636//636
f 613//613 475//475 675//675
f 776//776 731//731 780//780
f 745//745 725//725 776//776
f 776//776 687//687 708//708
f 687//687 776//776 734//734
f 857//857 911//911 850//850
f 804//804 776//776 828//828
f 776//776 857//857 828//828
f 849//849 828//828 850//850
f 911//911 849//849 850//850
f 828//828 857//857 850//850
f 804//804 828//828 849//849
f 639//639 687//687 734//734
f 681//681 639//639 734//734
f 645//645 639//639 681//681
f 692//692 605//605 645//645
f 665//665 692//692 744//744
f 665//665 595//595 692//692
f 595//595 605//605 692//692
f 692//692 645//645 681//681
f 639//639 636//636 687//687
f 983//983 942//942 979//979
f 986//986 992//992 991//991
f 986//986 981//981 992//992
f 981//981 964//964 992//992
f 982//982 979//979 969//969
f 969//969 979//979 912//912
f 979//979 942//942 912//912
f 830//830 884//884 912//912
f 966//966 969//969 912//912
f 898//898 966//966 884//884
f 898//898 945//945 966//966
f 884//884 830//830 851//851
f 830//830 912//912 942//942
f 986//986 950//950 981//981
f 950//950 949//949 981//981
f 921//921 849//849 911//911
f 950//950 911//911 949//949
f 962//962 986//986 991//991
f 962//962 950//950 986//986
f 944//944 962//962 945//945
f 950//950 921//921 911//911
f 950//950 933//933 921//921
f 950//950 939//939 933//933
f 962//962 944//944 939//939
f 950//950 962//962 939//939
f 831//831 819//819 779//779
f 811//811 831//831 779//779
f 831//831 811//811 864//864
f 943//943 945//945 910//910
f 944//944 943//943 896//896
f 943//943 910//910 896//896
f 944//944 896//896 935//935
f 941//941 944//944 935//935
f 941//941 935//935 927//927
f 935//935 893//893 927//927
f 941//941 939//939 944//944
f 927//927 852//852 939//939
f 864//864 910//910 887//887
f 864//864 811//811 779//779
f 813//813 864//864 779//779
f 835//835 813//813 817//817
f 813//813 779//779 798//798
f 798//798 779//779 771//771
f 809//809 817//817 813//813
f 813//813 817//817 809//809
f 768//768 817//817 813//813
f 813//813 835//835 864//864
f 864//864 835//835 896//896
f 867//867 893//893 860//860
f 784//784 867//867 860//860
f 860//860 935//935 896//896
f 839//839 846//846 848//848
f 835//835 817//817 829//829
f 835//835 829//829 840//840
f 834//834 829//829 768//768
f 822//822 802//802 839//839
f 822//822 834//834 787//787
f 787//787 810//810 822//822
f 810//810 802//802 822//822
f 832//832 834//834 822//822
f 832//832 839//839 834//834
f 834//834 840//840 829//829
f 826//826 832//832 822//822
f 834//834 839//839 840//840
f 887//887 898//898 884//884
f 852//852 849//849 933//933
f 849//849 852//852 827//827
f 744//744 827//827 852//852
f 744//744 730//730 827//827
f 692//692 730//730 744//744
f 665//665 744//744 736//736
f 682//682 665//665 736//736
f 739//739 736//736 814//814
f 739//739 682//682 736//736
f 739//739 698//698 682//682
f 736//736 744//744 814//814
f 927//927 867//867 852//852
f 784//784 801//801 867//867
f 784//784 756//756 742//742
f 784//784 793//793 791//791
f 793//793 802//802 787//787
f 753//753 754//754 756//756
f 756//756 784//784 753//753
f 730//730 804//804 827//827
f 861//861 863//863 854//854
f 852//852 933//933 939//939
f 534//534 584//584 538//538
f 510//510 534//534 523//523
f 534//534 550//550 653//653
f 432//432 452//452 460//460
f 564//564 510//510 517//517
f 422//422 517//517 510//510
f 553//553 564//564 543//543
f 517//517 543//543 564//564
f 425//425 422//422 452//452
f 422//422 403//403 394//394
f 452//452 432//432 425//425
f 396//396 474//474 421//421
f 474//474 497//497 517//517
f 497//497 543//543 517//517
f 362//362 351//351 348//348
f 383//383 362//362 348//348
f 362//362 383//383 366//366
f 362//362 366//366 351//351
f 358//358 384//384 359//359
f 360//360 358//358 353//353
f 365//365 383//383 348//348
f 396//396 444//444 474//474
f 444//444 497//497 474//474
f 381//381 384//384 358//358
f 415//415 455//455 438//438
f 398//398 396//396 369//369
f 374//374 369//369 368//368
f 369//369 396//396 368//368
f 438//438 444//444 396//396
f 360//360 396//396 358//358
f 388//388 360//360 383//383
f 360//360 388//388 397//397
f 411//411 388//388 382//382
f 411//411 397//397 388//388
f 411//411 374//374 397//397
f 359//359 384//384 421//421
f 348//348 351//351 327//327
f 327//327 274//274 365//365
f 343//343 365//365 308//308
f 287//287 328//328 308//308
f 382//382 365//365 343//343
f 335//335 343//343 328//328
f 400//400 343//343 335//335
f 618//618 651//651 590//590
f 590//590 564//564 562//562
f 553//553 562//562 564//564
f 518//518 553//553 497//497
f 518//518 562//562 553//553
f 540//540 590//590 562//562
f 518//518 540//540 562//562
f 663//663 710//710 661//661
f 581//581 661//661 618//618
f 581//581 618//618 590//590
f 649//649 661//661 581//581
f 497//497 505//505 518//518
f 505//505 497//497 444//444
f 455//455 505//505 444//444
f 455//455 540//540 505//505
f 438//438 455//455 444//444
f 537//537 551//551 496//496
f 551//551 589//589 581//581
f 499//499 551//551 537//537
f 499//499 496//496 471//471
f 499//499 537//537 496//496
f 455//455 471//471 496//496
f 400//400 404//404 417//417
f 417//417 414//414 400//400
f 564//564 590//590 653//653
f 543//543 497//497 553//553
f 283//283 222//222 244//244
f 222//222 283//283 287//287
f 324//324 287//287 283//283
f 324//324 283//283 295//295
f 401//401 412//412 387//387
f 401//401 429//429 412//412
f 380//380 401//401 387//387
f 392//392 380//380 369//369
f 409//409 401//401 392//392
f 401//401 380//380 392//392
f 409//409 429//429 401//401
f 417//417 409//409 392//392
f 417//417 392//392 411//411
f 429//429 442//442 412//412
f 443//443 442//442 429//429
f 479//479 499//499 442//442
f 443//443 409//409 433//433
f 409//409 443//443 429//429
f 410//410 443//443 433//433
f 410//410 409//409 417//417
f 410//410 417//417 405//405
f 457//457 479//479 443//443
f 443//443 431//431 457//457
f 410//410 431//431 443//443
f 457//457 431//431 424//424
f 409//409 410//410 433//433
f 387//387 369//369 380//380
f 479//479 442//442 443//443
f 400//400 335//335 328//328
f 390//390 400//400 328//328
f 390//390 324//324 346//346
f 346//346 324//324 299//299
f 405//405 390//390 407//407
f 424//424 405//405 407//407
f 413//413 407//407 372//372
f 405//405 404//404 390//390
f 424//424 407//407 413//413
f 437//437 372//372 321//321
f 437//437 321//321 350//350
f 405//405 417//417 404//404
f 663//663 649//649 621//621
f 663//663 621//621 652//652
f 703//703 663//663 652//652
f 676//676 778//778 697//697
f 778//778 676//676 761//761
f 761//761 676//676 679//679
f 694//694 761//761 679//679
f 648//648 679//679 676//676
f 694//694 679//679 648//648
f 648//648 676//676 616//616
f 694//694 648//648 655//655
f 589//589 551//551 499//499
f 559//559 576//576 589//589
f 589//589 533//533 559//559
f 494//494 533//533 499//499
f 533//533 494//494 484//484
f 499//499 533//533 589//589
f 621//621 576//576 559//559
f 533//533 558//558 559//559
f 522//522 558//558 533//533
f 621//621 676//676 697//697
f 676//676 621//621 616//616
f 616//616 621//621 558//558
f 648//648 616//616 629//629
f 655//655 648//648 629//629
f 616//616 558//558 578//578
f 627//627 629//629 615//615
f 629//629 616//616 615//615
f 574//574 573//573 616//616
f 513//513 574//574 578//578
f 559//559 558//558 621//621
f 686//686 694//694 655//655
f 655//655 629//629 627//627
f 615//615 655//655 627//627
f 593//593 615//615 616//616
f 617//617 615//615 593//593
f 610//610 611//611 570//570
f 611//611 617//617 593//593
f 570//570 539//539 610//610
f 617//617 622//622 615//615
f 615//615 622//622 620//620
f 586//586 573//573 570//570
f 611//611 610//610 626//626
f 596//596 593//593 586//586
f 573//573 593//593 616//616
f 596//596 611//611 593//593
f 544//544 610//610 539//539
f 494//494 479//479 457//457
f 457//457 484//484 494//494
f 457//457 522//522 533//533
f 457//457 533//533 484//484
f 437//437 424//424 413//413
f 424//424 437//437 457//457
f 487//487 509//509 457//457
f 457//457 437//437 447//447
f 447//447 456//456 487//487
f 447//447 437//437 420//420
f 364//364 420//420 350//350
f 420//420 437//437 350//350
f 436//436 420//420 364//364
f 487//487 456//456 420//420
f 436//436 487//487 420//420
f 513//513 578//578 487//487
f 513//513 487//487 490//490
f 485//485 504//504 478//478
f 469//469 485//485 478//478
f 544//544 539//539 498//498
f 485//485 498//498 504//504
f 498//498 539//539 504//504
f 478//478 436//436 449//449
f 447//447 420//420 456//456
f 570//570 573//573 541//541
f 530//530 504//504 539//539
f 509//509 522//522 457//457
f 372//372 437//437 413//413
f 387//387 398//398 369//369
f 412//412 455//455 387//387
f 471//471 442//442 499//499
f 414//414 417//417 411//411
f 499//499 479//479 494//494
f 422//422 394//394 359//359
f 453//453 475//475 597//597
f 378//378 514//514 552//552
f 305//305 378//378 480//480
f 480//480 378//378 528//528
f 480//480 528//528 595//595
f 477//477 305//305 480//480
f 477//477 480//480 495//495
f 233//233 477//477 329//329
f 305//305 477//477 233//233
f 264//264 312//312 305//305
f 186//186 264//264 233//233
f 215//215 186//186 233//233
f 329//329 477//477 467//467
f 428//428 329//329 467//467
f 215//215 329//329 262//262
f 262//262 329//329 342//342
f 262//262 342//342 428//428
f 342//342 329//329 428//428
f 595//595 528//528 552//552
f 595//595 552//552 605//605
f 572//572 595//595 642//642
f 554//554 495//495 572//572
f 579//579 554//554 635//635
f 635//635 642//642 665//665
f 635//635 572//572 642//642
f 585//585 579//579 637//637
f 579//579 635//635 637//637
f 526//526 521//521 531//531
f 531//531 555//555 526//526
f 579//579 585//585 555//555
f 603//603 555//555 585//585
f 555//555 603//603 568//568
f 555//555 531//531 565//565
f 602//602 585//585 606//606
f 495//495 595//595 572//572
f 565//565 477//477 554//554
f 467//467 477//477 565//565
f 495//495 554//554 477//477
f 527//527 525//525 531//531
f 512//512 527//527 521//521
f 525//525 527//527 512//512
f 525//525 512//512 531//531
f 512//512 565//565 531//531
f 512//512 467//467 565//565
f 526//526 472//472 512//512
f 526//526 430//430 472//472
f 448//448 467//467 512//512
f 448//448 428//428 467//467
f 325//325 385//385 370//370
f 370//370 375//375 377//377
f 377//377 375//375 370//370
f 375//375 385//385 377//377
f 367//367 375//375 371//371
f 371//371 377//377 385//385
f 385//385 375//375 370//370
f 526//526 512//512 521//521
f 521//521 525//525 531//531
f 222//222 287//287 137//137
f 250//250 283//283 244//244
f 250//250 244//244 161//161
f 244//244 121//121 161//161
f 161//161 121//121 113//113
f 120//120 164//164 117//117
f 164//164 161//161 117//117
f 295//295 283//283 250//250
f 284//284 299//299 161//161
f 161//161 299//299 250//250
f 299//299 295//295 250//250
f 164//164 284//284 161//161
f 145//145 113//113 162//162
f 162//162 158//158 145//145
f 154//154 156//156 122//122
f 154//154 145//145 156//156
f 145//145 154//154 147//147
f 156//156 145//145 158//158
f 156//156 162//162 122//122
f 145//145 120//120 113//113
f 147//147 160//160 145//145
f 164//164 120//120 148//148
f 160//160 148//148 145//145
f 192//192 164//164 240//240
f 240//240 164//164 148//148
f 157//157 147//147 154//154
f 157//157 130//130 143//143
f 157//157 160//160 147//147
f 158//158 162//162 156//156
f 278//278 284//284 164//164
f 278//278 298//298 284//284
f 298//298 278//278 271//271
f 271//271 278//278 164//164
f 271//271 164//164 192//192
f 216//216 192//192 240//240
f 216//216 271//271 192//192
f 263//263 271//271 216//216
f 341//341 321//321 298//298
f 341//341 298//298 271//271
f 341//341 271//271 290//290
f 350//350 321//321 341//341
f 288//288 307//307 290//290
f 341//341 307//307 322//322
f 290//290 307//307 341//341
f 272//272 288//288 290//290
f 290//290 271//271 272//272
f 240//240 263//263 216//216
f 199//199 240//240 148//148
f 175//175 199//199 160//160
f 263//263 240//240 236//236
f 272//272 307//307 288//288
f 273//273 307//307 272//272
f 236//236 239//239 263//263
f 269//269 273//273 239//239
f 181//181 199//199 175//175
f 236//236 240//240 199//199
f 269//269 239//239 209//209
f 180//180 209//209 181//181
f 236//236 209//209 239//239
f 190//190 180//180 174//174
f 180//180 181//181 174//174
f 174//174 181//181 178//178
f 190//190 174//174 178//178
f 172//172 132//132 168//168
f 172//172 130//130 132//132
f 170//170 172//172 168//168
f 170//170 215//215 195//195
f 195//195 172//172 170//170
f 183//183 172//172 195//195
f 262//262 183//183 195//195
f 142//142 160//160 143//143
f 130//130 166//166 139//139
f 166//166 142//142 139//139
f 193//193 142//142 166//166
f 130//130 139//139 142//142
f 183//183 166//166 130//130
f 241//241 201//201 325//325
f 193//193 165//165 142//142
f 306//306 267//267 325//325
f 430//430 371//371 472//472
f 371//371 430//430 301//301
f 231//231 226//226 241//241
f 226//226 219//219 193//193
f 430//430 302//302 245//245
f 226//226 245//245 302//302
f 301//301 245//245 251//251
f 306//306 301//301 267//267
f 301//301 275//275 267//267
f 251//251 247//247 245//245
f 251//251 231//231 241//241
f 251//251 245//245 231//231
f 275//275 251//251 267//267
f 430//430 245//245 301//301
f 275//275 301//301 251//251
f 325//325 201//201 385//385
f 323//323 325//325 357//357
f 323//323 357//357 371//371
f 371//371 357//357 354//354
f 193//193 204//204 181//181
f 210//210 204//204 193//193
f 225//225 210//210 219//219
f 238//238 204//204 210//210
f 302//302 238//238 246//246
f 227//227 246//246 229//229
f 225//225 238//238 210//210
f 200//200 238//238 178//178
f 178//178 238//238 187//187
f 229//229 225//225 219//219
f 227//227 229//229 219//219
f 200//200 178//178 204//204
f 165//165 160//160 142//142
f 246//246 226//226 302//302
f 201//201 262//262 428//428
f 306//306 323//323 301//301
f 323//323 371//371 301//301
f 658//658 607//607 690//690
f 610//610 544//544 503//503
f 610//610 503//503 599//599
f 607//607 658//658 599//599
f 720//720 748//748 694//694
f 751//751 748//748 720//720
f 722//722 751//751 720//720
f 760//760 748//748 751//751
f 761//761 694//694 748//748
f 771//771 779//779 760//760
f 769//769 760//760 768//768
f 769//769 771//771 760//760
f 774//774 788//788 771//771
f 769//769 770//770 771//771
f 788//788 774//774 813//813
f 768//768 719//719 718//718
f 722//722 719//719 751//751
f 701//701 702//702 686//686
f 690//690 718//718 701//701
f 834//834 768//768 721//721
f 768//768 690//690 721//721
f 701//701 686//686 666//666
f 610//610 666//666 647//647
f 666//666 610//610 599//599
f 666//666 686//686 664//664
f 664//664 659//659 660//660
f 701//701 666//666 599//599
f 658//658 701//701 599//599
f 635//635 665//665 637//637
f 657//657 603//603 625//625
f 657//657 625//625 682//682
f 571//571 603//603 630//630
f 602//602 625//625 603//603
f 717//717 707//707 700//700
f 690//690 673//673 680//680
f 707//707 690//690 680//680
f 707//707 680//680 700//700
f 691//691 698//698 739//739
f 691//691 682//682 698//698
f 691//691 685//685 682//682
f 685//685 673//673 662//662
f 657//657 685//685 662//662
f 685//685 684//684 680//680
f 704//704 685//685 691//691
f 742//742 717//717 704//704
f 704//704 691//691 742//742
f 704//704 717//717 700//700
f 700//700 680//680 685//685
f 684//684 685//685 680//680
f 630//630 673//673 607//607
f 630//630 607//607 571//571
f 690//690 607//607 673//673
f 603//603 673//673 630//630
f 662//662 603//603 657//657
f 430//430 571//571 501//501
f 501//501 571//571 607//607
f 555//555 568//568 430//430
f 501//501 470//470 302//302
f 607//607 470//470 501//501
f 707//707 753//753 721//721
f 717//717 742//742 737//737
f 737//737 753//753 707//707
f 737//737 707//707 717//717
f 756//756 750//750 742//742
f 750//750 756//756 754//754
f 747//747 753//753 737//737
f 753//753 784//784 787//787
f 754//754 753//753 747//747
f 344//344 364//364 341//341
f 391//391 364//364 344//344
f 391//391 341//341 322//322
f 322//322 307//307 330//330
f 391//391 436//436 364//364
f 389//389 391//391 395//395
f 320//320 389//389 391//391
f 503//503 498//498 469//469
f 503//503 391//391 389//389
f 436//436 391//391 449//449
f 503//503 389//389 470//470
f 470//470 389//389 320//320
f 310//310 470//470 320//320
f 303//303 470//470 310//310
f 285//285 307//307 273//273
f 330//330 307//307 285//285
f 261//261 285//285 269//269
f 320//320 330//330 294//294
f 277//277 320//320 294//294
f 285//285 279//279 294//294
f 277//277 279//279 266//266
f 285//285 261//261 279//279
f 279//279 261//261 266//266
f 310//310 320//320 221//221
f 261//261 269//269 254//254
f 254//254 269//269 209//209
f 209//209 221//221 277//277
f 254//254 259//259 261//261
f 261//261 259//259 258//258
f 253//253 254//254 243//243
f 254//254 253//253 256//256
f 277//277 266//266 258//258
f 206//206 303//303 310//310
f 221//221 197//197 190//190
f 190//190 185//185 221//221
f 187//187 189//189 185//185
f 197//197 221//221 209//209
f 302//302 303//303 238//238
f 206//206 238//238 303//303
f 187//187 238//238 206//206
f 209//209 180//180 197//197
f 185//185 190//190 178//178
f 187//187 184//184 178//178
f 184//184 185//185 178//178
f 215//215 170//170 186//186
f 375//375 354//354 370//370
f 143//143 160//160 157//157
f 194//194 189//189 187//187
f 901//901 900//900 923//923
f 871//871 895//895 870//870
f 640//640 654//654 608//608
f 738//738 656//656 715//715
f 475//475 577//577 675//675
f 308//308 365//365 274//274
f 788//788 798//798 771//771
f 788//788 813//813 798//798
f 64//64 51//51 63//63
f 984//984 960//960 977//977
f 983//983 971//971 965//965
f 647//647 660//660 655//655
f 655//655 660//660 659//659
f 655//655 659//659 664//664
f 469//469 498//498 485//485
f 580//580 548//548 549//549
f 614//614 580//580 598//598
f 631//631 614//614 667//667
f 667//667 678//678 672//672
f 672//672 643//643 667//667
f 678//678 699//699 712//712
f 459//459 465//465 488//488
f 481//481 465//465 463//463
f 507//507 488//488 465//465
f 207//207 208//208 213//213
f 465//465 450//450 463//463
f 242//242 257//257 211//211
f 399//399 345//345 317//317
f 300//300 304//304 317//317
f 300//300 318//318 257//257
f 207//207 300//300 242//242
f 242//242 211//211 207//207
f 211//211 257//257 203//203
f 203//203 205//205 208//208
f 203//203 257//257 220//220
f 203//203 220//220 213//213
f 205//205 203//203 213//213
f 205//205 213//213 208//208
f 212//212 198//198 205//205
f 213//213 212//212 205//205
f 211//211 203//203 208//208
f 203//203 205//205 198//198
f 213//213 220//220 212//212
f 207//207 213//213 205//205
f 196//196 207//207 205//205
f 144//144 153//153 176//176
f 196//196 176//176 207//207
f 203//203 196//196 205//205
f 203//203 198//198 196//196
f 493//493 473//473 314//314
f 340//340 493//493 314//314
f 268//268 257//257 242//242
f 519//519 507//507 549//549
f 542//542 507//507 524//524
f 545//545 500//500 516//516
f 255//255 292//292 379//379
f 515//515 548//548 516//516
f 515//515 508//508 548//548
f 257//257 212//212 220//220
f 741//741 743//743 740//740
f 712//712 772//772 781//781
f 712//712 758//758 772//772
f 838//838 847//847 824//824
f 797//797 790//790 807//807
f 797//797 807//807 808//808
f 759//759 729//729 762//762
f 783//783 790//790 782//782
f 688//688 669//669 671//671
f 803//803 799//799 842//842
f 796//796 799//799 803//803
f 740//740 743//743 741//741
f 879//879 882//882 881//881
f 855//855 869//869 882//882
f 870//870 889//889 882//882
f 859//859 821//821 889//889
f 878//878 859//859 889//889
f 909//909 918//918 922//922
f 925//925 922//922 918//918
f 881//881 866//866 879//879
f 644//644 594//594 688//688
f 601//601 594//594 588//588
f 563//563 535//535 588//588
f 56//56 57//57 52//52
f 594//594 638//638 641//641
f 641//641 646//646 683//683
f 641//641 638//638 646//646
f 623//623 654//654 674//674
f 624//624 466//466 609//609
f 556//556 545//545 561//561
f 838//838 869//869 856//856
f 223//223 218//218 337//337
f 144//144 79//79 106//106
f 72//72 73//73 70//70
f 72//72 70//70 73//73
f 72//72 68//68 70//70
f 72//72 73//73 68//68
f 73//73 79//79 68//68
f 56//56 52//52 54//54
f 52//52 56//56 54//54
f 52//52 54//54 47//47
f 52//52 47//47 56//56
f 76//76 118//118 106//106
f 76//76 80//80 118//118
f 54//54 48//48 32//32
f 76//76 34//34 30//30
f 76//76 30//30 80//80
f 57//57 32//32 26//26
f 32//32 48//48 36//36
f 17//17 14//14 30//30
f 757//757 766//766 765//765
f 766//766 757//757 765//765
f 223//223 270//270 135//135
f 14//14 39//39 30//30
f 6//6 3//3 10//10
f 3//3 1//1 7//7
f 1//1 20//20 7//7
f 20//20 1//1 2//2
f 2//2 4//4 20//20
f 2//2 5//5 4//4
f 454//454 376//376 440//440
f 340//340 406//406 376//376
f 394//394 349//349 359//359
f 188//188 287//287 281//281
f 64//64 86//86 51//51
f 65//65 86//86 49//49
f 49//49 58//58 51//51
f 58//58 44//44 42//42
f 13//13 35//35 21//21
f 15//15 21//21 24//24
f 29//29 31//31 15//15
f 87//87 90//90 55//55
f 109//109 95//95 82//82
f 149//149 125//125 95//95
f 109//109 149//149 95//95
f 102//102 59//59 125//125
f 66//66 33//33 24//24
f 28//28 40//40 37//37
f 53//53 71//71 50//50
f 53//53 67//67 71//71
f 96//96 140//140 126//126
f 85//85 91//91 71//71
f 100//100 116//116 91//91
f 125//125 171//171 151//151
f 280//280 237//237 171//171
f 237//237 296//296 228//228
f 326//326 309//309 296//296
f 475//475 352//352 408//408
f 313//313 217//217 224//224
f 85//85 107//107 100//100
f 100//100 99//99 114//114
f 105//105 114//114 99//99
f 93//93 136//136 94//94
f 94//94 136//136 110//110
f 136//136 127//127 110//110
f 378//378 260//260 313//313
f 111//111 115//115 137//137
f 97//97 126//126 111//111
f 112//112 126//126 141//141
f 131//131 132//132 119//119
f 16//16 13//13 38//38
f 85//85 100//100 91//91
f 777//777 833//833 799//799
f 955//955 967//967 956//956
f 967//967 974//974 972//972
f 972//972 974//974 977//977
f 908//908 895//895 871//871
f 844//844 853//853 888//888
f 915//915 902//902 924//924
f 970//970 984//984 990//990
f 920//920 914//914 932//932
f 953//953 947//947 920//920
f 953//953 978//978 947//947
f 906//906 883//883 920//920
f 885//885 865//865 906//906
f 880//880 854//854 885//885
f 883//883 906//906 865//865
f 946//946 983//983 965//965
f 929//929 899//899 951//951
f 937//937 951//951 917//917
f 899//899 862//862 904//904
f 904//904 862//862 872//872
f 877//877 931//931 911//911
f 880//880 885//885 904//904
f 872//872 825//825 854//854
f 854//854 823//823 812//812
f 854//854 812//812 792//792
f 795//795 766//766 767//767
f 780//780 735//735 764//764
f 765//765 764//764 757//757
f 410//410 405//405 424//424
f 431//431 410//410 424//424
f 766//766 764//764 765//765
f 708//708 687//687 668//668
f 575//575 597//597 475//475
f 687//687 636//636 600//600
f 600//600 613//613 668//668
f 604//604 636//636 597//597
f 600//600 575//575 613//613
f 708//708 745//745 776//776
f 605//605 552//552 645//645
f 692//692 734//734 730//730
f 665//665 642//642 595//595
f 734//734 692//692 681//681
f 706//706 745//745 708//708
f 983//983 946//946 942//942
f 964//964 981//981 911//911
f 991//991 966//966 962//962
f 969//969 966//966 991//991
f 945//945 898//898 887//887
f 969//969 991//991 982//982
f 945//945 943//943 944//944
f 941//941 927//927 939//939
f 768//768 829//829 817//817
f 826//826 822//822 839//839
f 787//787 802//802 810//810
f 839//839 832//832 826//826
f 801//801 784//784 739//739
f 784//784 791//791 793//793
f 784//784 793//793 787//787
f 795//795 825//825 836//836
f 510//510 564//564 550//550
f 394//394 403//403 425//425
f 359//359 421//421 422//422
f 474//474 422//422 421//421
f 351//351 366//366 356//356
f 353//353 383//383 360//360
f 358//358 396//396 381//381
f 374//374 396//396 360//360
f 396//396 415//415 438//438
f 415//415 398//398 455//455
f 396//396 374//374 368//368
f 365//365 382//382 388//388
f 365//365 388//388 383//383
f 281//281 287//287 308//308
f 308//308 328//328 343//343
f 590//590 540//540 581//581
f 581//581 589//589 649//649
f 540//540 518//518 505//505
f 455//455 412//412 442//442
f 295//295 299//299 324//324
f 411//411 392//392 369//369
f 647//647 655//655 622//622
f 626//626 647//647 622//622
f 649//649 589//589 621//621
f 509//509 487//487 558//558
f 574//574 513//513 573//573
f 626//626 610//610 647//647
f 620//620 611//611 626//626
f 622//622 620//620 626//626
f 615//615 622//622 655//655
f 620//620 617//617 611//611
f 750//750 737//737 742//742
f 622//622 617//617 620//620
f 615//615 620//620 622//622
f 596//596 570//570 611//611
f 586//586 570//570 596//596
f 593//593 573//573 586//586
f 478//478 513//513 490//490
f 513//513 504//504 530//530
f 513//513 478//478 504//504
f 490//490 487//487 478//478
f 478//478 449//449 469//469
f 436//436 478//478 487//487
f 530//530 539//539 541//541
f 552//552 528//528 378//378
f 606//606 585//585 637//637
f 579//579 565//565 554//554
f 555//555 565//565 579//579
f 602//602 603//603 585//585
f 480//480 595//595 495//495
f 527//527 525//525 521//521
f 430//430 526//526 555//555
f 448//448 512//512 472//472
f 371//371 385//385 428//428
f 375//375 377//377 371//371
f 525//525 527//527 531//531
f 263//263 272//272 271//271
f 263//263 273//273 272//272
f 263//263 239//239 273//273
f 123//123 130//130 122//122
f 172//172 183//183 130//130
f 142//142 143//143 130//130
f 215//215 262//262 195//195
f 160//160 165//165 193//193
f 166//166 201//201 179//179
f 226//226 231//231 245//245
f 247//247 251//251 245//245
f 354//354 375//375 367//367
f 354//354 357//357 325//325
f 354//354 367//367 371//371
f 219//219 226//226 230//230
f 200//200 204//204 238//238
f 227//227 230//230 246//246
f 246//246 238//238 229//229
f 238//238 225//225 229//229
f 226//226 246//246 230//230
f 219//219 230//230 227//227
f 607//607 503//503 470//470
f 748//748 779//779 761//761
f 779//779 748//748 760//760
f 769//769 768//768 774//774
f 770//770 769//769 774//774
f 770//770 774//774 771//771
f 751//751 768//768 760//760
f 718//718 690//690 768//768
f 702//702 722//722 720//720
f 722//722 702//702 701//701
f 701//701 719//719 722//722
f 647//647 666//666 664//664
f 647//647 660//660 659//659
f 660//660 647//647 659//659
f 660//660 647//647 664//664
f 682//682 637//637 665//665
f 625//625 606//606 637//637
f 682//682 685//685 657//657
f 603//603 662//662 673//673
f 750//750 747//747 737//737
f 258//258 259//259 254//254
f 750//750 754//754 747//747
f 322//322 330//330 391//391
f 330//330 320//320 391//391
f 269//269 285//285 273//273
f 330//330 285//285 294//294
f 254//254 253//253 256//256
f 258//258 254//254 256//256
f 253//253 243//243 256//256
f 259//259 256//256 277//277
f 253//253 254//254 256//256
f 191//191 206//206 189//189
f 258//258 256//256 259//259
f 243//243 209//209 277//277
f 258//258 259//259 277//277
f 221//221 206//206 310//310
f 185//185 206//206 221//221
f 185//185 189//189 206//206
f 184//184 187//187 185//185
f 190//190 197//197 180//180
f 258//258 266//266 261//261
f 187//187 206//206 194//194
f 625//625 602//602 606//606
f 206//206 191//191 194//194
f 189//189 194//194 191//191
