# convertido de flygym/NeuroMechFly (rh_tarsus3)
v -0.04036 -0.00601 -0.10754
v -0.04032 -0.00592 -0.10716
v -0.04032 -0.00508 -0.10760
v -0.04031 -0.00591 -0.10676
v -0.04025 -0.00558 -0.10742
v -0.04015 -0.00626 -0.10697
v -0.04009 -0.00576 -0.10721
v -0.03988 -0.00777 -0.10557
v -0.03984 -0.00325 -0.10632
v -0.03957 -0.00346 -0.02308
v -0.03949 -0.00667 -0.02599
v -0.03941 -0.00298 -0.02265
v -0.03925 -0.00548 -0.10709
v -0.03919 -0.00460 -0.10702
v -0.03906 -0.00368 -0.10329
v -0.03880 -0.00243 -0.10650
v -0.03875 -0.00864 -0.02536
v -0.03859 -0.00610 -0.10306
v -0.03850 -0.00621 -0.02878
v -0.03837 -0.00262 -0.01841
v -0.03824 -0.00609 -0.02969
v -0.03815 -0.00375 -0.06095
v -0.03798 -0.00171 -0.10670
v -0.03793 -0.00650 -0.09976
v -0.03787 -0.00154 -0.05856
v -0.03776 -0.01009 -0.10296
v -0.03776 -0.00513 -0.01499
v -0.03772 -0.00137 -0.03021
v -0.03772 -0.00854 -0.01837
v -0.03766 -0.00272 -0.03156
v -0.03764 -0.00096 -0.01591
v -0.03746 -0.00007 -0.02032
v -0.03741 -0.00230 -0.10056
v -0.03736 -0.00852 -0.01106
v -0.03730 -0.01074 -0.10310
v -0.03726 -0.00049 -0.10583
v -0.03715 -0.00768 -0.01044
v -0.03715 -0.01000 -0.01098
v -0.03712 -0.00366 -0.06288
v -0.03710 -0.00180 -0.01324
v -0.03709 -0.01103 -0.01063
v -0.03705 -0.01232 -0.02219
v -0.03699 -0.00557 -0.03329
v -0.03695 -0.00565 -0.00923
v -0.03693 -0.00728 -0.05989
v -0.03689 -0.00252 -0.01108
v -0.03686 -0.00472 -0.06253
v -0.03683 -0.00751 -0.06094
v -0.03682 -0.00755 -0.06242
v -0.03670 -0.00354 -0.00848
v -0.03670 -0.01164 -0.01431
v -0.03670 0.00099 -0.02421
v -0.03669 -0.00580 -0.06307
v -0.03667 -0.00491 -0.04642
v -0.03666 -0.01023 -0.10395
v -0.03666 -0.00921 -0.03159
v -0.03665 -0.00272 -0.09711
v -0.03664 -0.00346 -0.06386
v -0.03660 -0.00283 -0.04921
v -0.03656 -0.01321 -0.01169
v -0.03652 -0.01245 -0.10482
v -0.03651 -0.00644 -0.05228
v -0.03647 -0.00354 -0.09567
v -0.03647 -0.00209 -0.06759
v -0.03642 -0.00643 -0.08536
v -0.03641 -0.00025 -0.05267
v -0.03637 -0.00494 -0.07228
v -0.03637 -0.00233 -0.08178
v -0.03635 -0.00394 -0.00827
v -0.03633 -0.00666 -0.04433
v -0.03632 -0.01024 -0.01039
v -0.03628 -0.01456 -0.01281
v -0.03620 -0.00731 -0.06701
v -0.03617 -0.01482 -0.01264
v -0.03617 -0.00231 -0.07343
v -0.03617 -0.00275 -0.03549
v -0.03617 -0.00310 -0.04104
v -0.03617 -0.00293 -0.00746
v -0.03616 -0.00624 -0.06355
v -0.03613 -0.00898 -0.09620
v -0.03612 -0.01480 -0.01266
v -0.03610 -0.01504 -0.01256
v -0.03609 -0.00832 -0.08149
v -0.03608 -0.00007 -0.06005
v -0.03608 -0.01308 -0.10519
v -0.03606 -0.01478 -0.01248
v -0.03605 -0.01569 -0.01311
v -0.03604 -0.00515 -0.03454
v -0.03599 -0.00519 -0.10676
v -0.03596 -0.00366 -0.09169
v -0.03594 -0.00437 -0.07540
v -0.03593 0.00209 -0.01656
v -0.03592 -0.00660 -0.04869
v -0.03580 -0.01544 -0.02540
v -0.03578 -0.01669 -0.01343
v -0.03577 -0.00024 -0.07590
v -0.03576 0.00044 -0.07892
v -0.03574 -0.00838 -0.06323
v -0.03572 -0.00248 -0.08720
v -0.03567 -0.00225 -0.00715
v -0.03567 0.00079 -0.01249
v -0.03563 -0.00890 -0.03418
v -0.03561 -0.00945 -0.04424
v -0.03554 -0.00802 -0.07460
v -0.03553 -0.00121 -0.03849
v -0.03552 -0.00859 -0.08961
v -0.03551 -0.01412 -0.10472
v -0.03544 -0.01450 -0.02897
v -0.03544 -0.00864 -0.10566
v -0.03539 -0.01810 -0.01457
v -0.03535 -0.00109 -0.09415
v -0.03535 -0.00423 -0.09006
v -0.03532 0.00131 -0.03116
v -0.03531 0.00139 -0.04516
v -0.03529 -0.00957 -0.04858
v -0.03529 -0.01790 -0.02040
v -0.03529 -0.00141 -0.00635
v -0.03528 -0.00998 -0.05566
v -0.03525 0.00133 -0.04821
v -0.03523 -0.02505 -0.09994
v -0.03518 -0.01052 -0.06289
v -0.03517 -0.01111 -0.07794
v -0.03510 0.00302 -0.02119
v -0.03510 -0.00700 -0.00922
v -0.03509 -0.00017 -0.00944
v -0.03504 -0.01294 -0.09957
v -0.03501 -0.02016 -0.01585
v -0.03501 -0.01106 -0.01030
v -0.03486 -0.02744 -0.10131
v -0.03483 -0.00100 -0.00578
v -0.03483 0.00110 -0.06880
v -0.03483 -0.02269 -0.09753
v -0.03475 -0.02534 -0.10110
v -0.03469 -0.01536 -0.10341
v -0.03469 0.00208 -0.07254
v -0.03469 0.00068 -0.06446
v -0.03468 -0.00816 -0.10650
v -0.03464 -0.02207 -0.01644
v -0.03460 0.00123 -0.03596
v -0.03454 -0.01559 -0.09894
v -0.03452 -0.02575 -0.01658
v -0.03451 -0.01194 -0.09234
v -0.03449 0.00116 -0.10612
v -0.03447 -0.00024 -0.00610
v -0.03446 -0.02496 -0.01598
v -0.03440 -0.01175 -0.03718
v -0.03437 -0.00821 -0.10641
v -0.03435 -0.00084 -0.10711
v -0.03435 0.00286 -0.07697
v -0.03430 -0.02138 -0.01570
v -0.03418 0.00503 -0.01447
v -0.03415 -0.01145 -0.10633
v -0.03415 -0.01466 -0.10489
v -0.03407 0.00349 -0.02270
v -0.03404 0.00052 -0.00637
v -0.03403 -0.01462 -0.08825
v -0.03400 -0.00263 -0.00710
v -0.03399 -0.01635 -0.10325
v -0.03397 0.00049 -0.10796
v -0.03394 -0.02373 -0.01574
v -0.03392 -0.02275 -0.09411
v -0.03391 0.00271 -0.05292
v -0.03388 -0.02333 -0.09430
v -0.03388 -0.02568 -0.01781
v -0.03388 -0.02654 -0.01551
v -0.03387 -0.01737 -0.10031
v -0.03387 -0.01838 -0.10284
v -0.03387 -0.01685 -0.03209
v -0.03385 -0.01300 -0.05186
v -0.03383 -0.02483 -0.01760
v -0.03377 -0.02702 -0.09739
v -0.03376 -0.01408 -0.06624
v -0.03365 0.00115 -0.09215
v -0.03359 -0.02026 -0.10309
v -0.03357 0.00380 -0.01115
v -0.03356 0.00125 -0.08583
v -0.03354 -0.02261 -0.10286
v -0.03341 0.00149 -0.00677
v -0.03335 0.00468 -0.01986
v -0.03335 -0.02666 -0.01573
v -0.03335 -0.02005 -0.09046
v -0.03334 -0.01758 -0.09615
v -0.03334 0.00094 -0.10757
v -0.03330 -0.02684 -0.01597
v -0.03329 -0.01793 -0.09275
v -0.03324 -0.01582 -0.04043
v -0.03320 -0.02207 -0.02488
v -0.03320 0.00309 -0.04054
v -0.03307 -0.02550 -0.01955
v -0.03306 -0.01757 -0.01284
v -0.03303 -0.02359 -0.02280
v -0.03303 -0.02648 -0.10327
v -0.03302 -0.01921 -0.07594
v -0.03301 -0.01707 -0.06261
v -0.03299 0.00365 -0.06922
v -0.03299 -0.01656 -0.10452
v -0.03292 0.00237 -0.00695
v -0.03284 -0.00374 -0.00784
v -0.03266 -0.01370 -0.10630
v -0.03263 -0.02145 -0.08084
v -0.03259 -0.00055 -0.00625
v -0.03258 0.00002 -0.10731
v -0.03258 0.00618 -0.01724
v -0.03255 0.00364 -0.03336
v -0.03255 -0.02265 -0.10428
v -0.03244 -0.01836 -0.04438
v -0.03240 -0.02240 -0.03238
v -0.03238 -0.01909 -0.03622
v -0.03235 -0.02133 -0.07267
v -0.03229 -0.02792 -0.01581
v -0.03223 -0.01999 -0.06109
v -0.03218 -0.02094 -0.06580
v -0.03216 0.00298 -0.10343
v -0.03213 0.00146 -0.10728
v -0.03212 0.00409 -0.03712
v -0.03206 0.00331 -0.10270
v -0.03205 0.00198 -0.00654
v -0.03201 -0.02494 -0.08547
v -0.03199 0.00630 -0.01055
v -0.03197 -0.00494 -0.10647
v -0.03191 -0.02013 -0.10488
v -0.03191 -0.01911 -0.05221
v -0.03187 0.00395 -0.09821
v -0.03185 0.00299 -0.00609
v -0.03182 -0.01581 -0.10618
v -0.03176 -0.02683 -0.09143
v -0.03176 0.00768 -0.01459
v -0.03172 -0.02545 -0.02335
v -0.03157 0.00083 -0.00646
v -0.03152 -0.02323 -0.10545
v -0.03145 -0.02208 -0.10518
v -0.03144 -0.02718 -0.02201
v -0.03142 -0.02955 -0.10060
v -0.03136 0.00395 -0.09208
v -0.03123 -0.02878 -0.01586
v -0.03121 0.00529 -0.00812
v -0.03120 -0.02577 -0.03373
v -0.03118 -0.02425 -0.06905
v -0.03117 0.00796 -0.01143
v -0.03113 0.00483 -0.02770
v -0.03109 -0.02196 -0.01351
v -0.03107 0.00353 -0.00539
v -0.03104 -0.02375 -0.06226
v -0.03103 -0.01928 -0.01265
v -0.03090 -0.02407 -0.10580
v -0.03082 -0.01884 -0.10612
v -0.03079 -0.00009 -0.00659
v -0.03060 -0.01289 -0.01007
v -0.03059 -0.02541 -0.07728
v -0.03056 -0.02751 -0.03150
v -0.03054 -0.02279 -0.04758
v -0.03050 0.00527 -0.10031
v -0.03042 -0.02495 -0.10594
v -0.03040 0.00654 -0.07143
v -0.03035 0.00506 -0.08369
v -0.03034 -0.02017 -0.10606
v -0.03030 0.00991 -0.01270
v -0.03021 -0.02827 -0.02424
v -0.03016 -0.02847 -0.01450
v -0.03012 -0.02547 -0.03723
v -0.03009 -0.02431 -0.04407
v -0.03008 -0.02543 -0.10616
v -0.03006 -0.02581 -0.10611
v -0.03005 -0.03032 -0.10189
v -0.02997 -0.02825 -0.08747
v -0.02991 0.00456 -0.00595
v -0.02991 -0.02565 -0.06435
v -0.02982 -0.02668 -0.07340
v -0.02982 0.00729 -0.07495
v -0.02979 0.00845 -0.01028
v -0.02978 0.00583 -0.06766
v -0.02973 -0.02617 -0.05795
v -0.02968 -0.02979 -0.01478
v -0.02959 -0.02662 -0.05701
v -0.02958 -0.02205 -0.10601
v -0.02956 0.00584 -0.04527
v -0.02953 0.00334 -0.00526
v -0.02933 0.00520 -0.06397
v -0.02921 -0.02686 -0.06561
v -0.02920 0.00616 -0.02370
v -0.02914 -0.03023 -0.09509
v -0.02909 -0.02723 -0.07042
v -0.02902 0.00233 -0.10820
v -0.02888 0.00555 -0.05771
v -0.02876 -0.02863 -0.10491
v -0.02874 0.00590 -0.00699
v -0.02863 -0.02721 -0.07721
v -0.02859 -0.02789 -0.03615
v -0.02857 0.00700 -0.02091
v -0.02856 0.00606 -0.04976
v -0.02850 -0.02687 -0.04916
v -0.02849 -0.02915 -0.08129
v -0.02849 -0.02781 -0.05970
v -0.02840 -0.02670 -0.06255
v -0.02833 -0.03093 -0.02033
v -0.02831 -0.02749 -0.10564
v -0.02813 -0.02827 -0.03968
v -0.02804 -0.03080 -0.01418
v -0.02798 0.00331 -0.00508
v -0.02795 -0.02989 -0.08833
v -0.02794 -0.03091 -0.02806
v -0.02792 0.01062 -0.01348
v -0.02786 0.01026 -0.01442
v -0.02780 -0.00283 -0.10681
v -0.02780 0.00374 -0.10800
v -0.02749 0.00746 -0.09912
v -0.02745 -0.02984 -0.08298
v -0.02730 -0.03059 -0.03399
v -0.02728 -0.02889 -0.04368
v -0.02724 0.00837 -0.07269
v -0.02723 0.00935 -0.01624
v -0.02715 -0.03122 -0.01407
v -0.02706 0.00719 -0.03778
v -0.02702 -0.03121 -0.10504
v -0.02688 -0.03191 -0.10505
v -0.02681 -0.01476 -0.00941
v -0.02679 0.00726 -0.06540
v -0.02674 -0.03211 -0.01785
v -0.02670 -0.03044 -0.10568
v -0.02661 0.00735 -0.08655
v -0.02648 -0.02980 -0.04174
v -0.02641 0.00685 -0.04389
v -0.02637 0.00976 -0.01377
v -0.02635 0.00301 -0.10921
v -0.02620 0.00325 -0.00492
v -0.02616 -0.01213 -0.00915
v -0.02613 -0.02913 -0.06271
v -0.02598 0.00937 -0.01628
v -0.02593 0.00871 -0.08092
v -0.02592 0.00774 -0.02744
v -0.02583 0.00985 -0.01557
v -0.02579 0.00994 -0.01214
v -0.02578 -0.03539 -0.09978
v -0.02575 -0.02865 -0.10536
v -0.02574 -0.02798 -0.01170
v -0.02563 -0.02964 -0.06648
v -0.02561 -0.03124 -0.03675
v -0.02560 -0.03327 -0.02455
v -0.02547 -0.03227 -0.01488
v -0.02547 0.00740 -0.10244
v -0.02540 -0.03163 -0.10533
v -0.02528 -0.03294 -0.10440
v -0.02526 -0.03010 -0.07728
v -0.02522 -0.02970 -0.05610
v -0.02522 -0.03211 -0.01421
v -0.02510 0.00847 -0.09558
v -0.02510 -0.03044 -0.05026
v -0.02505 0.00717 -0.00760
v -0.02494 0.00807 -0.06618
v -0.02493 0.01033 -0.01492
v -0.02485 -0.03413 -0.09553
v -0.02468 -0.02075 -0.00949
v -0.02460 0.00643 -0.00694
v -0.02442 0.00766 -0.04952
v -0.02441 0.00315 -0.00474
v -0.02426 -0.03127 -0.08551
v -0.02416 0.00844 -0.06421
v -0.02414 -0.02738 -0.01043
v -0.02409 0.00854 -0.02205
v -0.02407 -0.03484 -0.10281
v -0.02405 0.00374 -0.11011
v -0.02399 0.00941 -0.07751
v -0.02393 0.00950 -0.01563
v -0.02386 -0.03236 -0.01284
v -0.02374 -0.03437 -0.09545
v -0.02364 -0.03269 -0.03216
v -0.02363 0.00416 -0.10925
v -0.02360 0.00766 -0.00782
v -0.02353 -0.03384 -0.09235
v -0.02342 0.00839 -0.08593
v -0.02341 -0.03279 -0.08952
v -0.02341 0.00994 -0.01487
v -0.02340 0.00294 -0.10964
v -0.02340 -0.03464 -0.02160
v -0.02336 0.00402 -0.00516
v -0.02332 0.00503 -0.10783
v -0.02331 0.00907 -0.08985
v -0.02328 0.00293 -0.10955
v -0.02323 -0.03019 -0.05835
v -0.02319 0.00930 -0.01850
v -0.02274 0.00360 -0.10930
v -0.02274 -0.03284 -0.04660
v -0.02273 -0.03086 -0.06586
v -0.02270 0.00664 -0.00585
v -0.02270 0.00730 -0.00644
v -0.02263 0.00015 -0.10849
v -0.02262 -0.03113 -0.07843
v -0.02261 0.00590 -0.10651
v -0.02260 0.00879 -0.06059
v -0.02259 0.00816 -0.03382
v -0.02246 0.00323 -0.00452
v -0.02241 -0.03557 -0.09927
v -0.02219 -0.03164 -0.10515
v -0.02219 -0.03277 -0.01138
v -0.02213 0.00894 -0.06711
v -0.02206 0.00911 -0.08742
v -0.02198 0.00605 -0.10627
v -0.02197 -0.03136 -0.08119
v -0.02193 0.00705 -0.00521
v -0.02187 0.00961 -0.01506
v -0.02166 0.00956 -0.07491
v -0.02160 0.00899 -0.05695
v -0.02148 0.00732 -0.04382
v -0.02142 0.00791 -0.10130
v -0.02136 -0.03506 -0.09589
v -0.02132 -0.03370 -0.02966
v -0.02124 0.00912 -0.06955
v -0.02110 0.00688 -0.00420
v -0.02107 -0.03427 -0.04426
v -0.02104 -0.03123 -0.05361
v -0.02102 0.00508 -0.00374
v -0.02099 0.00929 -0.08408
v -0.02092 0.00475 -0.10771
v -0.02091 -0.03496 -0.01861
v -0.02076 -0.00942 -0.10424
v -0.02074 0.00919 -0.05730
v -0.02069 -0.03272 -0.00986
v -0.02068 -0.03204 -0.07137
v -0.02052 -0.03438 -0.02758
v -0.02051 -0.00284 -0.10694
v -0.02046 -0.03190 -0.00955
v -0.02034 0.00881 -0.09709
v -0.02033 0.00661 -0.00317
v -0.02019 -0.03501 -0.02200
v -0.02017 -0.03343 -0.10415
v -0.02015 0.00709 -0.10429
v -0.02011 -0.03438 -0.09279
v -0.01987 0.00852 -0.01044
v -0.01979 0.00926 -0.09036
v -0.01971 0.00913 -0.05287
v -0.01967 0.00648 -0.00327
v -0.01964 -0.03256 -0.04996
v -0.01963 0.00957 -0.02034
v -0.01954 0.00584 -0.10737
v -0.01951 0.00741 -0.03815
v -0.01945 0.00918 -0.02758
v -0.01935 -0.03195 -0.10494
v -0.01930 -0.03438 -0.03771
v -0.01929 -0.03310 -0.00910
v -0.01923 0.00662 -0.00302
v -0.01923 -0.03404 -0.03326
v -0.01918 -0.03294 -0.08692
v -0.01918 -0.00536 -0.10572
v -0.01914 0.00425 -0.10766
v -0.01913 -0.03199 -0.06414
v -0.01910 0.00870 -0.06519
v -0.01909 0.00928 -0.07926
v -0.01908 0.00901 -0.09319
v -0.01904 -0.00411 -0.00611
v -0.01903 0.00677 -0.00341
v -0.01885 -0.03287 -0.00903
v -0.01884 0.00666 -0.00300
v -0.01882 0.00651 -0.00315
v -0.01875 0.00270 -0.10786
v -0.01861 0.00666 -0.00281
v -0.01860 -0.03151 -0.05587
v -0.01854 -0.03413 -0.04565
v -0.01852 0.00594 -0.10756
v -0.01834 -0.03455 -0.01628
v -0.01824 0.00850 -0.05001
v -0.01819 0.00685 -0.00346
v -0.01817 0.00956 -0.02224
v -0.01810 0.00908 -0.08314
v -0.01799 0.00844 -0.09786
v -0.01799 -0.03235 -0.08374
v -0.01786 0.00577 -0.10803
v -0.01770 0.00914 -0.05768
v -0.01760 0.00897 -0.07369
v -0.01745 0.00838 -0.03166
v -0.01736 -0.03217 -0.10496
v -0.01729 -0.03187 -0.07878
v -0.01725 0.00657 -0.00262
v -0.01722 -0.03474 -0.01964
v -0.01718 0.00732 -0.00560
v -0.01706 0.00942 -0.01811
v -0.01700 -0.03470 -0.04249
v -0.01700 0.00858 -0.06070
v -0.01685 -0.03472 -0.09784
v -0.01676 0.00739 -0.03557
v -0.01662 0.00329 -0.10750
v -0.01658 -0.03175 -0.10505
v -0.01653 -0.03293 -0.06820
v -0.01652 -0.02969 -0.10462
v -0.01644 0.00750 -0.10100
v -0.01644 0.00873 -0.08561
v -0.01641 0.00560 -0.10854
v -0.01628 -0.03134 -0.00870
v -0.01600 -0.03335 -0.00966
v -0.01598 -0.03413 -0.09073
v -0.01580 -0.03424 -0.02281
v -0.01571 -0.03446 -0.03442
v -0.01568 -0.03154 -0.10502
v -0.01567 0.00544 -0.10852
v -0.01559 0.00664 -0.00226
v -0.01555 -0.03419 -0.01342
v -0.01555 0.00843 -0.01071
v -0.01551 0.00186 -0.10669
v -0.01546 -0.03274 -0.05115
v -0.01540 0.00870 -0.05182
v -0.01527 -0.03146 -0.10471
v -0.01524 -0.03308 -0.00909
v -0.01524 0.00664 -0.03950
v -0.01512 -0.02761 -0.10444
v -0.01512 -0.01985 -0.10343
v -0.01503 0.00348 -0.00368
v -0.01501 -0.03351 -0.10086
v -0.01498 0.00875 -0.01293
v -0.01483 0.00542 -0.10827
v -0.01472 0.00555 -0.10776
v -0.01466 0.00674 -0.04204
v -0.01464 0.00912 -0.02131
v -0.01462 -0.03295 -0.06154
v -0.01459 -0.03100 -0.10405
v -0.01458 -0.03307 -0.06905
v -0.01455 -0.03184 -0.10363
v -0.01451 -0.03413 -0.09515
v -0.01431 -0.03009 -0.00811
v -0.01415 0.00816 -0.04941
v -0.01406 0.00855 -0.02634
v -0.01402 -0.03275 -0.00809
v -0.01397 0.00640 -0.00262
v -0.01385 -0.03380 -0.02814
v -0.01362 -0.03267 -0.05613
v -0.01350 -0.00081 -0.00461
v -0.01341 0.00672 -0.03986
v -0.01341 -0.03349 -0.04686
v -0.01340 -0.03263 -0.00757
v -0.01339 0.00898 -0.01854
v -0.01338 -0.03378 -0.09068
v -0.01302 0.00352 -0.10650
v -0.01294 0.00526 -0.10671
v -0.01285 -0.03193 -0.07992
v -0.01284 -0.03163 -0.10294
v -0.01265 0.00744 -0.00831
v -0.01255 0.00627 -0.00309
v -0.01221 0.00546 -0.10628
v -0.01208 0.00774 -0.03436
v -0.01205 -0.03341 -0.01474
v -0.01195 0.00794 -0.01083
v -0.01192 -0.03395 -0.03731
v -0.01174 -0.03124 -0.00770
v -0.01168 0.00716 -0.05763
v -0.01164 -0.03363 -0.04443
v -0.01164 -0.01993 -0.00675
v -0.01157 0.00514 -0.10635
v -0.01156 -0.01291 -0.00706
v -0.01131 -0.00906 -0.00618
v -0.01119 0.00483 -0.00365
v -0.01096 0.00819 -0.02911
v -0.01090 0.00620 -0.00353
v -0.01077 0.00346 -0.00396
v -0.01077 -0.03283 -0.05193
v -0.01076 -0.03157 -0.07804
v -0.01064 0.00833 -0.01623
v -0.01064 -0.03081 -0.00735
v -0.01043 0.00474 -0.10660
v -0.01036 -0.03215 -0.10103
v -0.01033 -0.03182 -0.00862
v -0.01025 0.00694 -0.04594
v -0.01016 0.00791 -0.08622
v -0.01010 0.00813 -0.02333
v -0.01007 -0.03215 -0.06777
v -0.01006 0.00595 -0.10211
v -0.00998 0.00610 -0.00444
v -0.00976 0.00777 -0.08960
v -0.00975 -0.03104 -0.00714
v -0.00965 0.00354 -0.10579
v -0.00964 0.00449 -0.10646
v -0.00946 -0.02969 -0.10385
v -0.00942 0.00610 -0.00489
v -0.00936 -0.02880 -0.00662
v -0.00926 -0.03351 -0.09292
v -0.00915 0.00447 -0.00435
v -0.00915 0.00826 -0.03434
v -0.00912 -0.03053 -0.00615
v -0.00904 -0.03250 -0.06154
v -0.00899 0.00436 -0.10622
v -0.00890 -0.03256 -0.04897
v -0.00877 0.00676 -0.03977
v -0.00877 0.00779 -0.08193
v -0.00865 -0.00019 -0.10435
v -0.00850 0.00719 -0.01119
v -0.00839 -0.01034 -0.10213
v -0.00837 0.00681 -0.04939
v -0.00823 0.00592 -0.00570
v -0.00819 0.00737 -0.07454
v -0.00811 0.00683 -0.06664
v -0.00811 0.00800 -0.02686
v -0.00807 -0.03236 -0.06094
v -0.00773 -0.01882 -0.00562
v -0.00769 0.00690 -0.09441
v -0.00757 -0.03257 -0.05337
v -0.00747 0.00581 -0.00610
v -0.00747 -0.03200 -0.08630
v -0.00739 0.00417 -0.10480
v -0.00732 0.00775 -0.03521
v -0.00727 -0.02727 -0.10425
v -0.00724 -0.02559 -0.00551
v -0.00721 -0.03216 -0.03042
v -0.00719 0.00478 -0.00495
v -0.00719 -0.02849 -0.00632
v -0.00719 -0.01312 -0.00645
v -0.00719 0.00761 -0.07953
v -0.00691 0.00328 -0.00417
v -0.00681 0.00422 -0.10417
v -0.00673 0.00775 -0.01711
v -0.00661 0.00643 -0.04630
v -0.00658 -0.02948 -0.10483
v -0.00640 0.00739 -0.08690
v -0.00640 0.00535 -0.00520
v -0.00639 -0.03169 -0.04198
v -0.00637 -0.02905 -0.10487
v -0.00634 -0.03139 -0.02155
v -0.00626 0.00801 -0.03317
v -0.00625 -0.02753 -0.00573
v -0.00612 -0.02927 -0.10486
v -0.00603 0.00713 -0.07496
v -0.00602 -0.03087 -0.10315
v -0.00598 -0.02923 -0.10514
v -0.00598 -0.02930 -0.10519
v -0.00596 0.00778 -0.01941
v -0.00584 0.00783 -0.03540
v -0.00582 -0.02920 -0.10493
v -0.00581 -0.00492 -0.00555
v -0.00579 0.00449 -0.00383
v -0.00570 0.00154 -0.00452
v -0.00567 0.00378 -0.10322
v -0.00567 0.00498 -0.00396
v -0.00567 0.00694 -0.08987
v -0.00565 0.00376 -0.10337
v -0.00565 0.00601 -0.04881
v -0.00560 0.00380 -0.10324
v -0.00559 -0.00551 -0.10257
v -0.00558 0.00425 -0.10254
v -0.00556 -0.03140 -0.04054
v -0.00534 -0.02723 -0.00502
v -0.00534 -0.03142 -0.04677
v -0.00533 0.00482 -0.00369
v -0.00531 0.00476 -0.00379
v -0.00530 0.00610 -0.06400
v -0.00530 0.00351 -0.10305
v -0.00528 -0.02913 -0.10468
v -0.00514 -0.02769 -0.10427
v -0.00494 -0.02863 -0.00709
v -0.00487 0.00544 -0.00793
v -0.00485 -0.03301 -0.09440
v -0.00481 0.00539 -0.09750
v -0.00480 -0.00297 -0.00531
v -0.00475 0.00761 -0.02474
v -0.00473 0.00763 -0.03092
v -0.00463 0.00390 -0.00342
v -0.00462 0.00742 -0.08018
v -0.00458 0.00671 -0.03968
v -0.00453 0.00475 -0.00424
v -0.00451 0.00439 -0.00285
v -0.00446 -0.02777 -0.00516
v -0.00441 0.00712 -0.01911
v -0.00441 0.00777 -0.03275
v -0.00428 0.00335 -0.00418
v -0.00425 -0.02887 -0.10417
v -0.00422 0.00617 -0.09393
v -0.00413 0.00671 -0.01469
v -0.00412 0.00536 -0.06012
v -0.00408 -0.02716 -0.00389
v -0.00401 0.00421 -0.00333
v -0.00400 0.00407 -0.00381
v -0.00389 0.00398 -0.00367
v -0.00387 0.00704 -0.03585
v -0.00380 0.00138 -0.10248
v -0.00371 -0.02992 -0.01598
v -0.00363 0.00309 -0.10222
v -0.00359 -0.02697 -0.00424
v -0.00355 -0.02671 -0.00403
v -0.00354 0.00394 -0.00396
v -0.00351 -0.02676 -0.00397
v -0.00351 -0.02994 -0.01819
v -0.00344 -0.01908 -0.00481
v -0.00326 0.00560 -0.04466
v -0.00317 0.00474 -0.05153
v -0.00315 0.00666 -0.07795
v -0.00315 -0.02635 -0.00392
v -0.00301 0.00634 -0.08503
v -0.00301 -0.00115 -0.10215
v -0.00300 0.00748 -0.03325
v -0.00293 -0.00938 -0.00564
v -0.00293 0.00709 -0.01729
v -0.00283 -0.02651 -0.00431
v -0.00282 0.00666 -0.03601
v -0.00280 -0.02800 -0.10389
v -0.00265 0.00683 -0.02365
v -0.00261 0.00529 -0.06192
v -0.00258 0.00542 -0.06509
v -0.00253 0.00347 -0.00443
v -0.00251 0.00590 -0.07160
v -0.00247 0.00191 -0.00494
v -0.00245 -0.02595 -0.00417
v -0.00244 0.00620 -0.01851
v -0.00242 -0.02598 -0.00413
v -0.00241 -0.03021 -0.08424
v -0.00238 -0.01115 -0.10118
v -0.00234 -0.03203 -0.09363
v -0.00229 -0.03033 -0.09944
v -0.00225 -0.02932 -0.06990
v -0.00225 -0.02575 -0.00401
v -0.00206 -0.02793 -0.01036
v -0.00203 -0.02712 -0.10405
v -0.00193 -0.03001 -0.03343
v -0.00183 0.00025 -0.00564
v -0.00180 0.00271 -0.10143
v -0.00179 -0.02565 -0.00428
v -0.00161 -0.02532 -0.00425
v -0.00159 -0.02534 -0.00421
v -0.00159 0.00474 -0.01145
v -0.00156 -0.02559 -0.00491
v -0.00153 0.00589 -0.01559
v -0.00151 -0.02526 -0.00417
v -0.00143 -0.02905 -0.05964
v -0.00142 -0.02690 -0.10387
v -0.00142 -0.01924 -0.10273
v -0.00134 -0.01350 -0.00568
v -0.00133 -0.02940 -0.02638
v -0.00132 0.00577 -0.01751
v -0.00129 0.00450 -0.06010
v -0.00126 0.00278 -0.00578
v -0.00117 -0.00342 -0.00568
v -0.00108 0.00436 -0.04519
v -0.00091 -0.02948 -0.08161
v -0.00081 0.00348 -0.05380
v -0.00081 -0.03069 -0.09619
v -0.00077 0.00166 -0.00603
v -0.00076 -0.02876 -0.03684
v -0.00075 -0.02816 -0.06570
v -0.00072 0.00540 -0.01820
v -0.00065 0.00478 -0.07652
v -0.00065 0.00585 -0.03067
v -0.00061 -0.02333 -0.10301
v -0.00059 -0.02400 -0.00428
v -0.00048 -0.02605 -0.10393
v -0.00043 0.00482 -0.08459
v -0.00043 -0.02907 -0.07508
v -0.00041 0.00135 -0.10218
v -0.00032 -0.02845 -0.02212
v -0.00028 -0.02157 -0.00415
v -0.00016 0.00044 -0.00607
v -0.00011 -0.02844 -0.04963
v -0.00011 -0.02434 -0.00439
v -0.00011 0.00103 -0.10205
v -0.00009 -0.02896 -0.07848
v -0.00008 0.00215 -0.00692
v 0.00002 -0.01485 -0.00525
v 0.00005 -0.00492 -0.10166
v 0.00005 0.00447 -0.08779
v 0.00017 0.00308 -0.04833
v 0.00022 -0.00007 -0.00595
v 0.00037 0.00396 -0.01335
v 0.00050 0.00097 -0.10155
v 0.00055 -0.02739 -0.01838
v 0.00057 -0.00216 -0.00555
v 0.00058 -0.02318 -0.00427
v 0.00062 -0.00387 -0.00569
v 0.00073 -0.02572 -0.01242
v 0.00073 0.00088 -0.00643
v 0.00078 -0.02864 -0.09764
v 0.00081 -0.02826 -0.02742
v 0.00089 -0.00147 -0.00534
v 0.00096 0.00354 -0.04170
v 0.00103 0.00289 -0.06239
v 0.00117 -0.02785 -0.03097
v 0.00131 -0.00080 -0.10179
v 0.00133 -0.02445 -0.01002
v 0.00140 -0.02863 -0.08897
v 0.00148 0.00238 -0.05643
v 0.00153 -0.01140 -0.10050
v 0.00159 -0.00090 -0.00460
v 0.00164 -0.02679 -0.02094
v 0.00176 -0.00259 -0.10209
v 0.00176 0.00254 -0.07035
v 0.00178 -0.01158 -0.00599
v 0.00179 -0.00226 -0.00533
v 0.00186 -0.02114 -0.00355
v 0.00193 -0.00149 -0.00463
v 0.00196 -0.02424 -0.10277
v 0.00197 -0.02395 -0.10260
v 0.00199 -0.02806 -0.08298
v 0.00201 -0.02639 -0.04252
v 0.00204 -0.02054 -0.00362
v 0.00207 -0.02094 -0.00340
v 0.00213 0.00247 -0.06599
v 0.00216 -0.02068 -0.00343
v 0.00233 -0.02033 -0.00340
v 0.00242 -0.02033 -0.00392
v 0.00266 -0.00058 -0.10128
v 0.00271 -0.02525 -0.09953
v 0.00273 -0.00237 -0.00547
v 0.00277 -0.01180 -0.10042
v 0.00281 -0.01088 -0.00600
v 0.00291 -0.01892 -0.00380
v 0.00292 -0.00013 -0.01042
v 0.00294 -0.02640 -0.02553
v 0.00300 -0.01955 -0.00383
v 0.00300 -0.01912 -0.00384
v 0.00305 -0.01918 -0.00377
v 0.00306 -0.02616 -0.05408
v 0.00308 -0.00287 -0.10238
v 0.00312 -0.01511 -0.00519
v 0.00314 -0.02274 -0.10252
v 0.00315 -0.02725 -0.09208
v 0.00316 -0.02253 -0.10266
v 0.00318 -0.01893 -0.00380
v 0.00323 -0.00371 -0.00572
v 0.00325 -0.02593 -0.04697
v 0.00326 -0.02668 -0.07626
v 0.00326 -0.02630 -0.02846
v 0.00338 -0.01874 -0.00413
v 0.00344 -0.01018 -0.00621
v 0.00345 -0.02550 -0.06550
v 0.00345 -0.02151 -0.10294
v 0.00345 -0.01696 -0.00499
v 0.00347 -0.02427 -0.01840
v 0.00347 -0.02151 -0.01239
v 0.00352 -0.00488 -0.00590
v 0.00360 -0.01589 -0.00540
v 0.00360 -0.01268 -0.00482
v 0.00379 -0.02639 -0.08015
v 0.00387 -0.00580 -0.00601
v 0.00393 -0.02207 -0.01492
v 0.00394 -0.00354 -0.00703
v 0.00396 -0.00790 -0.10093
v 0.00398 -0.02136 -0.10295
v 0.00406 -0.01400 -0.00494
v 0.00407 -0.00218 -0.10271
v 0.00415 -0.00706 -0.00612
v 0.00424 -0.02515 -0.05052
v 0.00427 -0.01940 -0.10231
v 0.00438 -0.00037 -0.04736
v 0.00439 -0.01505 -0.00554
v 0.00443 0.00140 -0.09431
v 0.00444 -0.00796 -0.00624
v 0.00453 -0.00102 -0.05286
v 0.00455 -0.01847 -0.00848
v 0.00456 -0.01251 -0.00392
v 0.00459 -0.01022 -0.00617
v 0.00459 0.00002 -0.07602
v 0.00459 -0.01664 -0.00667
v 0.00479 -0.02317 -0.02046
v 0.00479 -0.01979 -0.10242
v 0.00482 -0.00904 -0.00639
v 0.00487 -0.01151 -0.00518
v 0.00488 -0.01966 -0.10207
v 0.00488 -0.01968 -0.10230
v 0.00493 -0.00620 -0.10116
v 0.00494 -0.00361 -0.01082
v 0.00495 -0.02457 -0.07083
v 0.00499 0.00029 -0.02980
v 0.00505 -0.02445 -0.05955
v 0.00515 -0.02358 -0.09587
v 0.00515 -0.02441 -0.07449
v 0.00517 -0.01965 -0.10164
v 0.00519 -0.01821 -0.01144
v 0.00520 -0.01013 -0.00664
v 0.00528 -0.00168 -0.06174
v 0.00533 -0.01918 -0.10173
v 0.00534 -0.01747 -0.10139
v 0.00551 -0.02419 -0.05455
v 0.00553 -0.02317 -0.05001
v 0.00560 -0.00765 -0.00916
v 0.00560 -0.02376 -0.05922
v 0.00564 -0.02379 -0.06283
v 0.00567 -0.02377 -0.02622
v 0.00568 -0.00825 -0.10144
v 0.00569 -0.02263 -0.02244
v 0.00569 -0.02060 -0.01750
v 0.00573 -0.02319 -0.04511
v 0.00575 -0.00240 -0.04930
v 0.00575 -0.00378 -0.10099
v 0.00586 -0.02361 -0.03361
v 0.00587 -0.01196 -0.09983
v 0.00592 -0.02299 -0.04439
v 0.00594 -0.00127 -0.04110
v 0.00596 -0.02327 -0.02918
v 0.00598 -0.00045 -0.08291
v 0.00611 -0.00691 -0.10138
v 0.00615 -0.02402 -0.08467
v 0.00617 -0.01811 -0.10106
v 0.00621 -0.02359 -0.08699
v 0.00631 -0.01303 -0.01146
v 0.00635 -0.00347 -0.01805
v 0.00637 -0.02270 -0.06700
v 0.00638 -0.02363 -0.08177
v 0.00640 -0.00104 -0.03404
v 0.00652 -0.01624 -0.10142
v 0.00653 -0.00471 -0.10036
v 0.00665 -0.00994 -0.10079
v 0.00665 -0.01546 -0.10126
v 0.00665 -0.01877 -0.01809
v 0.00670 -0.01298 -0.01248
v 0.00679 -0.00104 -0.09631
v 0.00682 -0.01625 -0.01481
v 0.00696 -0.01914 -0.09725
v 0.00696 -0.00829 -0.10224
v 0.00696 -0.00453 -0.09995
v 0.00696 -0.00538 -0.05248
v 0.00703 0.00008 -0.09007
v 0.00705 -0.02268 -0.03419
v 0.00706 -0.02221 -0.08993
v 0.00710 -0.00570 -0.05880
v 0.00713 -0.01047 -0.10046
v 0.00717 -0.02107 -0.04881
v 0.00719 -0.02208 -0.03783
v 0.00720 -0.00340 -0.04338
v 0.00736 -0.02145 -0.04188
v 0.00736 -0.00576 -0.02055
v 0.00741 -0.00216 -0.02813
v 0.00746 -0.01920 -0.02630
v 0.00746 -0.02085 -0.06452
v 0.00748 -0.00982 -0.10089
v 0.00751 -0.02173 -0.07505
v 0.00755 -0.02121 -0.06202
v 0.00755 -0.01015 -0.02101
v 0.00759 -0.00570 -0.06136
v 0.00764 -0.02099 -0.03218
v 0.00764 -0.00497 -0.04627
v 0.00766 -0.02142 -0.07838
v 0.00767 -0.00264 -0.08146
v 0.00773 -0.00390 -0.07263
v 0.00773 -0.01648 -0.09803
v 0.00787 -0.01218 -0.09940
v 0.00791 -0.01246 -0.02326
v 0.00793 -0.02071 -0.08744
v 0.00799 -0.01929 -0.06941
v 0.00815 -0.01947 -0.05566
v 0.00819 -0.01135 -0.09913
v 0.00819 -0.01984 -0.08393
v 0.00821 -0.01913 -0.05806
v 0.00825 -0.00577 -0.06768
v 0.00825 -0.01734 -0.02896
v 0.00827 -0.00827 -0.04885
v 0.00832 -0.00524 -0.02542
v 0.00835 -0.01118 -0.05321
v 0.00840 -0.02057 -0.03873
v 0.00842 -0.00363 -0.03043
v 0.00846 -0.01237 -0.05818
v 0.00847 -0.01939 -0.06790
v 0.00847 -0.01047 -0.06083
v 0.00856 -0.01587 -0.04753
v 0.00856 -0.02022 -0.08243
v 0.00858 -0.00884 -0.06313
v 0.00861 -0.01492 -0.09516
v 0.00861 -0.00524 -0.07106
v 0.00862 -0.00183 -0.09516
v 0.00863 -0.01908 -0.07240
v 0.00867 -0.01875 -0.04288
v 0.00876 -0.01564 -0.06174
v 0.00877 -0.00159 -0.09229
v 0.00878 -0.01873 -0.04239
v 0.00879 -0.00076 -0.09057
v 0.00884 -0.01202 -0.04789
v 0.00888 -0.00779 -0.04419
v 0.00896 -0.01850 -0.03407
v 0.00897 -0.00703 -0.03928
v 0.00900 -0.01149 -0.04390
v 0.00907 -0.01398 -0.09099
v 0.00911 -0.01675 -0.06860
v 0.00911 -0.01707 -0.06570
v 0.00913 -0.01790 -0.08292
v 0.00915 -0.01420 -0.06390
v 0.00928 -0.00807 -0.07307
v 0.00928 -0.01722 -0.07947
v 0.00932 -0.00603 -0.02859
v 0.00935 -0.00255 -0.08684
v 0.00949 -0.01367 -0.04072
v 0.00952 -0.01917 -0.03939
v 0.00954 -0.01218 -0.07502
v 0.00961 -0.00779 -0.07578
v 0.00971 -0.00621 -0.08167
v 0.00973 -0.00341 -0.08727
v 0.00974 -0.01698 -0.03732
v 0.00982 -0.00280 -0.09376
v 0.00986 -0.01007 -0.03145
v 0.00986 -0.00584 -0.09530
v 0.01000 -0.01320 -0.08106
v 0.01004 -0.00990 -0.09237
v 0.01026 -0.00151 -0.09129
v 0.01028 -0.00615 -0.08377
v 0.01029 -0.00865 -0.09289
v 0.01086 -0.00739 -0.08836
v 0.01093 -0.00652 -0.09352
v 0.01111 -0.00253 -0.09016
v 0.01114 -0.00476 -0.09207
vn -0.3644 -0.6768 -0.6396
vn -0.7871 0.5811 0.2068
vn -0.4491 0.3263 -0.8318
vn -0.9652 0.0455 0.2576
vn -0.8131 -0.2617 -0.5200
vn 0.0047 -0.4449 -0.8955
vn 0.3817 -0.3720 -0.8461
vn -0.8240 -0.5601 -0.0853
vn -0.8689 0.4913 0.0597
vn -0.9994 0.0255 0.0223
vn -0.9856 -0.0966 -0.1387
vn -0.8673 0.4945 0.0577
vn 0.1853 -0.1308 -0.9739
vn 0.0828 0.2359 -0.9682
vn -0.9112 0.2544 0.3239
vn -0.1608 0.2395 -0.9575
vn -0.9355 -0.3466 -0.0688
vn -0.9227 -0.1687 0.3467
vn -0.9268 -0.2132 -0.3091
vn -0.9804 0.0661 0.1856
vn -0.9476 -0.1291 -0.2923
vn -0.9694 0.0820 -0.2316
vn -0.2291 0.0476 -0.9722
vn -0.9378 -0.1540 0.3113
vn -0.9906 0.1019 0.0910
vn -0.8943 -0.3814 0.2341
vn -0.9915 -0.0545 0.1184
vn -0.8419 0.5087 -0.1803
vn -0.9714 -0.2077 0.1152
vn -0.9626 0.0768 -0.2600
vn -0.9244 0.3384 0.1757
vn -0.8486 0.5277 0.0383
vn -0.7897 0.5876 0.1765
vn -0.9935 -0.0478 0.1032
vn -0.9115 -0.3950 -0.1144
vn -0.6621 0.7467 0.0634
vn -0.8298 -0.1311 0.5424
vn -0.9882 -0.0859 0.1270
vn -0.8436 0.3553 -0.4027
vn -0.9597 0.1942 0.2030
vn -0.8652 -0.2864 0.4117
vn -0.9521 -0.2950 0.0809
vn -0.8845 -0.1706 -0.4342
vn -0.9860 0.0361 0.1629
vn -0.9451 -0.3151 0.0860
vn -0.9263 0.3222 0.1954
vn -0.8961 -0.2865 -0.3389
vn -0.8726 -0.4881 0.0163
vn -0.9131 -0.2595 -0.3145
vn -0.9190 0.3132 0.2396
vn -0.9803 -0.1976 0.0039
vn -0.7743 0.6280 -0.0776
vn -0.9675 -0.0648 -0.2443
vn -0.9979 0.0642 0.0057
vn -0.5518 -0.3774 -0.7437
vn -0.8918 -0.3234 -0.3164
vn -0.9055 0.3555 0.2318
vn -0.9768 0.1919 -0.0952
vn -0.9958 0.0659 0.0633
vn -0.4313 -0.4335 0.7912
vn -0.8073 0.0168 -0.5899
vn -0.9775 -0.1996 0.0678
vn -0.9887 0.0622 0.1362
vn -0.9794 0.2018 -0.0001
vn -0.9825 -0.1736 -0.0681
vn -0.9501 0.2951 0.1014
vn -0.9789 -0.2027 -0.0269
vn -0.9979 0.0645 0.0104
vn -0.2091 -0.4134 0.8862
vn -0.9778 -0.2010 0.0595
vn -0.4257 -0.1611 0.8904
vn -0.9803 -0.1973 -0.0054
vn -0.9744 -0.2216 -0.0376
vn -0.9884 -0.1408 0.0570
vn -0.9796 0.1962 -0.0431
vn -0.9939 0.0263 -0.1070
vn -0.9957 0.0750 0.0553
vn -0.6033 -0.1679 0.7797
vn -0.9721 -0.1928 -0.1334
vn -0.9555 -0.2218 0.1946
vn -0.9343 -0.2248 0.2768
vn -0.3712 -0.4584 0.8075
vn -0.9841 -0.1728 0.0407
vn -0.7620 0.6189 -0.1907
vn -0.3491 -0.3478 -0.8702
vn -0.4355 -0.4777 0.7630
vn -0.9758 -0.2076 -0.0691
vn -0.8160 -0.1886 -0.5464
vn 0.0078 -0.1223 -0.9925
vn -0.9874 0.1263 0.0958
vn -0.9977 -0.0436 0.0516
vn -0.8287 0.5581 0.0419
vn -0.9819 -0.1884 0.0217
vn -0.9232 -0.3704 -0.1023
vn -0.7901 -0.4676 0.3964
vn -0.9654 0.2602 0.0189
vn -0.9485 0.3148 -0.0351
vn -0.9592 -0.2439 -0.1428
vn -0.9299 0.3324 -0.1575
vn -0.8057 -0.0304 0.5915
vn -0.8599 0.4372 0.2633
vn -0.9300 -0.2548 -0.2648
vn -0.9662 -0.2545 0.0415
vn -0.9797 -0.1998 0.0137
vn -0.9109 0.4096 0.0499
vn -0.9872 -0.1254 -0.0982
vn -0.7987 -0.5933 -0.1007
vn -0.9226 -0.3322 -0.1963
vn -0.2430 -0.4443 -0.8623
vn -0.9454 -0.2859 0.1567
vn -0.8526 0.5140 0.0947
vn -0.9958 -0.0589 0.0698
vn -0.7138 0.6873 -0.1346
vn -0.8214 0.5689 0.0404
vn -0.9465 -0.3203 -0.0394
vn -0.9601 -0.2756 -0.0472
vn -0.8810 0.4447 0.1616
vn -0.9404 -0.3360 0.0526
vn -0.9222 0.3828 0.0551
vn -0.9711 -0.1445 0.1899
vn -0.9413 -0.3375 0.0077
vn -0.9736 -0.2210 0.0574
vn -0.7392 0.6723 -0.0401
vn -0.2108 -0.2827 0.9357
vn -0.8539 0.4622 0.2391
vn -0.9154 -0.3301 0.2302
vn -0.9765 -0.2093 0.0511
vn -0.1837 -0.3257 0.9275
vn -0.7606 -0.6317 -0.1498
vn 0.0454 -0.3434 0.9381
vn -0.8819 0.4695 0.0416
vn -0.9947 0.0945 0.0399
vn -0.8806 0.1768 -0.4397
vn -0.8321 -0.5385 -0.1328
vn -0.8280 0.5575 0.0607
vn -0.6999 0.7142 -0.0082
vn -0.0706 -0.1499 -0.9862
vn -0.9689 -0.2326 -0.0845
vn -0.8443 0.5317 -0.0668
vn -0.9569 -0.2697 0.1080
vn -0.8931 -0.3817 -0.2379
vn -0.9729 -0.2230 0.0609
vn -0.6320 0.7741 -0.0366
vn -0.8249 0.5364 0.1784
vn -0.9490 0.0004 0.3153
vn -0.9699 -0.2433 -0.0023
vn 0.1166 -0.1224 -0.9856
vn -0.0488 -0.1908 -0.9804
vn -0.7516 0.6493 -0.1161
vn -0.5858 -0.3220 0.7437
vn -0.8232 0.5615 0.0839
vn -0.0284 -0.0151 -0.9995
vn -0.4938 -0.4584 -0.7390
vn -0.5599 0.8186 -0.1281
vn -0.5181 0.5695 0.6382
vn -0.9765 -0.2143 -0.0205
vn 0.0606 -0.5421 0.8381
vn -0.8872 -0.2950 -0.3546
vn -0.3198 0.3583 -0.8771
vn -0.5751 -0.0906 0.8131
vn -0.9740 -0.0010 0.2266
vn -0.6099 0.7911 -0.0464
vn -0.9223 -0.2556 0.2897
vn -0.7202 -0.5922 -0.3614
vn -0.7277 -0.4448 0.5221
vn -0.9894 -0.1431 0.0247
vn -0.9970 -0.0730 -0.0256
vn -0.9379 -0.2554 -0.2347
vn -0.9399 -0.3410 0.0181
vn -0.9325 -0.0251 -0.3602
vn -0.8129 -0.5091 0.2827
vn -0.9567 -0.2904 -0.0213
vn -0.8352 0.5479 0.0477
vn -0.7745 -0.1044 -0.6240
vn -0.8252 0.4684 0.3156
vn -0.7787 0.6238 -0.0669
vn -0.9281 0.0277 -0.3713
vn -0.7321 0.4664 0.4965
vn -0.6373 0.7477 -0.1864
vn -0.4944 -0.1981 0.8463
vn -0.9870 -0.1333 0.0895
vn -0.9890 -0.0925 0.1157
vn -0.3076 0.8639 -0.3987
vn -0.6216 -0.7540 -0.2125
vn -0.9885 -0.1484 -0.0303
vn -0.9502 -0.3117 0.0065
vn -0.9223 -0.3744 -0.0963
vn -0.6834 0.7296 0.0247
vn -0.8654 -0.4539 -0.2123
vn -0.3553 -0.3920 0.8486
vn -0.9134 -0.3520 -0.2045
vn -0.6180 -0.3621 -0.6978
vn -0.9561 -0.2907 0.0373
vn -0.9602 -0.2791 -0.0088
vn -0.6972 0.7020 0.1453
vn -0.7510 -0.2680 -0.6035
vn -0.7486 0.5322 0.3954
vn -0.1199 -0.2805 0.9523
vn 0.0783 0.0068 -0.9969
vn -0.9523 -0.3040 0.0276
vn 0.1852 -0.2091 0.9602
vn 0.0501 -0.1194 -0.9916
vn -0.5761 0.7729 -0.2659
vn -0.6130 0.7898 -0.0210
vn -0.7576 -0.0978 -0.6453
vn -0.9394 -0.3407 -0.0382
vn -0.9411 -0.2800 -0.1896
vn -0.9495 -0.2786 -0.1446
vn -0.9193 -0.3936 -0.0025
vn -0.6859 -0.7110 -0.1550
vn -0.9493 -0.3102 0.0502
vn -0.9626 -0.2666 0.0474
vn -0.4211 0.8190 -0.3898
vn -0.2120 0.1197 -0.9699
vn -0.6205 0.7842 -0.0046
vn -0.5638 0.7950 -0.2238
vn -0.3736 -0.0301 0.9271
vn -0.9289 -0.3578 0.0954
vn -0.7857 0.5444 0.2937
vn 0.0028 -0.0708 -0.9975
vn -0.6687 -0.1262 -0.7327
vn -0.9421 -0.3327 0.0421
vn -0.7393 0.6712 0.0537
vn -0.6183 0.1491 0.7716
vn -0.0848 -0.0547 -0.9949
vn -0.8374 -0.5128 0.1892
vn -0.6050 0.7698 -0.2034
vn -0.8592 -0.4404 -0.2605
vn -0.1906 -0.1035 0.9762
vn -0.5796 0.0456 -0.8136
vn -0.5404 0.0017 -0.8414
vn -0.8020 -0.5786 -0.1485
vn -0.6687 -0.7390 -0.0825
vn -0.6754 0.7343 0.0680
vn -0.6210 -0.7334 0.2766
vn -0.6460 0.6062 0.4638
vn -0.9104 -0.3625 -0.1992
vn -0.8869 -0.4607 0.0340
vn -0.6372 0.5928 0.4925
vn -0.5375 0.8423 -0.0392
vn -0.5025 -0.2057 0.8397
vn -0.4961 0.5543 0.6683
vn -0.9019 -0.4320 0.0020
vn -0.3545 -0.2949 0.8874
vn -0.3166 0.0685 -0.9461
vn 0.0861 0.0017 -0.9963
vn -0.1073 -0.2800 0.9540
vn -0.2033 -0.3040 0.9307
vn -0.8306 -0.5558 0.0338
vn -0.8790 -0.4682 -0.0906
vn -0.9209 -0.3880 -0.0363
vn -0.5322 0.8051 -0.2617
vn -0.4101 -0.0628 -0.9099
vn -0.5261 0.8313 0.1794
vn -0.6459 0.7580 -0.0909
vn 0.0528 0.0013 -0.9986
vn -0.6192 0.7814 -0.0779
vn -0.8183 -0.5731 -0.0441
vn -0.5155 -0.3645 0.7755
vn -0.9074 -0.4009 -0.1259
vn -0.8898 -0.4492 -0.0800
vn 0.3658 0.3267 -0.8715
vn -0.4943 -0.5645 -0.6611
vn -0.6795 -0.6440 -0.3514
vn -0.7173 -0.6826 0.1400
vn -0.2257 0.6799 0.6977
vn -0.8443 -0.5348 0.0343
vn -0.7887 -0.6146 0.0180
vn -0.5938 0.8029 -0.0523
vn -0.2490 0.7832 0.5697
vn -0.5443 0.8148 0.1996
vn -0.9031 -0.4291 0.0142
vn -0.6033 -0.7673 0.2172
vn -0.8470 -0.5280 0.0615
vn 0.1303 0.0076 -0.9914
vn -0.4718 0.8817 0.0078
vn -0.1796 -0.1594 0.9707
vn -0.6024 0.7911 0.1058
vn -0.7597 -0.6445 0.0864
vn -0.4570 0.8865 -0.0722
vn -0.6549 -0.7280 0.2027
vn -0.7735 -0.6337 0.0149
vn -0.4313 0.2327 -0.8717
vn -0.5013 0.8651 -0.0186
vn -0.6439 -0.4698 -0.6039
vn -0.2072 0.6851 0.6984
vn -0.6565 -0.7444 0.1222
vn -0.7747 -0.6169 -0.1392
vn -0.4355 0.8572 -0.2750
vn -0.4492 0.8923 -0.0453
vn -0.8356 -0.5488 0.0258
vn -0.6547 -0.7445 0.1306
vn -0.6118 -0.7879 -0.0702
vn -0.7406 -0.6716 -0.0190
vn -0.6915 -0.7187 -0.0726
vn -0.1484 -0.1975 -0.9690
vn -0.8047 -0.5894 -0.0713
vn -0.5187 -0.5621 0.6442
vn -0.0714 0.3336 0.9400
vn -0.5293 -0.8343 0.1545
vn -0.7250 -0.6868 -0.0524
vn -0.0097 0.9449 0.3272
vn -0.0843 0.8967 -0.4346
vn -0.0313 -0.2391 -0.9705
vn -0.4074 0.8100 -0.4218
vn -0.5318 0.8468 -0.0130
vn -0.6189 -0.7816 0.0780
vn -0.5637 -0.8062 -0.1795
vn -0.7711 -0.6337 -0.0621
vn -0.2760 0.9561 0.0987
vn -0.3280 0.8874 -0.3239
vn -0.3499 -0.7303 0.5867
vn -0.3474 0.9372 -0.0319
vn -0.7103 -0.3830 -0.5906
vn -0.5667 -0.6910 -0.4487
vn -0.2946 -0.1545 0.9430
vn -0.4893 0.8596 0.1469
vn -0.4838 -0.8665 0.1226
vn -0.1618 -0.1478 -0.9757
vn -0.4385 0.8985 -0.0208
vn -0.6768 -0.7313 -0.0841
vn -0.1578 0.9797 -0.1238
vn 0.0347 0.9869 -0.1575
vn -0.2409 -0.2767 -0.9303
vn -0.1029 0.2662 0.9584
vn -0.1465 -0.1591 0.9763
vn -0.5206 -0.8530 0.0381
vn -0.0085 0.9810 -0.1938
vn -0.3533 0.9286 -0.1140
vn -0.3178 0.9477 -0.0291
vn 0.0779 0.7847 -0.6149
vn 0.0644 0.9361 0.3459
vn -0.5704 -0.8209 0.0260
vn 0.1209 0.0466 -0.9916
vn -0.4989 -0.2178 0.8389
vn -0.5144 -0.8571 0.0276
vn -0.5440 -0.8383 -0.0347
vn -0.5286 -0.8415 -0.1117
vn -0.3728 -0.9145 0.1574
vn -0.2920 0.8927 -0.3432
vn 0.0544 -0.2938 -0.9543
vn 0.0085 -0.6155 -0.7881
vn -0.5082 -0.8604 0.0382
vn -0.4063 -0.9105 -0.0769
vn -0.4528 -0.5293 0.7175
vn -0.1246 0.9862 -0.1091
vn -0.5652 -0.8217 -0.0733
vn -0.1155 0.6700 0.7333
vn -0.3124 0.9415 0.1266
vn -0.0987 0.9904 -0.0963
vn -0.4771 -0.8203 0.3153
vn -0.3231 -0.1298 0.9374
vn -0.2760 0.5579 0.7826
vn -0.2846 0.9562 0.0688
vn -0.1053 -0.1511 0.9829
vn -0.3307 -0.9283 0.1698
vn -0.3033 0.9528 0.0159
vn -0.3832 -0.2186 0.8974
vn -0.2745 0.9498 -0.1502
vn -0.0740 -0.8491 -0.5231
vn -0.1838 0.4845 -0.8553
vn -0.2007 0.9790 -0.0346
vn 0.0254 0.9632 -0.2677
vn -0.6726 -0.3895 0.6292
vn 0.0000 0.0000 0.0000
vn -0.3851 -0.9189 -0.0859
vn -0.0412 0.8497 -0.5256
vn -0.0423 0.9066 0.4198
vn -0.4096 -0.8782 0.2471
vn -0.3417 0.9344 0.1008
vn -0.3556 -0.8866 0.2959
vn 0.2310 0.9730 -0.0005
vn 0.0647 -0.5268 -0.8475
vn -0.3922 -0.9199 0.0021
vn -0.3589 0.4194 0.8339
vn -0.1048 0.8581 -0.5027
vn -0.2318 0.9725 0.0232
vn 0.2328 -0.0951 -0.9679
vn -0.3566 -0.9340 0.0228
vn -0.0764 0.9924 -0.0963
vn 0.5069 0.3266 -0.7977
vn -0.5280 -0.8321 -0.1697
vn -0.3227 -0.9442 0.0663
vn -0.5961 0.3330 0.7306
vn -0.1870 0.9144 0.3590
vn 0.0285 -0.3366 -0.9412
vn -0.2482 -0.9685 -0.0210
vn -0.1743 0.8595 -0.4804
vn -0.2488 0.9686 -0.0003
vn -0.0986 0.9889 -0.1112
vn -0.1357 -0.2537 0.9577
vn 0.1449 -0.9729 -0.1803
vn 0.0651 -0.0019 -0.9979
vn -0.3946 -0.8539 0.3392
vn -0.1314 0.9785 0.1588
vn -0.0485 0.9986 -0.0197
vn -0.0563 0.9217 -0.3837
vn -0.2379 -0.9644 0.1152
vn -0.1280 0.9550 0.2676
vn 0.0859 0.9926 0.0857
vn -0.0291 0.9982 0.0534
vn -0.3779 0.9252 0.0349
vn -0.0446 0.9972 0.0596
vn -0.0181 0.9740 -0.2257
vn -0.0480 -0.9783 0.2016
vn -0.3862 -0.9193 -0.0759
vn 0.0737 0.9948 0.0699
vn -0.3856 0.7815 0.4905
vn -0.4697 -0.8822 -0.0336
vn -0.2546 -0.9460 -0.2007
vn -0.5996 0.1576 0.7846
vn -0.1006 0.9926 -0.0682
vn 0.1190 0.6270 -0.7699
vn -0.2422 -0.9536 0.1787
vn 0.1527 -0.1126 -0.9818
vn -0.0171 0.9967 -0.0790
vn -0.6079 -0.3179 0.7276
vn -0.2872 -0.9578 -0.0099
vn -0.1211 -0.9841 -0.1301
vn 0.1454 -0.2636 -0.9536
vn -0.3419 -0.0863 0.9358
vn -0.0089 0.9887 -0.1496
vn -0.2123 0.8319 0.5127
vn 0.0395 -0.9965 -0.0741
vn 0.1857 -0.8888 -0.4190
vn -0.0064 0.9375 -0.3479
vn 0.0017 -0.9846 0.1749
vn 0.0720 0.9665 0.2465
vn 0.0334 0.9991 0.0243
vn -0.0676 0.9916 0.1102
vn -0.1063 -0.2864 0.9522
vn -0.1212 -0.9440 -0.3069
vn -0.0230 0.9989 0.0402
vn -0.2397 0.3394 -0.9096
vn 0.0361 0.9920 -0.1207
vn -0.0568 0.9947 -0.0860
vn 0.0413 -0.1872 -0.9815
vn -0.2819 -0.9570 0.0690
vn -0.1467 -0.9611 0.2338
vn -0.2401 0.9226 0.3020
vn -0.1938 -0.9810 -0.0069
vn -0.1296 -0.9611 0.2438
vn 0.1744 -0.3096 -0.9347
vn 0.0661 0.1247 -0.9900
vn -0.2880 -0.9543 0.0800
vn 0.1561 0.9872 0.0320
vn 0.1047 0.9944 -0.0160
vn 0.0843 0.9950 -0.0531
vn -0.1261 -0.2498 0.9600
vn -0.0709 0.9634 0.2583
vn -0.0313 -0.1688 0.9852
vn -0.2267 0.9626 0.1482
vn -0.0786 0.9604 0.2674
vn 0.2990 -0.1350 -0.9446
vn -0.1072 0.7592 0.6419
vn -0.2678 -0.9632 0.0228
vn -0.0503 -0.9674 -0.2481
vn 0.0566 0.9979 -0.0323
vn -0.0827 -0.9810 0.1757
vn 0.0088 0.9818 0.1896
vn -0.0458 0.9695 0.2408
vn -0.0291 0.9967 -0.0763
vn 0.1084 0.9933 -0.0404
vn 0.1804 0.9741 -0.1360
vn -0.1076 -0.9823 0.1533
vn 0.0380 0.9687 -0.2452
vn 0.1965 0.9795 -0.0443
vn 0.1589 0.9859 0.0520
vn 0.0656 0.9872 -0.1453
vn 0.2335 -0.8090 -0.5394
vn -0.0621 -0.9981 -0.0044
vn -0.2084 -0.3248 0.9225
vn 0.2245 -0.9744 -0.0107
vn 0.0410 0.9756 0.2157
vn 0.0850 0.9960 0.0257
vn 0.0643 -0.9971 -0.0411
vn 0.1123 0.9896 -0.0895
vn 0.2052 -0.9783 -0.0279
vn 0.0377 0.9864 -0.1601
vn 0.1588 -0.3645 -0.9176
vn -0.0370 0.1467 -0.9885
vn -0.1275 -0.9918 0.0024
vn 0.1572 0.1309 -0.9789
vn 0.1430 0.9630 -0.2286
vn 0.1283 0.9917 -0.0020
vn -0.1730 -0.0414 -0.9840
vn -0.2390 -0.1903 0.9522
vn 0.1148 -0.9192 0.3768
vn 0.0361 -0.9859 0.1636
vn 0.2120 -0.9767 -0.0323
vn 0.0401 -0.9977 0.0549
vn 0.3277 -0.7176 -0.6146
vn 0.1361 -0.2227 -0.9654
vn 0.0336 0.5776 0.8156
vn 0.1333 -0.9791 0.1533
vn 0.0753 0.9686 0.2371
vn 0.2668 -0.2442 -0.9323
vn -0.0856 -0.9814 -0.1716
vn 0.2251 0.9743 0.0036
vn 0.5982 0.1879 -0.7790
vn -0.0789 -0.8958 0.4374
vn 0.0803 0.9908 -0.1093
vn 0.0668 0.0380 -0.9970
vn 0.1203 0.0607 -0.9909
vn -0.0461 -0.2806 0.9587
vn 0.2360 -0.9057 -0.3522
vn 0.1141 0.9848 0.1311
vn 0.3594 -0.3962 -0.8449
vn 0.1269 0.9461 -0.2979
vn 0.0448 0.9910 0.1259
vn 0.1735 0.9847 -0.0131
vn -0.0953 -0.9950 0.0283
vn 0.4395 -0.0358 -0.8975
vn 0.0895 -0.9924 -0.0839
vn 0.3666 -0.7604 -0.5361
vn 0.1729 -0.9825 -0.0693
vn -0.2320 -0.0802 0.9694
vn 0.1581 0.9754 0.1535
vn 0.1247 0.9891 -0.0787
vn -0.0804 -0.9260 0.3688
vn 0.2804 0.5511 0.7859
vn 0.1883 -0.9815 0.0352
vn -0.0664 -0.9976 -0.0179
vn -0.0241 -0.1997 0.9796
vn -0.0231 0.9924 -0.1206
vn 0.1295 -0.9844 -0.1189
vn -0.0952 -0.1785 0.9793
vn 0.1633 0.9864 0.0174
vn 0.0484 -0.9869 0.1540
vn 0.2555 -0.2859 -0.9236
vn 0.4002 -0.0641 -0.9142
vn 0.1488 -0.9764 0.1563
vn 0.1485 -0.6232 -0.7679
vn 0.1454 0.9657 0.2150
vn 0.2183 0.4037 0.8885
vn 0.2065 0.9483 -0.2410
vn 0.0003 0.9912 -0.1326
vn 0.3339 -0.9410 0.0543
vn 0.1916 0.9688 0.1572
vn 0.2706 -0.9626 0.0092
vn 0.0441 -0.1863 0.9815
vn 0.2583 0.9645 -0.0542
vn 0.2468 -0.9657 -0.0808
vn -0.2250 -0.0370 0.9737
vn 0.2907 0.8054 -0.5165
vn -0.1562 -0.0031 0.9877
vn -0.0852 -0.1891 0.9782
vn 0.2131 -0.1570 0.9643
vn 0.0718 0.9956 -0.0602
vn 0.1710 0.9410 0.2919
vn 0.0712 -0.1433 0.9871
vn 0.0428 -0.9974 -0.0574
vn 0.1234 -0.9901 -0.0664
vn 0.1813 0.9804 0.0771
vn -0.3102 -0.2922 0.9047
vn 0.0804 -0.2447 -0.9662
vn 0.2175 -0.9226 -0.3187
vn 0.3752 -0.9070 0.1912
vn 0.1252 0.9885 0.0849
vn 0.1644 0.9863 -0.0148
vn 0.1436 0.9894 -0.0201
vn 0.2303 -0.9728 -0.0239
vn 0.2462 0.9452 -0.2145
vn 0.4014 0.7564 0.5165
vn 0.1612 0.9852 -0.0584
vn 0.3277 -0.8930 0.3083
vn 0.2909 -0.3493 -0.8907
vn 0.2458 -0.0468 -0.9682
vn -0.0905 -0.1797 -0.9796
vn 0.3408 0.8712 0.3535
vn -0.2957 -0.0720 0.9526
vn 0.1624 -0.9865 0.0213
vn 0.2748 0.3313 0.9026
vn -0.0496 0.9961 -0.0731
vn 0.0539 -0.3725 0.9265
vn 0.0681 -0.9974 -0.0214
vn 0.3653 0.8530 -0.3729
vn 0.2076 -0.9771 0.0478
vn 0.0529 0.9912 -0.1216
vn 0.1409 0.9900 0.0021
vn 0.2745 -0.2021 -0.9401
vn 0.2620 0.9471 0.1852
vn 0.1519 -0.0645 -0.9863
vn 0.2751 0.9613 -0.0128
vn 0.2987 0.8601 0.4134
vn 0.1596 0.9860 0.0488
vn 0.1783 0.9816 0.0681
vn 0.0876 0.9962 -0.0025
vn 0.4155 -0.9078 -0.0572
vn -0.2011 0.1242 0.9717
vn 0.2104 0.9657 -0.1524
vn 0.3470 -0.9377 -0.0171
vn 0.2278 0.9467 0.2277
vn 0.2288 -0.9562 0.1826
vn 0.5207 -0.2570 -0.8141
vn 0.0630 0.9759 -0.2088
vn 0.0224 0.1239 -0.9920
vn -0.3954 -0.1861 0.8995
vn 0.3299 -0.9435 0.0306
vn -0.0588 0.5985 0.7990
vn 0.0019 -0.2310 0.9730
vn -0.1082 -0.1319 0.9853
vn 0.1393 0.9902 0.0020
vn 0.0174 -0.0674 0.9976
vn 0.3442 0.8925 -0.2915
vn 0.2074 0.9681 0.1405
vn 0.1897 0.9818 -0.0134
vn 0.0967 -0.7792 -0.6192
vn 0.2136 0.9769 0.0021
vn 0.1016 0.9513 0.2912
vn 0.3489 -0.9371 -0.0075
vn -0.1649 0.2346 -0.9580
vn 0.3443 -0.9384 0.0282
vn 0.1571 0.9829 -0.0956
vn -0.2305 -0.6111 0.7573
vn 0.4786 -0.8390 -0.2588
vn 0.2703 0.9596 0.0779
vn 0.2440 -0.9242 -0.2939
vn 0.2649 0.9638 0.0308
vn -0.1963 -0.6024 -0.7737
vn 0.1736 0.9848 -0.0022
vn 0.1530 0.9587 -0.2398
vn 0.2892 0.1638 -0.9432
vn -0.0031 -0.0821 0.9966
vn -0.2618 -0.0308 0.9646
vn 0.0638 -0.1805 0.9815
vn 0.6867 0.5756 -0.4440
vn -0.0593 0.9147 0.3997
vn 0.3008 0.9505 -0.0780
vn 0.6122 -0.1397 -0.7782
vn 0.3588 0.9300 -0.0803
vn 0.6437 0.5896 -0.4880
vn 0.2259 -0.1340 -0.9649
vn 0.3901 0.8768 -0.2810
vn 0.4564 -0.8894 -0.0269
vn -0.4971 -0.5229 0.6924
vn 0.4501 -0.8927 0.0223
vn 0.0965 0.9204 0.3788
vn -0.5378 0.0405 0.8421
vn 0.2255 0.9708 0.0815
vn 0.4313 0.0493 -0.9009
vn 0.1267 -0.6499 -0.7494
vn 0.1005 0.1553 -0.9827
vn 0.4495 -0.8287 0.3335
vn 0.4120 0.8932 0.1802
vn 0.2488 -0.9448 -0.2133
vn 0.3380 0.9071 -0.2507
vn 0.1606 -0.0791 0.9838
vn 0.1734 0.9831 0.0591
vn 0.1683 0.9856 0.0160
vn -0.2790 -0.6796 0.6785
vn 0.2435 0.9692 -0.0377
vn 0.0965 0.9874 -0.1254
vn 0.4068 0.8993 0.1607
vn 0.0504 0.6533 0.7554
vn 0.2834 -0.8959 0.3420
vn 0.4151 0.9096 -0.0186
vn 0.2937 0.9431 0.1557
vn 0.0595 -0.4037 0.9130
vn 0.4402 -0.4054 -0.8012
vn 0.4534 0.8775 -0.1559
vn 0.2609 0.9427 0.2080
vn 0.2705 0.9620 0.0360
vn -0.2312 0.0293 0.9725
vn 0.8389 0.3541 0.4133
vn 0.7879 0.1908 0.5855
vn 0.2803 -0.7133 0.6424
vn 0.2939 0.9125 -0.2846
vn 0.2996 0.0545 -0.9525
vn 0.4695 -0.8743 0.1228
vn 0.4750 0.7289 -0.4931
vn 0.5684 -0.8057 0.1667
vn 0.4883 -0.6817 0.5448
vn 0.4949 0.1143 0.8614
vn 0.5063 -0.6166 0.6029
vn 0.4824 -0.8742 0.0556
vn -0.1494 0.1399 0.9788
vn 0.3255 0.9397 -0.1047
vn 0.4173 0.9088 -0.0029
vn 0.4321 0.8980 0.0825
vn 0.2263 -0.1585 0.9611
vn 0.3721 0.9272 -0.0427
vn 0.2283 -0.0610 -0.9717
vn 0.4007 0.9091 -0.1142
vn -0.0038 -0.0482 0.9988
vn 0.3656 0.9301 0.0362
vn 0.5644 -0.7514 0.3419
vn 0.4262 0.8953 -0.1294
vn 0.3774 -0.4524 -0.8080
vn 0.5096 0.8600 0.0280
vn 0.2892 0.9519 0.1009
vn 0.3523 0.9335 0.0668
vn 0.6082 0.5369 0.5846
vn 0.4978 0.8670 0.0228
vn 0.3385 -0.2437 0.9089
vn 0.4788 -0.6099 0.6314
vn 0.4366 0.8996 -0.0104
vn 0.5068 -0.6115 0.6076
vn 0.2865 -0.9557 0.0669
vn 0.1678 0.0563 -0.9842
vn 0.4175 -0.8994 0.1298
vn 0.5069 -0.7845 -0.3573
vn 0.4541 -0.8905 0.0278
vn 0.5015 -0.6203 0.6031
vn 0.6001 -0.7748 0.1988
vn 0.0128 0.1758 -0.9843
vn 0.4482 -0.8939 -0.0004
vn 0.2567 -0.1547 0.9540
vn 0.4650 0.8503 -0.2466
vn 0.6272 -0.6826 0.3751
vn 0.7292 -0.6274 0.2731
vn 0.5254 -0.3580 0.7719
vn 0.4259 0.8714 0.2435
vn 0.5540 -0.7909 0.2598
vn 0.5134 0.8365 0.1913
vn 0.3858 -0.4121 0.8254
vn 0.5173 -0.8549 -0.0378
vn 0.5534 -0.7061 -0.4418
vn 0.0797 0.1592 -0.9840
vn -0.1176 0.1434 0.9826
vn 0.4809 -0.8750 0.0554
vn 0.5798 0.8092 -0.0953
vn 0.4912 0.8658 0.0950
vn 0.6568 0.6836 0.3184
vn 0.0341 0.0174 0.9993
vn 0.5027 0.8562 -0.1192
vn 0.4685 -0.8820 0.0517
vn 0.5487 0.8357 0.0223
vn 0.5884 -0.7896 -0.1743
vn 0.4891 0.1104 0.8652
vn 0.5947 -0.8007 -0.0725
vn 0.5177 -0.8555 -0.0108
vn 0.6566 0.7541 0.0163
vn 0.5884 0.8071 0.0488
vn 0.6470 0.7621 -0.0233
vn 0.0856 0.1236 -0.9886
vn -0.0333 0.0654 0.9973
vn 0.6017 -0.5531 -0.5761
vn 0.5276 0.8495 0.0093
vn 0.4498 -0.8902 0.0725
vn 0.4418 0.5898 -0.6760
vn 0.5133 -0.8551 0.0725
vn -0.2155 -0.0927 0.9721
vn 0.0997 0.0626 0.9930
vn 0.5286 -0.8489 0.0033
vn 0.7741 -0.6114 0.1640
vn 0.0663 -0.0323 -0.9973
vn 0.5170 -0.8558 0.0150
vn 0.6312 0.7275 0.2691
vn -0.0356 0.2581 0.9655
vn 0.1129 -0.1327 -0.9847
vn 0.4910 0.8668 -0.0875
vn 0.5883 0.8037 -0.0894
vn -0.4707 0.2704 0.8399
vn 0.7480 0.6530 0.1186
vn 0.5664 0.6965 -0.4406
vn 0.6828 -0.7108 0.1691
vn -0.1825 0.0277 0.9828
vn -0.1823 -0.0957 0.9786
vn 0.0451 -0.0488 0.9978
vn 0.7488 -0.6433 0.1593
vn 0.6504 0.6261 0.4301
vn 0.7003 -0.6450 -0.3059
vn 0.5712 -0.8202 0.0326
vn -0.5698 -0.1952 0.7982
vn 0.5978 0.7955 -0.0986
vn 0.5515 0.8335 0.0337
vn 0.6286 -0.7767 -0.0394
vn 0.2753 0.3194 -0.9067
vn 0.7130 -0.6450 0.2750
vn 0.6208 -0.7827 0.0447
vn 0.5822 0.8077 0.0934
vn 0.1287 -0.0003 -0.9917
vn 0.5993 0.6404 0.4803
vn 0.6928 -0.7088 0.1328
vn -0.1017 -0.0007 -0.9948
vn 0.7005 0.7134 0.0158
vn -0.0154 0.0998 0.9949
vn -0.1352 -0.3309 0.9339
vn 0.1210 -0.3890 0.9133
vn 0.7960 0.3822 0.4693
vn 0.6826 -0.5026 -0.5305
vn 0.1325 -0.0290 -0.9908
vn 0.5324 -0.8436 0.0697
vn 0.5923 -0.8057 -0.0041
vn 0.8386 -0.5445 0.0172
vn -0.1837 0.1664 0.9688
vn 0.7056 0.7082 0.0235
vn 0.6903 -0.6895 -0.2193
vn -0.0565 0.2082 0.9764
vn 0.8055 -0.5456 0.2311
vn 0.4751 0.7238 -0.5005
vn 0.8126 -0.5312 -0.2396
vn 0.7736 0.3592 0.5221
vn 0.0932 0.1577 -0.9831
vn -0.2582 0.5382 0.8023
vn 0.1115 0.3881 0.9148
vn 0.8040 0.5753 0.1504
vn 0.6623 -0.7438 0.0894
vn 0.8254 -0.5337 0.1843
vn 0.6782 -0.1319 0.7229
vn 0.7404 -0.5490 0.3878
vn 0.5873 -0.8091 -0.0191
vn 0.0440 -0.2397 -0.9698
vn 0.0837 -0.0557 0.9949
vn 0.7213 -0.5366 -0.4378
vn 0.7569 -0.6451 -0.1047
vn 0.1603 -0.2304 -0.9598
vn 0.4091 0.3721 0.8332
vn 0.3780 -0.0394 0.9250
vn 0.5992 -0.7976 0.0696
vn 0.6296 -0.7680 0.1176
vn 0.6968 -0.7164 -0.0360
vn 0.8715 0.0583 0.4870
vn 0.0916 0.0628 0.9938
vn 0.6181 -0.7860 -0.0142
vn 0.0374 0.0942 -0.9949
vn 0.3514 0.3158 0.8813
vn 0.7418 -0.6205 0.2545
vn 0.8309 -0.5188 0.2010
vn 0.3758 -0.0095 0.9267
vn 0.6513 -0.1023 0.7519
vn -0.5878 0.0409 0.8079
vn 0.6790 -0.7333 0.0350
vn 0.7493 0.1078 0.6534
vn 0.7910 -0.5828 0.1858
vn 0.8922 0.3418 0.2952
vn -0.0733 -0.1717 -0.9824
vn 0.8317 -0.4828 -0.2743
vn -0.2053 0.0125 0.9786
vn 0.6022 0.6465 -0.4683
vn 0.6076 0.0730 0.7909
vn 0.7065 -0.7075 0.0170
vn 0.1211 0.2626 -0.9573
vn 0.7165 0.6911 -0.0952
vn 0.3022 -0.4225 0.8545
vn 0.4972 0.8393 -0.2197
vn 0.2151 0.0055 0.9766
vn 0.7770 0.6290 0.0238
vn 0.9296 -0.2985 0.2160
vn 0.9028 -0.0801 0.4226
vn 0.0781 0.4459 0.8916
vn 0.7107 0.6974 0.0922
vn 0.9473 -0.1837 0.2624
vn 0.8424 -0.4987 0.2043
vn 0.8485 -0.2983 -0.4372
vn 0.2328 0.0463 0.9714
vn 0.8617 0.2390 0.4475
vn 0.3882 0.5288 -0.7548
vn 0.7823 0.2432 -0.5735
vn 0.0891 -0.0733 -0.9933
vn 0.9485 0.2623 0.1774
vn 0.6802 -0.7317 0.0429
vn 0.7205 0.6913 0.0542
vn 0.6553 -0.7549 -0.0274
vn 0.8143 -0.5339 -0.2277
vn 0.7447 -0.6637 0.0701
vn 0.8425 -0.4447 -0.3040
vn 0.9045 -0.3614 0.2264
vn 0.9586 0.0880 0.2708
vn 0.8321 0.5515 0.0587
vn 0.5295 0.1093 -0.8412
vn 0.1327 0.1789 -0.9749
vn 0.8031 -0.5957 0.0155
vn 0.7858 -0.6096 0.1040
vn 0.9602 0.1544 0.2328
vn 0.8371 -0.5462 0.0293
vn 0.7667 -0.6360 -0.0869
vn 0.7666 -0.6356 0.0912
vn -0.4144 -0.2441 -0.8768
vn 0.8383 -0.5275 0.1377
vn 0.8322 -0.4970 0.2458
vn 0.7797 -0.6261 0.0061
vn 0.7888 0.6091 -0.0822
vn 0.2284 -0.2897 -0.9295
vn 0.6597 -0.7511 -0.0259
vn 0.2048 0.1366 -0.9692
vn 0.7268 -0.6865 -0.0218
vn 0.7325 0.6770 -0.0721
vn 0.8390 -0.5420 0.0485
vn 0.7239 0.6713 0.1590
vn -0.0959 0.2884 -0.9527
vn 0.7904 -0.6119 -0.0268
vn 0.8500 -0.3026 -0.4311
vn 0.7732 -0.6339 -0.0144
vn 0.9687 -0.0968 0.2285
vn 0.9442 0.2692 0.1895
vn 0.7817 -0.6212 0.0547
vn 0.7734 -0.6296 0.0741
vn 0.7227 0.6903 -0.0345
vn 0.8703 -0.2678 -0.4134
vn 0.4054 0.1577 -0.9004
vn -0.3268 -0.5864 -0.7412
vn 0.6227 0.1174 -0.7736
vn 0.9732 -0.1990 0.1156
vn 0.9865 0.0414 0.1586
vn 0.6265 0.7041 -0.3342
vn 0.9346 -0.2732 0.2279
vn 0.8952 -0.3903 -0.2153
vn 0.8294 0.0992 -0.5498
vn 0.7779 0.3845 -0.4971
vn 0.9307 0.3593 -0.0691
vn 0.6020 0.7978 0.0344
vn 0.8154 -0.5771 0.0464
vn 0.8858 -0.4376 -0.1546
vn 0.9344 0.3534 0.0452
vn 0.1070 -0.3152 -0.9430
vn 0.9010 -0.4337 -0.0036
vn 0.8334 -0.5525 -0.0137
vn 0.8837 0.4592 -0.0904
vn 0.8465 -0.5234 -0.0970
vn 0.9789 0.0961 0.1802
vn 0.8105 0.5727 0.1229
vn 0.9632 -0.2475 0.1045
vn 0.7879 -0.6150 -0.0316
vn 0.2702 -0.5957 -0.7564
vn 0.8173 -0.5690 0.0913
vn 0.9422 -0.3312 0.0501
vn 0.9900 0.0251 0.1392
vn 0.9227 0.3637 0.1275
vn 0.8945 -0.4286 0.1268
vn 0.8969 0.4268 -0.1162
vn 0.8660 -0.4989 0.0331
vn 0.8251 0.5482 0.1366
vn 0.8393 0.5405 0.0591
vn 0.9388 -0.2155 -0.2689
vn 0.8187 -0.1107 -0.5634
vn 0.9827 -0.0878 0.1629
vn 0.9369 -0.3416 -0.0741
vn 0.8829 -0.4695 -0.0013
vn 0.9773 -0.2113 0.0135
vn 0.9473 -0.1114 -0.3004
vn 0.9047 -0.4199 -0.0729
vn 0.9330 -0.3597 0.0094
vn 0.9527 0.2897 0.0914
vn 0.9514 -0.2588 0.1669
vn 0.9531 0.2673 -0.1420
vn 0.9418 0.2771 0.1906
vn 0.9945 0.0988 -0.0337
vn 0.7933 -0.6060 0.0589
vn 0.8768 0.4782 -0.0501
vn 0.9977 -0.0035 0.0671
vn 0.8913 -0.4487 -0.0652
vn 0.9811 0.1737 0.0856
vn 0.9929 -0.1019 -0.0617
vn 0.9025 -0.4292 -0.0363
vn 0.9844 0.1583 0.0765
vn 0.9617 -0.2272 -0.1533
vn 0.8587 0.5086 0.0626
vn 0.7336 0.5644 -0.3786
vn 0.9423 -0.3304 0.0529
vn 0.9122 -0.3959 -0.1060
vn 0.9928 -0.1098 0.0471
vn 0.4870 0.8302 -0.2714
vn 0.9629 -0.2253 -0.1483
vn 0.4901 0.8589 0.1489
vn 0.9985 -0.0173 -0.0520
vn 0.9839 0.1620 -0.0758
vn 0.9612 -0.2340 0.1458
vn 0.9754 0.2096 -0.0680
vn 0.9941 0.0461 -0.0983
vn 0.9769 -0.2020 -0.0694
vn 0.9855 -0.1695 0.0041
vn 0.9755 -0.1969 0.0984
vn 0.9743 -0.2181 -0.0564
vn 0.9963 0.0358 0.0776
vn 0.9930 0.0842 0.0834
vn 0.9768 -0.2101 0.0422
vn 0.9813 0.1607 0.1061
vn 0.7173 0.6533 0.2422
vn 0.9956 0.0196 -0.0922
vn 0.9424 -0.3281 -0.0654
vn 0.9973 -0.0573 0.0467
vn 0.9778 0.1906 0.0874
vn 0.9100 0.3838 0.1567
vn 0.9447 0.2172 0.2458
vn 0.9894 -0.1439 0.0175
vn 0.8229 0.4064 -0.3971
vn 0.9973 -0.0187 0.0705
vn 0.9123 0.0785 -0.4019
vn 0.9925 -0.1216 0.0126
vn 0.9713 -0.1897 -0.1436
vn 0.5760 0.7610 -0.2986
vn 0.9187 0.3455 0.1913
vn 0.7183 -0.3866 -0.5785
vn 0.9968 -0.0662 0.0447
vn 0.9525 -0.1498 -0.2652
vn 0.9310 0.3270 0.1620
vn 0.9894 -0.0051 -0.1448
f 858//858 846//846 849//849
f 829//829 846//846 899//899
f 504//504 334//334 275//275
f 415//415 583//583 504//504
f 147//147 504//504 152//152
f 557//557 642//642 618//618
f 642//642 608//608 616//616
f 689//689 718//718 618//618
f 516//516 557//557 618//618
f 506//506 515//515 533//533
f 342//342 437//437 360//360
f 437//437 393//393 334//334
f 425//425 506//506 392//392
f 506//506 470//470 492//492
f 718//718 738//738 702//702
f 702//702 738//738 763//763
f 763//763 738//738 782//782
f 736//736 719//719 817//817
f 503//503 504//504 597//597
f 504//504 719//719 597//597
f 583//583 700//700 719//719
f 719//719 795//795 834//834
f 504//504 583//583 719//719
f 702//702 763//763 729//729
f 618//618 702//702 646//646
f 729//729 701//701 646//646
f 885//885 807//807 905//905
f 905//905 807//807 856//856
f 727//727 771//771 784//784
f 784//784 771//771 824//824
f 771//771 727//727 699//699
f 763//763 807//807 729//729
f 807//807 885//885 771//771
f 572//572 516//516 618//618
f 572//572 646//646 701//701
f 572//572 529//529 516//516
f 594//594 572//572 701//701
f 442//442 489//489 529//529
f 532//532 471//471 529//529
f 532//532 594//594 699//699
f 837//837 792//792 756//756
f 837//837 756//756 741//741
f 661//661 709//709 647//647
f 932//932 916//916 900//900
f 932//932 900//900 980//980
f 851//851 773//773 751//751
f 828//828 795//795 773//773
f 980//980 900//900 901//901
f 927//927 932//932 948//948
f 989//989 980//980 978//978
f 987//987 980//980 989//989
f 980//980 901//901 950//950
f 948//948 962//962 965//965
f 984//984 986//986 976//976
f 981//981 986//986 974//974
f 752//752 709//709 661//661
f 974//974 975//975 924//924
f 903//903 897//897 837//837
f 975//975 974//974 986//986
f 386//386 378//378 454//454
f 480//480 486//486 493//493
f 509//509 466//466 458//458
f 484//484 509//509 404//404
f 404//404 426//426 397//397
f 751//751 633//633 683//683
f 583//583 443//443 581//581
f 581//581 567//567 595//595
f 581//581 595//595 630//630
f 567//567 530//530 556//556
f 581//581 530//530 567//567
f 605//605 577//577 563//563
f 641//641 669//669 581//581
f 683//683 581//581 669//669
f 647//647 634//634 563//563
f 324//324 386//386 283//283
f 283//283 386//386 214//214
f 220//220 420//420 147//147
f 340//340 397//397 388//388
f 216//216 252//252 305//305
f 143//143 159//159 36//36
f 415//415 147//147 443//443
f 147//147 420//420 443//443
f 563//563 484//484 464//464
f 565//565 464//464 448//448
f 306//306 404//404 340//340
f 234//234 223//223 173//173
f 377//377 346//346 306//306
f 306//306 234//234 176//176
f 448//448 429//429 485//485
f 396//396 377//377 370//370
f 485//485 396//396 412//412
f 412//412 320//320 329//329
f 370//370 377//377 320//320
f 412//412 370//370 320//320
f 968//968 981//981 973//973
f 951//951 968//968 973//973
f 661//661 629//629 752//752
f 682//682 629//629 609//609
f 682//682 680//680 734//734
f 680//680 682//682 652//652
f 603//603 682//682 580//580
f 652//652 682//682 603//603
f 560//560 485//485 580//580
f 973//973 974//974 967//967
f 949//949 925//925 843//843
f 949//949 966//966 967//967
f 831//831 792//792 837//837
f 888//888 853//853 943//943
f 703//703 740//740 853//853
f 853//853 816//816 732//732
f 966//966 963//963 973//973
f 918//918 964//964 966//966
f 918//918 934//934 867//867
f 918//918 966//966 953//953
f 915//915 918//918 867//867
f 953//953 934//934 918//918
f 947//947 966//966 935//935
f 944//944 966//966 947//947
f 966//966 944//944 942//942
f 855//855 867//867 931//931
f 855//855 803//803 717//717
f 833//833 864//864 865//865
f 592//592 717//717 745//745
f 908//908 864//864 931//931
f 811//811 785//785 637//637
f 878//878 876//876 785//785
f 233//233 285//285 314//314
f 109//109 147//147 152//152
f 174//174 225//225 221//221
f 192//192 263//263 233//233
f 253//253 192//192 177//177
f 253//253 263//263 192//192
f 171//171 129//129 233//233
f 196//196 225//225 174//174
f 85//85 152//152 153//153
f 35//35 134//134 26//26
f 126//126 166//166 140//140
f 126//126 26//26 166//166
f 182//182 166//166 132//132
f 264//264 333//333 233//233
f 405//405 333//333 392//392
f 351//351 333//333 405//405
f 226//226 233//233 281//281
f 442//442 371//371 369//369
f 281//281 369//369 300//300
f 161//161 226//226 181//181
f 265//265 281//281 300//300
f 218//218 265//265 307//307
f 218//218 307//307 292//292
f 442//442 465//465 398//398
f 343//343 292//292 387//387
f 9//9 16//16 14//14
f 89//89 137//137 109//109
f 9//9 3//3 4//4
f 4//4 8//8 15//15
f 26//26 55//55 35//35
f 9//9 4//4 15//15
f 143//143 36//36 33//33
f 223//223 143//143 33//33
f 140//140 182//182 126//126
f 80//80 126//126 182//182
f 63//63 57//57 80//80
f 63//63 80//80 90//90
f 106//106 112//112 90//90
f 850//850 834//834 849//849
f 142//142 80//80 182//182
f 176//176 90//90 99//99
f 68//68 99//99 65//65
f 68//68 65//65 83//83
f 255//255 176//176 149//149
f 57//57 24//24 80//80
f 181//181 218//218 156//156
f 65//65 200//200 83//83
f 193//193 200//200 268//268
f 268//268 343//343 336//336
f 336//336 418//418 383//383
f 209//209 282//282 238//238
f 279//279 282//282 336//336
f 243//243 212//212 267//267
f 91//91 83//83 122//122
f 104//104 212//212 67//67
f 75//75 67//67 64//64
f 64//64 67//67 73//73
f 73//73 67//67 172//172
f 212//212 243//243 194//194
f 243//243 272//272 211//211
f 121//121 194//194 211//211
f 512//512 562//562 576//576
f 576//576 589//589 592//592
f 512//512 383//383 445//445
f 445//445 482//482 512//512
f 383//383 482//482 445//445
f 498//498 523//523 552//552
f 552//552 523//523 592//592
f 543//543 526//526 637//637
f 498//498 526//526 457//457
f 540//540 611//611 635//635
f 543//543 611//611 540//540
f 410//410 347//347 344//344
f 291//291 382//382 309//309
f 222//222 291//291 251//251
f 115//115 222//222 251//251
f 251//251 291//291 309//309
f 309//309 382//382 409//409
f 321//321 409//409 337//337
f 491//491 438//438 476//476
f 441//441 438//438 491//491
f 366//366 337//337 441//441
f 337//337 409//409 438//438
f 540//540 635//635 599//599
f 522//522 491//491 540//540
f 522//522 540//540 599//599
f 599//599 635//635 707//707
f 441//441 522//522 419//419
f 419//419 406//406 441//441
f 522//522 441//441 491//491
f 587//587 692//692 586//586
f 734//734 680//680 617//617
f 777//777 843//843 734//734
f 949//949 777//777 788//788
f 777//777 694//694 788//788
f 767//767 788//788 692//692
f 691//691 663//663 723//723
f 723//723 692//692 691//691
f 407//407 401//401 310//310
f 587//587 446//446 663//663
f 446//446 477//477 542//542
f 663//663 446//446 542//542
f 728//728 663//663 679//679
f 499//499 542//542 467//467
f 460//460 499//499 430//430
f 499//499 467//467 430//430
f 631//631 584//584 559//559
f 920//920 861//861 906//906
f 958//958 945//945 957//957
f 945//945 958//958 961//961
f 958//958 937//937 922//922
f 961//961 960//960 971//971
f 940//940 955//955 972//972
f 909//909 911//911 955//955
f 955//955 945//945 971//971
f 911//911 952//952 955//955
f 977//977 955//955 971//971
f 977//977 971//971 979//979
f 679//679 631//631 753//753
f 728//728 679//679 753//753
f 678//678 753//753 631//631
f 835//835 753//753 766//766
f 688//688 678//678 653//653
f 579//579 510//510 525//525
f 574//574 579//579 537//537
f 579//579 622//622 668//668
f 726//726 678//678 766//766
f 766//766 678//678 688//688
f 890//890 879//879 735//735
f 979//979 960//960 969//969
f 969//969 960//960 941//941
f 979//979 971//971 960//960
f 854//854 735//735 690//690
f 960//960 910//910 941//941
f 936//936 959//959 928//928
f 880//880 936//936 914//914
f 871//871 880//880 914//914
f 871//871 914//914 895//895
f 959//959 936//936 921//921
f 895//895 914//914 928//928
f 896//896 895//895 928//928
f 859//859 898//898 896//896
f 898//898 859//859 872//872
f 574//574 537//537 650//650
f 549//549 588//588 650//650
f 561//561 650//650 588//588
f 733//733 854//854 690//690
f 733//733 690//690 697//697
f 798//798 854//854 755//755
f 733//733 697//697 722//722
f 713//713 755//755 715//715
f 735//735 650//650 690//690
f 827//827 852//852 798//798
f 269//269 329//329 255//255
f 136//136 131//131 64//64
f 357//357 349//349 317//317
f 389//389 357//357 284//284
f 22//22 45//45 25//25
f 62//62 25//25 118//118
f 66//66 25//25 62//62
f 62//62 59//59 66//66
f 54//54 115//115 70//70
f 62//62 115//115 93//93
f 354//354 402//402 284//284
f 460//460 403//403 510//510
f 276//276 290//290 162//162
f 403//403 322//322 313//313
f 322//322 276//276 313//313
f 76//76 139//139 105//105
f 215//215 188//188 139//139
f 77//77 103//103 76//76
f 276//276 188//188 313//313
f 115//115 206//206 103//103
f 208//208 260//260 207//207
f 102//102 168//168 108//108
f 260//260 250//250 237//237
f 525//525 502//502 537//537
f 525//525 510//510 502//502
f 502//502 435//435 537//537
f 537//537 435//435 479//479
f 146//146 102//102 76//76
f 88//88 102//102 43//43
f 43//43 102//102 21//21
f 330//330 313//313 240//240
f 204//204 240//240 313//313
f 103//103 146//146 76//76
f 768//768 721//721 707//707
f 775//775 871//871 757//757
f 721//721 613//613 707//707
f 761//761 757//757 826//826
f 490//490 419//419 522//522
f 424//424 419//419 490//490
f 490//490 522//522 613//613
f 473//473 613//613 538//538
f 374//374 419//419 424//424
f 473//473 538//538 495//495
f 705//705 558//558 670//670
f 566//566 558//558 644//644
f 501//501 488//488 558//558
f 558//558 527//527 520//520
f 520//520 501//501 558//558
f 826//826 872//872 820//820
f 705//705 761//761 770//770
f 872//872 859//859 820//820
f 826//826 820//820 761//761
f 656//656 714//714 672//672
f 705//705 800//800 746//746
f 687//687 698//698 681//681
f 746//746 800//800 791//791
f 805//805 750//750 818//818
f 750//750 797//797 818//818
f 743//743 787//787 677//677
f 737//737 677//677 664//664
f 787//787 720//720 677//677
f 750//750 720//720 787//787
f 859//859 840//840 800//800
f 546//546 544//544 590//590
f 352//352 544//544 316//316
f 544//544 326//326 316//316
f 571//571 555//555 575//575
f 598//598 636//636 664//664
f 544//544 517//517 571//571
f 571//571 601//601 598//598
f 757//757 761//761 670//670
f 487//487 517//517 421//421
f 670//670 676//676 757//757
f 451//451 439//439 488//488
f 488//488 439//439 495//495
f 187//187 250//250 258//258
f 94//94 108//108 187//187
f 189//189 232//232 295//295
f 21//21 108//108 19//19
f 10//10 19//19 11//11
f 10//10 11//11 17//17
f 10//10 17//17 42//42
f 10//10 29//29 20//20
f 19//19 17//17 11//11
f 116//116 189//189 138//138
f 29//29 42//42 116//116
f 116//116 110//110 51//51
f 38//38 51//51 41//41
f 29//29 116//116 51//51
f 190//190 82//82 95//95
f 86//86 82//82 190//190
f 326//326 248//248 316//316
f 190//190 316//316 248//248
f 295//295 374//374 318//318
f 312//312 318//318 339//339
f 318//318 210//210 295//295
f 259//259 335//335 180//180
f 259//259 298//298 335//335
f 364//364 339//339 394//394
f 358//358 364//364 394//394
f 180//180 335//335 352//352
f 241//241 180//180 352//352
f 352//352 335//335 358//358
f 519//519 436//436 462//462
f 330//330 436//436 390//390
f 519//519 469//469 436//436
f 662//662 621//621 606//606
f 554//554 507//507 539//539
f 662//662 606//606 554//554
f 662//662 582//582 713//713
f 593//593 645//645 582//582
f 561//561 475//475 528//528
f 539//539 507//507 534//534
f 400//400 428//428 507//507
f 534//534 582//582 539//539
f 582//582 554//554 539//539
f 289//289 359//359 280//280
f 52//52 123//123 154//154
f 289//289 154//154 179//179
f 92//92 179//179 123//123
f 123//123 179//179 154//154
f 311//311 289//289 227//227
f 323//323 350//350 311//311
f 311//311 303//303 323//323
f 311//311 380//380 359//359
f 175//175 151//151 101//101
f 219//219 151//151 175//175
f 359//359 330//330 280//280
f 449//449 198//198 326//326
f 449//449 431//431 391//391
f 175//175 197//197 236//236
f 299//299 247//247 325//325
f 355//355 325//325 247//247
f 277//277 247//247 299//299
f 534//534 496//496 428//428
f 428//428 332//332 368//368
f 474//474 368//368 385//385
f 474//474 399//399 408//408
f 494//494 474//474 461//461
f 505//505 494//494 472//472
f 375//375 384//384 353//353
f 399//399 474//474 385//385
f 411//411 408//408 384//384
f 411//411 431//431 423//423
f 299//299 266//266 277//277
f 475//475 380//380 400//400
f 372//372 350//350 332//332
f 778//778 838//838 685//685
f 720//720 685//685 602//602
f 547//547 685//685 624//624
f 744//744 708//708 648//648
f 645//645 693//693 724//724
f 708//708 695//695 626//626
f 626//626 693//693 659//659
f 659//659 625//625 626//626
f 713//713 645//645 749//749
f 760//760 810//810 794//794
f 774//774 798//798 762//762
f 744//744 758//758 754//754
f 624//624 648//648 626//626
f 524//524 604//604 551//551
f 626//626 604//604 524//524
f 778//778 830//830 823//823
f 796//796 823//823 841//841
f 326//326 547//547 449//449
f 546//546 547//547 326//326
f 625//625 610//610 600//600
f 654//654 610//610 628//628
f 654//654 638//638 655//655
f 693//693 654//654 674//674
f 564//564 548//548 573//573
f 551//551 573//573 548//548
f 548//548 535//535 505//505
f 32//32 12//12 20//20
f 92//92 32//32 31//31
f 40//40 27//27 34//34
f 27//27 51//51 34//34
f 51//51 38//38 34//34
f 71//71 37//37 34//34
f 40//40 37//37 44//44
f 37//37 124//124 69//69
f 124//124 198//198 69//69
f 50//50 46//46 44//44
f 248//248 198//198 124//124
f 71//71 128//128 124//124
f 175//175 101//101 125//125
f 178//178 175//175 125//125
f 178//178 125//125 155//155
f 50//50 125//125 46//46
f 78//78 125//125 50//50
f 78//78 69//69 198//198
f 155//155 144//144 130//130
f 10//10 28//28 30//30
f 108//108 207//207 250//250
f 585//585 534//534 570//570
f 550//550 474//474 535//535
f 593//593 534//534 585//585
f 777//777 949//949 843//843
f 149//149 269//269 255//255
f 73//73 58//58 64//64
f 206//206 115//115 251//251
f 296//296 334//334 319//319
f 715//715 662//662 713//713
f 871//871 845//845 819//819
f 966//966 973//973 967//967
f 204//204 139//139 113//113
f 846//846 829//829 834//834
f 850//850 846//846 834//834
f 862//862 863//863 884//884
f 863//863 862//862 834//834
f 834//834 795//795 863//863
f 863//863 795//795 894//894
f 863//863 894//894 891//891
f 891//891 884//884 863//863
f 899//899 858//858 884//884
f 899//899 846//846 858//858
f 948//948 894//894 927//927
f 795//795 877//877 894//894
f 926//926 891//891 894//894
f 926//926 899//899 891//891
f 850//850 849//849 862//862
f 948//948 905//905 899//899
f 341//341 315//315 319//319
f 319//319 334//334 341//341
f 275//275 256//256 504//504
f 246//246 225//225 504//504
f 246//246 504//504 256//256
f 152//152 504//504 199//199
f 225//225 199//199 504//504
f 415//415 504//504 147//147
f 623//623 620//620 619//619
f 660//660 643//643 689//689
f 597//597 643//643 612//612
f 642//642 612//612 643//643
f 642//642 660//660 618//618
f 597//597 612//612 569//569
f 608//608 642//642 557//557
f 706//706 718//718 689//689
f 481//481 492//492 470//470
f 533//533 503//503 569//569
f 492//492 483//483 500//500
f 513//513 515//515 500//500
f 481//481 483//483 492//492
f 481//481 437//437 483//483
f 515//515 506//506 492//492
f 513//513 483//483 503//503
f 500//500 483//483 513//513
f 481//481 470//470 437//437
f 557//557 533//533 608//608
f 506//506 533//533 557//557
f 470//470 425//425 437//437
f 506//506 425//425 470//470
f 437//437 342//342 341//341
f 342//342 315//315 341//341
f 425//425 360//360 437//437
f 360//360 425//425 392//392
f 503//503 437//437 334//334
f 483//483 437//437 503//503
f 393//393 341//341 334//334
f 478//478 506//506 557//557
f 516//516 478//478 557//557
f 478//478 392//392 506//506
f 478//478 405//405 392//392
f 706//706 736//736 738//738
f 763//763 782//782 793//793
f 808//808 817//817 806//806
f 806//806 783//783 808//808
f 736//736 817//817 808//808
f 808//808 783//783 736//736
f 719//719 834//834 817//817
f 817//817 834//834 829//829
f 782//782 806//806 793//793
f 643//643 719//719 736//736
f 618//618 718//718 702//702
f 597//597 719//719 643//643
f 719//719 700//700 773//773
f 719//719 773//773 795//795
f 763//763 793//793 807//807
f 807//807 793//793 829//829
f 807//807 829//829 856//856
f 771//771 701//701 807//807
f 729//729 646//646 702//702
f 729//729 807//807 701//701
f 899//899 905//905 829//829
f 856//856 829//829 905//905
f 929//929 905//905 948//948
f 885//885 905//905 929//929
f 771//771 883//883 824//824
f 883//883 771//771 885//885
f 504//504 503//503 334//334
f 516//516 427//427 478//478
f 427//427 405//405 478//478
f 618//618 646//646 572//572
f 529//529 489//489 516//516
f 489//489 442//442 427//427
f 427//427 516//516 489//489
f 471//471 465//465 529//529
f 465//465 442//442 529//529
f 532//532 529//529 572//572
f 532//532 699//699 553//553
f 471//471 532//532 553//553
f 514//514 471//471 553//553
f 532//532 572//572 594//594
f 594//594 701//701 699//699
f 569//569 608//608 533//533
f 597//597 569//569 503//503
f 748//748 699//699 727//727
f 831//831 804//804 792//792
f 747//747 776//776 751//751
f 747//747 751//751 683//683
f 769//769 756//756 792//792
f 741//741 683//683 669//669
f 683//683 741//741 747//747
f 741//741 669//669 709//709
f 741//741 756//756 747//747
f 647//647 671//671 634//634
f 647//647 709//709 671//671
f 837//837 741//741 709//709
f 828//828 870//870 893//893
f 882//882 870//870 828//828
f 882//882 828//828 851//851
f 893//893 870//870 900//900
f 907//907 828//828 893//893
f 828//828 773//773 851//851
f 907//907 795//795 828//828
f 804//804 875//875 751//751
f 875//875 901//901 892//892
f 901//901 875//875 831//831
f 875//875 804//804 831//831
f 875//875 851//851 751//751
f 882//882 892//892 901//901
f 907//907 932//932 927//927
f 916//916 932//932 907//907
f 932//932 982//982 948//948
f 932//932 980//980 982//982
f 950//950 901//901 897//897
f 978//978 980//980 950//950
f 978//978 954//954 983//983
f 988//988 989//989 978//978
f 970//970 988//988 956//956
f 956//956 988//988 983//983
f 983//983 988//988 978//978
f 897//897 831//831 837//837
f 897//897 901//901 831//831
f 903//903 950//950 897//897
f 954//954 950//950 903//903
f 903//903 956//956 954//954
f 976//976 986//986 988//988
f 988//988 970//970 976//976
f 987//987 982//982 985//985
f 986//986 982//982 989//989
f 986//986 962//962 982//982
f 981//981 962//962 986//986
f 970//970 984//984 976//976
f 975//975 986//986 984//984
f 837//837 709//709 752//752
f 903//903 837//837 752//752
f 970//970 956//956 903//903
f 881//881 970//970 903//903
f 924//924 970//970 881//881
f 984//984 970//970 924//924
f 924//924 975//975 984//984
f 373//373 361//361 381//381
f 497//497 454//454 480//480
f 497//497 420//420 386//386
f 497//497 386//386 454//454
f 480//480 493//493 508//508
f 530//530 480//480 508//508
f 509//509 530//530 508//508
f 509//509 531//531 530//530
f 536//536 531//531 509//509
f 466//466 434//434 458//458
f 509//509 486//486 466//466
f 444//444 378//378 413//413
f 376//376 413//413 367//367
f 367//367 413//413 381//381
f 413//413 397//397 434//434
f 388//388 397//397 413//413
f 381//381 413//413 378//378
f 444//444 454//454 378//378
f 397//397 509//509 458//458
f 484//484 536//536 509//509
f 426//426 404//404 509//509
f 397//397 458//458 434//434
f 426//426 509//509 397//397
f 581//581 497//497 530//530
f 633//633 583//583 581//581
f 583//583 633//633 751//751
f 683//683 633//633 581//581
f 581//581 443//443 420//420
f 581//581 420//420 497//497
f 545//545 568//568 556//556
f 545//545 563//563 577//577
f 577//577 567//567 568//568
f 568//568 567//567 556//556
f 545//545 577//577 568//568
f 627//627 632//632 630//630
f 641//641 581//581 630//630
f 630//630 627//627 641//641
f 577//577 595//595 567//567
f 556//556 530//530 545//545
f 530//530 497//497 480//480
f 536//536 563//563 545//545
f 563//563 634//634 605//605
f 484//484 563//563 536//536
f 605//605 595//595 577//577
f 361//361 324//324 305//305
f 324//324 373//373 378//378
f 324//324 361//361 373//373
f 386//386 324//324 378//378
f 420//420 304//304 386//386
f 386//386 304//304 214//214
f 159//159 202//202 148//148
f 214//214 159//159 183//183
f 89//89 23//23 148//148
f 148//148 23//23 159//159
f 183//183 159//159 143//143
f 220//220 89//89 304//304
f 420//420 220//220 304//304
f 220//220 147//147 137//137
f 214//214 304//304 202//202
f 304//304 89//89 202//202
f 89//89 148//148 202//202
f 305//305 367//367 361//361
f 213//213 283//283 214//214
f 388//388 376//376 305//305
f 283//283 213//213 305//305
f 252//252 340//340 305//305
f 340//340 388//388 305//305
f 143//143 213//213 214//214
f 143//143 216//216 213//213
f 223//223 252//252 216//216
f 216//216 143//143 223//223
f 214//214 183//183 143//143
f 213//213 216//216 305//305
f 583//583 415//415 443//443
f 404//404 422//422 484//484
f 591//591 647//647 563//563
f 661//661 647//647 591//591
f 629//629 661//661 591//591
f 629//629 591//591 565//565
f 464//464 484//484 422//422
f 464//464 422//422 448//448
f 485//485 560//560 565//565
f 485//485 565//565 448//448
f 565//565 591//591 464//464
f 629//629 565//565 560//560
f 346//346 404//404 306//306
f 252//252 306//306 340//340
f 346//346 422//422 404//404
f 422//422 346//346 448//448
f 448//448 346//346 377//377
f 176//176 255//255 306//306
f 429//429 448//448 377//377
f 485//485 429//429 377//377
f 396//396 485//485 377//377
f 485//485 463//463 447//447
f 320//320 377//377 306//306
f 255//255 329//329 320//320
f 340//340 404//404 397//397
f 751//751 700//700 583//583
f 306//306 223//223 234//234
f 773//773 700//700 751//751
f 933//933 883//883 929//929
f 923//923 889//889 883//883
f 923//923 883//883 946//946
f 824//824 889//889 923//923
f 933//933 929//929 965//965
f 965//965 929//929 948//948
f 965//965 946//946 933//933
f 968//968 923//923 965//965
f 933//933 946//946 883//883
f 951//951 923//923 968//968
f 974//974 973//973 981//981
f 682//682 609//609 560//560
f 682//682 560//560 580//580
f 734//734 739//739 682//682
f 843//843 903//903 734//734
f 680//680 652//652 603//603
f 580//580 485//485 586//586
f 603//603 580//580 586//586
f 682//682 752//752 629//629
f 734//734 903//903 752//752
f 974//974 949//949 967//967
f 843//843 924//924 881//881
f 843//843 925//925 924//924
f 949//949 935//935 966//966
f 861//861 935//935 949//949
f 949//949 974//974 925//925
f 965//965 962//962 981//981
f 965//965 981//981 968//968
f 609//609 629//629 560//560
f 812//812 824//824 857//857
f 740//740 748//748 824//824
f 812//812 740//740 824//824
f 824//824 923//923 857//857
f 740//740 812//812 857//857
f 740//740 857//857 853//853
f 930//930 951//951 963//963
f 857//857 951//951 853//853
f 930//930 853//853 951//951
f 915//915 888//888 943//943
f 915//915 816//816 888//888
f 915//915 943//943 918//918
f 868//868 816//816 915//915
f 816//816 868//868 855//855
f 888//888 816//816 853//853
f 857//857 923//923 917//917
f 857//857 917//917 951//951
f 740//740 562//562 699//699
f 740//740 699//699 748//748
f 699//699 562//562 553//553
f 703//703 853//853 732//732
f 740//740 703//703 562//562
f 562//562 514//514 553//553
f 576//576 562//562 589//589
f 717//717 816//816 855//855
f 717//717 589//589 732//732
f 703//703 732//732 589//589
f 589//589 562//562 703//703
f 963//963 951//951 973//973
f 918//918 943//943 963//963
f 964//964 963//963 966//966
f 855//855 868//868 867//867
f 868//868 915//915 867//867
f 935//935 920//920 947//947
f 920//920 906//906 944//944
f 920//920 944//944 947//947
f 942//942 953//953 966//966
f 931//931 953//953 942//942
f 942//942 944//944 939//939
f 931//931 934//934 953//953
f 964//964 918//918 963//963
f 931//931 867//867 934//934
f 931//931 945//945 908//908
f 864//864 803//803 855//855
f 803//803 745//745 717//717
f 931//931 864//864 855//855
f 803//803 864//864 833//833
f 833//833 745//745 803//803
f 811//811 745//745 833//833
f 637//637 592//592 745//745
f 637//637 745//745 811//811
f 865//865 864//864 908//908
f 833//833 908//908 873//873
f 811//811 833//833 873//873
f 878//878 811//811 873//873
f 873//873 908//908 878//878
f 878//878 908//908 952//952
f 911//911 878//878 952//952
f 909//909 878//878 911//911
f 785//785 811//811 878//878
f 635//635 637//637 785//785
f 731//731 635//635 785//785
f 731//731 785//785 876//876
f 908//908 833//833 865//865
f 876//876 878//878 909//909
f 963//963 943//943 930//930
f 939//939 931//931 942//942
f 731//731 876//876 768//768
f 314//314 285//285 319//319
f 319//319 285//285 296//296
f 264//264 233//233 314//314
f 109//109 137//137 147//147
f 152//152 55//55 109//109
f 61//61 55//55 152//152
f 35//35 55//55 61//61
f 221//221 256//256 231//231
f 205//205 221//221 231//231
f 225//225 246//246 221//221
f 174//174 221//221 205//205
f 177//177 174//174 205//205
f 230//230 231//231 275//275
f 230//230 205//205 231//231
f 262//262 334//334 263//263
f 263//263 253//253 262//262
f 253//253 245//245 275//275
f 230//230 275//275 245//245
f 253//253 205//205 230//230
f 253//253 334//334 262//262
f 177//177 133//133 132//132
f 233//233 263//263 285//285
f 129//129 192//192 233//233
f 171//171 132//132 120//120
f 120//120 133//133 129//129
f 171//171 120//120 129//129
f 153//153 199//199 225//225
f 153//153 152//152 199//199
f 153//153 225//225 196//196
f 107//107 153//153 134//134
f 196//196 158//158 153//153
f 158//158 134//134 153//153
f 174//174 158//158 196//196
f 167//167 158//158 174//174
f 167//167 177//177 166//166
f 107//107 61//61 85//85
f 107//107 85//85 153//153
f 166//166 26//26 134//134
f 182//182 140//140 166//166
f 163//163 132//132 171//171
f 182//182 132//132 161//161
f 163//163 161//161 132//132
f 185//185 182//182 181//181
f 161//161 181//181 182//182
f 177//177 167//167 174//174
f 120//120 132//132 133//133
f 315//315 360//360 333//333
f 281//281 333//333 351//351
f 392//392 333//333 360//360
f 264//264 315//315 333//333
f 369//369 351//351 405//405
f 405//405 351//351 365//365
f 427//427 369//369 405//405
f 442//442 369//369 427//427
f 351//351 369//369 281//281
f 300//300 369//369 371//371
f 226//226 171//171 233//233
f 307//307 300//300 356//356
f 161//161 163//163 226//226
f 181//181 226//226 218//218
f 307//307 265//265 300//300
f 356//356 300//300 371//371
f 163//163 171//171 226//226
f 265//265 226//226 281//281
f 218//218 226//226 265//265
f 356//356 292//292 307//307
f 398//398 292//292 356//356
f 471//471 398//398 465//465
f 387//387 292//292 398//398
f 471//471 387//387 398//398
f 442//442 356//356 371//371
f 281//281 233//233 333//333
f 405//405 365//365 351//351
f 3//3 14//14 13//13
f 5//5 7//7 1//1
f 16//16 9//9 36//36
f 23//23 16//16 36//36
f 14//14 16//16 89//89
f 89//89 6//6 13//13
f 8//8 4//4 6//6
f 15//15 8//8 18//18
f 8//8 55//55 26//26
f 18//18 8//8 26//26
f 15//15 36//36 9//9
f 24//24 15//15 18//18
f 24//24 33//33 15//15
f 109//109 8//8 6//6
f 109//109 55//55 8//8
f 33//33 36//36 15//15
f 57//57 223//223 33//33
f 111//111 173//173 223//223
f 111//111 223//223 57//57
f 1//1 7//7 6//6
f 24//24 26//26 126//126
f 142//142 90//90 80//80
f 80//80 24//24 126//126
f 142//142 182//182 185//185
f 185//185 156//156 142//142
f 185//185 181//181 156//156
f 106//106 90//90 142//142
f 63//63 90//90 111//111
f 99//99 112//112 106//106
f 106//106 156//156 65//65
f 111//111 90//90 173//173
f 176//176 234//234 173//173
f 176//176 173//173 90//90
f 90//90 112//112 99//99
f 91//91 68//68 83//83
f 91//91 97//97 68//68
f 99//99 149//149 176//176
f 97//97 149//149 99//99
f 96//96 97//97 91//91
f 96//96 149//149 97//97
f 135//135 149//149 96//96
f 97//97 99//99 68//68
f 65//65 99//99 106//106
f 63//63 111//111 57//57
f 65//65 156//156 200//200
f 200//200 156//156 218//218
f 200//200 218//218 292//292
f 200//200 292//292 249//249
f 212//212 122//122 193//193
f 122//122 200//200 193//193
f 200//200 122//122 83//83
f 212//212 193//193 209//209
f 514//514 482//482 471//471
f 343//343 387//387 418//418
f 482//482 418//418 471//471
f 249//249 292//292 287//287
f 343//343 287//287 292//292
f 268//268 249//249 287//287
f 418//418 336//336 343//343
f 336//336 282//282 268//268
f 209//209 268//268 282//282
f 238//238 282//282 279//279
f 327//327 279//279 336//336
f 383//383 418//418 482//482
f 212//212 209//209 238//238
f 267//267 212//212 279//279
f 267//267 294//294 243//243
f 294//294 279//279 327//327
f 327//327 293//293 294//294
f 243//243 294//294 293//293
f 294//294 267//267 279//279
f 212//212 238//238 279//279
f 104//104 122//122 212//212
f 104//104 91//91 122//122
f 67//67 212//212 172//172
f 75//75 96//96 91//91
f 104//104 67//67 75//75
f 135//135 96//96 75//75
f 64//64 131//131 75//75
f 131//131 135//135 75//75
f 73//73 172//172 121//121
f 79//79 58//58 73//73
f 73//73 121//121 98//98
f 49//49 121//121 48//48
f 98//98 121//121 49//49
f 79//79 73//73 98//98
f 243//243 293//293 272//272
f 222//222 211//211 274//274
f 274//274 211//211 272//272
f 172//172 194//194 121//121
f 118//118 121//121 222//222
f 118//118 45//45 121//121
f 121//121 211//211 222//222
f 315//315 264//264 314//314
f 482//482 514//514 562//562
f 482//482 562//562 512//512
f 576//576 523//523 512//512
f 592//592 523//523 576//576
f 293//293 327//327 379//379
f 379//379 383//383 456//456
f 456//456 344//344 379//379
f 327//327 383//383 379//379
f 456//456 512//512 523//523
f 498//498 410//410 523//523
f 512//512 456//456 383//383
f 498//498 432//432 410//410
f 523//523 410//410 456//456
f 578//578 552//552 592//592
f 456//456 410//410 344//344
f 637//637 578//578 592//592
f 526//526 552//552 578//578
f 637//637 526//526 578//578
f 543//543 637//637 611//611
f 526//526 498//498 552//552
f 457//457 432//432 498//498
f 543//543 457//457 526//526
f 476//476 457//457 543//543
f 476//476 543//543 540//540
f 635//635 611//611 637//637
f 274//274 272//272 293//293
f 344//344 347//347 274//274
f 347//347 291//291 274//274
f 457//457 382//382 410//410
f 410//410 382//382 347//347
f 382//382 291//291 347//347
f 206//206 251//251 261//261
f 309//309 321//321 297//297
f 261//261 251//251 309//309
f 206//206 261//261 260//260
f 297//297 260//260 261//261
f 261//261 309//309 297//297
f 274//274 291//291 222//222
f 476//476 409//409 457//457
f 409//409 382//382 457//457
f 409//409 321//321 309//309
f 337//337 297//297 321//321
f 260//260 297//297 288//288
f 297//297 337//337 288//288
f 308//308 288//288 337//337
f 406//406 366//366 441//441
f 406//406 419//419 308//308
f 406//406 308//308 366//366
f 476//476 438//438 409//409
f 441//441 337//337 438//438
f 432//432 457//457 410//410
f 707//707 635//635 731//731
f 412//412 329//329 447//447
f 447//447 329//329 362//362
f 329//329 269//269 362//362
f 310//310 362//362 269//269
f 617//617 603//603 586//586
f 680//680 603//603 617//617
f 694//694 734//734 617//617
f 692//692 617//617 586//586
f 692//692 694//694 617//617
f 777//777 734//734 694//694
f 788//788 861//861 949//949
f 694//694 692//692 788//788
f 663//663 692//692 640//640
f 663//663 691//691 692//692
f 663//663 640//640 587//587
f 723//723 767//767 692//692
f 772//772 788//788 767//767
f 772//772 723//723 663//663
f 728//728 772//772 663//663
f 587//587 640//640 692//692
f 447//447 586//586 485//485
f 401//401 468//468 447//447
f 586//586 447//447 468//468
f 586//586 468//468 407//407
f 586//586 407//407 587//587
f 407//407 468//468 401//401
f 310//310 401//401 362//362
f 407//407 349//349 395//395
f 446//446 349//349 357//357
f 446//446 395//395 349//349
f 477//477 389//389 416//416
f 389//389 402//402 416//416
f 389//389 477//477 357//357
f 477//477 446//446 357//357
f 446//446 587//587 407//407
f 395//395 446//446 407//407
f 679//679 663//663 584//584
f 679//679 584//584 631//631
f 584//584 542//542 499//499
f 467//467 542//542 477//477
f 402//402 430//430 416//416
f 467//467 416//416 430//430
f 460//460 518//518 499//499
f 584//584 499//499 518//518
f 559//559 584//584 518//518
f 559//559 518//518 460//460
f 510//510 559//559 460//460
f 467//467 477//477 416//416
f 401//401 447//447 362//362
f 839//839 906//906 861//861
f 839//839 861//861 788//788
f 902//902 906//906 839//839
f 902//902 939//939 906//906
f 922//922 937//937 902//902
f 937//937 939//939 902//902
f 839//839 788//788 772//772
f 839//839 772//772 728//728
f 753//753 839//839 728//728
f 874//874 902//902 839//839
f 835//835 874//874 753//753
f 879//879 910//910 835//835
f 874//874 922//922 902//902
f 753//753 874//874 839//839
f 952//952 908//908 945//945
f 958//958 939//939 937//937
f 958//958 957//957 939//939
f 961//961 971//971 945//945
f 958//958 960//960 961//961
f 910//910 960//960 958//958
f 955//955 952//952 945//945
f 977//977 909//909 940//940
f 940//940 972//972 977//977
f 735//735 879//879 835//835
f 941//941 910//910 879//879
f 678//678 631//631 607//607
f 559//559 607//607 631//631
f 559//559 579//579 678//678
f 766//766 753//753 726//726
f 735//735 835//835 766//766
f 579//579 559//559 510//510
f 653//653 678//678 579//579
f 688//688 653//653 579//579
f 735//735 766//766 688//688
f 579//579 668//668 688//688
f 658//658 684//684 614//614
f 668//668 622//622 614//614
f 614//614 622//622 596//596
f 668//668 614//614 688//688
f 596//596 622//622 579//579
f 614//614 596//596 574//574
f 969//969 928//928 979//979
f 941//941 890//890 854//854
f 854//854 890//890 735//735
f 913//913 941//941 854//854
f 798//798 913//913 854//854
f 913//913 969//969 941//941
f 913//913 938//938 969//969
f 904//904 876//876 909//909
f 909//909 977//977 959//959
f 904//904 909//909 921//921
f 921//921 909//909 959//959
f 768//768 876//876 880//880
f 813//813 768//768 880//880
f 799//799 813//813 880//880
f 799//799 880//880 869//869
f 871//871 799//799 869//869
f 876//876 904//904 921//921
f 928//928 959//959 979//979
f 938//938 919//919 928//928
f 872//872 845//845 895//895
f 896//896 928//928 919//919
f 898//898 895//895 896//896
f 872//872 895//895 898//898
f 938//938 887//887 912//912
f 798//798 887//887 938//938
f 919//919 912//912 896//896
f 887//887 896//896 912//912
f 919//919 938//938 912//912
f 928//928 914//914 936//936
f 549//549 650//650 537//537
f 649//649 690//690 650//650
f 649//649 650//650 561//561
f 690//690 649//649 561//561
f 621//621 690//690 561//561
f 755//755 854//854 733//733
f 621//621 686//686 657//657
f 662//662 686//686 621//621
f 662//662 715//715 686//686
f 722//722 697//697 686//686
f 715//715 755//755 733//733
f 722//722 715//715 733//733
f 697//697 690//690 657//657
f 852//852 887//887 798//798
f 852//852 896//896 887//887
f 852//852 866//866 896//896
f 886//886 896//896 866//866
f 838//838 847//847 860//860
f 838//838 860//860 866//866
f 827//827 866//866 852//852
f 827//827 825//825 866//866
f 832//832 866//866 825//825
f 821//821 827//827 810//810
f 821//821 825//825 827//827
f 755//755 749//749 798//798
f 810//810 827//827 794//794
f 866//866 860//860 886//886
f 614//614 650//650 658//658
f 574//574 650//650 614//614
f 650//650 735//735 658//658
f 969//969 938//938 928//928
f 195//195 269//269 135//135
f 254//254 310//310 269//269
f 349//349 310//310 254//254
f 195//195 271//271 254//254
f 271//271 349//349 254//254
f 278//278 271//271 195//195
f 195//195 254//254 269//269
f 131//131 195//195 135//135
f 136//136 195//195 131//131
f 271//271 317//317 349//349
f 278//278 317//317 271//271
f 284//284 357//357 278//278
f 284//284 278//278 136//136
f 84//84 162//162 136//136
f 162//162 284//284 136//136
f 58//58 136//136 64//64
f 278//278 195//195 136//136
f 53//53 58//58 79//79
f 53//53 47//47 58//58
f 22//22 47//47 45//45
f 84//84 136//136 58//58
f 22//22 25//25 84//84
f 39//39 84//84 58//58
f 66//66 162//162 25//25
f 169//169 118//118 222//222
f 25//25 45//45 118//118
f 169//169 115//115 62//62
f 93//93 59//59 62//62
f 54//54 59//59 93//93
f 119//119 162//162 66//66
f 119//119 66//66 59//59
f 119//119 59//59 54//54
f 115//115 54//54 93//93
f 103//103 70//70 115//115
f 77//77 54//54 70//70
f 77//77 70//70 103//103
f 62//62 118//118 169//169
f 460//460 430//430 354//354
f 276//276 403//403 354//354
f 430//430 402//402 354//354
f 403//403 460//460 354//354
f 284//284 290//290 354//354
f 276//276 354//354 290//290
f 502//502 510//510 403//403
f 502//502 403//403 435//435
f 403//403 276//276 322//322
f 435//435 403//403 313//313
f 114//114 162//162 119//119
f 114//114 105//105 188//188
f 77//77 114//114 54//54
f 105//105 77//77 76//76
f 188//188 215//215 313//313
f 139//139 204//204 215//215
f 204//204 313//313 215//215
f 105//105 139//139 188//188
f 114//114 119//119 54//54
f 402//402 389//389 284//284
f 103//103 206//206 186//186
f 208//208 186//186 260//260
f 168//168 208//208 207//207
f 146//146 103//103 186//186
f 102//102 146//146 208//208
f 168//168 207//207 108//108
f 206//206 260//260 186//186
f 260//260 288//288 308//308
f 207//207 237//237 250//250
f 250//250 260//260 308//308
f 301//301 308//308 338//338
f 419//419 338//338 308//308
f 301//301 250//250 308//308
f 469//469 537//537 479//479
f 390//390 469//469 435//435
f 469//469 479//479 435//435
f 88//88 76//76 102//102
f 30//30 76//76 21//21
f 56//56 21//21 102//102
f 56//56 102//102 108//108
f 113//113 240//240 204//204
f 113//113 139//139 76//76
f 28//28 113//113 76//76
f 52//52 154//154 113//113
f 52//52 28//28 10//10
f 28//28 76//76 30//30
f 721//721 768//768 764//764
f 799//799 764//764 768//768
f 613//613 721//721 742//742
f 742//742 721//721 799//799
f 707//707 613//613 599//599
f 522//522 599//599 613//613
f 613//613 742//742 676//676
f 742//742 799//799 775//775
f 757//757 742//742 775//775
f 757//757 871//871 819//819
f 757//757 819//819 872//872
f 775//775 799//799 871//871
f 670//670 613//613 676//676
f 757//757 676//676 742//742
f 761//761 705//705 670//670
f 613//613 473//473 490//490
f 424//424 490//490 473//473
f 295//295 338//338 374//374
f 338//338 419//419 374//374
f 414//414 374//374 424//424
f 414//414 318//318 374//374
f 473//473 495//495 459//459
f 394//394 414//414 459//459
f 394//394 318//318 414//414
f 414//414 424//424 473//473
f 538//538 613//613 670//670
f 439//439 394//394 459//459
f 439//439 451//451 421//421
f 487//487 421//421 451//451
f 495//495 439//439 459//459
f 488//488 495//495 558//558
f 644//644 558//558 705//705
f 558//558 555//555 541//541
f 558//558 541//541 527//527
f 670//670 558//558 538//538
f 488//488 501//501 487//487
f 541//541 517//517 527//527
f 487//487 527//527 517//517
f 501//501 520//520 487//487
f 487//487 451//451 488//488
f 720//720 602//602 546//546
f 720//720 546//546 590//590
f 800//800 820//820 859//859
f 761//761 820//820 800//800
f 770//770 761//761 800//800
f 705//705 770//770 800//800
f 644//644 714//714 656//656
f 644//644 705//705 714//714
f 737//737 716//716 746//746
f 716//716 681//681 704//704
f 737//737 681//681 716//716
f 710//710 687//687 714//714
f 696//696 687//687 710//710
f 672//672 714//714 687//687
f 681//681 737//737 664//664
f 705//705 746//746 714//714
f 704//704 698//698 710//710
f 681//681 675//675 687//687
f 840//840 859//859 844//844
f 886//886 844//844 859//859
f 844//844 800//800 840//840
f 814//814 800//800 844//844
f 791//791 789//789 786//786
f 791//791 800//800 790//790
f 790//790 789//789 791//791
f 786//786 789//789 780//780
f 791//791 786//786 780//780
f 841//841 844//844 886//886
f 836//836 805//805 822//822
f 822//822 818//818 844//844
f 805//805 830//830 750//750
f 797//797 750//750 790//790
f 797//797 809//809 818//818
f 814//814 802//802 801//801
f 802//802 814//814 809//809
f 809//809 814//814 818//818
f 814//814 844//844 818//818
f 801//801 802//802 800//800
f 801//801 800//800 814//814
f 805//805 818//818 822//822
f 737//737 743//743 677//677
f 759//759 743//743 737//737
f 743//743 780//780 787//787
f 743//743 759//759 780//780
f 677//677 590//590 664//664
f 677//677 720//720 590//590
f 759//759 746//746 780//780
f 759//759 737//737 746//746
f 746//746 791//791 780//780
f 787//787 789//789 786//786
f 790//790 787//787 786//786
f 787//787 790//790 750//750
f 664//664 675//675 673//673
f 673//673 675//675 672//672
f 710//710 698//698 696//696
f 704//704 681//681 696//696
f 704//704 712//712 711//711
f 681//681 698//698 696//696
f 696//696 698//698 687//687
f 780//780 789//789 787//787
f 421//421 517//517 358//358
f 544//544 352//352 517//517
f 358//358 517//517 352//352
f 546//546 326//326 544//544
f 644//644 601//601 575//575
f 656//656 615//615 644//644
f 517//517 541//541 555//555
f 575//575 555//555 566//566
f 571//571 517//517 555//555
f 566//566 644//644 575//575
f 544//544 571//571 598//598
f 544//544 598//598 664//664
f 598//598 615//615 636//636
f 656//656 664//664 636//636
f 601//601 615//615 598//598
f 590//590 544//544 664//664
f 826//826 757//757 872//872
f 295//295 232//232 258//258
f 258//258 301//301 338//338
f 116//116 187//187 191//191
f 232//232 228//228 258//258
f 228//228 187//187 258//258
f 189//189 228//228 232//232
f 116//116 191//191 189//189
f 164//164 170//170 189//189
f 191//191 187//187 228//228
f 164//164 189//189 210//210
f 191//191 228//228 189//189
f 165//165 145//145 141//141
f 184//184 141//141 164//164
f 164//164 141//141 170//170
f 170//170 141//141 145//145
f 250//250 301//301 258//258
f 21//21 56//56 108//108
f 42//42 17//17 94//94
f 21//21 10//10 30//30
f 12//12 52//52 10//10
f 29//29 10//10 42//42
f 12//12 10//10 20//20
f 27//27 20//20 29//29
f 10//10 21//21 19//19
f 116//116 94//94 187//187
f 42//42 94//94 116//116
f 160//160 150//150 138//138
f 241//241 160//160 180//180
f 150//150 160//160 241//241
f 180//180 160//160 145//145
f 244//244 241//241 316//316
f 110//110 127//127 150//150
f 110//110 150//150 190//190
f 110//110 116//116 127//127
f 241//241 244//244 190//190
f 190//190 150//150 241//241
f 190//190 244//244 316//316
f 95//95 51//51 110//110
f 87//87 51//51 95//95
f 72//72 51//51 87//87
f 81//81 72//72 87//87
f 86//86 190//190 60//60
f 190//190 248//248 60//60
f 128//128 60//60 248//248
f 60//60 128//128 41//41
f 82//82 74//74 87//87
f 60//60 72//72 86//86
f 95//95 110//110 190//190
f 86//86 74//74 81//81
f 81//81 74//74 72//72
f 87//87 74//74 81//81
f 95//95 82//82 87//87
f 60//60 51//51 72//72
f 60//60 41//41 51//51
f 138//138 170//170 145//145
f 339//339 345//345 312//312
f 298//298 318//318 312//312
f 358//358 298//298 312//312
f 298//298 358//358 335//335
f 318//318 273//273 235//235
f 312//312 345//345 358//358
f 259//259 273//273 298//298
f 345//345 339//339 364//364
f 358//358 394//394 421//421
f 364//364 358//358 345//345
f 394//394 339//339 318//318
f 241//241 352//352 316//316
f 549//549 537//537 469//469
f 549//549 469//469 519//519
f 561//561 549//549 519//519
f 436//436 469//469 390//390
f 462//462 561//561 519//519
f 462//462 330//330 359//359
f 511//511 561//561 462//462
f 475//475 511//511 462//462
f 433//433 462//462 380//380
f 475//475 433//433 380//380
f 561//561 511//511 475//475
f 462//462 436//436 330//330
f 554//554 621//621 561//561
f 606//606 621//621 554//554
f 554//554 561//561 528//528
f 713//713 582//582 645//645
f 662//662 554//554 582//582
f 496//496 534//534 507//507
f 475//475 400//400 507//507
f 154//154 240//240 113//113
f 154//154 280//280 240//240
f 32//32 123//123 52//52
f 92//92 151//151 179//179
f 363//363 400//400 380//380
f 363//363 380//380 328//328
f 311//311 328//328 380//380
f 363//363 350//350 372//372
f 331//331 363//363 328//328
f 311//311 350//350 331//331
f 257//257 303//303 311//311
f 289//289 311//311 359//359
f 257//257 311//311 227//227
f 219//219 239//239 257//257
f 227//227 219//219 257//257
f 203//203 151//151 227//227
f 179//179 203//203 289//289
f 179//179 151//151 203//203
f 449//449 505//505 431//431
f 219//219 270//270 239//239
f 219//219 236//236 270//270
f 229//229 247//247 277//277
f 224//224 242//242 236//236
f 242//242 224//224 277//277
f 224//224 229//229 277//277
f 198//198 449//449 247//247
f 247//247 391//391 355//355
f 247//247 449//449 391//391
f 474//474 534//534 428//428
f 505//505 521//521 494//494
f 521//521 474//474 494//494
f 521//521 535//535 474//474
f 474//474 550//550 534//534
f 270//270 302//302 257//257
f 239//239 270//270 257//257
f 428//428 400//400 332//332
f 428//428 368//368 474//474
f 332//332 302//302 270//270
f 270//270 368//368 332//332
f 348//348 368//368 270//270
f 450//450 474//474 423//423
f 453//453 461//461 450//450
f 455//455 453//453 440//440
f 505//505 472//472 431//431
f 455//455 431//431 472//472
f 384//384 399//399 385//385
f 423//423 408//408 411//411
f 384//384 375//375 411//411
f 399//399 384//384 408//408
f 411//411 391//391 431//431
f 440//440 452//452 450//450
f 472//472 461//461 455//455
f 461//461 472//472 494//494
f 450//450 452//452 453//453
f 431//431 440//440 450//450
f 453//453 452//452 461//461
f 423//423 431//431 450//450
f 286//286 270//270 236//236
f 353//353 348//348 325//325
f 299//299 325//325 348//348
f 348//348 270//270 286//286
f 266//266 236//236 242//242
f 355//355 375//375 325//325
f 325//325 375//375 353//353
f 428//428 496//496 507//507
f 302//302 332//332 323//323
f 400//400 372//372 332//332
f 847//847 838//838 815//815
f 778//778 815//815 838//838
f 778//778 796//796 815//815
f 760//760 838//838 832//832
f 720//720 778//778 685//685
f 760//760 821//821 810//810
f 760//760 825//825 821//821
f 760//760 624//624 685//685
f 624//624 760//760 725//725
f 685//685 838//838 760//760
f 547//547 546//546 602//602
f 602//602 685//685 547//547
f 724//724 749//749 645//645
f 749//749 730//730 762//762
f 762//762 730//730 744//744
f 730//730 695//695 708//708
f 744//744 730//730 708//708
f 724//724 693//693 695//695
f 626//626 695//695 693//693
f 749//749 762//762 798//798
f 760//760 794//794 779//779
f 760//760 758//758 725//725
f 765//765 774//774 754//754
f 754//754 774//774 762//762
f 725//725 758//758 744//744
f 794//794 781//781 779//779
f 765//765 758//758 779//779
f 781//781 798//798 774//774
f 624//624 725//725 648//648
f 648//648 725//725 744//744
f 547//547 626//626 524//524
f 547//547 624//624 626//626
f 505//505 524//524 551//551
f 848//848 841//841 886//886
f 823//823 796//796 778//778
f 830//830 841//841 823//823
f 796//796 842//842 815//815
f 842//842 848//848 860//860
f 750//750 778//778 720//720
f 750//750 830//830 778//778
f 547//547 524//524 449//449
f 505//505 449//449 524//524
f 654//654 645//645 610//610
f 625//625 600//600 604//604
f 645//645 593//593 610//610
f 666//666 667//667 651//651
f 659//659 667//667 666//666
f 674//674 667//667 659//659
f 666//666 674//674 654//654
f 651//651 625//625 659//659
f 639//639 638//638 654//654
f 625//625 638//638 628//628
f 628//628 638//638 639//639
f 570//570 573//573 585//585
f 604//604 600//600 573//573
f 551//551 604//604 573//573
f 573//573 600//600 585//585
f 505//505 551//551 548//548
f 32//32 52//52 12//12
f 31//31 32//32 20//20
f 92//92 123//123 32//32
f 101//101 31//31 40//40
f 101//101 151//151 92//92
f 101//101 92//92 31//31
f 71//71 34//34 38//38
f 37//37 40//40 34//34
f 37//37 71//71 124//124
f 40//40 44//44 46//46
f 69//69 44//44 37//37
f 69//69 50//50 44//44
f 69//69 78//78 50//50
f 46//46 125//125 40//40
f 248//248 326//326 198//198
f 124//124 128//128 248//248
f 40//40 125//125 101//101
f 198//198 247//247 201//201
f 144//144 155//155 125//125
f 144//144 125//125 117//117
f 157//157 201//201 130//130
f 157//157 198//198 201//201
f 78//78 100//100 125//125
f 78//78 198//198 157//157
f 100//100 78//78 157//157
f 117//117 100//100 130//130
f 100//100 117//117 125//125
f 117//117 130//130 144//144
f 178//178 197//197 175//175
f 217//217 197//197 178//178
f 229//229 178//178 201//201
f 201//201 247//247 229//229
f 217//217 178//178 229//229
f 201//201 178//178 155//155
f 201//201 155//155 130//130
f 197//197 224//224 236//236
f 41//41 71//71 38//38
f 390//390 313//313 330//330
f 71//71 41//41 128//128
f 417//417 394//394 439//439
f 180//180 184//184 210//210
f 189//189 295//295 210//210
f 550//550 564//564 534//534
f 570//570 534//534 564//564
f 920//920 935//935 861//861
f 149//149 135//135 269//269
f 89//89 16//16 23//23
f 588//588 549//549 561//561
f 768//768 813//813 799//799
f 819//819 845//845 872//872
f 859//859 896//896 886//886
f 749//749 755//755 713//713
f 781//781 794//794 798//798
f 848//848 886//886 860//860
f 860//860 847//847 842//842
f 748//748 727//727 824//824
f 850//850 858//858 849//849
f 850//850 849//849 846//846
f 620//620 608//608 612//612
f 619//619 620//620 612//612
f 891//891 899//899 884//884
f 894//894 948//948 926//926
f 927//927 894//894 877//877
f 948//948 899//899 926//926
f 884//884 858//858 862//862
f 850//850 862//862 858//858
f 849//849 834//834 862//862
f 620//620 623//623 616//616
f 608//608 620//620 616//616
f 623//623 642//642 616//616
f 619//619 612//612 616//616
f 623//623 619//619 616//616
f 612//612 642//642 623//623
f 616//616 612//612 623//623
f 660//660 689//689 618//618
f 660//660 642//642 643//643
f 634//634 627//627 630//630
f 605//605 634//634 630//630
f 608//608 569//569 612//612
f 643//643 706//706 689//689
f 503//503 533//533 513//513
f 500//500 515//515 492//492
f 515//515 513//513 533//533
f 341//341 393//393 437//437
f 783//783 782//782 736//736
f 738//738 718//718 706//706
f 782//782 738//738 736//736
f 736//736 706//706 643//643
f 817//817 829//829 806//806
f 793//793 806//806 829//829
f 782//782 783//783 806//806
f 929//929 883//883 885//885
f 824//824 727//727 784//784
f 701//701 771//771 699//699
f 804//804 751//751 776//776
f 792//792 804//804 769//769
f 804//804 776//776 769//769
f 769//769 776//776 747//747
f 669//669 671//671 709//709
f 641//641 671//671 669//669
f 747//747 756//756 769//769
f 641//641 634//634 671//671
f 900//900 916//916 893//893
f 901//901 900//900 882//882
f 900//900 870//870 882//882
f 892//892 851//851 875//875
f 892//892 882//882 851//851
f 877//877 907//907 927//927
f 980//980 985//985 982//982
f 907//907 877//877 795//795
f 989//989 982//982 987//987
f 950//950 954//954 978//978
f 989//989 988//988 986//986
f 954//954 956//956 983//983
f 980//980 987//987 985//985
f 893//893 916//916 907//907
f 982//982 962//962 948//948
f 881//881 903//903 843//843
f 373//373 381//381 378//378
f 493//493 509//509 508//508
f 466//466 486//486 434//434
f 444//444 434//434 486//486
f 454//454 444//444 480//480
f 444//444 486//486 480//480
f 376//376 388//388 413//413
f 444//444 413//413 434//434
f 361//361 367//367 381//381
f 509//509 493//493 486//486
f 632//632 627//627 630//630
f 627//627 632//632 641//641
f 605//605 630//630 595//595
f 531//531 536//536 545//545
f 530//530 531//531 545//545
f 632//632 627//627 634//634
f 632//632 634//634 641//641
f 159//159 214//214 202//202
f 89//89 220//220 137//137
f 367//367 305//305 376//376
f 305//305 324//324 283//283
f 464//464 591//591 563//563
f 306//306 252//252 223//223
f 412//412 463//463 485//485
f 370//370 412//412 396//396
f 447//447 463//463 412//412
f 306//306 255//255 320//320
f 107//107 134//134 35//35
f 61//61 107//107 35//35
f 889//889 824//824 883//883
f 965//965 923//923 946//946
f 682//682 739//739 752//752
f 752//752 739//739 734//734
f 924//924 925//925 974//974
f 923//923 951//951 917//917
f 930//930 943//943 853//853
f 816//816 717//717 732//732
f 589//589 717//717 592//592
f 944//944 906//906 939//939
f 939//939 945//945 931//931
f 263//263 334//334 296//296
f 315//315 314//314 319//319
f 263//263 296//296 285//285
f 152//152 85//85 61//61
f 275//275 231//231 256//256
f 221//221 246//246 256//256
f 245//245 253//253 230//230
f 133//133 177//177 192//192
f 253//253 177//177 205//205
f 158//158 167//167 166//166
f 9//9 14//14 3//3
f 166//166 134//134 158//158
f 166//166 177//177 132//132
f 192//192 129//129 133//133
f 360//360 315//315 342//342
f 442//442 398//398 356//356
f 471//471 418//418 387//387
f 7//7 5//5 3//3
f 13//13 7//7 3//3
f 5//5 2//2 7//7
f 5//5 1//1 2//2
f 7//7 4//4 5//5
f 7//7 2//2 4//4
f 5//5 4//4 3//3
f 159//159 23//23 36//36
f 1//1 6//6 4//4
f 2//2 1//1 4//4
f 13//13 14//14 89//89
f 6//6 89//89 109//109
f 18//18 26//26 24//24
f 24//24 57//57 33//33
f 802//802 801//801 797//797
f 800//800 802//802 797//797
f 7//7 13//13 6//6
f 156//156 106//106 142//142
f 249//249 268//268 200//200
f 268//268 209//209 193//193
f 343//343 268//268 287//287
f 336//336 383//383 327//327
f 104//104 75//75 91//91
f 79//79 49//49 53//53
f 98//98 49//49 79//79
f 212//212 194//194 172//172
f 243//243 211//211 194//194
f 379//379 344//344 293//293
f 344//344 274//274 293//293
f 366//366 308//308 337//337
f 476//476 540//540 491//491
f 768//768 707//707 731//731
f 767//767 723//723 772//772
f 349//349 407//407 310//310
f 542//542 584//584 663//663
f 835//835 910//910 922//922
f 922//922 874//874 835//835
f 945//945 939//939 957//957
f 922//922 910//910 958//958
f 955//955 940//940 909//909
f 955//955 977//977 972//972
f 879//879 890//890 941//941
f 678//678 726//726 753//753
f 607//607 559//559 678//678
f 688//688 684//684 735//735
f 688//688 614//614 684//684
f 525//525 537//537 579//579
f 596//596 579//579 574//574
f 658//658 735//735 684//684
f 913//913 798//798 938//938
f 979//979 959//959 977//977
f 921//921 880//880 876//876
f 871//871 869//869 880//880
f 895//895 845//845 871//871
f 936//936 880//880 921//921
f 657//657 690//690 621//621
f 697//697 657//657 686//686
f 686//686 715//715 722//722
f 866//866 832//832 838//838
f 827//827 798//798 794//794
f 317//317 278//278 357//357
f 58//58 47//47 39//39
f 22//22 39//39 47//47
f 53//53 49//49 45//45
f 53//53 45//45 47//47
f 48//48 45//45 49//49
f 39//39 22//22 84//84
f 162//162 84//84 25//25
f 222//222 115//115 169//169
f 284//284 162//162 290//290
f 162//162 114//114 276//276
f 276//276 114//114 188//188
f 114//114 77//77 105//105
f 208//208 168//168 102//102
f 208//208 146//146 186//186
f 260//260 237//237 207//207
f 390//390 435//435 313//313
f 76//76 43//43 21//21
f 43//43 76//76 88//88
f 52//52 113//113 28//28
f 799//799 721//721 764//764
f 473//473 459//459 414//414
f 439//439 421//421 417//417
f 558//558 495//495 538//538
f 555//555 558//558 566//566
f 520//520 527//527 487//487
f 664//664 656//656 672//672
f 687//687 673//673 672//672
f 711//711 716//716 704//704
f 673//673 681//681 664//664
f 716//716 714//714 746//746
f 675//675 664//664 672//672
f 712//712 704//704 710//710
f 789//789 790//790 786//786
f 841//841 836//836 844//844
f 844//844 836//836 822//822
f 830//830 805//805 836//836
f 801//801 802//802 809//809
f 797//797 801//801 809//809
f 711//711 714//714 716//716
f 712//712 711//711 716//716
f 790//790 800//800 797//797
f 673//673 687//687 675//675
f 710//710 714//714 711//711
f 712//712 710//710 711//711
f 81//81 74//74 82//82
f 86//86 81//81 82//82
f 698//698 704//704 696//696
f 712//712 716//716 711//711
f 675//675 681//681 673//673
f 644//644 615//615 601//601
f 575//575 601//601 571//571
f 656//656 636//636 615//615
f 338//338 295//295 258//258
f 250//250 187//187 108//108
f 210//210 184//184 164//164
f 184//184 180//180 165//165
f 141//141 184//184 165//165
f 145//145 165//165 180//180
f 108//108 17//17 19//19
f 17//17 108//108 94//94
f 127//127 116//116 138//138
f 138//138 150//150 127//127
f 51//51 27//27 29//29
f 74//74 86//86 72//72
f 160//160 138//138 145//145
f 138//138 189//189 170//170
f 528//528 475//475 507//507
f 554//554 528//528 507//507
f 318//318 235//235 210//210
f 298//298 273//273 318//318
f 180//180 210//210 235//235
f 235//235 273//273 259//259
f 259//259 180//180 235//235
f 417//417 421//421 394//394
f 433//433 475//475 462//462
f 359//359 380//380 462//462
f 368//368 348//348 353//353
f 385//385 368//368 353//353
f 330//330 240//240 280//280
f 289//289 280//280 154//154
f 400//400 363//363 372//372
f 363//363 331//331 350//350
f 303//303 302//302 323//323
f 328//328 311//311 331//331
f 289//289 203//203 227//227
f 227//227 151//151 219//219
f 175//175 236//236 219//219
f 534//534 593//593 582//582
f 323//323 332//332 350//350
f 303//303 257//257 302//302
f 848//848 842//842 796//796
f 841//841 848//848 796//796
f 450//450 461//461 474//474
f 431//431 455//455 440//440
f 391//391 411//411 375//375
f 452//452 455//455 461//461
f 453//453 452//452 440//440
f 453//453 455//455 452//452
f 474//474 408//408 423//423
f 286//286 299//299 348//348
f 242//242 277//277 266//266
f 236//236 266//266 286//286
f 286//286 266//266 299//299
f 375//375 355//355 391//391
f 353//353 384//384 385//385
f 825//825 760//760 832//832
f 626//626 648//648 708//708
f 749//749 724//724 730//730
f 695//695 730//730 724//724
f 604//604 626//626 625//625
f 779//779 758//758 760//760
f 758//758 765//765 754//754
f 781//781 774//774 765//765
f 765//765 779//779 781//781
f 762//762 744//744 754//754
f 639//639 651//651 655//655
f 638//638 639//639 655//655
f 585//585 600//600 593//593
f 625//625 628//628 610//610
f 593//593 600//600 610//610
f 666//666 651//651 659//659
f 666//666 665//665 667//667
f 667//667 665//665 651//651
f 666//666 667//667 674//674
f 665//665 654//654 655//655
f 666//666 654//654 665//665
f 625//625 651//651 639//639
f 31//31 20//20 27//27
f 40//40 31//31 27//27
f 638//638 625//625 639//639
f 665//665 655//655 651//651
f 628//628 639//639 654//654
f 564//564 550//550 548//548
f 564//564 573//573 570//570
f 535//535 521//521 505//505
f 550//550 535//535 548//548
f 693//693 674//674 659//659
f 645//645 654//654 693//693
f 815//815 842//842 847//847
f 130//130 100//100 157//157
f 217//217 224//224 197//197
f 229//229 224//224 217//217
f 830//830 836//836 841//841
f 45//45 48//48 121//121
f 275//275 334//334 253//253
