# convertido de flygym/NeuroMechFly (rh_tarsus2)
v -0.05476 0.00008 -0.18549
v -0.05446 0.00169 -0.18421
v -0.05332 0.00065 -0.18652
v -0.05291 0.00062 -0.18097
v -0.05285 -0.00240 -0.18335
v -0.05196 0.00214 -0.18484
v -0.05098 0.00251 -0.17822
v -0.05068 -0.00334 -0.18153
v -0.05054 -0.00139 -0.18511
v -0.05004 -0.00258 -0.17859
v -0.04939 0.00157 -0.18344
v -0.04899 0.00135 -0.17529
v -0.04813 0.00379 -0.17999
v -0.04758 -0.00241 -0.18205
v -0.04692 -0.00347 -0.17578
v -0.04681 0.00246 -0.17333
v -0.04656 0.00196 -0.18280
v -0.04587 -0.00253 -0.18025
v -0.04561 0.00337 -0.18135
v -0.04502 0.00415 -0.17502
v -0.04378 -0.00373 -0.17681
v -0.04361 0.00019 -0.18141
v -0.04352 -0.00340 -0.17108
v -0.04309 0.00326 -0.17945
v -0.04308 0.00045 -0.16911
v -0.04194 -0.00563 -0.17234
v -0.04186 0.00348 -0.17093
v -0.04151 0.00477 -0.17622
v -0.04072 -0.00144 -0.16575
v -0.04046 0.00204 -0.12643
v -0.04036 -0.00584 -0.17464
v -0.04029 -0.00047 -0.12858
v -0.03993 0.00039 -0.16430
v -0.03977 -0.00035 -0.15607
v -0.03969 -0.00072 -0.12325
v -0.03959 -0.00192 -0.17947
v -0.03956 0.00092 -0.14542
v -0.03918 -0.00061 -0.16035
v -0.03917 -0.02084 -0.16786
v -0.03914 0.00286 -0.14332
v -0.03913 -0.00785 -0.16737
v -0.03908 0.00153 -0.14827
v -0.03902 0.00483 -0.17468
v -0.03898 0.00408 -0.15173
v -0.03896 -0.00113 -0.15245
v -0.03876 -0.00010 -0.05488
v -0.03875 -0.00379 -0.03958
v -0.03872 -0.00064 -0.03769
v -0.03867 0.00454 -0.12944
v -0.03864 0.00175 -0.17859
v -0.03862 -0.00054 -0.04897
v -0.03857 -0.00302 -0.04758
v -0.03851 0.00009 -0.13224
v -0.03846 0.00263 -0.05280
v -0.03844 -0.02578 -0.16816
v -0.03844 -0.00087 -0.04150
v -0.03842 0.00375 -0.16531
v -0.03842 -0.02160 -0.17269
v -0.03840 -0.01744 -0.17192
v -0.03839 -0.02541 -0.17142
v -0.03830 0.00146 -0.05859
v -0.03829 0.00537 -0.12329
v -0.03828 0.00344 -0.12063
v -0.03823 -0.00186 -0.09211
v -0.03819 0.00021 -0.11729
v -0.03811 0.00060 -0.09523
v -0.03809 -0.01317 -0.16996
v -0.03808 -0.01015 -0.17273
v -0.03806 -0.00630 -0.15546
v -0.03798 -0.00102 -0.10808
v -0.03791 -0.00319 -0.12025
v -0.03788 -0.01077 -0.16683
v -0.03788 -0.00016 -0.08716
v -0.03783 0.00588 -0.14921
v -0.03782 0.00584 -0.05905
v -0.03772 0.00203 -0.11202
v -0.03771 0.00500 -0.14157
v -0.03770 0.00375 -0.16146
v -0.03766 0.00186 -0.03566
v -0.03762 -0.00114 -0.07859
v -0.03758 0.00010 -0.10188
v -0.03756 -0.00211 -0.13687
v -0.03752 0.00251 -0.13461
v -0.03752 -0.00878 -0.15860
v -0.03748 -0.00590 -0.17884
v -0.03745 0.00334 -0.09093
v -0.03741 -0.00354 -0.08334
v -0.03741 -0.00976 -0.04128
v -0.03739 -0.01524 -0.18629
v -0.03737 0.00182 -0.06236
v -0.03732 -0.01147 -0.18646
v -0.03730 -0.01794 -0.16036
v -0.03729 -0.00453 -0.09680
v -0.03728 -0.01349 -0.16177
v -0.03727 0.00392 -0.04727
v -0.03725 -0.00427 -0.02901
v -0.03723 -0.00846 -0.18346
v -0.03723 -0.00899 -0.17622
v -0.03719 -0.01154 -0.03789
v -0.03712 -0.03177 -0.17686
v -0.03708 -0.00660 -0.14694
v -0.03700 0.00206 -0.08282
v -0.03696 -0.01156 -0.03066
v -0.03694 0.00321 -0.09964
v -0.03691 -0.00129 -0.02570
v -0.03690 -0.00042 -0.07108
v -0.03685 0.00413 -0.13718
v -0.03685 -0.03103 -0.16994
v -0.03683 -0.00428 -0.07354
v -0.03682 -0.01851 -0.15339
v -0.03678 -0.00646 -0.18417
v -0.03678 -0.00491 -0.10352
v -0.03676 -0.01531 -0.03255
v -0.03675 -0.01631 -0.18960
v -0.03673 -0.00927 -0.04840
v -0.03665 0.00595 -0.11724
v -0.03663 -0.01423 -0.18873
v -0.03661 -0.02187 -0.16070
v -0.03653 -0.00698 -0.12468
v -0.03652 -0.00702 -0.11327
v -0.03651 -0.00428 -0.06616
v -0.03650 0.00220 -0.07527
v -0.03648 0.00416 -0.10746
v -0.03644 -0.00472 -0.18562
v -0.03642 -0.01623 -0.17691
v -0.03642 -0.00623 -0.12857
v -0.03642 0.00434 -0.06253
v -0.03641 0.00625 -0.04213
v -0.03640 -0.00904 -0.14013
v -0.03639 0.00124 -0.06686
v -0.03638 -0.01733 -0.17929
v -0.03635 -0.00690 -0.08653
v -0.03633 -0.01239 -0.02108
v -0.03633 -0.00704 -0.01916
v -0.03629 -0.00754 -0.11778
v -0.03629 -0.01888 -0.18743
v -0.03628 0.00192 -0.03022
v -0.03625 -0.03009 -0.16748
v -0.03621 -0.01417 -0.03945
v -0.03611 -0.01653 -0.14171
v -0.03598 -0.01526 -0.11606
v -0.03594 -0.02068 -0.17698
v -0.03593 -0.00228 -0.18263
v -0.03590 -0.01559 -0.02346
v -0.03583 -0.00967 -0.05443
v -0.03583 -0.01834 -0.19196
v -0.03580 -0.01599 -0.14445
v -0.03580 -0.03446 -0.17571
v -0.03576 -0.01565 -0.11325
v -0.03571 -0.00824 -0.18455
v -0.03565 -0.00788 -0.01143
v -0.03563 -0.01782 -0.14853
v -0.03558 -0.01244 -0.01357
v -0.03552 -0.01794 -0.03458
v -0.03550 0.00671 -0.16970
v -0.03548 -0.01614 -0.12034
v -0.03547 -0.02324 -0.15385
v -0.03542 -0.03175 -0.18007
v -0.03542 0.00750 -0.14316
v -0.03531 -0.01148 -0.09364
v -0.03531 -0.01199 -0.06555
v -0.03528 -0.01013 -0.12869
v -0.03528 -0.00133 -0.01503
v -0.03508 -0.01045 -0.08187
v -0.03506 0.00198 -0.02001
v -0.03504 0.00640 -0.09775
v -0.03499 -0.01228 -0.05875
v -0.03498 0.00113 -0.18084
v -0.03496 -0.01421 -0.08497
v -0.03493 -0.01856 -0.14044
v -0.03492 -0.01047 -0.10573
v -0.03490 -0.01359 -0.12547
v -0.03490 0.00712 -0.04999
v -0.03489 0.00875 -0.05835
v -0.03487 -0.01627 -0.01550
v -0.03484 -0.02520 -0.17908
v -0.03481 -0.01497 -0.09172
v -0.03481 -0.01245 -0.04886
v -0.03480 0.00634 -0.13425
v -0.03478 -0.03590 -0.17790
v -0.03475 -0.01902 -0.03078
v -0.03473 0.00857 -0.12300
v -0.03468 -0.01485 -0.13405
v -0.03467 -0.01371 -0.04288
v -0.03466 -0.02283 -0.18123
v -0.03466 -0.00483 -0.18510
v -0.03465 0.00433 -0.06981
v -0.03464 0.00778 -0.15045
v -0.03461 0.00851 -0.11458
v -0.03458 -0.02320 -0.17856
v -0.03451 -0.01112 -0.07733
v -0.03442 -0.01756 -0.02079
v -0.03437 -0.02171 -0.19055
v -0.03434 -0.03356 -0.18146
v -0.03425 -0.01638 -0.00988
v -0.03420 -0.01908 -0.11334
v -0.03420 0.00688 -0.10387
v -0.03415 -0.01456 -0.00745
v -0.03412 -0.01293 -0.00538
v -0.03404 -0.01118 -0.10085
v -0.03404 0.00523 -0.17634
v -0.03404 0.00821 -0.15527
v -0.03403 0.00702 -0.03376
v -0.03398 -0.02022 -0.14233
v -0.03392 -0.01512 -0.06395
v -0.03384 -0.01026 -0.00452
v -0.03382 -0.00870 -0.00498
v -0.03381 -0.00985 -0.00499
v -0.03379 -0.00993 -0.00443
v -0.03377 -0.00944 -0.00471
v -0.03372 -0.01612 -0.12992
v -0.03368 -0.03587 -0.17972
v -0.03364 -0.01369 -0.05462
v -0.03364 0.00931 -0.08737
v -0.03363 -0.01357 -0.07212
v -0.03350 -0.00507 -0.00519
v -0.03345 0.00879 -0.16129
v -0.03337 -0.01015 -0.00497
v -0.03332 0.00836 -0.08256
v -0.03329 0.01111 -0.04064
v -0.03329 -0.01966 -0.01205
v -0.03326 0.00233 -0.01599
v -0.03320 -0.02905 -0.16160
v -0.03313 -0.02328 -0.19154
v -0.03313 0.00685 -0.02584
v -0.03307 -0.02296 -0.19182
v -0.03306 -0.02131 -0.19139
v -0.03303 -0.02378 -0.19288
v -0.03294 -0.02316 -0.19166
v -0.03289 -0.03584 -0.17279
v -0.03280 -0.01934 -0.13595
v -0.03279 -0.03148 -0.15314
v -0.03275 -0.00628 -0.00516
v -0.03275 -0.02539 -0.18655
v -0.03269 -0.01346 -0.18852
v -0.03268 -0.01800 -0.08557
v -0.03263 -0.02124 -0.03505
v -0.03254 -0.02875 -0.18331
v -0.03252 -0.02298 -0.19216
v -0.03244 -0.01604 -0.10243
v -0.03244 0.00916 -0.12586
v -0.03240 -0.00384 -0.00429
v -0.03237 -0.03086 -0.04397
v -0.03227 -0.01876 -0.01085
v -0.03214 -0.02923 -0.14553
v -0.03213 -0.02428 -0.03047
v -0.03201 0.00373 -0.18216
v -0.03201 -0.02510 -0.03785
v -0.03200 -0.01876 -0.09282
v -0.03195 -0.01957 -0.12533
v -0.03195 -0.00164 -0.18329
v -0.03192 0.00896 -0.10566
v -0.03188 -0.02293 -0.01070
v -0.03183 -0.02803 -0.03436
v -0.03183 -0.04270 -0.19420
v -0.03173 -0.03216 -0.14948
v -0.03166 -0.03062 -0.04694
v -0.03162 -0.03261 -0.18371
v -0.03161 -0.02484 -0.19273
v -0.03150 -0.03150 -0.15732
v -0.03149 -0.04097 -0.19233
v -0.03147 -0.01631 -0.06809
v -0.03146 -0.01582 -0.00877
v -0.03139 0.01248 -0.03948
v -0.03127 -0.01616 -0.04811
v -0.03124 -0.03009 -0.05139
v -0.03115 -0.01635 -0.04386
v -0.03115 -0.02101 -0.10923
v -0.03105 -0.02807 -0.04966
v -0.03100 -0.02342 -0.02367
v -0.03092 -0.04439 -0.19291
v -0.03090 0.00908 -0.13431
v -0.03086 0.01134 -0.11344
v -0.03084 -0.00682 -0.18568
v -0.03083 0.00980 -0.14176
v -0.03082 -0.03260 -0.05026
v -0.03082 -0.03266 -0.04261
v -0.03081 0.00919 -0.10022
v -0.03081 -0.01697 -0.07809
v -0.03079 0.00777 -0.17510
v -0.03075 0.01001 -0.03384
v -0.03074 -0.02331 -0.11776
v -0.03070 -0.00107 -0.00459
v -0.03062 -0.04264 -0.19027
v -0.03058 0.01053 -0.07891
v -0.03057 -0.03099 -0.03847
v -0.03051 -0.04245 -0.19611
v -0.03045 -0.02626 -0.04677
v -0.03044 -0.02806 -0.14007
v -0.03043 0.00924 -0.06680
v -0.03039 -0.02342 -0.02059
v -0.03039 0.01080 -0.06091
v -0.03037 -0.03892 -0.19096
v -0.03032 -0.02309 -0.12301
v -0.03012 -0.02241 -0.13092
v -0.03010 -0.01988 -0.19134
v -0.03010 -0.02003 -0.03965
v -0.03005 -0.02583 -0.01179
v -0.03003 -0.03473 -0.15108
v -0.03003 -0.02709 -0.12611
v -0.02999 -0.02969 -0.02988
v -0.02991 -0.03637 -0.18370
v -0.02989 -0.02398 -0.11940
v -0.02977 -0.02252 -0.19210
v -0.02974 -0.02522 -0.13658
v -0.02968 -0.03928 -0.18746
v -0.02965 -0.02646 -0.19120
v -0.02963 -0.02265 -0.12692
v -0.02959 -0.02583 -0.11861
v -0.02948 -0.03857 -0.17833
v -0.02946 -0.03225 -0.10452
v -0.02945 0.00632 -0.17956
v -0.02945 -0.03177 -0.14157
v -0.02944 -0.03038 -0.12235
v -0.02944 -0.01790 -0.05336
v -0.02943 -0.02136 -0.10294
v -0.02942 0.00013 -0.00367
v -0.02938 -0.01832 -0.00977
v -0.02928 -0.03195 -0.10629
v -0.02926 0.01182 -0.08458
v -0.02924 0.00979 -0.12761
v -0.02913 -0.03381 -0.16277
v -0.02912 -0.02851 -0.13165
v -0.02911 -0.01781 -0.07121
v -0.02905 -0.02267 -0.09376
v -0.02898 -0.03248 -0.13037
v -0.02895 -0.02100 -0.08480
v -0.02888 -0.01921 -0.06364
v -0.02887 -0.03540 -0.16791
v -0.02885 -0.01898 -0.04556
v -0.02877 -0.02222 -0.04918
v -0.02870 -0.02753 -0.01192
v -0.02870 -0.02710 -0.01850
v -0.02864 -0.02348 -0.04618
v -0.02861 -0.03455 -0.14751
v -0.02860 -0.01914 -0.04172
v -0.02858 0.01223 -0.02444
v -0.02855 -0.03941 -0.19497
v -0.02849 -0.03510 -0.04816
v -0.02848 -0.03414 -0.04395
v -0.02844 -0.02469 -0.10692
v -0.02841 -0.02661 -0.11096
v -0.02841 -0.01907 -0.07822
v -0.02841 0.01147 -0.05350
v -0.02833 -0.03323 -0.05348
v -0.02831 -0.03302 -0.10916
v -0.02829 -0.02690 -0.10343
v -0.02827 -0.02301 -0.09929
v -0.02827 -0.04560 -0.19176
v -0.02822 -0.03263 -0.12566
v -0.02818 -0.02100 -0.04337
v -0.02813 -0.04002 -0.18087
v -0.02803 -0.04449 -0.18874
v -0.02802 -0.02971 -0.18752
v -0.02801 -0.02812 -0.19186
v -0.02800 0.00119 -0.00321
v -0.02799 -0.00873 -0.00626
v -0.02794 -0.04374 -0.19497
v -0.02794 0.01149 -0.02084
v -0.02782 -0.03443 -0.10221
v -0.02779 -0.02143 -0.05253
v -0.02776 -0.03261 -0.13467
v -0.02771 -0.02726 -0.09616
v -0.02770 -0.03063 -0.11410
v -0.02760 -0.03195 -0.09867
v -0.02760 -0.02874 -0.01273
v -0.02750 -0.04080 -0.19715
v -0.02745 -0.02024 -0.07519
v -0.02735 -0.03279 -0.03569
v -0.02734 -0.03084 -0.02465
v -0.02731 0.01221 -0.16230
v -0.02728 -0.03725 -0.18980
v -0.02726 -0.02104 -0.05951
v -0.02716 0.01308 -0.11646
v -0.02710 -0.04260 -0.18468
v -0.02702 0.01438 -0.04295
v -0.02699 -0.03615 -0.15750
v -0.02698 -0.03254 -0.07443
v -0.02695 -0.02386 -0.05561
v -0.02693 0.01070 -0.14867
v -0.02686 -0.03955 -0.17658
v -0.02678 -0.02084 -0.06875
v -0.02676 -0.03329 -0.11961
v -0.02668 0.01140 -0.17097
v -0.02662 -0.04189 -0.19665
v -0.02661 0.00344 -0.00440
v -0.02661 0.00478 -0.18197
v -0.02660 -0.03387 -0.18689
v -0.02643 0.01253 -0.03472
v -0.02641 -0.03627 -0.10468
v -0.02641 -0.02206 -0.07648
v -0.02637 -0.02298 -0.07162
v -0.02633 0.01299 -0.06366
v -0.02630 -0.03255 -0.08006
v -0.02629 -0.02560 -0.08601
v -0.02626 -0.03778 -0.19338
v -0.02621 0.01364 -0.02440
v -0.02618 -0.02848 -0.19124
v -0.02612 -0.02536 -0.07665
v -0.02610 -0.02868 -0.05767
v -0.02608 -0.00183 -0.18473
v -0.02603 -0.00087 -0.00418
v -0.02600 -0.03565 -0.05383
v -0.02595 0.01342 -0.07004
v -0.02592 0.01253 -0.17510
v -0.02588 0.01273 -0.08707
v -0.02587 -0.02295 -0.06676
v -0.02586 -0.03631 -0.07879
v -0.02568 -0.02436 -0.05921
v -0.02565 0.01181 -0.09315
v -0.02564 -0.03508 -0.09532
v -0.02563 -0.03709 -0.07451
v -0.02556 -0.03231 -0.09139
v -0.02552 -0.03167 -0.01750
v -0.02546 -0.04317 -0.19355
v -0.02546 -0.03581 -0.05026
v -0.02545 -0.02743 -0.06727
v -0.02544 0.00825 -0.18096
v -0.02542 -0.03100 -0.01223
v -0.02539 -0.01456 -0.00897
v -0.02536 -0.03596 -0.08294
v -0.02534 -0.04391 -0.19085
v -0.02534 -0.03511 -0.14228
v -0.02534 -0.03343 -0.08398
v -0.02526 0.00794 -0.01101
v -0.02522 -0.04121 -0.19412
v -0.02516 -0.03651 -0.15147
v -0.02509 -0.03685 -0.09926
v -0.02506 -0.03353 -0.11470
v -0.02504 -0.03504 -0.13320
v -0.02504 0.01455 -0.07230
v -0.02498 -0.02946 -0.19004
v -0.02497 -0.03592 -0.16504
v -0.02497 0.00490 -0.00320
v -0.02494 0.01408 -0.01922
v -0.02491 0.01165 -0.17692
v -0.02487 -0.03626 -0.15907
v -0.02483 -0.03535 -0.12613
v -0.02462 -0.03598 -0.07218
v -0.02454 -0.03339 -0.05819
v -0.02433 -0.03483 -0.08838
v -0.02432 -0.03101 -0.06365
v -0.02423 -0.04297 -0.18238
v -0.02422 -0.03741 -0.19086
v -0.02418 -0.03368 -0.02455
v -0.02402 0.01511 -0.04457
v -0.02396 -0.02924 -0.01299
v -0.02396 0.01244 -0.13962
v -0.02394 0.01283 -0.16718
v -0.02388 0.01423 -0.07615
v -0.02380 -0.03865 -0.08127
v -0.02377 -0.03390 -0.06813
v -0.02376 0.00583 -0.00254
v -0.02363 -0.04104 -0.17816
v -0.02360 0.01070 -0.01317
v -0.02342 0.01278 -0.12351
v -0.02329 -0.04314 -0.18716
v -0.02319 -0.01387 -0.18958
v -0.02316 -0.03853 -0.07687
v -0.02307 -0.03315 -0.01408
v -0.02302 -0.04154 -0.19120
v -0.02296 -0.02759 -0.19053
v -0.02293 -0.03959 -0.07981
v -0.02284 -0.03800 -0.09660
v -0.02280 0.01385 -0.03052
v -0.02277 -0.03803 -0.08465
v -0.02270 0.01390 -0.09358
v -0.02254 -0.03724 -0.10446
v -0.02245 0.01449 -0.05570
v -0.02243 -0.03756 -0.09220
v -0.02236 0.01329 -0.15475
v -0.02233 0.01367 -0.16416
v -0.02229 0.01453 -0.02714
v -0.02223 -0.03486 -0.03691
v -0.02217 -0.03857 -0.08812
v -0.02216 0.01247 -0.17356
v -0.02216 -0.03291 -0.18847
v -0.02211 0.00489 -0.00308
v -0.02196 -0.03622 -0.07027
v -0.02189 -0.03635 -0.05537
v -0.02188 -0.03587 -0.12067
v -0.02176 0.01271 -0.12839
v -0.02174 0.00808 -0.00392
v -0.02167 0.01387 -0.11818
v -0.02160 -0.04269 -0.18449
v -0.02143 -0.03532 -0.06322
v -0.02132 0.01524 -0.06658
v -0.02121 0.00942 -0.18121
v -0.02116 -0.04003 -0.18844
v -0.02116 0.01219 -0.14768
v -0.02110 0.01513 -0.07225
v -0.02100 0.01283 -0.10595
v -0.02096 0.01312 -0.17032
v -0.02091 0.00696 -0.18159
v -0.02074 0.01322 -0.13454
v -0.02070 0.01437 -0.07915
v -0.02062 -0.03931 -0.08111
v -0.02045 -0.03468 -0.01624
v -0.01998 0.01477 -0.09625
v -0.01951 0.01516 -0.08837
v -0.01950 -0.03598 -0.11363
v -0.01941 -0.03372 -0.01530
v -0.01934 0.01523 -0.02191
v -0.01925 -0.03661 -0.13517
v -0.01904 -0.04093 -0.18543
v -0.01903 0.00951 -0.00315
v -0.01898 -0.03721 -0.12766
v -0.01882 -0.03715 -0.05356
v -0.01882 -0.03652 -0.06871
v -0.01873 -0.03837 -0.08693
v -0.01868 -0.03735 -0.09545
v -0.01860 -0.03577 -0.18678
v -0.01849 0.01304 -0.12844
v -0.01848 0.01010 -0.17871
v -0.01841 0.01327 -0.16564
v -0.01836 -0.03694 -0.05978
v -0.01833 0.01266 -0.14032
v -0.01826 -0.04129 -0.17903
v -0.01812 0.01418 -0.15695
v -0.01792 0.01584 -0.06092
v -0.01781 -0.03135 -0.18980
v -0.01776 0.01517 -0.03853
v -0.01773 0.00861 -0.18059
v -0.01769 -0.03591 -0.01516
v -0.01761 0.01430 -0.01557
v -0.01756 0.01372 -0.11947
v -0.01753 -0.00226 -0.18676
v -0.01746 -0.03812 -0.16484
v -0.01741 0.01447 -0.09877
v -0.01735 0.01578 -0.04827
v -0.01730 -0.02643 -0.18964
v -0.01726 0.01546 -0.06553
v -0.01704 0.01187 -0.00933
v -0.01702 -0.00552 -0.18712
v -0.01689 -0.03590 -0.03078
v -0.01684 0.01574 -0.05547
v -0.01674 0.01030 -0.00340
v -0.01666 -0.03669 -0.12030
v -0.01654 0.01577 -0.09116
v -0.01642 -0.03812 -0.15745
v -0.01642 -0.03926 -0.18375
v -0.01634 0.01562 -0.07197
v -0.01627 0.00590 -0.00439
v -0.01589 -0.03782 -0.14262
v -0.01587 -0.03702 -0.07485
v -0.01578 0.01350 -0.11146
v -0.01567 -0.03091 -0.18851
v -0.01546 -0.03496 -0.01548
v -0.01532 -0.03720 -0.04361
v -0.01525 -0.03178 -0.18819
v -0.01518 -0.04016 -0.17194
v -0.01506 -0.00083 -0.00618
v -0.01504 0.01316 -0.10673
v -0.01504 -0.03628 -0.01648
v -0.01466 0.01391 -0.15767
v -0.01462 0.01639 -0.02482
v -0.01452 0.01010 -0.17551
v -0.01436 -0.03830 -0.15163
v -0.01423 0.00896 -0.18212
v -0.01417 -0.03704 -0.05515
v -0.01405 0.01222 -0.13890
v -0.01395 0.01074 -0.00241
v -0.01391 0.01558 -0.05445
v -0.01388 -0.03654 -0.06789
v -0.01387 -0.03714 -0.13426
v -0.01355 0.01547 -0.04212
v -0.01346 0.01502 -0.06203
v -0.01344 -0.03647 -0.11049
v -0.01326 0.01597 -0.06842
v -0.01323 0.01560 -0.08524
v -0.01292 -0.04033 -0.17974
v -0.01286 -0.03564 -0.18411
v -0.01257 0.01749 -0.02835
v -0.01244 -0.03012 -0.18959
v -0.01242 0.01384 -0.15058
v -0.01206 0.01174 -0.16298
v -0.01188 -0.03874 -0.16734
v -0.01182 -0.03817 -0.16056
v -0.01163 -0.01923 -0.18840
v -0.01153 0.01721 -0.07394
v -0.01150 -0.03792 -0.14738
v -0.01140 0.00896 -0.18326
v -0.01138 -0.03628 -0.01481
v -0.01131 -0.00235 -0.18829
v -0.01105 0.01635 -0.07622
v -0.01100 0.00701 -0.00256
v -0.01093 -0.03727 -0.13850
v -0.01086 -0.03676 -0.04795
v -0.01085 0.01273 -0.10255
v -0.01063 0.01138 -0.00332
v -0.01053 -0.03608 -0.11459
v -0.01034 0.01531 -0.08210
v -0.01008 0.01517 -0.06378
v -0.01004 -0.03959 -0.17562
v -0.01002 -0.02933 -0.18942
v -0.00993 0.01766 -0.02910
v -0.00988 0.01590 -0.03716
v -0.00981 0.01717 -0.02706
v -0.00966 0.01705 -0.03301
v -0.00962 -0.03566 -0.12487
v -0.00950 0.01201 -0.11935
v -0.00948 0.01324 -0.00890
v -0.00944 0.01769 -0.07095
v -0.00940 0.01267 -0.14462
v -0.00921 -0.03437 -0.01572
v -0.00919 -0.03786 -0.18109
v -0.00912 -0.03589 -0.02772
v -0.00911 0.00817 -0.00178
v -0.00907 0.01182 -0.13401
v -0.00901 -0.03688 -0.03784
v -0.00901 0.00833 -0.18386
v -0.00879 0.01305 -0.15329
v -0.00850 -0.03593 -0.01688
v -0.00837 0.00626 -0.18427
v -0.00829 0.01403 -0.09538
v -0.00815 -0.03646 -0.01992
v -0.00789 0.01061 -0.00082
v -0.00759 0.01523 -0.01641
v -0.00733 0.01300 -0.14974
v -0.00700 -0.02823 -0.19005
v -0.00700 0.01202 -0.10530
v -0.00694 0.01681 -0.07610
v -0.00677 0.01442 -0.08695
v -0.00673 -0.03617 -0.14147
v -0.00672 0.01452 -0.05974
v -0.00667 0.01451 -0.04223
v -0.00664 0.01791 -0.07276
v -0.00663 -0.03704 -0.13251
v -0.00648 0.01469 -0.04849
v -0.00647 0.01554 -0.02195
v -0.00624 -0.03655 -0.14928
v -0.00617 -0.03462 -0.06959
v -0.00617 0.01670 -0.02796
v -0.00617 0.01649 -0.03180
v -0.00602 0.01246 -0.10227
v -0.00596 -0.03842 -0.17778
v -0.00591 0.01660 -0.06678
v -0.00577 -0.03547 -0.08028
v -0.00577 -0.03033 -0.01429
v -0.00563 -0.03484 -0.01467
v -0.00547 0.00760 -0.18282
v -0.00539 -0.03604 -0.03986
v -0.00493 -0.03520 -0.18278
v -0.00482 -0.02722 -0.18960
v -0.00475 -0.03002 -0.18661
v -0.00441 0.00261 -0.18663
v -0.00438 0.01080 -0.00299
v -0.00428 0.00779 -0.17874
v -0.00423 0.01450 -0.09448
v -0.00411 0.01429 -0.09146
v -0.00402 0.01376 -0.05596
v -0.00388 0.01642 -0.07081
v -0.00383 0.01180 -0.14258
v -0.00381 -0.03470 -0.09218
v -0.00380 -0.00243 -0.19007
v -0.00367 0.01447 -0.08242
v -0.00361 0.01539 -0.07859
v -0.00342 -0.03585 -0.13486
v -0.00336 0.01086 -0.13456
v -0.00334 0.01256 -0.01024
v -0.00326 0.01459 -0.01889
v -0.00297 0.01355 -0.03708
v -0.00295 0.00908 -0.00257
v -0.00287 0.00637 -0.18440
v -0.00277 0.01527 -0.06509
v -0.00275 -0.03305 -0.01481
v -0.00270 -0.03388 -0.12592
v -0.00267 -0.02567 -0.18921
v -0.00265 0.00886 -0.16607
v -0.00246 -0.03244 -0.05570
v -0.00234 -0.02904 -0.01408
v -0.00231 0.01345 -0.04733
v -0.00220 0.01005 -0.00237
v -0.00203 -0.03372 -0.01579
v -0.00202 0.01434 -0.02909
v -0.00188 0.00813 -0.17345
v -0.00172 -0.03689 -0.17998
v -0.00167 -0.03446 -0.02661
v -0.00158 0.00950 -0.00233
v -0.00154 0.00971 -0.00214
v -0.00116 -0.03465 -0.07093
v -0.00105 0.01406 -0.09492
v -0.00102 0.00501 -0.18652
v -0.00099 -0.03372 -0.14220
v -0.00098 -0.02404 -0.18979
v -0.00086 0.00192 -0.18658
v -0.00084 0.00975 -0.00314
v -0.00083 0.01127 -0.10729
v -0.00078 0.01204 -0.04287
v -0.00075 -0.02676 -0.18687
v -0.00072 0.01329 -0.08656
v -0.00067 0.00923 -0.00235
v -0.00062 -0.03252 -0.01387
v -0.00061 0.00355 -0.00441
v -0.00056 0.01323 -0.02293
v -0.00054 -0.03258 -0.11272
v -0.00046 -0.03725 -0.17747
v -0.00042 0.01337 -0.10067
v -0.00035 -0.03509 -0.16662
v -0.00034 0.00693 -0.00372
v -0.00034 0.01013 -0.12241
v -0.00010 0.00898 -0.00322
v -0.00005 0.00922 -0.00299
v -0.00002 -0.03341 -0.06671
v 0.00001 -0.03379 -0.13636
v 0.00019 -0.03501 -0.18157
v 0.00028 0.00614 -0.17827
v 0.00028 0.00903 -0.00287
v 0.00029 -0.03304 -0.08551
v 0.00044 0.00909 -0.00315
v 0.00049 0.01215 -0.01648
v 0.00054 0.00980 -0.15833
v 0.00056 -0.01515 -0.18945
v 0.00061 0.01103 -0.11255
v 0.00062 0.01283 -0.07916
v 0.00063 -0.03435 -0.07497
v 0.00073 0.00734 -0.17482
v 0.00080 0.01004 -0.00901
v 0.00093 0.01220 -0.06160
v 0.00111 -0.00260 -0.19108
v 0.00115 0.01125 -0.05430
v 0.00138 -0.03588 -0.17503
v 0.00153 0.01274 -0.09919
v 0.00157 0.00895 -0.01114
v 0.00160 -0.00787 -0.18927
v 0.00160 -0.02109 -0.18894
v 0.00161 0.01047 -0.15196
v 0.00172 -0.01758 -0.18945
v 0.00173 0.00325 -0.18442
v 0.00185 0.00905 -0.12961
v 0.00187 0.00203 -0.18568
v 0.00214 0.00457 -0.00583
v 0.00216 0.00870 -0.00423
v 0.00216 0.01209 -0.08999
v 0.00231 -0.03096 -0.01509
v 0.00235 -0.03133 -0.05032
v 0.00242 -0.03151 -0.14688
v 0.00246 -0.03254 -0.09872
v 0.00248 0.00651 -0.16927
v 0.00282 -0.03345 -0.17989
v 0.00287 -0.01635 -0.01001
v 0.00289 -0.03351 -0.16014
v 0.00307 0.00557 -0.17288
v 0.00308 -0.00095 -0.18898
v 0.00317 -0.01274 -0.18931
v 0.00328 -0.03426 -0.17670
v 0.00330 -0.03187 -0.06183
v 0.00333 0.00731 -0.01547
v 0.00336 -0.00419 -0.00678
v 0.00336 -0.00281 -0.19157
v 0.00337 0.00684 -0.16435
v 0.00341 -0.01709 -0.19032
v 0.00347 -0.01833 -0.18968
v 0.00348 0.00623 -0.00741
v 0.00351 -0.01689 -0.19013
v 0.00366 -0.03141 -0.07960
v 0.00373 -0.01665 -0.19068
v 0.00387 -0.01569 -0.19106
v 0.00393 -0.03260 -0.06531
v 0.00399 -0.00503 -0.18939
v 0.00432 -0.03020 -0.11649
v 0.00452 -0.03048 -0.15290
v 0.00458 -0.00681 -0.18901
v 0.00460 0.00941 -0.10653
v 0.00464 0.01073 -0.09556
v 0.00465 -0.01295 -0.18924
v 0.00471 -0.03198 -0.16733
v 0.00476 -0.02957 -0.18150
v 0.00482 -0.03221 -0.06979
v 0.00482 -0.00117 -0.18352
v 0.00486 -0.00953 -0.19061
v 0.00488 0.00799 -0.13568
v 0.00491 -0.03010 -0.10740
v 0.00493 -0.02046 -0.18619
v 0.00497 0.00914 -0.14949
v 0.00518 0.00747 -0.02683
v 0.00528 -0.02870 -0.01421
v 0.00530 0.00350 -0.00581
v 0.00530 -0.02988 -0.08972
v 0.00532 0.00868 -0.14175
v 0.00533 -0.01389 -0.18824
v 0.00534 -0.02907 -0.14761
v 0.00556 -0.02959 -0.12856
v 0.00563 0.00071 -0.00733
v 0.00568 -0.03014 -0.04805
v 0.00581 -0.03145 -0.17483
v 0.00585 -0.02919 -0.13849
v 0.00609 -0.03018 -0.05540
v 0.00610 0.00910 -0.11553
v 0.00615 0.00832 -0.15499
v 0.00635 -0.00729 -0.18442
v 0.00665 -0.02614 -0.01338
v 0.00684 0.00663 -0.12908
v 0.00692 -0.00191 -0.00681
v 0.00735 -0.03032 -0.06764
v 0.00736 0.00677 -0.15807
v 0.00737 0.00714 -0.13953
v 0.00737 -0.02841 -0.17987
v 0.00765 -0.02964 -0.02136
v 0.00769 -0.02896 -0.09898
v 0.00780 -0.03019 -0.15917
v 0.00786 -0.02973 -0.06316
v 0.00791 -0.02671 -0.14083
v 0.00792 0.00213 -0.16588
v 0.00795 -0.01655 -0.18316
v 0.00801 -0.00409 -0.00627
v 0.00819 -0.02837 -0.05198
v 0.00819 -0.02699 -0.01534
v 0.00851 -0.02682 -0.10952
v 0.00861 -0.02850 -0.04139
v 0.00869 0.00589 -0.15124
v 0.00872 -0.00594 -0.00710
v 0.00889 0.00857 -0.11215
v 0.00891 0.00683 -0.15508
v 0.00893 0.00510 -0.14548
v 0.00896 -0.00187 -0.17475
v 0.00896 0.00693 -0.12206
v 0.00906 0.00419 -0.13327
v 0.00917 -0.00553 -0.17792
v 0.00919 0.00675 -0.10428
v 0.00930 -0.02740 -0.16699
v 0.00932 -0.00877 -0.00856
v 0.00935 0.00413 -0.03502
v 0.00940 -0.02478 -0.14892
v 0.00942 -0.00687 -0.00893
v 0.00956 -0.02430 -0.01250
v 0.00959 -0.02329 -0.01235
v 0.00968 -0.02575 -0.12852
v 0.00968 0.00374 -0.13622
v 0.00971 -0.01304 -0.00995
v 0.00989 0.00208 -0.02881
v 0.01006 -0.02879 -0.03045
v 0.01008 0.00473 -0.12676
v 0.01013 -0.02568 -0.12100
v 0.01014 0.00408 -0.15447
v 0.01014 -0.02641 -0.04835
v 0.01042 -0.02596 -0.18015
v 0.01057 -0.02743 -0.05746
v 0.01061 -0.02697 -0.16043
v 0.01088 -0.00091 -0.16204
v 0.01107 -0.01025 -0.00917
v 0.01133 -0.02666 -0.17777
v 0.01142 0.00099 -0.03381
v 0.01152 -0.02293 -0.15265
v 0.01159 -0.00106 -0.15277
v 0.01168 -0.02308 -0.17896
v 0.01175 0.00805 -0.11287
v 0.01179 0.00751 -0.11634
v 0.01182 -0.02235 -0.13617
v 0.01201 -0.02538 -0.15824
v 0.01208 -0.02354 -0.09034
v 0.01213 -0.01300 -0.01043
v 0.01217 -0.00288 -0.16547
v 0.01230 0.00184 -0.04097
v 0.01235 -0.00362 -0.03592
v 0.01243 -0.02342 -0.16628
v 0.01244 -0.02615 -0.02236
v 0.01245 -0.02002 -0.13986
v 0.01256 -0.02410 -0.04260
v 0.01260 -0.00907 -0.04012
v 0.01266 -0.02112 -0.04520
v 0.01266 -0.01526 -0.00965
v 0.01280 -0.00600 -0.16947
v 0.01282 0.00173 -0.12465
v 0.01285 -0.02425 -0.06531
v 0.01287 -0.01683 -0.00998
v 0.01293 -0.02329 -0.17491
v 0.01294 0.00353 -0.09335
v 0.01308 -0.01483 -0.04233
v 0.01310 -0.02258 -0.01480
v 0.01320 -0.02484 -0.03924
v 0.01331 -0.00177 -0.03906
v 0.01341 -0.02150 -0.11279
v 0.01344 -0.01752 -0.15013
v 0.01362 -0.00586 -0.16320
v 0.01371 0.00284 -0.10508
v 0.01372 0.00360 -0.09793
v 0.01372 -0.01864 -0.01207
v 0.01378 -0.01877 -0.17109
v 0.01381 -0.02540 -0.03351
v 0.01388 -0.00878 -0.02895
v 0.01388 -0.00539 -0.14441
v 0.01389 -0.01407 -0.04601
v 0.01394 0.00515 -0.12115
v 0.01405 -0.00711 -0.13519
v 0.01408 -0.01932 -0.16100
v 0.01408 -0.01920 -0.13491
v 0.01412 -0.02242 -0.05280
v 0.01422 -0.01330 -0.13958
v 0.01429 -0.00914 -0.14998
v 0.01432 -0.00470 -0.12633
v 0.01437 -0.02135 -0.12046
v 0.01440 0.00570 -0.11127
v 0.01443 -0.02058 -0.09302
v 0.01457 -0.01199 -0.16540
v 0.01458 -0.02125 -0.08470
v 0.01463 -0.01149 -0.15491
v 0.01469 -0.01877 -0.04998
v 0.01470 -0.01946 -0.12749
v 0.01496 -0.00134 -0.04222
v 0.01505 -0.00136 -0.12211
v 0.01520 -0.01952 -0.10110
v 0.01530 -0.00057 -0.04653
v 0.01531 -0.01843 -0.01518
v 0.01535 -0.02159 -0.06800
v 0.01538 0.00617 -0.11862
v 0.01551 -0.02149 -0.01948
v 0.01561 -0.01865 -0.10604
v 0.01575 0.00159 -0.10911
v 0.01577 -0.01699 -0.11124
v 0.01582 -0.01527 -0.12931
v 0.01584 -0.00034 -0.08176
v 0.01585 -0.01207 -0.12870
v 0.01605 -0.02088 -0.07297
v 0.01611 -0.00049 -0.10300
v 0.01611 -0.00072 -0.09270
v 0.01614 -0.00345 -0.04509
v 0.01623 -0.01805 -0.02155
v 0.01630 -0.02243 -0.03082
v 0.01667 -0.00533 -0.11464
v 0.01674 -0.02031 -0.03327
v 0.01680 -0.01768 -0.11870
v 0.01682 -0.01757 -0.08820
v 0.01682 -0.00239 -0.11105
v 0.01685 -0.00005 -0.09614
v 0.01688 -0.01996 -0.02657
v 0.01706 -0.01707 -0.02966
v 0.01707 -0.01898 -0.08335
v 0.01715 -0.01989 -0.07576
v 0.01715 0.00225 -0.11849
v 0.01717 -0.01125 -0.10919
v 0.01722 -0.00484 -0.09389
v 0.01724 -0.00142 -0.11446
v 0.01726 -0.01926 -0.08021
v 0.01729 -0.01541 -0.11899
v 0.01735 -0.00106 -0.08643
v 0.01755 -0.00355 -0.09777
v 0.01762 -0.01631 -0.08466
v 0.01766 -0.01539 -0.09870
v 0.01778 -0.01090 -0.08853
v 0.01790 0.00431 -0.11691
v 0.01799 -0.00365 -0.08996
v 0.01799 -0.01974 -0.02981
v 0.01803 -0.01295 -0.09474
v 0.01806 -0.00907 -0.08458
v 0.01810 -0.00368 -0.04844
v 0.01817 -0.00270 -0.05239
v 0.01838 -0.00427 -0.08158
v 0.01840 -0.01787 -0.06751
v 0.01854 -0.01684 -0.08137
v 0.01854 -0.02052 -0.06196
v 0.01866 -0.00274 -0.07219
v 0.01875 -0.00392 -0.08417
v 0.01879 -0.02065 -0.05891
v 0.01897 0.00253 -0.11564
v 0.01899 -0.00546 -0.05069
v 0.01934 -0.01481 -0.07054
v 0.01947 -0.01470 -0.07823
v 0.01979 -0.00424 -0.07527
v 0.01998 -0.01201 -0.07283
v 0.01999 -0.01363 -0.05513
v 0.02009 -0.00728 -0.07880
v 0.02017 -0.01965 -0.06100
v 0.02087 -0.00623 -0.07067
v 0.02092 -0.00566 -0.05395
v 0.02113 -0.01750 -0.05991
v 0.02131 -0.00528 -0.06762
v 0.02133 -0.00705 -0.07042
v 0.02133 -0.00765 -0.07044
v 0.02168 -0.00692 -0.07063
v 0.02174 -0.01577 -0.05754
v 0.02185 -0.00686 -0.07124
v 0.02200 -0.00984 -0.06782
v 0.02208 -0.00559 -0.05997
v 0.02211 -0.00622 -0.06933
v 0.02216 -0.00790 -0.05658
v 0.02223 -0.01229 -0.05947
v 0.02225 -0.00700 -0.07035
v 0.02331 -0.00841 -0.06527
v 0.02391 -0.00810 -0.06734
v 0.02395 -0.00797 -0.05967
v 0.02415 -0.00940 -0.06187
vn -0.8807 -0.4000 -0.2536
vn -0.8861 0.3948 0.2429
vn -0.0834 -0.1314 -0.9878
vn -0.8146 0.3476 0.4644
vn -0.6123 -0.7889 -0.0526
vn 0.2442 0.9178 -0.3129
vn -0.7296 0.6164 0.2961
vn 0.0091 -0.9990 -0.0436
vn 0.4528 -0.3002 -0.8396
vn -0.6206 -0.6530 0.4342
vn 0.0543 0.7594 -0.6483
vn -0.7636 -0.0522 0.6436
vn -0.1604 0.9671 -0.1974
vn 0.3768 -0.6500 -0.6600
vn -0.5548 -0.7912 0.2573
vn -0.6761 0.3088 0.6690
vn 0.3143 0.2625 -0.9123
vn 0.1502 -0.9269 -0.3439
vn 0.1424 0.8640 -0.4829
vn -0.2523 0.9527 0.1695
vn -0.0631 -0.8627 -0.5018
vn 0.3919 -0.2457 -0.8866
vn -0.7701 -0.3458 0.5361
vn 0.2511 0.8199 -0.5144
vn -0.7821 0.2307 0.5789
vn -0.6433 -0.7657 0.0004
vn -0.4629 0.8291 0.3136
vn 0.1187 0.9089 -0.3998
vn -0.9227 -0.2277 0.3111
vn -0.9643 0.2617 -0.0402
vn -0.5505 -0.6682 -0.5004
vn -0.9020 -0.4075 -0.1428
vn -0.8679 0.3450 0.3573
vn -0.9987 0.0397 -0.0335
vn -0.9553 -0.1850 0.2305
vn -0.3378 -0.4604 -0.8209
vn -0.9742 -0.2235 0.0301
vn -0.9943 -0.0389 0.0992
vn -0.9962 0.0339 0.0803
vn -0.9850 0.0620 0.1609
vn -0.8672 -0.4300 0.2510
vn -0.9998 -0.0180 -0.0097
vn -0.2024 0.9598 -0.1943
vn -0.9617 0.2736 -0.0194
vn -0.9784 -0.1739 0.1115
vn -0.9739 -0.2122 -0.0803
vn -0.9910 -0.1339 -0.0011
vn -0.9872 0.0530 0.1505
vn -0.7665 0.6079 -0.2072
vn -0.0421 0.6286 -0.7766
vn -0.9973 0.0721 0.0168
vn -0.9853 -0.1650 -0.0431
vn -0.9533 -0.1152 -0.2794
vn -0.9764 0.2110 0.0468
vn -0.9291 -0.2628 0.2603
vn -0.9929 0.1183 -0.0087
vn -0.7230 0.6686 0.1738
vn -0.9425 -0.0227 -0.3334
vn -0.9634 0.0282 -0.2666
vn -0.9723 -0.0879 -0.2164
vn -0.9843 -0.1112 -0.1371
vn -0.8354 0.5359 0.1225
vn -0.9637 0.1258 0.2354
vn -0.9844 -0.1732 0.0310
vn -0.9950 -0.0508 0.0854
vn -0.9951 0.0775 -0.0612
vn -0.9980 0.0422 0.0480
vn -0.9271 -0.2923 -0.2344
vn -0.9858 -0.1609 0.0477
vn -0.9932 -0.1145 0.0204
vn -0.9553 -0.2529 0.1533
vn -0.9650 -0.2263 0.1328
vn -0.9970 -0.0231 0.0744
vn -0.7440 0.6674 -0.0333
vn -0.8602 0.5097 -0.0162
vn -0.9957 0.0851 0.0370
vn -0.7735 0.6151 0.1524
vn -0.8498 0.5248 -0.0489
vn -0.9000 0.4174 0.1251
vn -0.9949 -0.0867 0.0523
vn -0.9992 0.0331 -0.0235
vn -0.9853 -0.1606 0.0586
vn -0.9150 0.3263 -0.2375
vn -0.9859 -0.1485 0.0774
vn -0.8902 -0.2628 -0.3721
vn -0.9107 0.4125 0.0220
vn -0.9859 -0.1639 0.0329
vn -0.9563 -0.2794 -0.0865
vn -0.9943 -0.1027 0.0275
vn -0.9684 0.1056 -0.2258
vn -0.5370 0.4891 -0.6873
vn -0.9846 -0.0766 0.1568
vn -0.9588 -0.2701 -0.0876
vn -0.9935 0.0519 0.1016
vn -0.8783 0.4718 0.0776
vn -0.9945 -0.0055 0.1049
vn -0.9997 -0.0215 -0.0147
vn -0.9908 -0.1131 -0.0744
vn -0.9697 -0.2343 -0.0699
vn -0.9675 -0.0846 -0.2382
vn -0.9818 -0.1731 0.0777
vn -0.9268 0.3655 0.0864
vn -0.9861 -0.1371 0.0935
vn -0.8970 0.4398 -0.0444
vn -0.9613 0.2475 0.1208
vn -0.9861 0.1611 0.0406
vn -0.9014 0.3877 0.1928
vn -0.8670 -0.4534 0.2067
vn -0.9768 -0.2141 -0.0011
vn -0.9852 -0.1325 0.1083
vn -0.9308 0.1200 -0.3453
vn -0.9552 -0.2959 0.0088
vn -0.9646 -0.2563 0.0621
vn -0.9540 -0.2385 -0.1816
vn -0.9340 -0.3434 -0.0990
vn -0.8783 0.4670 0.1020
vn -0.4427 0.5123 -0.7359
vn -0.9027 -0.3475 0.2536
vn -0.9288 -0.3705 -0.0038
vn -0.9865 -0.1561 0.0493
vn -0.9910 -0.1315 -0.0268
vn -0.9235 0.3749 0.0817
vn -0.9008 0.4287 0.0689
vn -0.6027 0.3802 -0.7016
vn -0.9639 -0.0652 -0.2582
vn -0.9080 -0.3971 -0.1336
vn -0.7968 0.5261 -0.2972
vn -0.9025 0.4279 0.0486
vn -0.9811 -0.1706 0.0911
vn -0.9718 0.2024 -0.1210
vn -0.9859 -0.1638 0.0334
vn -0.9708 -0.2365 0.0412
vn -0.9867 -0.1360 0.0891
vn -0.9937 0.0242 0.1090
vn -0.9854 -0.1672 -0.0310
vn -0.9219 -0.3852 -0.0423
vn -0.9232 0.3474 0.1644
vn -0.7060 -0.5933 0.3866
vn -0.8824 -0.3764 -0.2821
vn -0.9802 -0.1556 0.1224
vn -0.9571 -0.2856 -0.0495
vn -0.9241 -0.0939 -0.3705
vn -0.6332 0.3379 -0.6963
vn -0.9466 -0.3140 0.0731
vn -0.9266 -0.3718 -0.0561
vn -0.1156 0.3038 -0.9457
vn -0.9726 -0.2304 0.0307
vn -0.8062 -0.5883 0.0627
vn -0.9312 -0.2908 0.2196
vn -0.2991 0.3546 -0.8859
vn -0.9821 0.0428 0.1832
vn -0.9506 -0.2304 0.2082
vn -0.9825 -0.1594 0.0961
vn -0.7856 -0.5520 -0.2795
vn -0.4720 0.8790 -0.0683
vn -0.9233 -0.3560 -0.1440
vn -0.9378 -0.3315 0.1031
vn -0.8461 -0.0716 -0.5281
vn -0.5823 0.8083 0.0868
vn -0.9496 -0.3033 -0.0788
vn -0.9447 -0.3238 -0.0514
vn -0.9712 -0.2380 0.0087
vn -0.9173 0.3236 0.2320
vn -0.9628 -0.2632 0.0608
vn -0.9281 0.3349 0.1626
vn -0.7411 0.6673 -0.0739
vn -0.9271 -0.3747 0.0027
vn -0.4522 0.5507 -0.7017
vn -0.9308 -0.3447 0.1218
vn -0.8537 -0.4894 0.1782
vn -0.9579 -0.2519 0.1376
vn -0.9603 -0.2560 -0.1105
vn -0.6896 0.7241 -0.0156
vn -0.5915 0.8026 -0.0773
vn -0.9392 -0.3402 0.0464
vn -0.8938 0.0830 -0.4407
vn -0.8894 -0.4511 -0.0746
vn -0.7683 -0.6375 -0.0582
vn -0.6327 0.7711 -0.0712
vn -0.6011 -0.7991 0.0112
vn -0.8890 -0.4508 0.0807
vn -0.5889 0.8058 -0.0630
vn -0.9606 -0.2409 0.1387
vn -0.7640 -0.5953 -0.2488
vn -0.9396 -0.3269 -0.1011
vn -0.0755 0.3027 -0.9501
vn -0.7840 0.6200 0.0313
vn -0.4080 0.9128 -0.0200
vn -0.7229 0.6843 0.0955
vn -0.9656 -0.1323 -0.2239
vn -0.9061 -0.4156 0.0790
vn -0.8796 -0.4698 0.0747
vn -0.8165 -0.5285 -0.2323
vn -0.6886 -0.3437 -0.6385
vn -0.7969 -0.4625 0.3887
vn -0.8096 -0.5808 0.0845
vn -0.7288 0.6823 0.0573
vn -0.9184 -0.2821 0.2775
vn -0.2136 -0.4094 0.8870
vn -0.9351 -0.3494 -0.0592
vn -0.4039 0.8108 -0.4235
vn -0.5202 0.8528 0.0449
vn -0.8046 0.5634 0.1876
vn -0.8731 -0.4282 0.2333
vn -0.7485 -0.6632 0.0038
vn -0.3604 -0.2494 0.8989
vn -0.7436 0.0682 0.6651
vn -0.9503 0.1162 0.2890
vn 0.8632 0.3549 0.3591
vn -0.3715 0.0442 0.9274
vn -0.9007 -0.4322 0.0427
vn -0.6130 -0.6357 -0.4692
vn -0.7726 -0.6341 0.0322
vn -0.6468 0.7622 -0.0275
vn -0.8451 -0.5327 -0.0457
vn -0.8954 0.3013 0.3279
vn -0.5488 0.8324 -0.0767
vn 0.3101 -0.1115 0.9441
vn -0.7639 0.6345 0.1178
vn -0.6797 0.7322 -0.0438
vn -0.9117 -0.4093 0.0370
vn -0.7219 0.6055 0.3351
vn -0.8250 -0.5194 0.2226
vn -0.7701 -0.6379 -0.0049
vn -0.8120 0.5633 0.1528
vn -0.6721 0.5092 -0.5376
vn -0.1558 0.0058 -0.9878
vn -0.6743 -0.1438 -0.7243
vn -0.7365 0.1932 -0.6482
vn -0.4791 -0.8095 0.3394
vn -0.8521 -0.4875 0.1907
vn -0.9157 -0.4018 0.0075
vn 0.1015 -0.2332 0.9671
vn -0.8072 -0.5339 -0.2517
vn -0.0772 0.4596 -0.8848
vn -0.7535 -0.6458 0.1230
vn -0.8841 -0.3813 -0.2702
vn -0.8242 -0.1879 -0.5343
vn -0.0481 0.3820 -0.9229
vn -0.8952 -0.4398 0.0726
vn -0.3999 0.9049 -0.1457
vn -0.0945 -0.0707 0.9930
vn -0.9992 -0.0396 -0.0040
vn -0.3783 -0.3226 0.8677
vn -0.9137 -0.3229 0.2468
vn -0.9319 -0.3443 0.1141
vn -0.3443 0.5071 -0.7901
vn -0.9751 0.1397 -0.1721
vn -0.8277 -0.5597 -0.0399
vn -0.8454 -0.5123 -0.1510
vn -0.2226 0.3606 -0.9058
vn -0.6361 0.7602 0.1322
vn -0.7999 -0.4809 0.3590
vn -0.9144 -0.3972 0.0788
vn -0.8953 0.2830 -0.3440
vn -0.7778 -0.5686 0.2679
vn -0.9292 -0.3648 -0.0586
vn -0.6546 -0.2142 -0.7250
vn -0.0350 -0.3840 -0.9226
vn -0.8098 -0.5785 -0.0979
vn -0.9652 0.2595 0.0332
vn -0.6994 -0.7007 -0.1408
vn 0.0137 -0.5999 0.7999
vn -0.3107 0.9183 0.2453
vn -0.8288 -0.5596 -0.0015
vn -0.8349 -0.0325 -0.5495
vn -0.6627 -0.6875 -0.2970
vn -0.8245 -0.5295 0.1995
vn -0.9102 0.2506 -0.3298
vn -0.8858 -0.4202 0.1970
vn -0.6489 -0.7607 -0.0161
vn -0.4450 0.8949 0.0342
vn -0.4132 0.9067 0.0846
vn -0.1545 0.3630 -0.9189
vn -0.3887 0.9213 0.0121
vn -0.8692 -0.4624 -0.1749
vn -0.6448 -0.7627 0.0503
vn -0.4118 0.9113 0.0039
vn -0.7611 -0.6291 0.1580
vn -0.5301 0.8163 -0.2293
vn -0.6384 0.7576 0.1362
vn -0.8531 -0.5217 -0.0045
vn -0.7176 0.5608 0.4131
vn -0.8181 -0.3151 0.4810
vn -0.6311 0.7735 0.0584
vn -0.8043 -0.5518 0.2205
vn -0.4758 -0.2811 -0.8334
vn -0.9083 0.3903 -0.1504
vn -0.9213 -0.2820 0.2677
vn -0.6721 0.7167 -0.1862
vn -0.8641 -0.5030 0.0185
vn -0.4787 0.8749 -0.0738
vn -0.5874 0.7975 -0.1373
vn -0.9715 -0.2350 -0.0302
vn -0.9163 -0.3855 0.1089
vn 0.0192 0.3396 -0.9404
vn -0.8148 -0.1880 -0.5484
vn -0.8235 -0.5673 -0.0044
vn -0.5978 -0.8015 -0.0106
vn -0.9905 -0.1233 -0.0604
vn -0.7922 -0.5803 0.1888
vn -0.8544 -0.3054 -0.4205
vn -0.9172 -0.3884 -0.0889
vn 0.1718 0.0867 -0.9813
vn -0.9274 -0.3202 0.1936
vn -0.9588 -0.0340 0.2819
vn -0.6478 -0.6647 -0.3721
vn -0.9544 -0.2918 -0.0631
vn -0.9472 -0.3009 0.1105
vn -0.5551 -0.8218 -0.1283
vn -0.9857 -0.0404 0.1637
vn -0.4231 0.7502 -0.5082
vn -0.7532 -0.6363 0.1669
vn -0.9105 -0.3950 0.1226
vn -0.8274 -0.5582 -0.0620
vn -0.9262 -0.3634 0.1003
vn -0.7128 0.6345 0.2989
vn 0.0134 -0.2643 0.9644
vn -0.9799 -0.1748 -0.0957
vn -0.4224 0.9054 -0.0421
vn -0.3333 0.9385 -0.0903
vn -0.5938 -0.7949 0.1250
vn -0.9881 -0.1346 -0.0740
vn -0.7536 -0.6570 -0.0222
vn -0.9139 -0.3973 0.0834
vn -0.8403 -0.5402 -0.0462
vn -0.7602 -0.6239 0.1811
vn -0.7038 -0.7035 -0.0984
vn -0.4286 -0.8365 0.3414
vn -0.9080 -0.3956 0.1378
vn -0.9917 0.0012 -0.1289
vn -0.7693 -0.6380 -0.0350
vn -0.8396 -0.5425 0.0268
vn -0.9771 0.2054 0.0557
vn -0.5912 -0.7726 0.2313
vn -0.7999 -0.5390 -0.2638
vn -0.5725 0.8199 -0.0061
vn -0.5485 0.7052 -0.4492
vn -0.5998 -0.7997 -0.0256
vn -0.4187 -0.8945 0.1566
vn -0.9742 -0.2226 0.0380
vn -0.9068 -0.3972 0.1417
vn -0.7715 -0.6134 0.1691
vn -0.4918 0.8680 -0.0683
vn -0.7130 -0.5018 -0.4898
vn -0.9060 -0.3443 -0.2462
vn -0.9970 0.0141 0.0760
vn -0.9126 -0.4080 -0.0279
vn 0.1677 -0.9756 -0.1418
vn -0.8426 -0.5309 0.0906
vn -0.9139 0.3188 -0.2513
vn -0.6303 -0.7475 0.2097
vn -0.3694 -0.8117 0.4524
vn -0.6321 -0.4783 -0.6096
vn -0.1273 -0.4329 -0.8924
vn 0.1067 -0.1382 0.9846
vn 0.2013 -0.2785 0.9391
vn 0.1965 -0.7965 -0.5718
vn -0.7192 0.6139 0.3255
vn -0.8236 -0.5416 0.1684
vn -0.9301 -0.3193 -0.1817
vn -0.9201 -0.3869 0.0610
vn -0.9804 -0.1403 0.1381
vn -0.9442 -0.3294 -0.0062
vn -0.9032 -0.3180 0.2884
vn -0.2126 -0.4244 0.8802
vn 0.2340 0.5252 -0.8182
vn -0.8164 -0.5771 0.0223
vn -0.5327 -0.8361 0.1311
vn -0.8042 -0.5532 0.2174
vn -0.4148 0.9097 -0.0207
vn -0.5656 0.7429 -0.3580
vn -0.7884 -0.6148 0.0195
vn -0.2881 0.9572 -0.0279
vn -0.6408 -0.7114 0.2887
vn -0.3645 0.9309 -0.0255
vn -0.5297 -0.8434 -0.0900
vn -0.9863 -0.1043 0.1281
vn -0.9446 -0.0215 -0.3275
vn -0.3348 0.9422 0.0080
vn -0.3289 -0.8969 0.2957
vn -0.8418 -0.5397 -0.0100
vn -0.7308 -0.6679 0.1407
vn -0.4467 0.8933 -0.0493
vn 0.4026 -0.5832 -0.7055
vn -0.5993 0.5557 0.5762
vn -0.1159 0.4092 -0.9050
vn -0.5441 0.1128 -0.8314
vn -0.3403 0.9375 0.0722
vn -0.4804 -0.8566 -0.1886
vn -0.9136 -0.3915 0.1101
vn -0.9889 -0.1437 0.0368
vn -0.4803 0.8771 0.0042
vn -0.9862 0.0049 -0.1657
vn -0.9408 -0.3240 0.0991
vn 0.1153 0.8619 -0.4938
vn -0.4648 0.8853 0.0113
vn 0.2689 -0.5040 -0.8208
vn -0.9977 -0.0279 -0.0612
vn -0.8820 -0.0439 -0.4692
vn -0.1492 0.3425 -0.9276
vn 0.1126 -0.2491 0.9619
vn -0.4215 -0.8745 -0.2400
vn -0.6142 0.7868 0.0606
vn -0.4623 0.8809 -0.1011
vn -0.3671 0.9297 -0.0299
vn -0.9664 -0.2500 0.0602
vn -0.8960 -0.4404 -0.0567
vn -0.9683 -0.2071 -0.1397
vn -0.4185 0.9013 -0.1120
vn -0.8651 -0.4405 0.2399
vn -0.6966 -0.6776 0.2358
vn -0.9283 -0.3251 0.1807
vn -0.6961 -0.7156 0.0585
vn 0.6237 -0.6591 -0.4203
vn -0.2378 -0.9684 0.0756
vn -0.9411 -0.2134 0.2623
vn -0.4463 0.6477 -0.6174
vn -0.5009 -0.6788 0.5370
vn 0.0902 -0.2768 0.9567
vn -0.8887 -0.3548 -0.2905
vn 0.6109 -0.7780 -0.1471
vn -0.4343 -0.8948 0.1035
vn -0.9818 -0.1417 -0.1268
vn -0.6790 0.6387 0.3620
vn 0.8083 0.0363 -0.5877
vn -0.2351 -0.9706 0.0520
vn -0.6433 -0.7583 0.1058
vn -0.5089 -0.8528 -0.1170
vn -0.4435 -0.8962 -0.0142
vn -0.3264 0.9451 0.0139
vn -0.1899 -0.5229 -0.8310
vn -0.3042 -0.9369 0.1721
vn -0.6709 0.2612 0.6941
vn -0.3913 0.8784 0.2743
vn -0.2236 0.8421 -0.4907
vn -0.2454 -0.9671 -0.0668
vn -0.4861 -0.8723 0.0527
vn -0.7404 -0.4893 0.4608
vn -0.7604 -0.5338 -0.3700
vn -0.9326 -0.3594 -0.0337
vn -0.9593 -0.2774 -0.0530
vn -0.1151 -0.9517 0.2846
vn 0.3754 0.4313 -0.8204
vn -0.5285 -0.8445 0.0861
vn -0.2186 0.9752 -0.0336
vn 0.0625 -0.2855 0.9563
vn -0.2519 0.9670 -0.0369
vn -0.2197 0.9686 -0.1165
vn -0.2955 0.9502 -0.0989
vn -0.7302 -0.6556 -0.1924
vn -0.8554 -0.4332 0.2840
vn -0.0425 0.2616 0.9642
vn -0.1559 -0.9454 0.2863
vn -0.4036 0.8227 0.4004
vn -0.2323 0.9602 -0.1554
vn 0.3334 -0.9428 0.0050
vn 0.0479 0.2333 -0.9712
vn -0.0626 -0.9617 0.2669
vn -0.1960 -0.7819 0.5919
vn 0.7360 -0.5350 -0.4149
vn 0.1688 -0.0752 -0.9828
vn -0.3912 -0.9203 -0.0025
vn -0.2126 -0.9768 0.0251
vn -0.2930 0.9547 -0.0523
vn -0.5702 -0.7940 -0.2110
vn -0.3902 0.9182 -0.0683
vn -0.0320 -0.9949 -0.0959
vn -0.3536 0.9352 -0.0186
vn -0.6284 -0.7752 0.0651
vn -0.2856 0.9502 0.1247
vn -0.0970 0.9933 -0.0633
vn -0.2600 0.9626 -0.0763
vn -0.2761 -0.9584 0.0728
vn -0.3455 -0.9334 -0.0966
vn 0.0325 0.9844 -0.1731
vn -0.0230 -0.1579 -0.9872
vn 0.1228 -0.1935 0.9734
vn -0.1857 -0.9473 0.2612
vn -0.4042 -0.8943 -0.1921
vn -0.3160 -0.9432 0.1020
vn -0.3438 0.9389 0.0187
vn -0.5276 0.7704 0.3580
vn -0.0686 0.9975 0.0153
vn 0.4117 -0.9028 -0.1244
vn -0.6005 -0.7992 -0.0266
vn -0.2841 0.9588 0.0067
vn -0.0071 0.6461 -0.7632
vn 0.7436 -0.2830 -0.6058
vn -0.1249 0.9898 0.0682
vn -0.1507 0.9880 -0.0335
vn -0.2436 0.9694 0.0310
vn 0.0897 0.9786 -0.1850
vn -0.0906 0.4020 -0.9111
vn -0.0053 0.9997 -0.0247
vn -0.1799 0.9829 -0.0397
vn 0.1873 -0.9817 0.0348
vn -0.4803 -0.8589 0.1777
vn -0.3401 0.9308 -0.1339
vn -0.2434 0.9694 0.0327
vn -0.2054 -0.9745 -0.0903
vn 0.0454 -0.3471 0.9367
vn -0.1349 0.9822 0.1310
vn -0.2302 -0.9722 0.0421
vn 0.5581 -0.7823 -0.2767
vn -0.3903 0.7554 0.5263
vn -0.0788 -0.9966 0.0235
vn -0.1131 -0.9936 0.0022
vn -0.1312 -0.9911 0.0230
vn 0.2015 -0.9790 -0.0299
vn 0.1453 -0.9883 -0.0468
vn 0.4594 -0.2663 -0.8474
vn 0.0427 0.9981 -0.0454
vn 0.1509 0.9357 -0.3190
vn 0.2143 0.9620 -0.1690
vn -0.1259 -0.9906 -0.0530
vn -0.0024 0.9994 -0.0336
vn 0.2003 -0.9784 0.0518
vn -0.1211 0.9920 0.0367
vn -0.0741 0.9972 0.0039
vn 0.1217 -0.3173 -0.9405
vn -0.2063 0.9780 0.0299
vn -0.1592 0.4489 -0.8793
vn -0.2703 -0.9604 0.0682
vn -0.1705 0.9385 0.3003
vn 0.1071 0.9933 -0.0442
vn -0.1854 0.4158 -0.8904
vn -0.1687 -0.9618 0.2155
vn 0.0656 0.9820 -0.1772
vn 0.0260 0.9995 0.0188
vn 0.1607 0.0516 -0.9857
vn -0.0349 0.9994 0.0061
vn -0.2962 0.9025 0.3126
vn -0.0892 0.0771 -0.9930
vn -0.0956 -0.9951 0.0253
vn -0.0861 0.9959 -0.0295
vn -0.1448 0.7193 0.6794
vn 0.0202 -0.9995 0.0252
vn 0.0037 0.9964 -0.0847
vn -0.1689 -0.9856 -0.0060
vn 0.4906 -0.6071 -0.6251
vn -0.1750 0.9834 -0.0469
vn -0.0248 -0.2444 0.9694
vn -0.1038 -0.9928 0.0605
vn 0.1791 -0.9793 0.0939
vn 0.1087 0.9940 0.0068
vn 0.0912 -0.2278 -0.9694
vn 0.0018 -0.0161 0.9999
vn -0.1044 -0.9928 0.0591
vn 0.2940 -0.5619 -0.7732
vn 0.1032 -0.9793 0.1743
vn 0.0361 -0.2824 0.9586
vn 0.0709 0.9959 -0.0562
vn -0.0614 -0.9975 0.0349
vn 0.1866 0.9728 -0.1376
vn -0.1799 0.9809 0.0739
vn 0.2110 0.9659 -0.1501
vn -0.0103 -0.9997 0.0207
vn -0.0187 0.9626 -0.2703
vn 0.2362 -0.9715 -0.0194
vn 0.0943 0.9952 0.0267
vn -0.2047 0.4692 0.8590
vn 0.1042 0.9944 -0.0205
vn 0.1332 -0.9909 -0.0180
vn 0.0079 -0.9969 0.0785
vn 0.0336 0.9994 -0.0012
vn 0.0828 0.9964 0.0154
vn 0.1036 -0.9945 -0.0142
vn -0.1432 0.9732 0.1800
vn 0.0465 0.9989 0.0090
vn 0.2860 -0.9213 -0.2636
vn 0.2870 -0.6464 -0.7070
vn -0.1507 0.9843 -0.0920
vn 0.1307 -0.3942 -0.9097
vn -0.0190 0.9920 0.1251
vn 0.2546 0.9468 -0.1969
vn 0.2178 -0.9648 0.1477
vn 0.2197 -0.9750 0.0341
vn 0.0191 0.0791 -0.9967
vn -0.2341 0.9686 -0.0838
vn 0.2273 -0.9727 0.0478
vn 0.0887 0.9534 -0.2882
vn 0.0806 -0.8239 0.5610
vn -0.1876 0.3967 -0.8985
vn -0.1707 0.9703 -0.1716
vn -0.0786 -0.3379 0.9379
vn 0.1456 -0.9893 0.0085
vn 0.2581 -0.9615 -0.0946
vn 0.1332 0.9786 -0.1567
vn -0.0649 0.8155 0.5751
vn 0.2627 -0.9647 -0.0176
vn -0.0032 0.9923 -0.1241
vn -0.0078 0.9722 0.2340
vn 0.2570 -0.9660 -0.0287
vn -0.1243 0.1166 -0.9854
vn 0.1317 0.9904 -0.0417
vn 0.0901 0.9796 -0.1795
vn 0.0891 0.9725 0.2151
vn 0.0692 0.9853 -0.1560
vn 0.1533 -0.9852 0.0770
vn 0.1836 0.9822 -0.0405
vn -0.0390 0.9577 0.2852
vn -0.0570 0.9913 0.1185
vn 0.0192 0.9943 0.1051
vn 0.0054 -0.3157 0.9489
vn 0.2371 -0.7623 -0.6022
vn 0.0887 -0.9959 0.0190
vn -0.0319 -0.2929 0.9556
vn 0.1500 0.9887 -0.0059
vn 0.0845 -0.9947 0.0585
vn 0.1815 0.5164 -0.8369
vn 0.2385 0.9583 -0.1573
vn 0.2652 -0.9073 0.3264
vn -0.1745 0.4477 -0.8770
vn 0.0783 0.9862 -0.1460
vn 0.1295 -0.9916 -0.0010
vn 0.0241 0.3825 0.9237
vn 0.0663 0.9774 0.2007
vn 0.2154 0.9762 0.0251
vn 0.0517 -0.1069 -0.9929
vn 0.1315 0.9912 -0.0126
vn 0.1918 0.9580 -0.2131
vn 0.1348 0.9891 -0.0585
vn 0.3192 -0.9464 -0.0492
vn 0.1733 0.9832 0.0570
vn 0.2682 0.9630 -0.0249
vn 0.2229 0.9731 -0.0574
vn 0.1731 -0.9763 0.1301
vn 0.1974 0.9803 -0.0057
vn 0.1880 0.9719 0.1414
vn 0.3865 -0.9199 0.0659
vn 0.2320 -0.9707 0.0633
vn 0.3665 0.9258 0.0929
vn 0.3332 0.9280 -0.1669
vn -0.0110 0.9728 -0.2313
vn 0.1816 -0.9133 -0.3646
vn 0.0328 0.9593 0.2804
vn 0.2144 -0.9766 0.0152
vn 0.0264 -0.2639 0.9642
vn -0.0068 -0.4846 0.8747
vn 0.2797 0.9195 -0.2763
vn 0.4033 -0.9126 -0.0677
vn 0.1644 -0.7159 -0.6786
vn 0.4685 -0.6068 -0.6421
vn 0.2616 -0.6364 -0.7257
vn -0.1056 0.4915 -0.8644
vn 0.1674 0.9312 0.3237
vn 0.2301 0.9656 -0.1211
vn -0.0004 0.9978 -0.0657
vn 0.1612 0.9856 0.0502
vn 0.3658 0.9302 0.0302
vn 0.4542 0.8907 -0.0189
vn 0.2256 0.9717 0.0694
vn 0.2606 -0.9653 -0.0163
vn -0.1398 0.0788 -0.9870
vn 0.2260 0.9596 -0.1677
vn 0.4272 0.8974 -0.1108
vn 0.4210 -0.9068 0.0213
vn 0.2793 0.9587 0.0531
vn 0.3478 0.9114 0.2200
vn 0.3647 0.9247 0.1096
vn 0.5605 0.8245 -0.0781
vn 0.1366 -0.2206 0.9657
vn 0.2660 0.8399 -0.4730
vn 0.4553 0.8771 0.1532
vn -0.0065 -0.2465 0.9691
vn 0.3900 -0.9182 0.0688
vn 0.0443 0.0787 -0.9959
vn 0.2555 0.9544 -0.1547
vn 0.3224 -0.9462 -0.0258
vn 0.0361 -0.2760 0.9605
vn 0.5555 0.8311 0.0274
vn 0.0494 0.5984 0.7997
vn 0.3941 -0.9116 0.1168
vn 0.6343 0.7682 -0.0871
vn 0.2521 0.9617 -0.1073
vn 0.2832 -0.8467 -0.4505
vn 0.3629 -0.9314 0.0295
vn 0.1641 0.1043 0.9809
vn 0.0493 0.3978 0.9162
vn 0.1679 -0.9798 0.1086
vn 0.2944 0.9556 -0.0118
vn 0.2361 0.5407 -0.8074
vn 0.4627 -0.8860 -0.0292
vn 0.5556 -0.4781 -0.6802
vn 0.0623 0.5764 -0.8148
vn 0.3357 0.9068 0.2549
vn 0.1667 0.9719 -0.1660
vn 0.5352 0.8443 0.0258
vn 0.5091 -0.4682 -0.7222
vn 0.2909 0.9564 -0.0238
vn 0.2443 -0.2673 0.9321
vn 0.4084 -0.6969 0.5895
vn 0.0818 -0.3085 0.9477
vn 0.5789 0.8149 0.0287
vn 0.3879 -0.9214 -0.0244
vn 0.3182 -0.9427 0.1000
vn 0.1125 0.9661 -0.2324
vn 0.3527 -0.9282 0.1184
vn 0.6156 -0.3408 0.7105
vn 0.2454 0.9677 -0.0587
vn 0.4256 -0.2383 0.8730
vn 0.6088 0.7468 0.2676
vn 0.1721 -0.9682 0.1816
vn 0.5757 -0.8171 -0.0291
vn 0.4094 -0.5400 -0.7354
vn 0.4630 0.8572 -0.2256
vn -0.0824 -0.2912 0.9531
vn 0.4304 -0.8996 -0.0734
vn 0.4746 0.7942 0.3794
vn 0.6483 0.7453 0.1553
vn 0.2857 0.9356 -0.2075
vn -0.1141 -0.0293 -0.9930
vn 0.1944 0.9801 -0.0395
vn 0.5282 0.8487 -0.0263
vn 0.3977 -0.9141 -0.0791
vn 0.4677 0.8709 -0.1511
vn 0.6879 0.7251 -0.0328
vn 0.6254 0.7796 0.0338
vn -0.0563 0.2322 -0.9710
vn 0.5334 0.8446 0.0468
vn 0.6326 -0.7710 0.0727
vn 0.5255 0.8466 -0.0838
vn 0.8144 0.5755 0.0747
vn -0.0027 -0.0882 -0.9961
vn 0.1253 -0.1464 -0.9813
vn 0.2968 0.9535 -0.0523
vn -0.3124 -0.2253 -0.9228
vn 0.7135 0.6547 -0.2494
vn 0.3681 0.9290 -0.0383
vn 0.3473 0.5519 -0.7581
vn 0.1916 0.5884 0.7855
vn 0.7247 0.6189 0.3029
vn 0.6253 0.7799 0.0294
vn 0.4808 -0.6706 0.5649
vn 0.4060 -0.9122 -0.0545
vn 0.5735 -0.8192 -0.0038
vn 0.4038 -0.9146 -0.0216
vn 0.5150 0.8495 -0.1141
vn 0.6778 -0.6711 -0.3004
vn -0.0022 -0.2741 0.9617
vn 0.3918 -0.9191 0.0420
vn 0.6936 0.6965 -0.1840
vn 0.5240 0.6979 -0.4883
vn -0.1855 0.0724 -0.9800
vn 0.7034 -0.6966 -0.1415
vn 0.2916 -0.9479 0.1283
vn 0.8474 0.4999 0.1788
vn 0.0293 -0.2603 0.9651
vn 0.8539 0.2363 -0.4637
vn 0.4890 0.8343 -0.2546
vn -0.3640 -0.2558 -0.8956
vn 0.7344 -0.2879 -0.6146
vn 0.8378 0.2824 0.4672
vn 0.7202 -0.4054 -0.5630
vn 0.6514 -0.7550 -0.0755
vn 0.8913 -0.4134 -0.1865
vn -0.0030 0.1329 -0.9911
vn 0.4084 -0.9071 0.1016
vn 0.7449 -0.1113 -0.6578
vn 0.5622 -0.8269 0.0078
vn 0.6350 -0.7498 0.1858
vn 0.8133 0.2997 -0.4987
vn 0.4393 0.8982 -0.0162
vn 0.6112 0.7907 0.0356
vn 0.4401 -0.0059 -0.8979
vn 0.6162 -0.7875 0.0112
vn 0.5212 -0.4421 -0.7300
vn 0.5961 -0.7983 -0.0856
vn 0.8711 0.3604 -0.3337
vn 0.6940 0.0550 -0.7179
vn 0.4807 0.8738 0.0732
vn 0.5513 -0.8314 -0.0702
vn 0.6242 -0.3045 -0.7195
vn 0.4863 0.8731 0.0341
vn 0.7208 0.6928 0.0212
vn 0.0816 -0.3701 0.9254
vn 0.6655 0.1152 0.7374
vn 0.5977 -0.8012 0.0300
vn 0.4215 0.9045 0.0644
vn 0.9116 0.0073 -0.4111
vn 0.6982 -0.7154 0.0271
vn 0.5719 -0.8197 0.0316
vn 0.9002 0.4050 0.1602
vn 0.5385 -0.8420 -0.0318
vn 0.6903 -0.7221 -0.0449
vn 0.6696 -0.7414 -0.0442
vn 0.3824 -0.9213 0.0699
vn 0.2849 0.9485 -0.1384
vn 0.4540 0.8858 -0.0964
vn 0.9144 0.1771 -0.3641
vn 0.0783 -0.3973 0.9144
vn 0.5446 0.8327 -0.0998
vn 0.4588 0.4032 0.7918
vn 0.7001 -0.7136 -0.0238
vn 0.6041 0.7357 -0.3064
vn 0.7009 0.7088 0.0801
vn 0.6250 -0.7106 -0.3231
vn 0.4950 -0.8594 0.1281
vn 0.7047 -0.7094 -0.0111
vn 0.6213 -0.7754 0.1131
vn 0.6327 -0.7730 0.0453
vn 0.7653 -0.6422 -0.0438
vn 0.7439 0.6319 -0.2177
vn 0.9003 0.0866 -0.4265
vn 0.3710 0.0989 0.9233
vn 0.6160 -0.7835 0.0816
vn 0.5777 -0.7471 0.3287
vn 0.7202 -0.6931 -0.0286
vn 0.5347 -0.8413 -0.0797
vn 0.7066 0.7018 0.0907
vn 0.0984 -0.3573 0.9288
vn 0.3131 0.9470 0.0713
vn 0.7302 0.6810 -0.0549
vn 0.8621 0.5067 0.0080
vn 0.7894 0.5583 -0.2554
vn 0.3641 0.9151 -0.1732
vn 0.8109 0.5689 -0.1374
vn 0.8976 0.1788 -0.4029
vn 0.5830 0.8114 0.0415
vn 0.7303 -0.6831 0.0047
vn 0.4310 -0.1912 0.8819
vn 0.6479 0.7610 0.0337
vn 0.8112 -0.5838 0.0339
vn 0.8979 0.4011 0.1813
vn 0.4877 -0.6535 0.5789
vn 0.1390 -0.3885 0.9109
vn 0.7442 -0.6654 -0.0588
vn 0.8899 0.4562 0.0041
vn 0.0624 -0.2203 0.9734
vn 0.8720 0.4504 0.1917
vn 0.5170 -0.8558 -0.0169
vn 0.6434 0.7067 -0.2943
vn 0.6710 -0.7411 0.0247
vn 0.9062 0.4089 -0.1076
vn 0.7896 -0.6130 0.0291
vn 0.5991 -0.3630 -0.7137
vn 0.6255 -0.7787 0.0485
vn 0.7575 -0.6472 -0.0856
vn 0.8838 0.4558 -0.1054
vn 0.8836 0.3031 0.3570
vn 0.7635 -0.6446 -0.0406
vn 0.9261 0.3495 0.1420
vn 0.7706 -0.5846 0.2538
vn 0.9354 0.3530 -0.0190
vn 0.8590 0.0735 -0.5067
vn 0.4487 0.8895 0.0861
vn 0.3540 0.9281 -0.1150
vn 0.7903 -0.6064 -0.0879
vn 0.8503 -0.5077 0.1389
vn 0.7476 -0.6641 0.0104
vn 0.6731 0.0962 0.7333
vn 0.8220 0.5477 -0.1559
vn 0.6498 0.7583 0.0528
vn 0.9943 0.1056 0.0176
vn 0.8961 -0.4439 0.0050
vn 0.7152 -0.6837 0.1450
vn 0.8981 -0.4354 -0.0616
vn 0.8567 -0.4654 -0.2222
vn 0.9860 0.1585 -0.0519
vn 0.9803 -0.1692 -0.1023
vn 0.7707 0.2201 0.5980
vn 0.9323 0.1635 -0.3226
vn 0.8479 0.3203 -0.4225
vn 0.6782 -0.7298 -0.0859
vn 0.1546 -0.2617 0.9527
vn 0.9672 -0.2458 -0.0639
vn 0.6935 0.7149 0.0889
vn 0.9736 0.1101 -0.1999
vn 0.7002 -0.6094 0.3720
vn 0.7849 -0.5892 -0.1919
vn 0.9298 -0.0489 0.3648
vn 0.8044 -0.5910 0.0601
vn 0.9627 -0.2633 0.0623
vn 0.9551 0.2953 -0.0229
vn 0.7441 0.6542 0.1353
vn 0.6824 0.7308 -0.0145
vn 0.6757 -0.4578 0.5777
vn 0.9727 0.0426 -0.2281
vn 0.7237 -0.6824 -0.1027
vn 0.9365 0.3343 0.1061
vn 0.9527 0.3037 -0.0078
vn 0.8742 -0.1950 0.4447
vn 0.5392 0.7019 -0.4655
vn 0.9632 0.2615 -0.0617
vn 0.9822 -0.1868 0.0187
vn 0.9335 -0.3157 -0.1701
vn 0.7289 -0.6126 0.3057
vn 0.9954 -0.0615 -0.0735
vn 0.9924 0.1230 0.0002
vn 0.9412 0.2936 -0.1671
vn 0.7572 -0.6530 -0.0154
vn 0.5955 0.7601 0.2600
vn 0.8591 -0.5117 -0.0054
vn 0.9767 0.0708 -0.2024
vn 0.6931 -0.7191 -0.0504
vn 0.9995 -0.0058 0.0308
vn 0.8329 -0.3457 0.4322
vn 0.8642 -0.4941 -0.0950
vn 0.8675 0.4006 0.2949
vn 0.9357 0.0108 -0.3526
vn 0.7912 -0.6108 -0.0305
vn 0.8240 0.5240 0.2155
vn 0.9413 0.2788 0.1902
vn 0.7312 -0.6779 -0.0758
vn 0.4336 0.8705 -0.2328
vn 0.8829 -0.4382 0.1689
vn 0.8769 -0.4771 -0.0588
vn 0.9121 0.2987 0.2808
vn 0.9386 -0.3389 0.0652
vn 0.9764 -0.1590 -0.1465
vn 0.6858 0.7270 0.0346
vn 0.9788 0.1516 -0.1374
vn 0.7069 -0.7030 -0.0774
vn 0.9251 0.3782 -0.0335
vn 0.8811 0.4722 -0.0264
vn 0.8809 -0.1158 0.4590
vn 0.9899 -0.0241 0.1399
vn 0.7842 -0.6190 0.0435
vn 0.9900 0.1008 -0.0984
vn 0.9522 -0.1113 -0.2845
vn 0.8787 -0.4692 0.0884
vn 0.9075 -0.4155 -0.0619
vn 0.9940 0.0568 0.0937
vn 0.8826 0.4666 0.0572
vn 0.9222 -0.3592 0.1431
vn 0.9548 0.2901 -0.0648
vn 0.8218 -0.5038 -0.2661
vn 0.8358 -0.5490 0.0036
vn 0.8869 -0.2649 -0.3785
vn 0.9975 -0.0547 -0.0443
vn 0.9947 0.1027 0.0010
vn 0.9764 -0.2053 -0.0673
vn 0.8391 -0.5376 -0.0829
vn 0.9940 -0.0923 -0.0593
vn 0.7353 0.6761 0.0458
vn 0.9937 0.1036 -0.0422
vn 0.9610 -0.1976 -0.1937
vn 0.9437 -0.3292 -0.0321
vn 0.9970 -0.0564 -0.0527
vn 0.7655 0.5791 -0.2805
vn 0.9779 0.1290 -0.1645
vn 0.9905 -0.1372 -0.0129
vn 0.9962 -0.0860 -0.0098
vn 0.9784 -0.0529 -0.1998
vn 0.8970 0.0304 0.4411
vn 0.8124 0.5437 0.2107
vn 0.9247 0.3663 -0.1037
vn 0.8814 -0.4311 -0.1934
vn 0.9131 -0.3703 -0.1704
vn 0.6696 -0.7164 -0.1960
vn 0.6633 0.7483 0.0077
vn 0.9982 0.0411 -0.0446
vn 0.6935 -0.6839 0.2266
vn 0.9573 0.1515 0.2462
vn 0.8490 -0.1279 0.5128
vn 0.9155 -0.3992 -0.0491
vn 0.9669 -0.2136 -0.1396
vn 0.8459 0.5139 -0.1427
vn 0.9547 -0.2896 -0.0687
vn 0.8246 -0.1929 0.5319
vn 0.9614 0.0544 -0.2696
vn 0.7863 -0.6108 -0.0925
vn 0.8015 0.5797 -0.1466
vn 0.8572 0.4324 0.2797
vn 0.9179 -0.3332 -0.2154
vn 0.7948 0.6032 -0.0661
vn 0.7468 0.3182 -0.5841
vn 0.9273 -0.2498 -0.2789
vn 0.3856 0.9129 -0.1337
vn 0.8077 -0.3793 0.4514
vn 0.9944 0.0412 -0.0975
vn 0.8878 -0.4147 -0.1996
vn 0.6661 0.7456 0.0227
vn 0.6662 0.7011 -0.2543
vn 0.8862 -0.0836 0.4557
vn 0.9425 -0.3333 -0.0254
vn 0.7302 -0.3013 -0.6132
vn 0.9861 0.1086 -0.1260
vn 0.9820 0.1281 -0.1390
vn 0.9551 0.1952 0.2231
vn 0.9248 -0.3726 -0.0771
f 527//527 584//584 534//534
f 690//690 668//668 685//685
f 685//685 726//726 690//690
f 644//644 620//620 668//668
f 579//579 726//726 668//668
f 644//644 668//668 690//690
f 655//655 725//725 713//713
f 763//763 725//725 760//760
f 728//728 713//713 758//758
f 713//713 745//745 758//758
f 753//753 781//781 805//805
f 774//774 753//753 805//805
f 745//745 725//725 771//771
f 791//791 781//781 771//771
f 713//713 725//725 745//745
f 725//725 763//763 771//771
f 819//819 781//781 791//791
f 534//534 584//584 655//655
f 534//534 655//655 713//713
f 579//579 713//713 726//726
f 690//690 726//726 774//774
f 706//706 643//643 645//645
f 768//768 706//706 690//690
f 740//740 706//706 768//768
f 677//677 706//706 740//740
f 722//722 740//740 746//746
f 774//774 805//805 846//846
f 879//879 867//867 846//846
f 774//774 837//837 768//768
f 740//740 798//798 786//786
f 842//842 856//856 821//821
f 842//842 846//846 867//867
f 296//296 235//235 458//458
f 146//146 193//193 114//114
f 401//401 527//527 534//534
f 274//274 251//251 401//401
f 89//89 131//131 97//97
f 150//150 186//186 274//274
f 186//186 251//251 274//274
f 97//97 131//131 98//98
f 68//68 85//85 98//98
f 89//89 91//91 117//117
f 5//5 1//1 3//3
f 5//5 9//9 14//14
f 11//11 9//9 6//6
f 14//14 11//11 17//17
f 9//9 3//3 6//6
f 10//10 5//5 8//8
f 18//18 10//10 14//14
f 125//125 59//59 68//68
f 2//2 1//1 5//5
f 287//287 367//367 385//385
f 353//353 271//271 349//349
f 477//477 432//432 521//521
f 541//541 512//512 550//550
f 293//293 338//338 261//261
f 306//306 284//284 353//353
f 306//306 353//353 375//375
f 485//485 505//505 518//518
f 518//518 505//505 541//541
f 518//518 443//443 485//485
f 454//454 443//443 518//518
f 302//302 388//388 372//372
f 457//457 489//489 485//485
f 375//375 353//353 457//457
f 443//443 375//375 457//457
f 444//444 396//396 372//372
f 306//306 261//261 284//284
f 462//462 355//355 304//304
f 531//531 521//521 462//462
f 531//531 304//304 458//458
f 462//462 398//398 355//355
f 645//645 574//574 620//620
f 304//304 307//307 259//259
f 307//307 354//354 234//234
f 185//185 234//234 238//238
f 258//258 354//354 302//302
f 238//238 258//258 158//158
f 185//185 238//238 176//176
f 131//131 185//185 142//142
f 185//185 176//176 190//190
f 238//238 234//234 354//354
f 572//572 606//606 571//571
f 571//571 541//541 572//572
f 594//594 636//636 697//697
f 551//551 594//594 697//697
f 551//551 697//697 577//577
f 577//577 697//697 699//699
f 636//636 643//643 677//677
f 551//551 528//528 454//454
f 433//433 381//381 528//528
f 578//578 577//577 699//699
f 60//60 142//142 176//176
f 60//60 100//100 108//108
f 148//148 180//180 230//230
f 381//381 329//329 230//230
f 230//230 329//329 138//138
f 125//125 142//142 59//59
f 142//142 58//58 59//59
f 138//138 60//60 108//108
f 39//39 67//67 59//59
f 92//92 55//55 118//118
f 94//94 39//39 92//92
f 322//322 138//138 329//329
f 157//157 223//223 260//260
f 322//322 329//329 433//433
f 108//108 230//230 138//138
f 55//55 138//138 118//118
f 433//433 329//329 381//381
f 540//540 437//437 433//433
f 437//437 322//322 433//433
f 540//540 433//433 528//528
f 540//540 578//578 558//558
f 260//260 377//377 299//299
f 335//335 299//299 427//427
f 462//462 521//521 432//432
f 381//381 310//310 352//352
f 527//527 614//614 584//584
f 582//582 614//614 523//523
f 648//648 582//582 557//557
f 641//641 582//582 648//648
f 582//582 559//559 557//557
f 514//514 559//559 523//523
f 686//686 655//655 646//646
f 731//731 744//744 686//686
f 791//791 763//763 770//770
f 816//816 770//770 729//729
f 664//664 614//614 641//641
f 707//707 664//664 641//641
f 743//743 729//729 707//707
f 804//804 743//743 739//739
f 853//853 816//816 804//804
f 717//717 707//707 676//676
f 743//743 707//707 717//717
f 739//739 676//676 669//669
f 804//804 739//739 751//751
f 816//816 729//729 743//743
f 805//805 819//819 863//863
f 821//821 850//850 839//839
f 895//895 886//886 879//879
f 856//856 886//886 850//850
f 840//840 875//875 853//853
f 845//845 875//875 840//840
f 874//874 886//886 897//897
f 844//844 850//850 874//874
f 890//890 897//897 875//875
f 751//751 669//669 712//712
f 796//796 712//712 790//790
f 835//835 845//845 840//840
f 811//811 814//814 790//790
f 845//845 835//835 815//815
f 815//815 882//882 845//845
f 815//815 811//811 775//775
f 815//815 775//775 780//780
f 527//527 494//494 523//523
f 523//523 494//494 488//488
f 488//488 494//494 387//387
f 168//168 251//251 143//143
f 36//36 85//85 31//31
f 201//201 247//247 168//168
f 201//201 43//43 155//155
f 476//476 436//436 405//405
f 384//384 405//405 280//280
f 515//515 557//557 493//493
f 405//405 384//384 476//476
f 515//515 493//493 449//449
f 514//514 476//476 493//493
f 371//371 384//384 280//280
f 57//57 155//155 27//27
f 371//371 449//449 384//384
f 217//217 155//155 57//57
f 280//280 201//201 155//155
f 31//31 21//21 36//36
f 7//7 13//13 11//11
f 18//18 22//22 21//21
f 15//15 18//18 21//21
f 20//20 12//12 16//16
f 25//25 16//16 23//23
f 10//10 7//7 4//4
f 12//12 7//7 10//10
f 26//26 15//15 21//21
f 26//26 21//21 31//31
f 68//68 67//67 41//41
f 26//26 68//68 41//41
f 31//31 68//68 26//26
f 33//33 57//57 25//25
f 57//57 27//27 25//25
f 33//33 29//29 38//38
f 78//78 202//202 57//57
f 78//78 38//38 34//34
f 33//33 25//25 29//29
f 472//472 515//515 449//449
f 472//472 449//449 371//371
f 27//27 43//43 20//20
f 581//581 631//631 684//684
f 874//874 824//824 844//844
f 72//72 67//67 94//94
f 29//29 72//72 84//84
f 72//72 94//94 84//84
f 92//92 110//110 84//84
f 110//110 118//118 157//157
f 157//157 232//232 245//245
f 147//147 289//289 204//204
f 152//152 289//289 147//147
f 157//157 245//245 152//152
f 69//69 38//38 84//84
f 45//45 101//101 42//42
f 37//37 42//42 101//101
f 129//129 147//147 140//140
f 183//183 129//129 140//140
f 624//624 581//581 684//684
f 504//504 427//427 544//544
f 245//245 335//335 313//313
f 423//423 313//313 335//335
f 289//289 245//245 313//313
f 504//504 544//544 565//565
f 362//362 313//313 430//430
f 362//362 430//430 326//326
f 231//231 204//204 305//305
f 295//295 305//305 323//323
f 211//211 295//295 308//308
f 305//305 289//289 362//362
f 438//438 326//326 430//430
f 557//557 515//515 576//576
f 612//612 576//576 555//555
f 555//555 519//519 575//575
f 712//712 612//612 727//727
f 727//727 612//612 619//619
f 380//380 471//471 202//202
f 202//202 471//471 371//371
f 653//653 727//727 619//619
f 775//775 727//727 653//653
f 619//619 612//612 575//575
f 619//619 575//575 604//604
f 619//619 604//604 653//653
f 490//490 448//448 517//517
f 604//604 561//561 653//653
f 517//517 495//495 561//561
f 885//885 889//889 882//882
f 815//815 797//797 829//829
f 780//780 659//659 772//772
f 780//780 653//653 659//659
f 885//885 882//882 829//829
f 885//885 829//829 891//891
f 793//793 818//818 772//772
f 833//833 864//864 818//818
f 864//864 891//891 818//818
f 74//74 44//44 42//42
f 380//380 188//188 275//275
f 159//159 188//188 74//74
f 272//272 275//275 159//159
f 74//74 42//42 40//40
f 40//40 129//129 82//82
f 40//40 37//37 129//129
f 77//77 40//40 107//107
f 40//40 82//82 107//107
f 107//107 82//82 83//83
f 74//74 40//40 77//77
f 82//82 183//183 162//162
f 448//448 380//380 275//275
f 448//448 275//275 482//482
f 513//513 495//495 482//482
f 241//241 272//272 179//179
f 182//182 241//241 179//179
f 62//62 182//182 49//49
f 495//495 448//448 482//482
f 576//576 669//669 557//557
f 183//183 170//170 231//231
f 780//780 775//775 653//653
f 162//162 183//183 211//211
f 742//742 801//801 631//631
f 643//643 706//706 677//677
f 697//697 740//740 722//722
f 767//767 821//821 801//801
f 801//801 821//821 839//839
f 646//646 584//584 614//614
f 472//472 371//371 519//519
f 684//684 705//705 658//658
f 858//858 849//849 803//803
f 737//737 782//782 803//803
f 684//684 787//787 705//705
f 705//705 787//787 783//783
f 787//787 849//849 828//828
f 624//624 658//658 587//587
f 565//565 587//587 628//628
f 507//507 504//504 565//565
f 658//658 667//667 628//628
f 600//600 628//628 667//667
f 696//696 667//667 761//761
f 481//481 438//438 507//507
f 481//481 507//507 538//538
f 591//591 538//538 600//600
f 591//591 667//667 696//696
f 600//600 667//667 591//591
f 920//920 935//935 913//913
f 922//922 910//910 873//873
f 873//873 892//892 922//922
f 696//696 761//761 773//773
f 800//800 773//773 809//809
f 800//800 902//902 851//851
f 800//800 851//851 779//779
f 738//738 800//800 779//779
f 783//783 834//834 761//761
f 809//809 873//873 908//908
f 309//309 314//314 383//383
f 126//126 162//162 119//119
f 30//30 32//32 35//35
f 35//35 32//32 119//119
f 35//35 119//119 71//71
f 62//62 30//30 35//35
f 62//62 63//63 116//116
f 63//63 35//35 71//71
f 119//119 172//172 135//135
f 135//135 172//172 156//156
f 141//141 156//156 282//282
f 282//282 364//364 342//342
f 141//141 282//282 196//196
f 196//196 282//282 268//268
f 171//171 149//149 240//240
f 200//200 240//240 160//160
f 240//240 249//249 160//160
f 160//160 249//249 177//177
f 303//303 294//294 309//309
f 162//162 172//172 119//119
f 71//71 119//119 135//135
f 383//383 438//438 481//481
f 429//429 481//481 501//501
f 468//468 390//390 501//501
f 319//319 346//346 390//390
f 347//347 311//311 363//363
f 365//365 360//360 428//428
f 468//468 428//428 390//390
f 316//316 347//347 348//348
f 363//363 348//348 347//347
f 325//325 348//348 363//363
f 348//348 325//325 249//249
f 470//470 475//475 441//441
f 413//413 470//470 441//441
f 424//424 441//441 466//466
f 441//441 475//475 466//466
f 475//475 510//510 466//466
f 470//470 511//511 475//475
f 341//341 347//347 316//316
f 311//311 365//365 363//363
f 325//325 413//413 395//395
f 638//638 654//654 709//709
f 466//466 510//510 497//497
f 545//545 497//497 510//510
f 421//421 451//451 408//408
f 408//408 463//463 459//459
f 451//451 463//463 408//408
f 408//408 459//459 412//412
f 817//817 793//793 730//730
f 864//864 833//833 884//884
f 730//730 701//701 817//817
f 813//813 789//789 714//714
f 513//513 482//482 456//456
f 182//182 273//273 241//241
f 273//273 374//374 241//241
f 189//189 273//273 182//182
f 601//601 526//526 546//546
f 714//714 601//601 546//546
f 546//546 484//484 492//492
f 492//492 273//273 278//278
f 529//529 492//492 499//499
f 492//492 410//410 499//499
f 546//546 492//492 553//553
f 492//492 484//484 374//374
f 714//714 546//546 621//621
f 615//615 529//529 539//539
f 570//570 615//615 539//539
f 539//539 500//500 570//570
f 623//623 570//570 592//592
f 650//650 615//615 623//623
f 609//609 526//526 601//601
f 901//901 864//864 941//941
f 941//941 884//884 906//906
f 893//893 955//955 941//941
f 941//941 848//848 893//893
f 909//909 955//955 893//893
f 909//909 924//924 933//933
f 924//924 920//920 933//933
f 944//944 939//939 931//931
f 893//893 764//764 820//820
f 915//915 877//877 925//925
f 877//877 915//915 876//876
f 765//765 877//877 820//820
f 936//936 916//916 868//868
f 942//942 916//916 936//936
f 902//902 894//894 851//851
f 923//923 938//938 896//896
f 894//894 944//944 923//923
f 779//779 851//851 896//896
f 779//779 896//896 756//756
f 914//914 756//756 896//896
f 938//938 940//940 945//945
f 950//950 938//938 958//958
f 953//953 940//940 942//942
f 929//929 958//958 957//957
f 923//923 944//944 940//940
f 896//896 938//938 928//928
f 734//734 682//682 650//650
f 734//734 650//650 691//691
f 936//936 765//765 912//912
f 868//868 765//765 936//936
f 691//691 650//650 623//623
f 715//715 656//656 657//657
f 622//622 592//592 585//585
f 665//665 652//652 637//637
f 665//665 715//715 652//652
f 948//948 936//936 912//912
f 959//959 962//962 948//948
f 959//959 912//912 952//952
f 960//960 957//957 958//958
f 975//975 968//968 964//964
f 973//973 969//969 978//978
f 980//980 975//975 967//967
f 949//949 914//914 957//957
f 973//973 949//949 957//957
f 905//905 949//949 951//951
f 977//977 979//979 982//982
f 974//974 719//719 854//854
f 967//967 952//952 974//974
f 977//977 982//982 981//981
f 982//982 979//979 981//981
f 977//977 981//981 976//976
f 956//956 976//976 965//965
f 974//974 947//947 965//965
f 949//949 966//966 951//951
f 966//966 971//971 954//954
f 888//888 954//954 971//971
f 961//961 971//971 977//977
f 961//961 956//956 883//883
f 898//898 971//971 961//961
f 197//197 252//252 189//189
f 70//70 112//112 81//81
f 104//104 197//197 123//123
f 93//93 160//160 64//64
f 273//273 252//252 278//278
f 278//278 197//197 166//166
f 499//499 410//410 467//467
f 214//214 410//410 278//278
f 166//166 214//214 278//278
f 252//252 197//197 278//278
f 104//104 86//86 166//166
f 73//73 86//86 64//64
f 102//102 86//86 73//73
f 102//102 73//73 87//87
f 102//102 219//219 214//214
f 86//86 104//104 66//66
f 64//64 132//132 73//73
f 87//87 132//132 164//164
f 80//80 87//87 164//164
f 122//122 80//80 109//109
f 320//320 406//406 410//410
f 496//496 570//570 500//500
f 542//542 496//496 491//491
f 431//431 450//450 404//404
f 109//109 106//106 122//122
f 106//106 187//187 122//122
f 236//236 249//249 327//327
f 169//169 177//177 236//236
f 236//236 177//177 249//249
f 681//681 638//638 716//716
f 716//716 756//756 769//769
f 756//756 914//914 769//769
f 716//716 769//769 681//681
f 759//759 704//704 769//769
f 545//545 638//638 632//632
f 632//632 638//638 681//681
f 704//704 632//632 681//681
f 769//769 914//914 795//795
f 914//914 905//905 795//795
f 759//759 802//802 747//747
f 905//905 865//865 795//795
f 670//670 632//632 747//747
f 279//279 327//327 343//343
f 236//236 327//327 279//279
f 191//191 169//169 279//279
f 343//343 391//391 368//368
f 191//191 279//279 215//215
f 109//109 191//191 215//215
f 324//324 368//368 392//392
f 392//392 407//407 382//382
f 328//328 205//205 262//262
f 262//262 324//324 328//328
f 167//167 205//205 373//373
f 215//215 279//279 368//368
f 262//262 205//205 161//161
f 417//417 378//378 452//452
f 452//452 486//486 442//442
f 516//516 486//486 509//509
f 486//486 479//479 509//509
f 452//452 439//439 479//479
f 508//508 480//480 516//516
f 407//407 442//442 409//409
f 588//588 560//560 670//670
f 442//442 440//440 400//400
f 400//400 440//440 345//345
f 266//266 400//400 345//345
f 331//331 379//379 269//269
f 269//269 379//379 400//400
f 269//269 276//276 257//257
f 331//331 269//269 288//288
f 269//269 257//257 288//288
f 276//276 339//339 257//257
f 340//340 416//416 474//474
f 549//549 416//416 508//508
f 417//417 442//442 407//407
f 440//440 486//486 480//480
f 315//315 373//373 379//379
f 580//580 622//622 585//585
f 580//580 585//585 542//542
f 652//652 603//603 637//637
f 542//542 491//491 532//532
f 569//569 532//532 567//567
f 130//130 106//106 121//121
f 61//61 90//90 121//121
f 121//121 161//161 167//167
f 121//121 167//167 61//61
f 167//167 213//213 145//145
f 178//178 213//213 315//315
f 174//174 290//290 127//127
f 75//75 127//127 61//61
f 174//174 127//127 75//75
f 344//344 393//393 292//292
f 173//173 174//174 75//75
f 54//54 61//61 46//46
f 46//46 115//115 51//51
f 95//95 54//54 51//51
f 115//115 88//88 52//52
f 79//79 128//128 56//56
f 161//161 205//205 167//167
f 46//46 167//167 145//145
f 265//265 315//315 331//331
f 334//334 330//330 331//331
f 297//297 336//336 351//351
f 330//330 334//334 351//351
f 802//802 865//865 838//838
f 747//747 788//788 670//670
f 642//642 670//670 736//736
f 610//610 549//549 588//588
f 838//838 807//807 788//788
f 888//888 971//971 898//898
f 785//785 836//836 810//810
f 807//807 836//836 785//785
f 836//836 859//859 810//810
f 736//736 807//807 785//785
f 860//860 869//869 883//883
f 871//871 859//859 921//921
f 832//832 919//919 857//857
f 919//919 921//921 943//943
f 810//810 859//859 871//871
f 810//810 871//871 880//880
f 836//836 861//861 859//859
f 642//642 810//810 832//832
f 535//535 610//610 607//607
f 616//616 607//607 678//678
f 616//616 535//535 607//607
f 674//674 678//678 799//799
f 735//735 671//671 693//693
f 735//735 693//693 799//799
f 639//639 605//605 640//640
f 666//666 671//671 639//639
f 671//671 666//666 693//693
f 736//736 785//785 810//810
f 277//277 257//257 340//340
f 56//56 52//52 88//88
f 56//56 88//88 47//47
f 47//47 99//99 103//103
f 248//248 288//288 243//243
f 154//154 267//267 237//237
f 248//248 254//254 237//237
f 254//254 369//369 301//301
f 237//237 254//254 246//246
f 246//246 254//254 301//301
f 301//301 369//369 445//445
f 370//370 301//301 445//445
f 154//154 181//181 113//113
f 291//291 144//144 181//181
f 144//144 103//103 181//181
f 113//113 181//181 103//103
f 270//270 181//181 246//246
f 270//270 246//246 301//301
f 286//286 277//277 340//340
f 524//524 498//498 445//445
f 333//333 445//445 414//414
f 414//414 498//498 460//460
f 583//583 554//554 616//616
f 502//502 548//548 605//605
f 332//332 298//298 333//333
f 419//419 414//414 460//460
f 651//651 625//625 629//629
f 651//651 629//629 721//721
f 672//672 721//721 629//629
f 567//567 536//536 563//563
f 536//536 520//520 469//469
f 625//625 563//563 629//629
f 629//629 563//563 530//530
f 597//597 626//626 566//566
f 665//665 637//637 593//593
f 625//625 567//567 563//563
f 854//854 900//900 903//903
f 872//872 854//854 843//843
f 855//855 872//872 843//843
f 872//872 900//900 854//854
f 672//672 626//626 689//689
f 689//689 626//626 662//662
f 823//823 662//662 776//776
f 597//597 599//599 634//634
f 776//776 662//662 675//675
f 662//662 597//597 634//634
f 831//831 843//843 823//823
f 831//831 823//823 776//776
f 831//831 776//776 748//748
f 79//79 203//203 128//128
f 389//389 264//264 281//281
f 281//281 220//220 203//203
f 337//337 465//465 389//389
f 225//225 281//281 203//203
f 337//337 281//281 225//225
f 473//473 337//337 397//397
f 522//522 376//376 264//264
f 220//220 344//344 173//173
f 748//748 776//776 711//711
f 556//556 630//630 598//598
f 630//630 618//618 661//661
f 573//573 556//556 598//598
f 556//556 618//618 630//630
f 711//711 618//618 660//660
f 660//660 618//618 602//602
f 455//455 525//525 435//435
f 455//455 435//435 425//425
f 533//533 525//525 455//455
f 543//543 552//552 586//586
f 602//602 618//618 525//525
f 537//537 533//533 506//506
f 537//537 543//543 562//562
f 602//602 590//590 647//647
f 617//617 590//590 608//608
f 633//633 630//630 695//695
f 633//633 634//634 598//598
f 675//675 634//634 633//633
f 469//469 446//446 536//536
f 530//530 446//446 566//566
f 435//435 397//397 359//359
f 872//872 917//917 900//900
f 927//927 860//860 881//881
f 843//843 881//881 855//855
f 907//907 926//926 918//918
f 926//926 943//943 927//927
f 904//904 825//825 841//841
f 741//741 827//827 866//866
f 735//735 777//777 671//671
f 830//830 866//866 862//862
f 878//878 904//904 866//866
f 866//866 904//904 862//862
f 866//866 830//830 741//741
f 822//822 825//825 812//812
f 822//822 852//852 841//841
f 741//741 830//830 749//749
f 830//830 822//822 812//812
f 830//830 852//852 822//822
f 552//552 639//639 741//741
f 749//749 552//552 741//741
f 857//857 870//870 808//808
f 808//808 870//870 826//826
f 827//827 870//870 878//878
f 870//870 907//907 904//904
f 724//724 784//784 748//748
f 694//694 749//749 778//778
f 732//732 694//694 778//778
f 732//732 754//754 694//694
f 692//692 694//694 700//700
f 694//694 608//608 586//586
f 694//694 663//663 608//608
f 825//825 831//831 748//748
f 225//225 203//203 137//137
f 137//137 105//105 225//225
f 165//165 105//105 134//134
f 96//96 133//133 134//134
f 151//151 163//163 134//134
f 175//175 221//221 153//153
f 151//151 198//198 199//199
f 420//420 263//263 318//318
f 263//263 199//199 198//198
f 153//153 221//221 195//195
f 221//221 244//244 195//195
f 175//175 291//291 221//221
f 222//222 225//225 165//165
f 163//163 283//283 222//222
f 552//552 478//478 402//402
f 216//216 163//163 151//151
f 216//216 151//151 207//207
f 420//420 357//357 199//199
f 207//207 357//357 233//233
f 357//357 218//218 199//199
f 206//206 210//210 208//208
f 206//206 218//218 209//209
f 543//543 478//478 552//552
f 386//386 425//425 317//317
f 356//356 402//402 386//386
f 386//386 483//483 425//425
f 386//386 478//478 434//434
f 386//386 317//317 356//356
f 639//639 420//420 447//447
f 366//366 447//447 420//420
f 366//366 420//420 318//318
f 344//344 469//469 393//393
f 860//860 883//883 872//872
f 921//921 869//869 927//927
f 96//96 103//103 144//144
f 79//79 56//56 48//48
f 818//818 793//793 833//833
f 609//609 561//561 513//513
f 931//931 935//935 920//920
f 908//908 910//910 931//931
f 394//394 408//408 378//378
f 652//652 627//627 603//603
f 342//342 364//364 341//341
f 585//585 496//496 542//542
f 116//116 182//182 62//62
f 620//620 595//595 579//579
f 644//644 645//645 620//620
f 668//668 726//726 685//685
f 668//668 620//620 579//579
f 645//645 644//644 690//690
f 720//720 750//750 760//760
f 725//725 655//655 720//720
f 755//755 728//728 758//758
f 766//766 781//781 758//758
f 758//758 745//745 766//766
f 758//758 781//781 757//757
f 757//757 752//752 758//758
f 755//755 752//752 757//757
f 755//755 757//757 781//781
f 766//766 745//745 771//771
f 771//771 781//781 766//766
f 763//763 791//791 771//771
f 819//819 805//805 781//781
f 579//579 534//534 713//713
f 726//726 713//713 728//728
f 798//798 740//740 768//768
f 706//706 645//645 690//690
f 746//746 740//740 786//786
f 740//740 697//697 677//677
f 846//846 837//837 774//774
f 879//879 846//846 805//805
f 842//842 786//786 798//798
f 798//798 837//837 842//842
f 798//798 768//768 837//837
f 722//722 746//746 786//786
f 722//722 786//786 821//821
f 722//722 821//821 767//767
f 856//856 842//842 867//867
f 821//821 786//786 842//842
f 842//842 837//837 846//846
f 768//768 690//690 774//774
f 304//304 296//296 458//458
f 228//228 239//239 259//259
f 227//227 296//296 304//304
f 227//227 193//193 146//146
f 228//228 226//226 239//239
f 296//296 227//227 146//146
f 239//239 229//229 227//227
f 146//146 235//235 296//296
f 117//117 114//114 89//89
f 89//89 114//114 136//136
f 458//458 401//401 534//534
f 274//274 401//401 458//458
f 150//150 274//274 235//235
f 91//91 150//150 235//235
f 97//97 91//91 89//89
f 131//131 89//89 136//136
f 111//111 124//124 186//186
f 150//150 111//111 186//186
f 124//124 143//143 186//186
f 143//143 251//251 186//186
f 85//85 143//143 111//111
f 143//143 124//124 111//111
f 85//85 111//111 97//97
f 150//150 91//91 97//97
f 85//85 97//97 98//98
f 117//117 91//91 235//235
f 2//2 6//6 3//3
f 1//1 2//2 3//3
f 3//3 9//9 5//5
f 8//8 5//5 14//14
f 4//4 2//2 5//5
f 4//4 11//11 6//6
f 10//10 8//8 14//14
f 15//15 10//10 18//18
f 68//68 98//98 125//125
f 287//287 338//338 367//367
f 271//271 255//255 287//287
f 261//261 255//255 271//271
f 358//358 271//271 287//287
f 349//349 415//415 422//422
f 426//426 358//358 385//385
f 477//477 512//512 444//444
f 512//512 477//477 521//521
f 521//521 550//550 512//512
f 541//541 489//489 512//512
f 396//396 367//367 338//338
f 306//306 293//293 261//261
f 388//388 302//302 354//354
f 422//422 426//426 461//461
f 426//426 422//422 415//415
f 353//353 349//349 422//422
f 353//353 422//422 457//457
f 444//444 489//489 426//426
f 422//422 461//461 489//489
f 457//457 422//422 489//489
f 489//489 461//461 426//426
f 388//388 444//444 372//372
f 444//444 512//512 489//489
f 505//505 485//485 489//489
f 541//541 505//505 489//489
f 302//302 375//375 352//352
f 306//306 302//302 372//372
f 352//352 310//310 302//302
f 454//454 381//381 352//352
f 454//454 352//352 443//443
f 443//443 352//352 375//375
f 255//255 261//261 338//338
f 385//385 367//367 426//426
f 571//571 518//518 541//541
f 531//531 462//462 304//304
f 398//398 462//462 432//432
f 579//579 531//531 458//458
f 574//574 547//547 531//531
f 574//574 531//531 579//579
f 579//579 595//595 574//574
f 574//574 572//572 550//550
f 645//645 572//572 574//574
f 521//521 531//531 547//547
f 550//550 521//521 547//547
f 572//572 541//541 550//550
f 355//355 354//354 307//307
f 307//307 193//193 224//224
f 238//238 354//354 258//258
f 190//190 142//142 185//185
f 458//458 534//534 579//579
f 355//355 307//307 304//304
f 643//643 606//606 645//645
f 636//636 606//606 643//643
f 697//697 636//636 677//677
f 636//636 594//594 606//606
f 454//454 518//518 551//551
f 551//551 518//518 571//571
f 528//528 551//551 577//577
f 528//528 381//381 454//454
f 594//594 551//551 571//571
f 767//767 699//699 722//722
f 722//722 699//699 697//697
f 699//699 767//767 742//742
f 742//742 767//767 801//801
f 578//578 528//528 577//577
f 742//742 578//578 699//699
f 578//578 742//742 631//631
f 558//558 578//578 631//631
f 194//194 258//258 212//212
f 158//158 194//194 212//212
f 148//148 100//100 158//158
f 158//158 212//212 180//180
f 100//100 176//176 158//158
f 60//60 176//176 100//100
f 381//381 180//180 310//310
f 230//230 180//180 381//381
f 212//212 310//310 180//180
f 108//108 148//148 230//230
f 58//58 142//142 60//60
f 59//59 58//58 39//39
f 60//60 39//39 58//58
f 94//94 67//67 39//39
f 92//92 39//39 55//55
f 118//118 223//223 157//157
f 260//260 223//223 322//322
f 118//118 138//138 223//223
f 232//232 157//157 260//260
f 180//180 148//148 158//158
f 437//437 377//377 322//322
f 260//260 322//322 377//377
f 437//437 427//427 377//377
f 427//427 437//437 540//540
f 558//558 427//427 540//540
f 581//581 558//558 631//631
f 544//544 427//427 558//558
f 299//299 232//232 260//260
f 232//232 299//299 256//256
f 427//427 299//299 377//377
f 335//335 256//256 299//299
f 388//388 354//354 432//432
f 194//194 158//158 258//258
f 176//176 238//238 158//158
f 645//645 606//606 572//572
f 523//523 614//614 527//527
f 523//523 559//559 582//582
f 514//514 557//557 559//559
f 611//611 582//582 641//641
f 770//770 760//760 750//750
f 770//770 763//763 760//760
f 686//686 720//720 655//655
f 686//686 744//744 720//720
f 731//731 686//686 683//683
f 646//646 664//664 683//683
f 646//646 683//683 686//686
f 683//683 664//664 729//729
f 707//707 729//729 664//664
f 731//731 729//729 744//744
f 729//729 770//770 744//744
f 744//744 750//750 720//720
f 819//819 791//791 770//770
f 819//819 770//770 816//816
f 646//646 655//655 584//584
f 664//664 646//646 614//614
f 804//804 816//816 743//743
f 676//676 648//648 557//557
f 743//743 717//717 676//676
f 739//739 743//743 676//676
f 669//669 676//676 557//557
f 707//707 641//641 648//648
f 895//895 805//805 863//863
f 895//895 879//879 805//805
f 856//856 867//867 879//879
f 821//821 856//856 850//850
f 886//886 895//895 897//897
f 863//863 816//816 853//853
f 875//875 863//863 853//853
f 875//875 895//895 863//863
f 804//804 840//840 853//853
f 874//874 897//897 890//890
f 874//874 850//850 886//886
f 751//751 796//796 804//804
f 790//790 814//814 796//796
f 775//775 790//790 727//727
f 712//712 727//727 790//790
f 835//835 840//840 804//804
f 814//814 835//835 796//796
f 811//811 835//835 814//814
f 775//775 811//811 790//790
f 815//815 835//835 811//811
f 882//882 890//890 845//845
f 845//845 890//890 875//875
f 796//796 835//835 804//804
f 401//401 494//494 527//527
f 251//251 247//247 401//401
f 494//494 401//401 387//387
f 401//401 247//247 387//387
f 387//387 418//418 488//488
f 312//312 280//280 418//418
f 50//50 36//36 22//22
f 24//24 50//50 22//22
f 50//50 201//201 168//168
f 43//43 50//50 28//28
f 43//43 201//201 50//50
f 20//20 28//28 24//24
f 50//50 24//24 28//28
f 22//22 14//14 17//17
f 22//22 17//17 24//24
f 50//50 168//168 143//143
f 85//85 36//36 143//143
f 247//247 201//201 312//312
f 155//155 43//43 27//27
f 514//514 523//523 488//488
f 514//514 488//488 436//436
f 488//488 418//418 436//436
f 476//476 514//514 436//436
f 493//493 557//557 514//514
f 155//155 217//217 280//280
f 217//217 371//371 280//280
f 280//280 436//436 418//418
f 50//50 143//143 36//36
f 13//13 19//19 17//17
f 7//7 11//11 4//4
f 20//20 24//24 13//13
f 12//12 20//20 7//7
f 12//12 15//15 23//23
f 16//16 27//27 20//20
f 16//16 25//25 27//27
f 12//12 23//23 16//16
f 26//26 23//23 15//15
f 72//72 41//41 67//67
f 26//26 41//41 23//23
f 29//29 25//25 23//23
f 29//29 23//23 41//41
f 29//29 41//41 72//72
f 78//78 33//33 38//38
f 202//202 217//217 57//57
f 34//34 44//44 78//78
f 44//44 74//74 78//78
f 217//217 202//202 371//371
f 74//74 202//202 78//78
f 13//13 24//24 19//19
f 20//20 43//43 28//28
f 68//68 31//31 85//85
f 762//762 801//801 850//850
f 850//850 801//801 839//839
f 762//762 631//631 801//801
f 824//824 762//762 844//844
f 762//762 824//824 782//782
f 762//762 850//850 844//844
f 631//631 737//737 684//684
f 737//737 762//762 782//782
f 824//824 874//874 858//858
f 110//110 92//92 118//118
f 84//84 94//94 92//92
f 69//69 84//84 110//110
f 152//152 110//110 157//157
f 289//289 152//152 245//245
f 45//45 34//34 69//69
f 45//45 42//42 44//44
f 44//44 34//34 45//45
f 45//45 69//69 101//101
f 129//129 37//37 101//101
f 101//101 152//152 147//147
f 170//170 183//183 140//140
f 140//140 147//147 170//170
f 101//101 147//147 129//129
f 101//101 69//69 110//110
f 101//101 110//110 152//152
f 587//587 581//581 624//624
f 581//581 544//544 558//558
f 587//587 565//565 544//544
f 587//587 544//544 581//581
f 245//245 232//232 256//256
f 504//504 423//423 427//427
f 504//504 430//430 423//423
f 362//362 289//289 313//313
f 430//430 313//313 423//423
f 323//323 305//305 362//362
f 211//211 183//183 231//231
f 231//231 305//305 295//295
f 295//295 323//323 308//308
f 211//211 231//231 295//295
f 305//305 204//204 289//289
f 555//555 515//515 472//472
f 519//519 555//555 472//472
f 712//712 576//576 612//612
f 612//612 555//555 575//575
f 555//555 576//576 515//515
f 471//471 575//575 519//519
f 490//490 471//471 380//380
f 575//575 471//471 490//490
f 575//575 490//490 604//604
f 517//517 604//604 490//490
f 604//604 517//517 561//561
f 609//609 653//653 561//561
f 889//889 890//890 882//882
f 780//780 797//797 815//815
f 797//797 780//780 772//772
f 772//772 829//829 797//797
f 730//730 793//793 772//772
f 730//730 772//772 659//659
f 829//829 882//882 815//815
f 818//818 891//891 829//829
f 818//818 829//829 772//772
f 202//202 188//188 380//380
f 74//74 188//188 202//202
f 37//37 40//40 42//42
f 107//107 159//159 77//77
f 83//83 179//179 107//107
f 82//82 129//129 183//183
f 53//53 82//82 126//126
f 82//82 162//162 126//126
f 448//448 490//490 380//380
f 513//513 561//561 495//495
f 321//321 482//482 272//272
f 456//456 482//482 321//321
f 272//272 482//482 275//275
f 49//49 179//179 83//83
f 30//30 53//53 32//32
f 30//30 49//49 53//53
f 321//321 272//272 241//241
f 159//159 179//179 272//272
f 74//74 77//77 159//159
f 83//83 82//82 53//53
f 53//53 49//49 83//83
f 182//182 179//179 49//49
f 495//495 517//517 448//448
f 231//231 170//170 204//204
f 609//609 659//659 653//653
f 427//427 423//423 335//335
f 595//595 620//620 574//574
f 669//669 576//576 712//712
f 874//874 890//890 889//889
f 228//228 259//259 224//224
f 234//234 136//136 193//193
f 185//185 136//136 234//234
f 185//185 131//131 136//136
f 34//34 38//38 69//69
f 519//519 371//371 471//471
f 803//803 824//824 858//858
f 737//737 803//803 787//787
f 684//684 737//737 787//787
f 783//783 658//658 705//705
f 783//783 787//787 828//828
f 782//782 824//824 803//803
f 587//587 658//658 628//628
f 783//783 667//667 658//658
f 667//667 783//783 761//761
f 600//600 507//507 565//565
f 600//600 538//538 507//507
f 628//628 600//600 565//565
f 568//568 538//538 591//591
f 889//889 887//887 858//858
f 887//887 849//849 858//858
f 899//899 849//849 887//887
f 913//913 911//911 889//889
f 885//885 913//913 889//889
f 911//911 899//899 887//887
f 228//228 224//224 229//229
f 226//226 228//228 229//229
f 889//889 911//911 887//887
f 849//849 899//899 828//828
f 834//834 783//783 828//828
f 834//834 828//828 892//892
f 828//828 899//899 892//892
f 892//892 761//761 834//834
f 885//885 891//891 913//913
f 920//920 891//891 901//901
f 935//935 922//922 892//892
f 935//935 910//910 922//922
f 935//935 931//931 910//910
f 908//908 873//873 910//910
f 892//892 899//899 935//935
f 809//809 892//892 873//873
f 935//935 899//899 911//911
f 935//935 911//911 913//913
f 773//773 761//761 809//809
f 696//696 773//773 738//738
f 591//591 696//696 738//738
f 809//809 908//908 902//902
f 800//800 809//809 902//902
f 779//779 654//654 738//738
f 773//773 800//800 738//738
f 738//738 654//654 591//591
f 654//654 779//779 709//709
f 658//658 624//624 684//684
f 761//761 892//892 809//809
f 326//326 300//300 323//323
f 300//300 326//326 350//350
f 350//350 326//326 438//438
f 300//300 294//294 308//308
f 314//314 300//300 350//350
f 294//294 314//314 309//309
f 314//314 294//294 300//300
f 308//308 323//323 300//300
f 32//32 126//126 119//119
f 63//63 62//62 35//35
f 63//63 71//71 65//65
f 65//65 116//116 63//63
f 211//211 308//308 250//250
f 282//282 250//250 294//294
f 141//141 135//135 156//156
f 149//149 141//141 196//196
f 172//172 211//211 250//250
f 309//309 282//282 303//303
f 282//282 309//309 364//364
f 341//341 268//268 342//342
f 268//268 282//282 342//342
f 141//141 120//120 135//135
f 120//120 141//141 149//149
f 76//76 65//65 120//120
f 76//76 120//120 70//70
f 120//120 171//171 70//70
f 149//149 171//171 120//120
f 65//65 135//135 120//120
f 240//240 149//149 268//268
f 200//200 112//112 171//171
f 341//341 240//240 268//268
f 200//200 171//171 240//240
f 249//249 240//240 348//348
f 149//149 196//196 268//268
f 240//240 341//341 316//316
f 282//282 294//294 303//303
f 250//250 308//308 294//294
f 364//364 309//309 383//383
f 481//481 429//429 383//383
f 568//568 501//501 538//538
f 501//501 481//481 538//538
f 568//568 468//468 501//501
f 346//346 364//364 429//429
f 501//501 390//390 429//429
f 319//319 341//341 346//346
f 568//568 511//511 468//468
f 464//464 468//468 511//511
f 654//654 511//511 568//568
f 360//360 319//319 390//390
f 390//390 428//428 360//360
f 347//347 341//341 319//319
f 311//311 347//347 319//319
f 311//311 360//360 365//365
f 311//311 319//319 360//360
f 470//470 411//411 464//464
f 365//365 428//428 411//411
f 464//464 428//428 468//468
f 464//464 411//411 428//428
f 470//470 464//464 511//511
f 395//395 249//249 325//325
f 325//325 363//363 413//413
f 441//441 395//395 413//413
f 424//424 395//395 441//441
f 413//413 411//411 470//470
f 638//638 510//510 654//654
f 654//654 510//510 511//511
f 638//638 545//545 510//510
f 451//451 421//421 466//466
f 408//408 394//394 421//421
f 394//394 399//399 424//424
f 497//497 459//459 463//463
f 497//497 545//545 459//459
f 459//459 479//479 412//412
f 545//545 479//479 459//459
f 884//884 833//833 817//817
f 884//884 817//817 848//848
f 817//817 833//833 793//793
f 701//701 659//659 609//609
f 730//730 659//659 701//701
f 701//701 609//609 601//601
f 848//848 817//817 789//789
f 714//714 789//789 701//701
f 789//789 817//817 701//701
f 813//813 847//847 848//848
f 764//764 813//813 714//714
f 701//701 601//601 714//714
f 609//609 513//513 526//526
f 456//456 484//484 526//526
f 526//526 513//513 456//456
f 241//241 456//456 321//321
f 456//456 241//241 374//374
f 484//484 456//456 374//374
f 526//526 484//484 546//546
f 621//621 546//546 553//553
f 621//621 688//688 714//714
f 688//688 621//621 635//635
f 698//698 764//764 688//688
f 698//698 688//688 635//635
f 723//723 764//764 698//698
f 635//635 621//621 589//589
f 615//615 698//698 635//635
f 529//529 589//589 553//553
f 529//529 553//553 492//492
f 615//615 589//589 529//529
f 589//589 621//621 553//553
f 682//682 649//649 650//650
f 723//723 698//698 682//682
f 539//539 499//499 467//467
f 499//499 539//539 529//529
f 623//623 615//615 570//570
f 650//650 649//649 615//615
f 764//764 714//714 688//688
f 492//492 374//374 273//273
f 901//901 930//930 933//933
f 930//930 901//901 941//941
f 933//933 920//920 901//901
f 941//941 906//906 848//848
f 933//933 930//930 955//955
f 909//909 933//933 955//955
f 941//941 955//955 930//930
f 939//939 908//908 931//931
f 915//915 920//920 924//924
f 937//937 944//944 931//931
f 920//920 937//937 931//931
f 813//813 893//893 847//847
f 876//876 893//893 820//820
f 877//877 876//876 820//820
f 893//893 813//813 764//764
f 925//925 937//937 915//915
f 932//932 944//944 937//937
f 868//868 925//925 877//877
f 916//916 932//932 925//925
f 868//868 916//916 925//925
f 925//925 932//932 937//937
f 893//893 848//848 847//847
f 902//902 908//908 939//939
f 765//765 764//764 723//723
f 820//820 764//764 765//765
f 894//894 902//902 939//939
f 944//944 894//894 939//939
f 923//923 851//851 894//894
f 896//896 851//851 923//923
f 932//932 940//940 944//944
f 940//940 938//938 923//923
f 953//953 945//945 940//940
f 958//958 938//938 945//945
f 942//942 940//940 932//932
f 934//934 896//896 928//928
f 934//934 950//950 958//958
f 929//929 896//896 934//934
f 957//957 914//914 929//929
f 905//905 914//914 949//949
f 865//865 905//905 951//951
f 896//896 929//929 914//914
f 929//929 934//934 958//958
f 938//938 950//950 934//934
f 765//765 723//723 682//682
f 734//734 691//691 715//715
f 734//734 765//765 682//682
f 952//952 912//912 734//734
f 912//912 765//765 734//734
f 656//656 691//691 623//623
f 715//715 691//691 656//656
f 656//656 623//623 592//592
f 592//592 622//622 656//656
f 622//622 657//657 656//656
f 622//622 715//715 657//657
f 627//627 652//652 622//622
f 715//715 622//622 652//652
f 719//719 734//734 715//715
f 719//719 715//715 665//665
f 948//948 953//953 936//936
f 962//962 958//958 945//945
f 959//959 972//972 962//962
f 972//972 959//959 952//952
f 962//962 972//972 958//958
f 972//972 960//960 958//958
f 964//964 968//968 970//970
f 973//973 978//978 980//980
f 969//969 973//973 960//960
f 975//975 980//980 978//978
f 964//964 970//970 972//972
f 979//979 973//973 980//980
f 979//979 980//980 967//967
f 966//966 949//949 977//977
f 949//949 973//973 977//977
f 973//973 979//979 977//977
f 973//973 957//957 960//960
f 974//974 952//952 719//719
f 967//967 974//974 979//979
f 974//974 976//976 981//981
f 974//974 981//981 979//979
f 956//956 961//961 976//976
f 947//947 946//946 956//956
f 956//956 965//965 947//947
f 965//965 976//976 974//974
f 947//947 974//974 854//854
f 936//936 953//953 942//942
f 948//948 945//945 953//953
f 962//962 945//945 948//948
f 942//942 932//932 916//916
f 877//877 765//765 868//868
f 719//719 952//952 734//734
f 966//966 963//963 951//951
f 963//963 954//954 951//951
f 977//977 971//971 966//966
f 976//976 961//961 977//977
f 182//182 116//116 189//189
f 123//123 189//189 116//116
f 123//123 116//116 76//76
f 189//189 252//252 273//273
f 123//123 197//197 189//189
f 70//70 81//81 123//123
f 104//104 123//123 81//81
f 104//104 166//166 197//197
f 93//93 112//112 200//200
f 81//81 112//112 93//93
f 66//66 81//81 93//93
f 66//66 104//104 81//81
f 160//160 93//93 200//200
f 64//64 66//66 93//93
f 64//64 160//160 132//132
f 132//132 160//160 169//169
f 278//278 410//410 492//492
f 214//214 320//320 410//410
f 64//64 86//86 66//66
f 214//214 166//166 86//86
f 214//214 86//86 102//102
f 73//73 132//132 87//87
f 132//132 169//169 164//164
f 109//109 80//80 164//164
f 122//122 102//102 80//80
f 406//406 467//467 410//410
f 467//467 500//500 539//539
f 500//500 467//467 406//406
f 592//592 570//570 496//496
f 320//320 496//496 406//406
f 496//496 500//500 406//406
f 219//219 285//285 320//320
f 285//285 404//404 320//320
f 320//320 404//404 450//450
f 219//219 404//404 285//285
f 187//187 290//290 404//404
f 187//187 404//404 219//219
f 585//585 592//592 496//496
f 491//491 496//496 450//450
f 431//431 491//491 450//450
f 491//491 431//431 404//404
f 290//290 393//393 404//404
f 187//187 106//106 130//130
f 122//122 219//219 102//102
f 709//709 779//779 756//756
f 716//716 709//709 756//756
f 704//704 681//681 769//769
f 802//802 795//795 865//865
f 759//759 769//769 795//795
f 759//759 795//795 802//802
f 747//747 704//704 759//759
f 716//716 638//638 709//709
f 564//564 545//545 632//632
f 191//191 164//164 169//169
f 378//378 399//399 394//394
f 399//399 368//368 391//391
f 378//378 407//407 392//392
f 407//407 378//378 417//417
f 109//109 164//164 191//191
f 121//121 109//109 161//161
f 215//215 161//161 109//109
f 215//215 262//262 161//161
f 324//324 215//215 368//368
f 328//328 324//324 382//382
f 324//324 262//262 215//215
f 328//328 382//382 407//407
f 328//328 373//373 205//205
f 373//373 213//213 167//167
f 382//382 324//324 392//392
f 279//279 343//343 368//368
f 479//479 545//545 509//509
f 412//412 439//439 378//378
f 486//486 452//452 479//479
f 452//452 378//378 439//439
f 417//417 452//452 442//442
f 486//486 440//440 442//442
f 516//516 509//509 564//564
f 560//560 564//564 632//632
f 564//564 560//560 516//516
f 480//480 486//486 516//516
f 400//400 409//409 442//442
f 407//407 409//409 373//373
f 379//379 373//373 409//409
f 670//670 560//560 632//632
f 588//588 549//549 560//560
f 403//403 345//345 440//440
f 345//345 339//339 276//276
f 266//266 345//345 276//276
f 379//379 409//409 400//400
f 266//266 269//269 400//400
f 508//508 403//403 480//480
f 508//508 416//416 403//403
f 416//416 339//339 345//345
f 416//416 345//345 403//403
f 340//340 257//257 339//339
f 416//416 340//340 339//339
f 549//549 474//474 416//416
f 508//508 516//516 560//560
f 603//603 622//622 580//580
f 542//542 569//569 580//580
f 580//580 569//569 603//603
f 569//569 542//542 532//532
f 593//593 569//569 567//567
f 290//290 292//292 393//393
f 532//532 491//491 487//487
f 520//520 532//532 487//487
f 393//393 469//469 487//487
f 404//404 393//393 487//487
f 567//567 532//532 520//520
f 121//121 106//106 109//109
f 187//187 127//127 290//290
f 127//127 187//187 130//130
f 90//90 61//61 127//127
f 90//90 127//127 130//130
f 90//90 130//130 121//121
f 46//46 61//61 167//167
f 46//46 145//145 115//115
f 115//115 145//145 178//178
f 184//184 115//115 178//178
f 178//178 145//145 213//213
f 265//265 178//178 315//315
f 174//174 292//292 290//290
f 174//174 344//344 292//292
f 173//173 344//344 174//174
f 95//95 75//75 54//54
f 54//54 75//75 61//61
f 51//51 54//54 46//46
f 95//95 173//173 75//75
f 95//95 51//51 128//128
f 88//88 115//115 184//184
f 56//56 51//51 52//52
f 56//56 128//128 51//51
f 331//331 315//315 361//361
f 334//334 331//331 288//288
f 351//351 334//334 288//288
f 330//330 267//267 265//265
f 184//184 178//178 267//267
f 267//267 330//330 336//336
f 351//351 336//336 330//330
f 297//297 267//267 336//336
f 315//315 213//213 373//373
f 391//391 343//343 327//327
f 178//178 265//265 267//267
f 838//838 747//747 802//802
f 838//838 865//865 951//951
f 788//788 747//747 838//838
f 736//736 670//670 788//788
f 736//736 788//788 807//807
f 642//642 610//610 588//588
f 642//642 588//588 670//670
f 838//838 951//951 954//954
f 888//888 838//838 954//954
f 807//807 838//838 888//888
f 836//836 807//807 888//888
f 898//898 861//861 836//836
f 888//888 898//898 836//836
f 883//883 898//898 961//961
f 917//917 883//883 946//946
f 861//861 898//898 883//883
f 921//921 859//859 861//861
f 810//810 880//880 832//832
f 919//919 880//880 921//921
f 832//832 880//880 919//919
f 857//857 919//919 926//926
f 869//869 921//921 861//861
f 642//642 736//736 810//810
f 642//642 832//832 678//678
f 610//610 535//535 549//549
f 535//535 474//474 549//549
f 610//610 678//678 607//607
f 678//678 832//832 799//799
f 674//674 616//616 678//678
f 613//613 616//616 674//674
f 674//674 799//799 693//693
f 666//666 640//640 674//674
f 640//640 666//666 639//639
f 613//613 674//674 640//640
f 666//666 674//674 693//693
f 243//243 288//288 257//257
f 277//277 243//243 257//257
f 369//369 340//340 474//474
f 47//47 48//48 56//56
f 88//88 99//99 47//47
f 48//48 47//47 103//103
f 154//154 184//184 267//267
f 297//297 351//351 248//248
f 297//297 237//237 267//267
f 237//237 297//297 248//248
f 254//254 248//248 286//286
f 277//277 286//286 243//243
f 340//340 369//369 286//286
f 99//99 184//184 139//139
f 99//99 139//139 154//154
f 113//113 99//99 154//154
f 154//154 139//139 184//184
f 103//103 99//99 113//113
f 181//181 154//154 237//237
f 291//291 270//270 333//333
f 270//270 370//370 333//333
f 270//270 301//301 370//370
f 291//291 181//181 270//270
f 192//192 144//144 291//291
f 286//286 248//248 243//243
f 524//524 474//474 535//535
f 524//524 445//445 474//474
f 498//498 414//414 445//445
f 447//447 460//460 502//502
f 460//460 498//498 502//502
f 548//548 554//554 583//583
f 524//524 502//502 498//498
f 548//548 502//502 524//524
f 605//605 639//639 447//447
f 447//447 419//419 460//460
f 616//616 554//554 535//535
f 554//554 524//524 535//535
f 625//625 593//593 567//567
f 625//625 719//719 665//665
f 651//651 721//721 719//719
f 625//625 665//665 593//593
f 719//719 625//625 651//651
f 536//536 567//567 520//520
f 469//469 520//520 487//487
f 672//672 629//629 626//626
f 566//566 626//626 629//629
f 566//566 629//629 530//530
f 854//854 719//719 721//721
f 854//854 672//672 823//823
f 823//823 672//672 689//689
f 854//854 721//721 672//672
f 903//903 947//947 854//854
f 917//917 946//946 903//903
f 900//900 917//917 903//903
f 854//854 823//823 843//843
f 662//662 823//823 689//689
f 675//675 662//662 634//634
f 662//662 626//626 597//597
f 344//344 446//446 469//469
f 530//530 536//536 446//446
f 376//376 446//446 344//344
f 344//344 220//220 376//376
f 566//566 446//446 522//522
f 128//128 220//220 173//173
f 281//281 264//264 220//220
f 128//128 203//203 220//220
f 389//389 522//522 264//264
f 389//389 465//465 522//522
f 573//573 597//597 522//522
f 556//556 522//522 465//465
f 473//473 556//556 465//465
f 281//281 337//337 389//389
f 473//473 465//465 337//337
f 359//359 397//397 337//337
f 264//264 376//376 220//220
f 573//573 599//599 597//597
f 596//596 634//634 573//573
f 634//634 599//599 573//573
f 556//556 573//573 522//522
f 425//425 435//435 359//359
f 695//695 776//776 675//675
f 634//634 596//596 598//598
f 630//630 633//633 598//598
f 473//473 503//503 556//556
f 618//618 556//556 503//503
f 661//661 711//711 695//695
f 724//724 748//748 711//711
f 711//711 661//661 618//618
f 435//435 503//503 473//473
f 525//525 503//503 435//435
f 602//602 525//525 533//533
f 562//562 602//602 537//537
f 602//602 533//533 537//537
f 590//590 562//562 586//586
f 590//590 602//602 562//562
f 608//608 590//590 586//586
f 543//543 586//586 562//562
f 617//617 647//647 590//590
f 618//618 503//503 525//525
f 660//660 602//602 647//647
f 661//661 695//695 630//630
f 598//598 596//596 573//573
f 435//435 473//473 397//397
f 597//597 566//566 522//522
f 872//872 883//883 917//917
f 927//927 869//869 860//860
f 860//860 872//872 855//855
f 918//918 926//926 927//927
f 857//857 926//926 907//907
f 927//927 904//904 918//918
f 881//881 904//904 927//927
f 918//918 904//904 907//907
f 881//881 843//843 831//831
f 831//831 825//825 881//881
f 825//825 904//904 881//881
f 741//741 777//777 792//792
f 827//827 741//741 792//792
f 639//639 671//671 741//741
f 741//741 671//671 777//777
f 852//852 904//904 841//841
f 830//830 862//862 852//852
f 862//862 904//904 852//852
f 825//825 806//806 812//812
f 749//749 830//830 812//812
f 822//822 841//841 825//825
f 799//799 857//857 808//808
f 735//735 808//808 777//777
f 792//792 777//777 808//808
f 826//826 870//870 827//827
f 784//784 825//825 748//748
f 724//724 718//718 754//754
f 733//733 718//718 660//660
f 718//718 733//733 754//754
f 710//710 700//700 733//733
f 700//700 754//754 733//733
f 724//724 778//778 784//784
f 754//754 778//778 724//724
f 586//586 552//552 694//694
f 552//552 749//749 694//694
f 694//694 692//692 663//663
f 687//687 660//660 647//647
f 692//692 703//703 687//687
f 687//687 703//703 702//702
f 702//702 703//703 710//710
f 702//702 710//710 687//687
f 708//708 703//703 702//702
f 663//663 673//673 647//647
f 680//680 679//679 692//692
f 663//663 617//617 608//608
f 663//663 680//680 673//673
f 673//673 680//680 679//679
f 708//708 702//702 700//700
f 708//708 700//700 710//710
f 647//647 673//673 687//687
f 692//692 687//687 680//680
f 679//679 680//680 687//687
f 673//673 679//679 687//687
f 48//48 137//137 79//79
f 96//96 48//48 103//103
f 96//96 137//137 48//48
f 165//165 225//225 105//105
f 96//96 105//105 137//137
f 137//137 203//203 79//79
f 134//134 105//105 96//96
f 163//163 165//165 134//134
f 133//133 144//144 192//192
f 175//175 134//134 133//133
f 175//175 133//133 192//192
f 192//192 291//291 175//175
f 253//253 244//244 221//221
f 253//253 318//318 244//244
f 253//253 291//291 333//333
f 198//198 195//195 263//263
f 244//244 318//318 263//263
f 199//199 263//263 420//420
f 153//153 134//134 175//175
f 198//198 153//153 195//195
f 151//151 153//153 198//198
f 163//163 222//222 165//165
f 425//425 359//359 222//222
f 283//283 425//425 222//222
f 357//357 552//552 402//402
f 357//357 420//420 552//552
f 283//283 163//163 216//216
f 199//199 206//206 208//208
f 216//216 242//242 283//283
f 216//216 233//233 242//242
f 356//356 283//283 402//402
f 402//402 233//233 357//357
f 233//233 216//216 207//207
f 206//206 199//199 218//218
f 199//199 207//207 151//151
f 208//208 207//207 199//199
f 151//151 134//134 153//153
f 483//483 455//455 425//425
f 402//402 478//478 386//386
f 434//434 483//483 386//386
f 478//478 537//537 506//506
f 506//506 533//533 483//483
f 537//537 478//478 543//543
f 317//317 283//283 356//356
f 283//283 317//317 425//425
f 298//298 253//253 333//333
f 253//253 366//366 318//318
f 639//639 552//552 420//420
f 95//95 128//128 173//173
f 943//943 921//921 927//927
f 919//919 943//943 926//926
f 735//735 799//799 808//808
f 332//332 366//366 298//298
f 225//225 222//222 359//359
f 483//483 533//533 455//455
f 883//883 956//956 946//946
f 474//474 445//445 369//369
f 424//424 399//399 395//395
f 439//439 412//412 479//479
f 32//32 53//53 126//126
f 49//49 30//30 62//62
f 326//326 323//323 362//362
f 172//172 162//162 211//211
f 603//603 627//627 622//622
f 507//507 430//430 504//504
f 507//507 438//438 430//430
f 906//906 884//884 848//848
f 487//487 491//491 404//404
f 725//725 720//720 760//760
f 752//752 755//755 758//758
f 755//755 752//752 728//728
f 728//728 753//753 726//726
f 774//774 726//726 753//753
f 752//752 753//753 728//728
f 752//752 755//755 753//753
f 755//755 781//781 753//753
f 304//304 259//259 239//239
f 226//226 229//229 224//224
f 227//227 226//226 224//224
f 193//193 227//227 224//224
f 304//304 239//239 227//227
f 426//426 367//367 396//396
f 444//444 426//426 396//396
f 229//229 226//226 227//227
f 226//226 229//229 239//239
f 117//117 146//146 114//114
f 146//146 117//117 235//235
f 193//193 136//136 114//114
f 458//458 235//235 274//274
f 125//125 98//98 131//131
f 111//111 150//150 97//97
f 2//2 4//4 6//6
f 9//9 11//11 14//14
f 10//10 4//4 5//5
f 22//22 18//18 14//14
f 59//59 67//67 68//68
f 338//338 287//287 255//255
f 385//385 358//358 287//287
f 426//426 415//415 358//358
f 415//415 349//349 358//358
f 271//271 358//358 349//349
f 293//293 372//372 396//396
f 396//396 338//338 293//293
f 432//432 477//477 388//388
f 372//372 293//293 306//306
f 355//355 398//398 432//432
f 354//354 355//355 432//432
f 444//444 388//388 477//477
f 375//375 302//302 306//306
f 457//457 485//485 443//443
f 271//271 353//353 284//284
f 271//271 284//284 261//261
f 574//574 550//550 547//547
f 259//259 307//307 224//224
f 307//307 234//234 193//193
f 493//493 476//476 384//384
f 449//449 493//493 384//384
f 606//606 594//594 571//571
f 528//528 578//578 540//540
f 176//176 142//142 190//190
f 148//148 108//108 100//100
f 212//212 302//302 310//310
f 125//125 131//131 142//142
f 55//55 39//39 60//60
f 55//55 60//60 138//138
f 322//322 223//223 138//138
f 302//302 212//212 258//258
f 614//614 611//611 641//641
f 614//614 582//582 611//611
f 770//770 750//750 744//744
f 731//731 683//683 729//729
f 819//819 816//816 863//863
f 707//707 648//648 676//676
f 751//751 739//739 669//669
f 879//879 886//886 856//856
f 895//895 875//875 897//897
f 712//712 796//796 751//751
f 312//312 387//387 247//247
f 387//387 312//312 418//418
f 17//17 19//19 24//24
f 22//22 36//36 21//21
f 251//251 168//168 247//247
f 312//312 201//201 280//280
f 280//280 405//405 436//436
f 972//972 970//970 968//968
f 969//969 972//972 968//968
f 11//11 13//13 17//17
f 20//20 13//13 7//7
f 12//12 10//10 15//15
f 33//33 78//78 57//57
f 84//84 38//38 29//29
f 631//631 762//762 737//737
f 858//858 874//874 889//889
f 204//204 170//170 147//147
f 335//335 245//245 256//256
f 188//188 159//159 275//275
f 159//159 107//107 179//179
f 849//849 787//787 803//803
f 913//913 891//891 920//920
f 591//591 654//654 568//568
f 438//438 383//383 314//314
f 438//438 314//314 350//350
f 65//65 71//71 135//135
f 76//76 116//116 65//65
f 156//156 172//172 250//250
f 250//250 282//282 156//156
f 171//171 112//112 70//70
f 316//316 348//348 240//240
f 383//383 429//429 364//364
f 429//429 390//390 346//346
f 341//341 364//364 346//346
f 365//365 411//411 363//363
f 249//249 395//395 327//327
f 411//411 413//413 363//363
f 475//475 511//511 510//510
f 466//466 497//497 463//463
f 463//463 451//451 466//466
f 412//412 378//378 408//408
f 424//424 466//466 421//421
f 421//421 394//394 424//424
f 789//789 813//813 848//848
f 615//615 635//635 589//589
f 615//615 682//682 698//698
f 615//615 649//649 682//682
f 864//864 884//884 941//941
f 920//920 915//915 937//937
f 893//893 876//876 909//909
f 909//909 876//876 915//915
f 924//924 909//909 915//915
f 934//934 928//928 938//938
f 948//948 912//912 959//959
f 960//960 972//972 969//969
f 970//970 968//968 975//975
f 968//968 970//970 978//978
f 969//969 968//968 978//978
f 975//975 964//964 967//967
f 952//952 967//967 964//964
f 952//952 964//964 972//972
f 414//414 419//419 366//366
f 333//333 414//414 366//366
f 970//970 975//975 978//978
f 954//954 963//963 966//966
f 947//947 903//903 946//946
f 76//76 70//70 123//123
f 169//169 160//160 177//177
f 87//87 80//80 102//102
f 320//320 450//450 496//496
f 320//320 214//214 219//219
f 219//219 122//122 187//187
f 395//395 391//391 327//327
f 399//399 391//391 395//395
f 704//704 747//747 632//632
f 279//279 169//169 236//236
f 399//399 392//392 368//368
f 392//392 399//399 378//378
f 373//373 328//328 407//407
f 545//545 564//564 509//509
f 560//560 549//549 508//508
f 379//379 331//331 361//361
f 379//379 361//361 315//315
f 276//276 269//269 266//266
f 440//440 480//480 403//403
f 569//569 593//593 637//637
f 569//569 637//637 603//603
f 115//115 52//52 51//51
f 331//331 330//330 265//265
f 883//883 869//869 861//861
f 921//921 880//880 871//871
f 678//678 610//610 642//642
f 857//857 799//799 832//832
f 640//640 605//605 613//613
f 184//184 99//99 88//88
f 369//369 254//254 286//286
f 246//246 181//181 237//237
f 445//445 333//333 370//370
f 605//605 583//583 613//613
f 554//554 548//548 524//524
f 447//447 502//502 605//605
f 605//605 548//548 583//583
f 660//660 687//687 710//710
f 733//733 660//660 710//710
f 333//333 366//366 332//332
f 419//419 447//447 366//366
f 536//536 530//530 563//563
f 376//376 522//522 446//446
f 225//225 359//359 337//337
f 675//675 633//633 695//695
f 776//776 695//695 711//711
f 711//711 660//660 724//724
f 660//660 718//718 724//724
f 860//860 855//855 881//881
f 907//907 870//870 857//857
f 826//826 792//792 808//808
f 878//878 870//870 904//904
f 827//827 792//792 826//826
f 866//866 827//827 878//878
f 794//794 825//825 784//784
f 794//794 784//784 749//749
f 749//749 784//784 778//778
f 754//754 732//732 778//778
f 694//694 754//754 700//700
f 812//812 806//806 749//749
f 825//825 794//794 806//806
f 794//794 749//749 806//806
f 209//209 218//218 208//208
f 210//210 209//209 208//208
f 702//702 703//703 692//692
f 703//703 708//708 710//710
f 679//679 663//663 692//692
f 680//680 663//663 679//679
f 617//617 663//663 647//647
f 702//702 692//692 700//700
f 144//144 133//133 96//96
f 253//253 221//221 291//291
f 263//263 195//195 244//244
f 357//357 207//207 218//218
f 210//210 206//206 209//209
f 218//218 207//207 210//210
f 208//208 218//218 210//210
f 283//283 242//242 402//402
f 242//242 233//233 402//402
f 208//208 210//210 207//207
f 453//453 434//434 478//478
f 483//483 453//453 478//478
f 483//483 478//478 506//506
f 483//483 434//434 453//453
f 253//253 298//298 366//366
f 288//288 248//248 351//351
f 583//583 616//616 613//613
f 891//891 864//864 901//901
