# convertido de flygym/NeuroMechFly (rh_trochanterfemur)
v -0.06187 0.00422 -0.75970
v -0.06169 0.00858 -0.75899
v -0.06140 0.00702 -0.75455
v -0.05955 0.00859 -0.78430
v -0.05758 0.02422 -0.70923
v -0.05662 -0.00612 -0.81188
v -0.05608 -0.00584 -0.81351
v -0.05589 -0.00684 -0.82739
v -0.05586 -0.00504 -0.81480
v -0.05534 -0.00916 -0.82544
v -0.05523 -0.00747 -0.82032
v -0.05522 0.03232 -0.68219
v -0.05500 0.00606 -0.11101
v -0.05434 -0.01160 -0.82932
v -0.05431 0.01904 -0.12441
v -0.05429 0.03697 -0.65227
v -0.05402 -0.00493 -0.08499
v -0.05399 0.00469 -0.72540
v -0.05390 0.03398 -0.70827
v -0.05382 0.03417 -0.67098
v -0.05354 0.03710 -0.62550
v -0.05340 -0.00755 -0.78239
v -0.05250 -0.02091 -0.06006
v -0.05249 0.03915 -0.64543
v -0.05248 0.00825 -0.12173
v -0.05233 0.01647 -0.08716
v -0.05212 0.02790 -0.63675
v -0.05202 0.04774 -0.63913
v -0.05176 0.02800 -0.10912
v -0.05169 -0.00080 -0.82242
v -0.05167 -0.01724 -0.81176
v -0.05123 -0.00986 -0.83507
v -0.05063 -0.01272 -0.76152
v -0.05050 0.01993 -0.05057
v -0.05049 0.03846 -0.59461
v -0.05017 0.04671 -0.60285
v -0.04991 -0.02925 -0.04637
v -0.04987 -0.01171 -0.03551
v -0.04970 0.02201 -0.13676
v -0.04927 0.04618 -0.58233
v -0.04873 0.04827 -0.69247
v -0.04816 0.03868 -0.75070
v -0.04788 0.01537 -0.14310
v -0.04741 -0.01044 -0.10782
v -0.04736 -0.03687 -0.05263
v -0.04647 -0.02255 -0.84335
v -0.04558 -0.00409 -0.71266
v -0.04545 0.05373 -0.56720
v -0.04522 0.03768 -0.09361
v -0.04516 0.02183 -0.80731
v -0.04395 0.00051 -0.12864
v -0.04390 0.01735 -0.59223
v -0.04328 -0.01134 -0.84320
v -0.04272 -0.02244 -0.79574
v -0.04259 -0.01927 -0.84903
v -0.04251 0.01105 -0.14715
v -0.04246 0.03355 -0.05629
v -0.04226 -0.06233 -0.02942
v -0.04222 0.03419 -0.06939
v -0.04215 -0.06578 -0.03643
v -0.04190 -0.00656 -0.68607
v -0.04181 0.02626 -0.15297
v -0.04168 -0.06316 -0.02090
v -0.04114 0.02778 -0.03995
v -0.04111 0.06636 -0.57106
v -0.04107 -0.06087 -0.01548
v -0.04100 0.01698 -0.15818
v -0.04094 -0.06715 -0.05395
v -0.04092 -0.01980 -0.75768
v -0.04068 0.06281 -0.61999
v -0.04065 -0.03162 -0.84654
v -0.04057 0.03801 -0.51552
v -0.04022 -0.05682 -0.00874
v -0.03975 0.02019 -0.55813
v -0.03970 0.00733 -0.61226
v -0.03910 0.05816 -0.54403
v -0.03906 0.04059 -0.14705
v -0.03844 0.03449 -0.11716
v -0.03837 -0.03035 -0.11524
v -0.03827 -0.05097 -0.00563
v -0.03813 0.02836 -0.17646
v -0.03800 0.00909 -0.58819
v -0.03781 -0.04519 -0.09373
v -0.03775 0.00963 -0.83600
v -0.03747 0.05841 -0.52818
v -0.03709 -0.04353 -0.00319
v -0.03706 0.03652 -0.18274
v -0.03618 0.07071 -0.56869
v -0.03602 -0.02149 -0.85440
v -0.03585 -0.03529 -0.00275
v -0.03583 -0.07369 -0.05591
v -0.03578 0.04162 -0.19693
v -0.03559 -0.03671 -0.82930
v -0.03543 0.05163 -0.49095
v -0.03542 -0.02489 -0.00405
v -0.03531 -0.01358 -0.00264
v -0.03505 0.04699 -0.47119
v -0.03482 -0.00861 -0.00403
v -0.03478 -0.01262 -0.00272
v -0.03474 0.03342 -0.22843
v -0.03461 -0.01254 -0.00289
v -0.03459 0.01819 -0.19609
v -0.03447 0.02390 -0.17781
v -0.03442 -0.00973 -0.00253
v -0.03431 0.02470 -0.49256
v -0.03403 -0.02769 -0.78117
v -0.03383 0.06743 -0.72562
v -0.03358 -0.00857 -0.65294
v -0.03348 -0.02929 -0.76997
v -0.03342 0.04533 -0.42216
v -0.03332 0.03115 -0.45920
v -0.03326 -0.00801 -0.00197
v -0.03299 0.01920 -0.17128
v -0.03294 -0.02136 -0.71844
v -0.03230 0.03858 -0.24120
v -0.03227 0.04460 -0.08259
v -0.03189 0.04858 -0.14207
v -0.03176 0.04948 -0.15807
v -0.03171 0.04742 -0.23200
v -0.03169 -0.02769 -0.13441
v -0.03126 0.04446 -0.18334
v -0.03117 0.01705 -0.49772
v -0.03107 -0.00309 -0.59493
v -0.03077 0.02386 -0.38281
v -0.03061 0.04054 -0.36666
v -0.03054 0.06473 -0.76050
v -0.03027 0.05623 -0.78573
v -0.03021 0.05344 -0.40911
v -0.02995 -0.05216 -0.02700
v -0.02982 0.01893 -0.24529
v -0.02973 -0.03132 -0.76455
v -0.02959 0.04577 -0.25470
v -0.02951 0.03976 -0.33902
v -0.02946 0.01776 -0.41285
v -0.02932 -0.04265 -0.11410
v -0.02929 0.01362 -0.50166
v -0.02927 0.06221 -0.44050
v -0.02917 -0.00762 -0.15540
v -0.02905 0.01097 -0.00395
v -0.02882 0.00747 -0.16347
v -0.02879 0.04479 -0.30980
v -0.02865 0.02080 -0.37248
v -0.02839 -0.00071 -0.15869
v -0.02826 0.01104 -0.45187
v -0.02824 0.03550 -0.26955
v -0.02815 0.04451 -0.09492
v -0.02805 0.04198 -0.11381
v -0.02796 0.05356 -0.35523
v -0.02785 0.04890 -0.13288
v -0.02766 0.07608 -0.57531
v -0.02748 0.07427 -0.66468
v -0.02742 0.02649 -0.26920
v -0.02722 -0.00864 -0.61796
v -0.02705 0.07262 -0.68624
v -0.02701 -0.07364 -0.06679
v -0.02700 -0.02513 -0.13923
v -0.02700 0.03925 -0.28122
v -0.02693 0.01040 -0.46782
v -0.02692 -0.00060 -0.84626
v -0.02690 0.01937 -0.83860
v -0.02685 0.00968 -0.22373
v -0.02678 0.04380 -0.27592
v -0.02669 0.04915 -0.16770
v -0.02666 0.04556 -0.12974
v -0.02661 0.04458 -0.27648
v -0.02659 0.00428 -0.18610
v -0.02657 0.04394 -0.27754
v -0.02646 0.05310 -0.20739
v -0.02643 0.04853 -0.27870
v -0.02641 0.04047 -0.30900
v -0.02641 0.07884 -0.62447
v -0.02636 0.06808 -0.49121
v -0.02628 0.02657 -0.31621
v -0.02627 0.01754 -0.25222
v -0.02626 0.04239 -0.27715
v -0.02625 0.01730 -0.27049
v -0.02621 0.04535 -0.05988
v -0.02613 0.03809 -0.26832
v -0.02605 0.03721 -0.27008
v -0.02602 0.04326 -0.81742
v -0.02588 0.01293 -0.23559
v -0.02587 0.04755 -0.29900
v -0.02583 0.06772 -0.47184
v -0.02567 0.01594 -0.30925
v -0.02562 -0.02354 -0.85744
v -0.02550 0.04573 -0.07724
v -0.02535 0.01637 -0.33770
v -0.02526 0.03839 -0.27406
v -0.02526 0.01508 -0.26153
v -0.02516 -0.00288 -0.55615
v -0.02504 0.00827 -0.47356
v -0.02504 0.06142 -0.38515
v -0.02492 0.06928 -0.53755
v -0.02476 0.02566 -0.26930
v -0.02465 0.01695 -0.36201
v -0.02420 0.03811 -0.27984
v -0.02409 0.03719 -0.28954
v -0.02404 -0.00152 -0.53269
v -0.02402 0.06265 -0.36792
v -0.02390 0.01222 -0.23067
v -0.02384 0.06191 -0.33559
v -0.02376 0.01863 -0.25224
v -0.02371 0.07148 -0.74823
v -0.02370 0.02716 -0.19846
v -0.02348 0.01539 -0.24649
v -0.02346 -0.00302 -0.20302
v -0.02334 -0.07112 -0.07094
v -0.02330 0.00275 -0.48400
v -0.02312 0.01414 -0.36832
v -0.02310 -0.00156 -0.22013
v -0.02301 0.03705 -0.26470
v -0.02287 0.01236 -0.26834
v -0.02278 0.03941 -0.03204
v -0.02275 -0.00951 -0.58196
v -0.02272 -0.07250 -0.07443
v -0.02269 0.03184 -0.31524
v -0.02261 0.01102 -0.35365
v -0.02258 -0.02292 -0.68621
v -0.02234 -0.00577 -0.17724
v -0.02225 0.07083 -0.45406
v -0.02211 0.01886 -0.33036
v -0.02201 0.03509 -0.31290
v -0.02199 0.01354 -0.32398
v -0.02190 -0.01421 -0.60475
v -0.02163 0.00560 -0.41362
v -0.02156 0.00653 -0.16545
v -0.02154 0.00780 -0.46675
v -0.02134 0.05971 -0.27844
v -0.02131 0.01152 -0.22299
v -0.02123 0.00447 -0.39129
v -0.02118 -0.07233 -0.07293
v -0.02114 0.00210 -0.44069
v -0.02108 0.03395 -0.31816
v -0.02107 0.01697 -0.35745
v -0.02089 0.01291 -0.30162
v -0.02087 -0.07179 -0.07382
v -0.02077 0.03668 -0.31246
v -0.02075 0.03914 -0.26775
v -0.02073 0.01603 -0.26699
v -0.02061 0.00459 -0.37718
v -0.02035 0.06139 -0.26293
v -0.02033 0.01070 0.00426
v -0.02029 -0.03857 -0.84903
v -0.02014 0.02260 -0.36372
v -0.02012 0.00303 -0.42868
v -0.02000 0.06070 -0.23918
v -0.01999 0.01176 -0.34876
v -0.01998 0.01809 -0.33794
v -0.01996 0.01105 -0.35084
v -0.01995 0.00760 -0.35175
v -0.01991 0.00943 -0.22366
v -0.01989 0.01978 -0.30423
v -0.01972 0.01434 -0.35090
v -0.01971 -0.00292 -0.50461
v -0.01971 0.01372 -0.34166
v -0.01955 -0.03424 -0.73596
v -0.01947 0.02695 -0.34677
v -0.01945 -0.03929 -0.82937
v -0.01937 0.01159 -0.34620
v -0.01937 0.00888 -0.46990
v -0.01936 -0.00325 -0.00831
v -0.01922 -0.01843 -0.01317
v -0.01918 0.01662 -0.31589
v -0.01915 0.00983 -0.31358
v -0.01897 0.08369 -0.62332
v -0.01874 0.03958 -0.21505
v -0.01874 0.00856 -0.31605
v -0.01872 0.00748 -0.25057
v -0.01871 0.00298 -0.46819
v -0.01862 0.01132 -0.47102
v -0.01861 0.03560 -0.31823
v -0.01857 0.04267 -0.24792
v -0.01841 0.00552 -0.22820
v -0.01836 0.01048 -0.21789
v -0.01821 0.00071 -0.23886
v -0.01816 0.00881 -0.31530
v -0.01798 0.00387 -0.15912
v -0.01796 -0.02257 -0.63782
v -0.01794 0.06874 -0.33504
v -0.01785 0.07240 -0.50539
v -0.01776 0.02339 -0.36176
v -0.01773 0.01173 -0.47003
v -0.01770 0.00969 -0.35326
v -0.01770 0.04440 -0.25111
v -0.01766 0.00981 -0.47059
v -0.01765 0.01535 -0.18489
v -0.01759 -0.00934 -0.22516
v -0.01757 -0.03568 -0.02664
v -0.01736 0.07571 -0.42245
v -0.01729 0.07537 -0.41868
v -0.01724 0.00804 -0.31521
v -0.01716 0.00447 -0.26940
v -0.01695 0.03896 -0.20592
v -0.01693 0.03947 -0.28261
v -0.01689 0.00898 -0.34298
v -0.01681 0.06687 -0.29418
v -0.01680 0.04326 -0.22678
v -0.01678 0.01805 -0.34300
v -0.01660 0.04106 -0.26813
v -0.01657 0.07508 -0.43010
v -0.01651 -0.00160 -0.26290
v -0.01651 0.03839 -0.29171
v -0.01648 0.04181 -0.03978
v -0.01644 0.00508 -0.36642
v -0.01621 0.00597 -0.47089
v -0.01618 0.02851 -0.17734
v -0.01595 -0.00188 -0.34618
v -0.01595 0.03587 -0.02228
v -0.01594 0.00639 -0.25124
v -0.01591 0.01134 -0.47185
v -0.01590 0.02670 -0.15369
v -0.01588 0.00381 -0.33810
v -0.01579 0.01871 -0.33918
v -0.01570 0.02844 -0.16664
v -0.01565 0.01312 -0.34743
v -0.01564 0.03135 -0.18150
v -0.01552 -0.00041 -0.15213
v -0.01546 0.02690 -0.33885
v -0.01541 -0.01211 -0.85454
v -0.01541 0.00326 -0.32149
v -0.01540 0.03247 -0.31846
v -0.01525 -0.00389 -0.14684
v -0.01522 0.01831 -0.36628
v -0.01521 0.00351 -0.24460
v -0.01518 0.01065 -0.47290
v -0.01511 0.00030 -0.35156
v -0.01510 -0.02863 -0.67388
v -0.01509 0.04124 -0.21656
v -0.01509 0.01136 -0.47262
v -0.01508 0.01223 -0.20302
v -0.01503 0.04413 -0.07883
v -0.01497 -0.00196 -0.28688
v -0.01474 0.00359 -0.47462
v -0.01474 0.04342 -0.24186
v -0.01465 0.00123 -0.47836
v -0.01456 0.04297 -0.23627
v -0.01451 0.00451 -0.47715
v -0.01447 0.00857 -0.25344
v -0.01437 -0.00087 -0.30398
v -0.01435 0.01035 -0.47302
v -0.01425 0.04150 -0.25003
v -0.01424 -0.02952 -0.66196
v -0.01398 0.02371 -0.00357
v -0.01379 0.08566 -0.57801
v -0.01366 0.00286 -0.29035
v -0.01353 0.07596 -0.39356
v -0.01333 -0.00841 -0.24938
v -0.01332 0.01067 -0.31207
v -0.01327 0.03392 -0.14257
v -0.01326 0.01091 -0.47414
v -0.01324 -0.05029 -0.11553
v -0.01311 0.03660 -0.20180
v -0.01299 -0.04090 -0.81757
v -0.01290 0.00390 -0.47564
v -0.01289 -0.06234 -0.09716
v -0.01278 0.03759 -0.15129
v -0.01268 -0.03175 -0.85978
v -0.01266 -0.04235 -0.79441
v -0.01263 -0.02273 -0.18366
v -0.01249 0.03420 -0.19570
v -0.01226 0.01754 -0.18174
v -0.01219 0.03263 -0.18661
v -0.01213 -0.00732 -0.28784
v -0.01206 -0.01068 -0.52031
v -0.01205 0.00910 -0.32199
v -0.01201 -0.00350 -0.29710
v -0.01190 -0.01544 -0.54077
v -0.01165 -0.00033 -0.47217
v -0.01162 0.03742 -0.20906
v -0.01139 0.05657 -0.18527
v -0.01137 0.02859 -0.13330
v -0.01122 0.01481 -0.27333
v -0.01120 0.02786 -0.13256
v -0.01117 0.02701 -0.13675
v -0.01108 -0.07076 -0.07851
v -0.01097 0.02839 -0.13265
v -0.01092 0.00868 -0.29810
v -0.01088 0.02784 -0.13104
v -0.01083 0.01578 0.00433
v -0.01080 0.02868 -0.13332
v -0.01075 -0.00568 -0.44512
v -0.01073 0.01546 -0.21736
v -0.01055 0.07830 -0.37592
v -0.01053 0.06486 -0.22572
v -0.01049 0.01646 -0.26033
v -0.01033 -0.04425 -0.12022
v -0.01003 -0.00400 -0.36270
v -0.00992 0.06027 -0.82731
v -0.00978 0.03027 -0.13769
v -0.00969 0.06388 -0.81951
v -0.00968 0.07519 -0.75633
v -0.00965 0.06913 -0.80024
v -0.00964 0.02457 -0.16669
v -0.00956 0.02962 -0.19675
v -0.00949 0.02858 -0.17615
v -0.00943 -0.04356 -0.80004
v -0.00924 0.05373 -0.16758
v -0.00910 0.03190 -0.15955
v -0.00893 0.03164 -0.15985
v -0.00887 0.03029 -0.15983
v -0.00887 0.02966 -0.16039
v -0.00876 -0.01038 -0.14939
v -0.00874 0.02345 -0.15716
v -0.00860 0.06502 -0.24133
v -0.00853 -0.02070 -0.57268
v -0.00846 0.03287 -0.15140
v -0.00803 -0.00872 -0.40212
v -0.00793 0.04569 -0.06643
v -0.00749 0.05380 -0.83578
v -0.00722 0.06866 -0.25162
v -0.00717 0.08141 -0.65524
v -0.00713 0.07256 -0.78014
v -0.00671 -0.00716 -0.86381
v -0.00667 0.04046 -0.84543
v -0.00638 0.08173 -0.39411
v -0.00620 -0.00708 -0.14433
v -0.00597 -0.02114 -0.23845
v -0.00591 0.08628 -0.57573
v -0.00587 -0.01321 -0.33774
v -0.00568 0.04124 -0.07960
v -0.00564 -0.01712 -0.85985
v -0.00544 -0.01314 -0.35388
v -0.00528 -0.01228 -0.47728
v -0.00521 0.07678 -0.32197
v -0.00520 -0.04410 -0.76897
v -0.00476 -0.04162 -0.70792
v -0.00463 -0.05070 -0.04873
v -0.00463 -0.02919 -0.61213
v -0.00462 -0.02586 -0.58411
v -0.00388 -0.03313 -0.12361
v -0.00382 -0.02363 -0.86089
v -0.00373 -0.01944 -0.50909
v -0.00369 0.05996 -0.19002
v -0.00333 -0.02196 -0.53380
v -0.00326 -0.00247 -0.86654
v -0.00325 -0.01378 -0.46698
v -0.00316 -0.01278 -0.44713
v -0.00301 0.05500 -0.12983
v -0.00230 -0.03949 -0.67956
v -0.00228 0.07880 -0.33708
v -0.00211 -0.01386 -0.37193
v -0.00211 0.01017 -0.86332
v -0.00211 0.08318 -0.71374
v -0.00209 0.08083 -0.73712
v -0.00207 -0.01969 -0.28266
v -0.00192 0.06687 -0.22513
v -0.00180 -0.02482 -0.13026
v -0.00174 -0.01456 -0.39837
v -0.00161 0.08502 -0.66444
v -0.00151 0.07531 -0.30150
v -0.00122 0.08688 -0.62855
v -0.00119 -0.02884 -0.22802
v -0.00112 0.06586 -0.80850
v -0.00109 -0.01520 -0.13942
v -0.00038 -0.02625 -0.25499
v -0.00020 0.01658 0.00457
v -0.00004 0.08373 -0.68921
v -0.00003 -0.01799 -0.14696
v 0.00041 -0.04645 -0.73144
v 0.00044 0.00792 -0.86925
v 0.00046 -0.01660 -0.35742
v 0.00082 -0.02832 -0.85986
v 0.00159 -0.03918 -0.20531
v 0.00171 0.00704 -0.86830
v 0.00207 0.08518 -0.55553
v 0.00224 -0.04239 -0.69031
v 0.00243 0.03579 -0.85205
v 0.00249 0.08530 -0.67586
v 0.00258 -0.02344 -0.30292
v 0.00276 -0.01594 -0.38349
v 0.00286 0.04290 -0.84895
v 0.00309 0.08596 -0.44103
v 0.00314 -0.01879 -0.45832
v 0.00319 -0.03864 -0.21973
v 0.00356 0.06353 -0.14601
v 0.00361 -0.03858 -0.24647
v 0.00368 -0.05531 -0.10391
v 0.00372 -0.02048 -0.31774
v 0.00378 0.07515 -0.28221
v 0.00390 0.08907 -0.64862
v 0.00435 0.05137 -0.83823
v 0.00461 0.04923 -0.11548
v 0.00470 0.04365 -0.08788
v 0.00477 0.03875 -0.05402
v 0.00498 0.02578 -0.01768
v 0.00502 0.08626 -0.40620
v 0.00505 0.08388 -0.49525
v 0.00536 -0.04916 -0.72770
v 0.00549 0.08738 -0.44186
v 0.00565 0.08695 -0.44198
v 0.00638 -0.02324 -0.34275
v 0.00641 -0.02688 -0.48807
v 0.00668 0.02029 -0.86306
v 0.00689 -0.03414 -0.84576
v 0.00689 -0.02184 -0.41138
v 0.00693 -0.03018 -0.53427
v 0.00716 0.08659 -0.44555
v 0.00759 0.08739 -0.61376
v 0.00765 0.04774 -0.10778
v 0.00766 0.06651 -0.79809
v 0.00796 0.06541 -0.37442
v 0.00818 -0.04411 -0.64040
v 0.00823 0.07985 -0.73549
v 0.00833 0.06421 -0.33850
v 0.00886 0.06633 -0.20665
v 0.00898 0.05806 -0.16459
v 0.00906 0.05891 -0.13571
v 0.00935 0.03085 -0.85777
v 0.00942 -0.04542 -0.66488
v 0.00957 -0.04526 -0.25510
v 0.01023 0.07138 -0.36393
v 0.01038 0.06121 -0.38008
v 0.01043 0.06768 -0.38691
v 0.01067 0.06797 -0.35159
v 0.01082 0.06073 -0.36222
v 0.01095 -0.04186 -0.11032
v 0.01097 0.07164 -0.76400
v 0.01100 0.09086 -0.63085
v 0.01109 -0.04275 -0.81096
v 0.01109 0.06590 -0.32157
v 0.01113 0.06227 -0.31943
v 0.01133 0.07396 -0.28807
v 0.01150 -0.03544 -0.50754
v 0.01152 -0.04612 -0.19602
v 0.01163 -0.06441 -0.08782
v 0.01184 0.05496 -0.12153
v 0.01184 0.09086 -0.62512
v 0.01192 0.07446 -0.33151
v 0.01198 0.07150 -0.36369
v 0.01207 0.07006 -0.23978
v 0.01225 0.01352 0.00144
v 0.01226 0.06247 -0.38715
v 0.01235 0.08785 -0.47499
v 0.01245 -0.03282 -0.45992
v 0.01246 0.06931 -0.32845
v 0.01255 -0.03245 -0.37423
v 0.01261 -0.03555 -0.15006
v 0.01264 -0.04775 -0.79412
v 0.01265 0.06100 -0.30215
v 0.01269 0.05991 -0.37874
v 0.01275 0.08707 -0.55770
v 0.01298 -0.04540 -0.29835
v 0.01298 0.07827 -0.33440
v 0.01307 0.07449 -0.33142
v 0.01310 -0.03376 -0.49311
v 0.01316 0.09154 -0.63049
v 0.01317 0.01050 -0.00214
v 0.01317 0.01326 -0.00003
v 0.01325 0.05960 -0.36657
v 0.01356 0.08768 -0.42567
v 0.01359 0.06618 -0.31127
v 0.01361 0.05893 -0.35341
v 0.01373 -0.05370 -0.23994
v 0.01373 0.08146 -0.68786
v 0.01376 0.05867 -0.31391
v 0.01382 0.01261 0.00083
v 0.01387 0.01225 -0.00053
v 0.01395 0.06260 -0.30211
v 0.01396 0.07039 -0.33778
v 0.01400 0.06937 -0.35337
v 0.01403 0.06888 -0.37895
v 0.01405 0.06782 -0.22965
v 0.01457 0.04666 -0.83695
v 0.01465 -0.03178 -0.13172
v 0.01466 0.06543 -0.38534
v 0.01477 0.05779 -0.32078
v 0.01487 0.06418 -0.28680
v 0.01503 0.05893 -0.33774
v 0.01503 0.06408 -0.78399
v 0.01510 0.06168 -0.37174
v 0.01519 0.05860 -0.30367
v 0.01520 -0.04891 -0.28543
v 0.01557 0.01175 0.00015
v 0.01563 0.07641 -0.73745
v 0.01577 0.06004 -0.27997
v 0.01580 -0.03816 -0.48431
v 0.01588 0.09070 -0.61125
v 0.01592 0.05883 -0.28333
v 0.01621 -0.03634 -0.82274
v 0.01675 0.06725 -0.32133
v 0.01685 -0.05508 -0.09502
v 0.01689 0.06391 -0.35797
v 0.01690 0.05923 -0.32493
v 0.01691 0.05668 -0.16251
v 0.01700 -0.03892 -0.35034
v 0.01701 -0.03954 -0.52468
v 0.01701 0.06616 -0.31370
v 0.01703 0.08076 -0.32487
v 0.01712 0.06637 -0.34858
v 0.01713 0.06027 -0.27949
v 0.01732 0.08864 -0.61972
v 0.01739 -0.01929 -0.85915
v 0.01746 0.06311 -0.30279
v 0.01755 0.05931 -0.31050
v 0.01758 0.06341 -0.30997
v 0.01773 0.06302 -0.34246
v 0.01789 -0.04170 -0.57139
v 0.01789 0.05858 -0.28115
v 0.01793 -0.04303 -0.55981
v 0.01811 0.08488 -0.65529
v 0.01820 -0.05856 -0.27239
v 0.01825 0.07922 -0.30362
v 0.01841 0.06125 -0.29769
v 0.01845 0.06268 -0.31072
v 0.01850 0.06454 -0.32789
v 0.01861 -0.04229 -0.54634
v 0.01875 0.06301 -0.28690
v 0.01882 -0.05290 -0.76197
v 0.01885 -0.05442 -0.32763
v 0.01887 0.06506 -0.29027
v 0.01937 0.08853 -0.44323
v 0.01947 0.08313 -0.67122
v 0.01948 0.09011 -0.59282
v 0.01950 0.09121 -0.56442
v 0.01968 -0.04886 -0.36347
v 0.01985 0.08870 -0.51850
v 0.01994 -0.05265 -0.69549
v 0.02004 -0.05858 -0.30517
v 0.02008 0.08332 -0.36588
v 0.02013 0.09161 -0.57360
v 0.02020 0.06430 -0.77820
v 0.02021 0.07605 -0.27945
v 0.02042 0.06813 -0.75895
v 0.02050 -0.05563 -0.21127
v 0.02056 0.08608 -0.38827
v 0.02069 0.08271 -0.36216
v 0.02071 0.05001 -0.11997
v 0.02072 -0.03013 -0.12276
v 0.02073 0.03735 -0.84827
v 0.02081 0.01038 -0.00457
v 0.02115 -0.04366 -0.42563
v 0.02127 0.08705 -0.49357
v 0.02156 0.08751 -0.50090
v 0.02185 -0.05723 -0.33768
v 0.02221 0.04215 -0.10305
v 0.02244 0.08802 -0.50780
v 0.02298 -0.04344 -0.41125
v 0.02380 -0.01192 -0.85708
v 0.02420 -0.04706 -0.78840
v 0.02421 0.01027 -0.86275
v 0.02480 -0.05987 -0.23381
v 0.02485 -0.02011 -0.84528
v 0.02496 0.08852 -0.55660
v 0.02497 0.07305 -0.28547
v 0.02522 -0.04965 -0.50553
v 0.02524 -0.02590 -0.12477
v 0.02583 -0.06196 -0.29945
v 0.02630 -0.05261 -0.67110
v 0.02633 0.08757 -0.53599
v 0.02644 0.07260 -0.27086
v 0.02670 0.08120 -0.34008
v 0.02693 0.03822 -0.81269
v 0.02717 -0.05229 -0.48154
v 0.02800 0.08581 -0.38644
v 0.02811 -0.06488 -0.26118
v 0.02813 0.04480 -0.14879
v 0.02837 0.07469 -0.30004
v 0.02849 0.06901 -0.25356
v 0.02873 -0.05214 -0.08271
v 0.02884 0.07358 -0.32289
v 0.02896 -0.05145 -0.75622
v 0.02937 -0.06595 -0.28058
v 0.02942 0.07646 -0.32473
v 0.02991 0.07118 -0.71035
v 0.03002 -0.05632 -0.39026
v 0.03031 0.02366 -0.04912
v 0.03066 0.06333 -0.74426
v 0.03071 -0.05109 -0.46569
v 0.03081 0.02384 -0.05752
v 0.03096 0.01019 -0.01314
v 0.03127 0.04030 -0.79802
v 0.03129 0.01756 -0.83938
v 0.03137 -0.04435 -0.08723
v 0.03148 0.07014 -0.27961
v 0.03175 -0.05374 -0.60935
v 0.03184 0.00177 -0.85037
v 0.03207 0.08289 -0.35221
v 0.03210 0.06788 -0.26535
v 0.03266 -0.00486 -0.83580
v 0.03288 -0.05575 -0.71538
v 0.03297 -0.05252 -0.18693
v 0.03302 0.06437 -0.21434
v 0.03308 0.07459 -0.31004
v 0.03313 0.05683 -0.18073
v 0.03320 0.02797 -0.08277
v 0.03322 -0.06043 -0.29438
v 0.03339 -0.05557 -0.53150
v 0.03340 0.03072 -0.13804
v 0.03354 -0.05451 -0.58394
v 0.03364 0.06699 -0.30379
v 0.03365 -0.06435 -0.28250
v 0.03413 -0.06727 -0.25574
v 0.03418 0.01809 -0.81581
v 0.03424 -0.01429 -0.12759
v 0.03437 0.02442 -0.07323
v 0.03450 -0.05665 -0.66183
v 0.03454 -0.06800 -0.32498
v 0.03471 -0.01355 -0.82066
v 0.03491 -0.05748 -0.43985
v 0.03508 0.08483 -0.45314
v 0.03509 -0.05401 -0.27746
v 0.03520 0.07106 -0.29260
v 0.03526 -0.06328 -0.28131
v 0.03535 0.07427 -0.64291
v 0.03554 0.08291 -0.51943
v 0.03559 -0.02411 -0.04855
v 0.03572 -0.06880 -0.30887
v 0.03593 -0.06621 -0.23104
v 0.03624 -0.05398 -0.73668
v 0.03649 -0.05815 -0.42106
v 0.03671 -0.00600 -0.12699
v 0.03712 -0.03024 -0.14300
v 0.03738 0.07877 -0.60539
v 0.03747 0.00792 -0.12015
v 0.03766 -0.05638 -0.50094
v 0.03773 0.05042 -0.75287
v 0.03784 -0.02833 -0.80025
v 0.03797 -0.06981 -0.34058
v 0.03809 0.05708 -0.74497
v 0.03829 0.06480 -0.69263
v 0.03831 0.07576 -0.33652
v 0.03845 -0.06699 -0.24723
v 0.03863 0.08428 -0.39885
v 0.03882 0.07901 -0.36189
v 0.03891 -0.05420 -0.29307
v 0.03903 0.00520 -0.02795
v 0.03903 0.08277 -0.54243
v 0.03903 0.08350 -0.55015
v 0.03915 0.00859 -0.80871
v 0.03935 -0.02577 -0.09114
v 0.03961 0.07305 -0.30699
v 0.03966 0.06064 -0.19550
v 0.03995 -0.07050 -0.27511
v 0.03997 0.03291 -0.78578
v 0.04001 0.07062 -0.29841
v 0.04019 -0.05987 -0.29917
v 0.04033 0.08030 -0.48049
v 0.04059 0.02090 -0.13717
v 0.04069 -0.06855 -0.30244
v 0.04095 0.01477 -0.06372
v 0.04098 -0.05570 -0.56201
v 0.04102 0.00562 -0.09786
v 0.04105 -0.05124 -0.74189
v 0.04115 -0.05386 -0.71571
v 0.04128 -0.06163 -0.28189
v 0.04191 -0.00155 -0.13352
v 0.04234 -0.02622 -0.78733
v 0.04266 0.06321 -0.23076
v 0.04280 0.05030 -0.73747
v 0.04297 0.08272 -0.42142
v 0.04379 0.07530 -0.58722
v 0.04387 -0.05606 -0.64420
v 0.04392 -0.05620 -0.60433
v 0.04396 0.07463 -0.57373
v 0.04412 0.00656 -0.05202
v 0.04413 0.07948 -0.49498
v 0.04437 0.01583 -0.78445
v 0.04450 -0.06456 -0.41249
v 0.04471 0.07855 -0.36787
v 0.04498 -0.05675 -0.58836
v 0.04506 0.00360 -0.79951
v 0.04508 -0.01564 -0.08077
v 0.04534 -0.05554 -0.68031
v 0.04562 0.05872 -0.68842
v 0.04562 0.06486 -0.65464
v 0.04586 -0.06974 -0.38110
v 0.04616 -0.03856 -0.06798
v 0.04633 -0.05998 -0.55172
v 0.04643 -0.00389 -0.03993
v 0.04648 -0.03391 -0.06530
v 0.04670 0.06581 -0.26432
v 0.04684 -0.07409 -0.28703
v 0.04699 0.04777 -0.16685
v 0.04712 0.04838 -0.71311
v 0.04714 0.06091 -0.64391
v 0.04737 0.03981 -0.15463
v 0.04740 0.06577 -0.62562
v 0.04742 -0.07066 -0.35816
v 0.04787 -0.03909 -0.75315
v 0.04809 0.03292 -0.74814
v 0.04815 0.08157 -0.42230
v 0.04837 -0.05388 -0.18701
v 0.04841 0.00438 -0.78462
v 0.04885 -0.03243 -0.07035
v 0.04950 -0.06139 -0.52060
v 0.04957 0.06947 -0.58485
v 0.05003 0.05480 -0.67677
v 0.05030 -0.01090 -0.05696
v 0.05067 -0.07428 -0.28163
v 0.05117 -0.06955 -0.36552
v 0.05130 0.02334 -0.75084
v 0.05142 0.07010 -0.35484
v 0.05151 0.06615 -0.27864
v 0.05195 -0.06543 -0.42856
v 0.05244 0.07435 -0.46617
v 0.05258 -0.02665 -0.06499
v 0.05273 -0.06392 -0.46708
v 0.05285 -0.05486 -0.64077
v 0.05310 -0.04082 -0.73224
v 0.05318 0.06960 -0.51405
v 0.05334 -0.00479 -0.76689
v 0.05339 0.04759 -0.67732
v 0.05344 -0.05297 -0.65817
v 0.05353 0.06040 -0.62845
v 0.05399 -0.06922 -0.24271
v 0.05400 0.06762 -0.29361
v 0.05400 -0.01738 -0.76216
v 0.05455 -0.06242 -0.49601
v 0.05455 -0.06718 -0.39370
v 0.05494 0.06025 -0.59413
v 0.05507 0.05856 -0.61059
v 0.05546 -0.07313 -0.31491
v 0.05555 0.02862 -0.72788
v 0.05575 -0.01116 -0.14062
v 0.05586 0.00992 -0.74585
v 0.05597 -0.05883 -0.58992
v 0.05608 -0.04624 -0.70614
v 0.05619 0.05943 -0.24679
v 0.05717 -0.06812 -0.26112
v 0.05737 0.07086 -0.34440
v 0.05742 0.04481 -0.63304
v 0.05835 -0.05393 -0.62410
v 0.05836 -0.04812 -0.18662
v 0.05855 0.04967 -0.60059
v 0.05912 0.07132 -0.36309
v 0.05925 0.06061 -0.57568
v 0.05944 0.02995 -0.70907
v 0.05970 -0.06376 -0.50948
v 0.05982 -0.06554 -0.44363
v 0.05987 -0.07158 -0.27201
v 0.06054 -0.06341 -0.46610
v 0.06059 0.05859 -0.55533
v 0.06112 0.00068 -0.73833
v 0.06164 0.03773 -0.64063
v 0.06168 -0.04505 -0.67996
v 0.06178 0.06367 -0.53604
v 0.06193 0.04051 -0.18394
v 0.06212 -0.04505 -0.66980
v 0.06285 -0.03608 -0.70542
v 0.06322 -0.06881 -0.37868
v 0.06327 -0.05905 -0.54958
v 0.06331 0.01921 -0.15077
v 0.06342 0.02589 -0.69166
v 0.06420 -0.01617 -0.72220
v 0.06436 -0.00475 -0.71814
v 0.06444 0.02777 -0.65944
v 0.06460 -0.06234 -0.48643
v 0.06475 -0.04757 -0.62968
v 0.06500 0.06667 -0.32976
v 0.06515 -0.06456 -0.23561
v 0.06523 0.06832 -0.42903
v 0.06530 -0.05496 -0.58460
v 0.06531 0.01092 -0.70321
v 0.06537 0.02083 -0.69018
v 0.06537 -0.05555 -0.57085
v 0.06600 -0.03447 -0.17103
v 0.06625 0.04706 -0.21436
v 0.06627 0.06429 -0.46107
v 0.06628 0.06891 -0.39097
v 0.06658 -0.05743 -0.55746
v 0.06668 0.05756 -0.27387
v 0.06719 0.05573 -0.52577
v 0.06734 -0.07299 -0.31798
v 0.06816 0.04195 -0.19942
v 0.06839 0.05777 -0.49542
v 0.06841 0.02529 -0.64382
v 0.06859 0.01653 -0.68452
v 0.06875 -0.04919 -0.59931
v 0.06885 0.02289 -0.17117
v 0.06980 -0.06063 -0.51216
v 0.06982 -0.06344 -0.43319
v 0.07023 0.02741 -0.61727
v 0.07028 0.06378 -0.34734
v 0.07096 0.03231 -0.58930
v 0.07144 0.05950 -0.43855
v 0.07179 -0.06298 -0.44988
v 0.07181 -0.03207 -0.66610
v 0.07211 0.00593 -0.65445
v 0.07213 -0.01875 -0.16584
v 0.07220 -0.05831 -0.51734
v 0.07221 -0.07067 -0.35949
v 0.07226 0.03318 -0.19426
v 0.07239 -0.03943 -0.64348
v 0.07284 -0.01053 -0.68065
v 0.07377 -0.05577 -0.52863
v 0.07404 0.03793 -0.55914
v 0.07407 -0.03851 -0.62655
v 0.07420 0.01276 -0.63573
v 0.07512 0.06342 -0.42230
v 0.07554 0.04094 -0.51901
v 0.07572 0.06058 -0.38431
v 0.07638 -0.00873 -0.66747
v 0.07641 -0.01060 -0.65819
v 0.07659 0.01286 -0.17990
v 0.07675 -0.04284 -0.20021
v 0.07694 0.04195 -0.49671
v 0.07715 0.03846 -0.52922
v 0.07720 -0.05637 -0.47663
v 0.07751 -0.06592 -0.37290
v 0.07806 -0.06307 -0.40752
v 0.07866 -0.05887 -0.45284
v 0.07872 0.04598 -0.44387
v 0.07877 -0.06694 -0.28634
v 0.07893 0.05582 -0.41235
v 0.07897 -0.06177 -0.42014
v 0.07989 -0.06113 -0.25088
v 0.07991 0.02784 -0.21343
v 0.07993 0.02569 -0.19986
v 0.08010 0.05482 -0.36460
v 0.08014 -0.02185 -0.62381
v 0.08031 0.02664 -0.55253
v 0.08095 0.02676 -0.54365
v 0.08123 -0.03684 -0.59114
v 0.08125 -0.04923 -0.51788
v 0.08139 0.00870 -0.59703
v 0.08354 -0.01853 -0.60803
v 0.08391 -0.00145 -0.60689
v 0.08396 0.04319 -0.33457
v 0.08413 0.02930 -0.26067
v 0.08426 -0.04446 -0.21356
v 0.08433 0.03586 -0.47365
v 0.08463 -0.05095 -0.48683
v 0.08488 0.04539 -0.38343
v 0.08560 -0.06392 -0.33749
v 0.08624 0.02646 -0.22906
v 0.08625 -0.06051 -0.27532
v 0.08637 0.00125 -0.19053
v 0.08657 -0.03463 -0.55285
v 0.08661 -0.01390 -0.18895
v 0.08681 -0.04019 -0.53683
v 0.08695 0.02505 -0.51872
v 0.08702 0.00628 -0.56318
v 0.08795 -0.05983 -0.30958
v 0.08843 0.03930 -0.42119
v 0.08881 0.02261 -0.25872
v 0.08898 -0.04142 -0.51084
v 0.08900 0.00370 -0.55129
v 0.08910 -0.02305 -0.56207
v 0.08991 -0.05590 -0.27547
v 0.09016 0.00732 -0.52735
v 0.09052 -0.00925 -0.56444
v 0.09065 -0.05561 -0.38078
v 0.09120 -0.05143 -0.41469
v 0.09158 0.02910 -0.45602
v 0.09200 0.02225 -0.48532
v 0.09294 -0.01857 -0.53486
v 0.09352 0.01204 -0.23948
v 0.09355 0.00759 -0.50127
v 0.09403 -0.05671 -0.34506
v 0.09410 -0.04584 -0.42297
v 0.09436 -0.04084 -0.45297
v 0.09446 -0.04811 -0.26267
v 0.09460 -0.02973 -0.22574
v 0.09486 0.02274 -0.43286
v 0.09487 0.02320 -0.30909
v 0.09546 -0.02746 -0.49717
v 0.09582 -0.00426 -0.51404
v 0.09627 0.00651 -0.24662
v 0.09677 0.01768 -0.43175
v 0.09686 -0.02880 -0.47798
v 0.09750 -0.00733 -0.49319
v 0.09780 0.03141 -0.37295
v 0.09819 -0.00486 -0.50220
v 0.09832 0.02743 -0.38985
v 0.09865 -0.01989 -0.23834
v 0.09877 -0.04528 -0.36969
v 0.09885 0.01707 -0.31109
v 0.09945 0.00915 -0.26840
v 0.10023 -0.04172 -0.30305
v 0.10058 -0.01333 -0.45479
v 0.10098 -0.04282 -0.34249
v 0.10132 -0.03150 -0.41954
v 0.10261 -0.02550 -0.42116
v 0.10280 0.00290 -0.42197
v 0.10373 0.00176 -0.32500
v 0.10475 -0.01375 -0.27766
v 0.10519 -0.02368 -0.39868
v 0.10582 -0.02548 -0.41095
v 0.10633 -0.00739 -0.35555
v 0.10707 -0.01424 -0.31155
v 0.10753 -0.01258 -0.37453
v 0.10762 0.00020 -0.37626
v 0.10772 -0.01985 -0.32117
vn -0.8855 -0.4625 0.0441
vn -0.9251 0.3779 -0.0374
vn -0.9786 0.2051 0.0162
vn -0.8884 0.4191 -0.1872
vn -0.9686 -0.2260 0.1041
vn -0.9943 -0.0650 -0.0850
vn -0.9333 -0.3454 -0.0981
vn -0.7907 0.4890 -0.3685
vn -0.8904 0.4035 -0.2107
vn -0.9490 -0.3115 0.0490
vn -0.9997 -0.0249 -0.0059
vn -0.9189 0.3941 -0.0142
vn -0.9923 -0.1147 -0.0457
vn -0.8832 -0.4544 -0.1157
vn -0.9851 0.0832 -0.1503
vn -0.9905 0.1364 0.0156
vn -0.9846 -0.1561 -0.0785
vn -0.8266 -0.5210 0.2127
vn -0.9202 0.3861 -0.0649
vn -0.9319 0.3618 -0.0273
vn -0.9958 -0.0253 0.0880
vn -0.8338 -0.5520 0.0088
vn -0.9874 -0.1573 0.0161
vn -0.9881 0.0232 0.1517
vn -0.8443 -0.4221 -0.3300
vn -0.9619 0.2674 0.0576
vn -0.9194 -0.3805 0.0997
vn -0.8337 0.5517 -0.0255
vn -0.9167 0.3994 0.0120
vn -0.8135 0.4997 -0.2975
vn -0.8050 -0.5886 0.0743
vn -0.6418 0.3331 -0.6907
vn -0.7527 -0.6452 0.1309
vn -0.9437 0.2284 0.2394
vn -0.9546 -0.2659 0.1340
vn -0.8999 0.4359 -0.0156
vn -0.9807 -0.1671 0.1019
vn -0.9662 0.0106 0.2575
vn -0.7236 0.6545 -0.2190
vn -0.9853 -0.0950 0.1419
vn -0.8401 0.5407 -0.0435
vn -0.8862 0.4543 -0.0903
vn -0.8895 -0.2635 -0.3733
vn -0.8839 -0.3914 -0.2560
vn -0.9726 -0.2323 0.0111
vn -0.8361 -0.2040 -0.5092
vn -0.8716 -0.4771 0.1125
vn -0.9904 0.0356 0.1334
vn -0.5982 0.7985 -0.0675
vn -0.7943 0.4936 -0.3543
vn -0.8632 -0.3931 -0.3168
vn -0.9234 -0.3725 0.0922
vn -0.3911 0.4924 -0.7775
vn -0.6691 -0.7296 0.1412
vn -0.7032 0.2095 -0.6794
vn -0.8751 -0.3637 -0.3192
vn -0.6454 0.7365 0.2024
vn -0.9825 -0.1201 0.1425
vn -0.7956 0.5973 0.1012
vn 0.4529 -0.7909 0.4116
vn -0.7971 -0.5891 0.1328
vn -0.9564 0.2392 -0.1676
vn 0.9058 -0.4190 0.0629
vn -0.6934 0.5798 0.4278
vn -0.8810 0.4683 0.0677
vn -0.9937 0.0824 0.0760
vn -0.7846 -0.3042 -0.5402
vn -0.9409 -0.3032 -0.1510
vn -0.7280 -0.6759 0.1149
vn -0.8310 0.5563 -0.0040
vn -0.6651 -0.6806 -0.3072
vn -0.9845 -0.1319 0.1158
vn -0.9840 0.1482 0.0992
vn -0.9384 -0.3215 0.1267
vn -0.8610 -0.5001 0.0927
vn -0.9164 0.3644 0.1655
vn -0.9379 0.3460 -0.0229
vn -0.6822 0.7272 -0.0760
vn -0.8879 -0.3687 -0.2752
vn 0.7850 -0.5635 0.2573
vn -0.9834 -0.0783 -0.1637
vn -0.8656 -0.4851 0.1238
vn -0.8344 -0.4560 -0.3096
vn -0.6646 0.4887 -0.5652
vn -0.8248 0.5468 0.1440
vn -0.6751 -0.2170 0.7051
vn -0.9773 0.1995 -0.0716
vn -0.6915 0.7210 0.0450
vn -0.4077 0.1523 -0.9003
vn -0.0000 0.0000 0.0000
vn -0.1401 -0.9894 0.0385
vn -0.9035 0.4286 -0.0021
vn -0.4918 -0.8675 0.0749
vn -0.9724 0.2203 0.0767
vn -0.0780 -0.1659 0.9830
vn -0.9051 0.0331 0.4240
vn -0.9882 0.1498 0.0314
vn -0.8783 0.2129 0.4282
vn -0.9606 0.0302 0.2761
vn -0.9866 -0.1109 -0.1193
vn -0.1116 -0.0605 0.9919
vn -0.9493 -0.3109 -0.0466
vn -0.9074 -0.4169 0.0532
vn -0.7560 0.1463 0.6380
vn -0.9712 -0.2300 0.0630
vn -0.5995 -0.8002 0.0135
vn -0.7305 0.6785 -0.0774
vn -0.7846 -0.6094 0.1140
vn -0.7082 -0.7055 0.0292
vn -0.9990 -0.0212 0.0402
vn -0.9862 -0.1551 0.0579
vn 0.4122 -0.1272 0.9022
vn -0.8421 -0.5005 -0.2012
vn -0.6594 -0.7416 0.1230
vn -0.9875 -0.0982 -0.1234
vn -0.4324 0.9008 0.0396
vn -0.6129 0.7866 0.0748
vn -0.6945 0.7091 -0.1221
vn -0.8741 0.4826 -0.0545
vn -0.7232 -0.5196 -0.4550
vn -0.6162 0.7825 0.0892
vn -0.8989 -0.4366 0.0359
vn -0.7853 -0.6115 0.0966
vn -0.9600 -0.2771 0.0400
vn -0.9964 0.0749 0.0405
vn -0.7297 0.6620 -0.1713
vn -0.7965 0.5422 -0.2678
vn -0.9452 0.3174 0.0760
vn 0.6269 -0.6143 0.4792
vn -0.9715 -0.2153 -0.0990
vn -0.5445 -0.8360 0.0674
vn -0.9543 0.2834 -0.0945
vn -0.9989 -0.0129 0.0457
vn -0.9632 -0.2680 0.0225
vn -0.5730 -0.6923 -0.4387
vn -0.8988 -0.4359 0.0460
vn -0.8848 0.4642 0.0391
vn -0.2700 -0.5965 -0.7558
vn -0.6886 0.4266 0.5864
vn -0.4969 -0.5255 -0.6906
vn -0.9909 0.1163 0.0679
vn -0.9564 -0.2826 0.0733
vn 0.4204 -0.4354 -0.7960
vn -0.9115 -0.4111 0.0105
vn -0.9816 0.0049 -0.1908
vn -0.0548 0.9981 0.0297
vn -0.3418 0.9385 -0.0479
vn -0.9637 0.2655 0.0273
vn -0.3390 0.8774 0.3394
vn -0.4798 0.8512 0.2125
vn -0.6519 0.7549 -0.0718
vn -0.9685 -0.0943 -0.2305
vn -0.7233 -0.6838 0.0962
vn -0.5406 0.8410 -0.0194
vn 0.5273 -0.7940 0.3026
vn 0.2354 -0.5771 -0.7820
vn -0.9879 -0.1550 0.0042
vn -0.8248 -0.5655 0.0041
vn -0.5350 0.2631 -0.8028
vn -0.6670 0.4233 -0.6132
vn -0.9143 -0.3566 -0.1918
vn -0.9726 -0.2183 -0.0799
vn -0.4022 0.9118 -0.0821
vn -0.3525 0.8658 0.3552
vn -0.9915 -0.0024 -0.1302
vn -0.9056 -0.4208 0.0535
vn -0.9978 -0.0078 0.0662
vn -0.6022 0.7907 0.1102
vn -0.9421 0.3299 -0.0608
vn -0.6655 -0.7166 0.2086
vn -0.6783 0.7343 -0.0265
vn -0.7982 0.5994 0.0605
vn -0.9670 -0.1658 0.1935
vn -0.2069 -0.9771 0.0501
vn -0.9776 0.1774 -0.1130
vn -0.8889 -0.3763 -0.2614
vn -0.2165 0.9643 0.1525
vn -0.8579 0.1004 -0.5039
vn 0.6767 -0.2037 -0.7075
vn -0.7755 0.4964 -0.3901
vn -0.1036 -0.9191 -0.3801
vn -0.9398 0.3366 0.0594
vn -0.8253 0.5642 0.0217
vn -0.9531 -0.2999 0.0392
vn -0.1879 0.0856 -0.9785
vn -0.2008 0.9796 0.0119
vn -0.9296 -0.3575 0.0896
vn -0.8575 -0.4981 -0.1287
vn -0.3489 -0.9112 0.2190
vn -0.8481 -0.5187 0.1078
vn -0.2502 -0.9011 0.3541
vn -0.8566 0.5117 0.0662
vn -0.4626 0.8786 0.1188
vn 0.5768 0.0679 -0.8141
vn -0.5172 -0.8519 0.0818
vn -0.0175 -0.9954 0.0944
vn -0.1492 -0.9864 -0.0684
vn -0.7782 -0.6209 0.0947
vn -0.8639 0.5036 0.0019
vn -0.0065 -0.9681 -0.2504
vn -0.8537 0.5181 0.0529
vn 0.9881 -0.0823 0.1300
vn -0.4203 0.9018 -0.1005
vn 0.9870 -0.1358 -0.0864
vn 0.8487 -0.4935 -0.1899
vn -0.8838 -0.4657 -0.0460
vn 0.5533 -0.7843 0.2806
vn -0.7884 -0.6006 0.1332
vn -0.6479 -0.5457 0.5315
vn -0.8964 -0.4280 -0.1155
vn 0.9950 -0.0918 -0.0384
vn 0.3448 -0.5663 -0.7486
vn -0.5161 0.7556 0.4034
vn -0.7139 -0.6921 0.1063
vn -0.4216 -0.7824 -0.4583
vn 0.3994 -0.2367 0.8857
vn -0.6154 -0.7706 -0.1657
vn -0.6406 -0.7589 0.1173
vn -0.8753 -0.4577 0.1560
vn -0.5671 0.8235 -0.0144
vn 0.8822 -0.4709 -0.0062
vn 0.1486 -0.5369 0.8305
vn -0.0434 -0.9886 -0.1440
vn -0.6954 -0.7156 0.0658
vn -0.7371 -0.6757 -0.0094
vn -0.8244 -0.5485 0.1398
vn -0.6007 -0.7714 -0.2100
vn -0.8846 0.4647 -0.0381
vn 0.9842 0.1656 -0.0618
vn -0.8298 -0.5575 0.0246
vn 0.2143 -0.8937 0.3941
vn -0.6887 -0.7250 -0.0084
vn 0.9855 -0.1569 0.0643
vn 0.9460 -0.2024 -0.2532
vn -0.1655 -0.6819 0.7125
vn 0.3758 -0.8052 0.4587
vn -0.3719 -0.9031 0.2148
vn 0.3883 -0.9195 0.0604
vn 0.9941 -0.1085 -0.0085
vn -0.7548 -0.6498 0.0894
vn -0.7095 0.7035 0.0399
vn -0.5271 0.2846 0.8007
vn -0.0645 -0.9665 -0.2484
vn 0.8235 -0.5096 0.2494
vn -0.7254 -0.6872 0.0401
vn -0.6595 0.7513 0.0225
vn -0.2238 -0.9196 0.3229
vn 0.8830 0.2107 0.4193
vn 0.7324 0.6450 -0.2178
vn -0.9290 -0.3292 -0.1693
vn -0.1065 0.8335 -0.5421
vn 0.7043 0.5617 0.4341
vn 0.9732 -0.0644 -0.2206
vn -0.7453 -0.6625 0.0748
vn 0.4964 -0.8161 0.2960
vn -0.5608 -0.8165 0.1373
vn 0.8436 -0.5093 0.1702
vn 0.0290 -0.9963 -0.0805
vn -0.9035 -0.0437 0.4264
vn -0.2452 -0.9686 0.0405
vn 0.2787 -0.6062 0.7449
vn 0.4395 -0.4824 0.7577
vn 0.9992 0.0411 -0.0003
vn 0.7516 -0.5850 0.3048
vn -0.3070 0.9479 -0.0854
vn 0.7676 -0.6288 -0.1242
vn -0.7305 -0.2218 -0.6459
vn 0.0000 0.0000 0.0000
vn -0.6918 -0.6015 -0.3996
vn 0.5876 -0.2066 0.7823
vn -0.3094 -0.9171 0.2516
vn 0.8153 -0.5760 -0.0592
vn -0.7933 0.4132 -0.4473
vn -0.3240 0.9446 -0.0522
vn -0.9802 -0.0873 -0.1775
vn 0.7904 0.5035 -0.3490
vn -0.8381 -0.5003 0.2175
vn -0.6672 -0.7342 0.1259
vn -0.6110 0.7873 0.0826
vn -0.4499 0.8927 -0.0260
vn -0.5709 -0.7894 0.2254
vn -0.2208 -0.3960 -0.8913
vn -0.9178 -0.1467 -0.3689
vn 0.3103 -0.9472 0.0809
vn -0.5267 0.8407 0.1257
vn 0.8311 0.4970 -0.2497
vn -0.8262 -0.5531 -0.1069
vn 0.6776 -0.3972 0.6189
vn -0.7159 0.6982 0.0108
vn -0.7357 0.6739 0.0684
vn -0.9774 0.2065 0.0450
vn -0.9561 0.2878 -0.0557
vn 0.4652 -0.8437 -0.2677
vn 0.0827 -0.9930 0.0841
vn -0.9755 0.0263 0.2184
vn -0.6253 0.7773 0.0689
vn 0.7632 -0.6438 -0.0547
vn -0.9856 0.1230 -0.1158
vn -0.0580 -0.9865 0.1530
vn -0.4545 0.8905 -0.0227
vn -0.8833 -0.4668 -0.0430
vn -0.9033 -0.4254 0.0557
vn 0.1784 0.9645 0.1944
vn -0.6764 -0.2764 0.6827
vn -0.3203 -0.8818 0.3462
vn 0.9057 -0.4006 -0.1391
vn -0.8433 -0.5374 0.0102
vn 0.0470 0.8865 0.4603
vn -0.9954 -0.0466 0.0840
vn 0.4120 -0.4077 0.8149
vn 0.8619 0.4851 -0.1475
vn -0.9867 0.1269 0.1018
vn -0.9738 0.0011 0.2274
vn 0.9864 0.1016 -0.1289
vn -0.9686 0.2485 0.0027
vn 0.4962 -0.8141 -0.3018
vn 0.0294 -0.7520 -0.6585
vn -0.9508 -0.2841 0.1237
vn -0.4879 0.2655 -0.8315
vn -0.9990 0.0353 -0.0269
vn -0.9690 -0.2431 0.0439
vn 0.3459 -0.5553 -0.7563
vn -0.9402 -0.2511 0.2302
vn -0.9133 0.4003 -0.0747
vn 0.8746 -0.1366 0.4651
vn -0.8488 -0.3633 -0.3840
vn -0.5964 -0.8012 0.0495
vn -0.3131 -0.9349 -0.1669
vn -0.6354 -0.2226 -0.7394
vn -0.3036 0.9464 -0.1104
vn 0.1971 0.9638 -0.1797
vn -0.9097 -0.4100 -0.0656
vn 0.7739 0.0417 0.6319
vn -0.9542 -0.2989 0.0100
vn -0.6303 -0.5474 0.5505
vn -0.9570 -0.2866 0.0442
vn 0.3670 -0.3765 0.8506
vn -0.9222 0.3774 0.0849
vn -0.9101 -0.4078 0.0733
vn -0.0237 -0.9836 0.1787
vn -0.9701 -0.2366 0.0538
vn -0.6475 -0.7579 0.0797
vn -0.2302 0.7548 0.6142
vn -0.3612 0.9286 0.0854
vn -0.9553 0.2693 -0.1217
vn -0.7200 0.6908 0.0662
vn -0.8896 -0.4432 -0.1102
vn -0.9888 0.0949 0.1151
vn 0.9185 -0.2701 -0.2887
vn -0.8238 -0.3053 -0.4776
vn -0.0962 -0.7605 -0.6422
vn -0.6497 -0.7283 -0.2179
vn -0.0552 -0.9864 -0.1546
vn -0.8041 0.1244 0.5813
vn 0.0359 -0.8770 -0.4791
vn 0.2956 -0.9521 0.0779
vn -0.1192 -0.5890 -0.7993
vn -0.4106 -0.9107 0.0449
vn -0.7455 -0.6619 0.0778
vn -0.4908 -0.8453 -0.2109
vn -0.6595 0.7296 -0.1808
vn -0.5818 -0.8010 -0.1409
vn -0.7852 -0.6040 -0.1368
vn -0.7012 -0.7081 0.0833
vn -0.9982 0.0256 0.0538
vn -0.8315 -0.5482 -0.0900
vn -0.6720 -0.7370 0.0726
vn -0.7621 -0.6438 -0.0681
vn -0.8063 -0.5849 -0.0877
vn -0.3802 0.9125 0.1509
vn 0.9732 0.1482 -0.1756
vn -0.9952 0.0951 -0.0227
vn 0.0000 0.0000 0.0000
vn 0.5289 0.7707 -0.3554
vn 0.2962 -0.9352 0.1942
vn 0.0000 0.0000 0.0000
vn -0.9938 -0.1013 0.0457
vn 0.0000 0.0000 0.0000
vn 0.0743 -0.3875 0.9189
vn -0.9675 -0.2465 0.0571
vn -0.7000 -0.7105 -0.0716
vn -0.9298 0.3645 -0.0513
vn -0.4599 0.8860 0.0581
vn -0.4025 0.9071 0.1233
vn -0.9993 0.0160 0.0332
vn 0.3110 -0.5767 -0.7554
vn -0.8524 -0.5213 -0.0407
vn -0.6745 0.6406 -0.3670
vn -0.9445 -0.2176 -0.2462
vn 0.1865 0.9145 -0.3590
vn -0.2254 0.9589 -0.1722
vn -0.3450 0.9190 -0.1907
vn -0.7956 0.6021 -0.0665
vn -0.9907 -0.1335 0.0249
vn -0.9767 -0.2125 0.0305
vn -0.0598 -0.9963 -0.0616
vn -0.2440 0.9692 -0.0346
vn 0.8867 0.4479 -0.1145
vn -0.9989 0.0168 0.0441
vn -0.9988 -0.0074 0.0481
vn -0.9947 0.0106 0.1027
vn -0.7240 -0.6289 0.2833
vn -0.7082 0.7014 -0.0802
vn -0.2702 0.9586 0.0899
vn -0.6315 -0.7713 0.0793
vn -0.9343 -0.3564 -0.0078
vn -0.6986 -0.7155 -0.0002
vn 0.3313 0.9431 -0.0298
vn -0.1607 0.6515 -0.7414
vn -0.2398 0.9621 0.1302
vn -0.3547 0.9328 -0.0636
vn 0.2082 0.9660 -0.1531
vn -0.5617 -0.2664 -0.7833
vn -0.5935 0.4416 -0.6728
vn -0.3202 0.9443 0.0766
vn -0.5164 -0.8086 -0.2820
vn -0.8441 -0.5280 -0.0936
vn -0.0208 0.9991 0.0360
vn -0.6420 -0.7655 -0.0422
vn 0.1783 0.9753 0.1305
vn -0.2878 0.0736 -0.9549
vn -0.7114 -0.6895 -0.1358
vn -0.7229 -0.6741 0.1519
vn -0.4160 0.9077 0.0553
vn -0.3685 -0.9296 -0.0034
vn -0.5565 -0.8221 0.1203
vn 0.4305 -0.7108 0.5563
vn -0.5866 -0.8035 0.1012
vn -0.6189 -0.7790 0.1004
vn 0.1175 -0.7334 -0.6696
vn -0.0056 -0.0022 -1.0000
vn -0.7099 -0.7015 0.0624
vn -0.0681 0.9790 0.1922
vn -0.6830 -0.7255 0.0846
vn -0.1984 -0.1394 -0.9701
vn -0.7791 -0.6257 0.0383
vn -0.7250 -0.6885 0.0167
vn -0.2466 0.8599 0.4469
vn -0.5615 -0.8264 0.0418
vn -0.2379 0.9688 0.0698
vn -0.6800 -0.7326 0.0279
vn -0.5826 0.2920 -0.7585
vn -0.2464 0.9682 -0.0431
vn -0.1152 0.9756 -0.1871
vn -0.8337 -0.5466 -0.0784
vn -0.1919 0.9742 0.1188
vn 0.1240 -0.5743 -0.8092
vn -0.6602 -0.7511 0.0001
vn -0.5301 0.8432 -0.0894
vn -0.2352 0.9563 0.1735
vn -0.1971 0.9796 -0.0399
vn -0.7898 -0.5906 -0.1658
vn 0.2654 0.9072 -0.3265
vn -0.7179 -0.6864 -0.1160
vn -0.8576 -0.5037 -0.1037
vn 0.3062 0.8177 0.4874
vn -0.0753 0.9961 -0.0466
vn -0.7624 -0.5667 0.3124
vn -0.4817 -0.8748 0.0522
vn -0.0000 0.0000 -0.0000
vn -0.7639 -0.6439 -0.0427
vn 0.1766 -0.5167 -0.8378
vn -0.7813 -0.6190 0.0794
vn 0.0857 0.0049 -0.9963
vn -0.2974 0.9493 0.1019
vn -0.5534 -0.8257 0.1098
vn -0.4055 0.3874 -0.8280
vn -0.0167 0.9905 -0.1362
vn -0.8436 -0.5350 -0.0468
vn -0.7773 -0.6282 -0.0346
vn 0.0837 0.7261 -0.6825
vn -0.4423 0.8966 -0.0221
vn -0.7775 -0.6279 0.0352
vn -0.7749 -0.6314 -0.0278
vn 0.0137 0.9997 0.0177
vn -0.8638 -0.4962 -0.0871
vn 0.2796 -0.7230 -0.6318
vn -0.6481 -0.7587 -0.0658
vn -0.2464 0.9690 0.0155
vn -0.0541 0.9940 -0.0955
vn 0.5045 0.7780 -0.3745
vn -0.1578 0.9666 0.2020
vn 0.2787 0.9067 0.3165
vn 0.3630 0.9027 0.2310
vn 0.4062 0.8471 0.3428
vn -0.3073 0.9511 0.0322
vn -0.3641 0.9302 -0.0473
vn -0.2789 -0.9603 0.0083
vn -0.1487 0.9889 0.0033
vn -0.5649 0.7164 -0.4094
vn -0.8637 -0.4984 -0.0757
vn -0.7491 -0.6589 0.0682
vn 0.1766 0.3503 -0.9198
vn 0.2734 -0.9177 -0.2884
vn -0.7505 -0.6601 0.0301
vn -0.6602 -0.7482 0.0660
vn -0.1574 0.9874 -0.0163
vn -0.1377 0.9899 0.0323
vn -0.5198 0.8370 0.1710
vn 0.5663 0.7748 -0.2811
vn 0.9997 0.0162 0.0179
vn -0.4990 -0.8632 0.0768
vn 0.2363 0.9587 -0.1585
vn 0.9773 0.2067 -0.0459
vn 0.0032 0.9854 0.1701
vn -0.0463 0.9983 0.0347
vn 0.0712 0.9487 0.3082
vn -0.0362 0.5082 -0.8605
vn -0.5119 -0.8571 0.0572
vn -0.8051 -0.5910 -0.0508
vn 0.9482 -0.2183 -0.2309
vn 0.6538 0.7448 0.1337
vn 0.6201 -0.7237 0.3029
vn 0.6635 -0.7482 -0.0068
vn 0.2966 0.9550 -0.0045
vn 0.4942 -0.6529 -0.5740
vn 0.2351 0.9434 -0.2339
vn -0.3185 0.9431 -0.0950
vn 0.0655 -0.9695 -0.2360
vn 0.9950 -0.0089 -0.0992
vn 0.9878 0.1530 -0.0274
vn -0.0806 0.9957 0.0455
vn -0.7171 -0.6968 0.0164
vn -0.6383 -0.7512 0.1679
vn 0.3797 -0.9127 0.1510
vn 0.1196 0.9274 0.3545
vn 0.2251 0.9703 0.0882
vn 0.5281 0.8173 -0.2305
vn -0.2998 -0.9506 0.0806
vn -0.0738 0.9950 0.0679
vn -0.0000 0.0000 0.0000
vn 0.7478 0.4790 0.4597
vn 0.0416 0.9981 -0.0454
vn -0.7667 -0.6417 0.0189
vn 0.5352 -0.6380 -0.5537
vn -0.8174 -0.5724 -0.0645
vn -0.3792 -0.8722 0.3090
vn -0.1609 -0.9780 -0.1324
vn 0.9962 0.0001 -0.0869
vn -0.3311 0.9339 0.1347
vn -0.1419 0.9883 0.0552
vn -0.8956 -0.4449 -0.0017
vn -0.0744 0.9768 0.2006
vn -0.9446 -0.3215 -0.0663
vn -0.7462 -0.6630 0.0606
vn 0.3138 0.9480 -0.0534
vn 0.1394 -0.7156 0.6845
vn 0.1644 -0.4465 0.8795
vn -0.4096 0.9075 -0.0936
vn 0.0859 0.9957 0.0335
vn 0.4608 -0.8591 -0.2227
vn 0.4489 0.8928 0.0363
vn -0.7076 -0.7063 0.0216
vn 0.3768 0.9214 -0.0953
vn 0.3791 0.9253 0.0062
vn -0.4432 -0.5060 0.7400
vn -0.7245 0.1641 0.6694
vn 0.3814 -0.9130 -0.1448
vn -0.3915 -0.9078 0.1503
vn -0.0469 -0.9986 -0.0256
vn -0.7609 -0.6432 0.0860
vn 0.1194 0.9849 0.1255
vn 0.5356 0.8061 -0.2515
vn 0.0084 -0.9986 -0.0522
vn -0.9701 0.0777 0.2301
vn 0.4498 0.8922 0.0417
vn 0.7594 -0.6245 -0.1827
vn -0.0602 0.9982 -0.0028
vn 0.2962 0.9398 -0.1704
vn -0.7880 0.6102 0.0826
vn -0.4528 0.8916 0.0034
vn -0.8640 -0.4990 -0.0670
vn 0.3390 -0.5885 0.7340
vn 0.4640 0.8768 -0.1267
vn 0.9543 -0.0079 -0.2989
vn -0.7603 -0.6481 0.0436
vn 0.2966 0.9520 -0.0757
vn 0.8321 0.5430 -0.1127
vn 0.6394 -0.6933 -0.3325
vn -0.7398 -0.6707 0.0543
vn 0.5780 -0.5675 -0.5864
vn -0.9981 0.0381 0.0490
vn -0.9417 0.3359 0.0202
vn 0.4115 0.8814 0.2318
vn -0.8844 -0.4634 -0.0561
vn -0.7015 -0.7127 -0.0031
vn -0.5461 -0.7977 -0.2560
vn -0.0776 0.9970 0.0057
vn -0.9719 -0.2312 0.0429
vn -0.4078 -0.6747 -0.6151
vn 0.4507 0.8852 -0.1157
vn 0.3674 -0.4000 -0.8397
vn -0.8474 -0.5283 -0.0536
vn -0.7757 0.6310 0.0065
vn -0.5826 -0.8123 -0.0281
vn -0.9940 -0.0925 0.0580
vn -0.6108 -0.7902 0.0502
vn -0.8666 0.4959 0.0561
vn -0.6068 -0.7947 -0.0163
vn 0.4400 0.8905 -0.1157
vn -0.7946 -0.6049 -0.0516
vn 0.0190 0.9797 0.1994
vn -0.8953 0.4443 0.0316
vn -0.9854 0.1693 -0.0177
vn -0.9542 -0.2933 -0.0584
vn -0.6943 -0.7177 0.0533
vn -0.5656 -0.7160 -0.4092
vn -0.1770 -0.9822 -0.0627
vn -0.8169 -0.5671 -0.1048
vn -0.8594 -0.5002 0.1059
vn 0.0691 0.9976 -0.0029
vn 0.4647 0.8744 -0.1395
vn -0.0013 0.9996 -0.0290
vn -0.1314 0.9677 0.2152
vn -0.7299 -0.6644 -0.1608
vn -0.2537 0.9668 0.0310
vn -0.3347 -0.9402 0.0626
vn -0.8369 -0.5455 -0.0458
vn -0.0328 0.9943 0.1014
vn 0.3763 0.9260 -0.0291
vn 0.7076 0.6570 -0.2600
vn 0.0436 0.9873 0.1524
vn 0.5342 0.8248 -0.1852
vn -0.4404 -0.8821 0.1672
vn 0.0325 0.9969 0.0711
vn -0.2308 0.9450 0.2319
vn 0.8425 0.5359 0.0555
vn 0.6365 -0.7238 -0.2664
vn 0.7875 0.4917 -0.3716
vn 0.2997 -0.8201 0.4874
vn -0.7679 -0.6398 0.0304
vn 0.2035 0.9788 0.0213
vn 0.0910 0.9930 0.0752
vn -0.8061 -0.5817 -0.1090
vn 0.3987 0.8410 0.3658
vn 0.0786 0.9951 0.0595
vn -0.8061 -0.5910 -0.0307
vn 0.7760 -0.3020 -0.5537
vn 0.5521 -0.7837 -0.2845
vn 0.5250 0.1412 -0.8393
vn -0.5567 -0.8256 0.0925
vn 0.7759 -0.5690 -0.2724
vn 0.2961 0.9548 -0.0263
vn 0.2122 0.9765 0.0385
vn -0.5788 -0.8154 0.0015
vn 0.6666 -0.6693 -0.3282
vn -0.5674 -0.8229 0.0303
vn -0.2703 -0.9628 0.0024
vn 0.3421 0.9388 0.0416
vn 0.4862 0.8688 0.0935
vn 0.1500 0.9778 0.1467
vn 0.8129 0.5536 -0.1809
vn -0.5680 -0.8217 0.0456
vn 0.1813 0.9727 0.1445
vn -0.5858 -0.8097 0.0361
vn 0.6287 0.7113 0.3144
vn 0.3660 0.9101 0.1944
vn 0.1566 0.9791 0.1298
vn 0.6792 -0.6588 -0.3236
vn 0.0000 0.0000 0.0000
vn 0.4503 -0.8581 -0.2468
vn -0.3439 -0.9310 -0.1223
vn 0.2953 0.9506 0.0957
vn 0.6616 0.7443 -0.0917
vn -0.7285 -0.6846 -0.0251
vn 0.5598 0.7887 0.2540
vn 0.6844 0.6959 -0.2173
vn -0.6421 -0.7664 0.0172
vn 0.4952 0.8592 0.1283
vn 0.7329 0.2004 0.6502
vn 0.7953 0.5277 -0.2984
vn 0.9305 0.3028 -0.2059
vn 0.6954 -0.4698 -0.5438
vn 0.2503 0.9626 0.1041
vn -0.4927 -0.8680 0.0613
vn 0.9561 0.0286 -0.2915
vn 0.0997 0.9929 0.0643
vn 0.2953 0.9524 0.0753
vn 0.9734 -0.0865 -0.2122
vn -0.1204 -0.9927 -0.0026
vn -0.2611 -0.9267 0.2704
vn 0.1514 0.9848 0.0848
vn 0.3603 0.9080 0.2138
vn 0.3125 0.8735 0.3733
vn 0.7699 0.6322 0.0875
vn 0.6197 -0.7561 0.2106
vn -0.5935 -0.8040 -0.0361
vn 0.5983 0.5805 0.5523
vn -0.4959 -0.8673 0.0427
vn 0.2653 0.9476 0.1780
vn 0.3733 -0.8927 -0.2525
vn -0.3441 -0.9320 0.1137
vn 0.9448 0.2711 -0.1842
vn 0.8418 -0.4933 0.2192
vn 0.8863 0.4611 -0.0426
vn -0.2047 -0.9782 0.0343
vn -0.4819 -0.8756 -0.0329
vn 0.8821 -0.3445 -0.3212
vn -0.5430 -0.8383 -0.0501
vn 0.3015 0.9527 -0.0372
vn 0.5264 -0.7443 -0.4110
vn 0.2611 0.9647 0.0341
vn 0.6235 -0.2884 -0.7267
vn 0.6232 0.7756 -0.1004
vn 0.4607 0.8874 0.0154
vn 0.4499 -0.5645 0.6920
vn -0.3680 -0.9282 0.0561
vn -0.1890 -0.9563 0.2230
vn 0.3963 -0.9078 -0.1372
vn -0.6423 -0.7652 -0.0440
vn 0.9308 -0.0701 0.3588
vn 0.3271 -0.7667 0.5525
vn 0.6057 0.7896 -0.0981
vn 0.9757 0.2172 -0.0275
vn -0.3900 -0.9202 -0.0338
vn 0.8471 0.4746 -0.2392
vn 0.8620 -0.3725 -0.3437
vn -0.4036 -0.9088 -0.1056
vn 0.7009 0.6935 -0.1668
vn 0.6403 0.7578 -0.1256
vn 0.2858 0.9267 0.2442
vn -0.2431 -0.9666 0.0812
vn 0.3715 0.9266 0.0577
vn 0.3744 0.9262 0.0457
vn -0.3798 -0.9116 0.1571
vn 0.8490 0.4690 0.2435
vn 0.6032 0.7974 -0.0179
vn 0.4959 0.8563 -0.1445
vn 0.9280 0.2162 -0.3035
vn 0.8309 -0.4204 -0.3646
vn 0.2202 0.9701 0.1018
vn 0.3110 0.9293 0.1992
vn -0.1955 -0.9805 0.0190
vn 0.9056 0.3674 -0.2120
vn -0.0858 0.9901 0.1106
vn -0.7862 -0.4034 0.4681
vn 0.3274 0.9447 -0.0189
vn 0.6061 0.3275 0.7249
vn -0.5599 -0.8059 0.1925
vn 0.8759 0.4824 0.0036
vn -0.5298 -0.8477 -0.0268
vn 0.9606 0.2603 -0.0977
vn 0.5962 -0.7582 -0.2639
vn 0.4084 -0.9083 -0.0911
vn -0.9178 -0.3552 -0.1775
vn 0.5979 0.1085 0.7942
vn 0.7915 -0.5373 -0.2914
vn 0.3222 0.9406 0.1071
vn 0.8566 0.4991 -0.1310
vn 0.2477 0.9688 -0.0113
vn 0.5964 0.8025 -0.0190
vn -0.1850 -0.9823 0.0298
vn -0.1552 -0.9871 -0.0401
vn 0.6451 0.7623 -0.0511
vn 0.9192 0.3937 0.0114
vn 0.5656 0.8236 -0.0429
vn 0.9059 0.3377 -0.2555
vn -0.4240 -0.8991 -0.1091
vn 0.3437 0.9295 0.1337
vn -0.1934 -0.9810 -0.0175
vn 0.9505 -0.0348 -0.3087
vn 0.9729 0.0638 -0.2221
vn 0.2132 -0.9763 -0.0382
vn 0.7641 0.6323 -0.1276
vn 0.7464 0.6630 -0.0575
vn -0.4593 -0.8831 -0.0961
vn 0.5289 -0.7689 0.3592
vn -0.1070 -0.9939 -0.0263
vn 0.5047 -0.5085 0.6977
vn 0.6460 -0.4945 0.5815
vn 0.2988 0.9464 0.1226
vn -0.4300 -0.9004 -0.0671
vn 0.5253 0.7758 0.3497
vn 0.8358 0.5293 -0.1461
vn 0.8340 0.5456 -0.0827
vn 0.4728 0.6001 0.6453
vn 0.7019 0.7032 -0.1135
vn -0.2826 -0.9559 -0.0806
vn 0.7810 -0.5528 -0.2906
vn 0.8692 0.4452 -0.2153
vn 0.5088 0.8600 -0.0394
vn 0.1794 -0.9055 0.3847
vn 0.9664 0.0393 -0.2541
vn 0.8856 -0.2299 -0.4035
vn -0.2207 -0.9742 -0.0475
vn 0.7270 0.6830 -0.0708
vn 0.8206 0.5670 -0.0712
vn 0.8925 -0.2024 0.4030
vn 0.0718 -0.9921 0.1033
vn 0.0238 -0.9971 -0.0716
vn 0.9178 0.3085 -0.2500
vn 0.4161 0.9078 0.0532
vn 0.3136 0.9397 0.1365
vn -0.0837 -0.9949 -0.0565
vn 0.5769 0.8148 -0.0566
vn 0.9962 0.0112 0.0868
vn -0.3263 -0.9452 -0.0103
vn 0.4008 -0.9138 -0.0659
vn 0.7323 -0.6514 -0.1985
vn 0.6431 0.7656 0.0190
vn 0.9565 0.0362 -0.2896
vn 0.8775 0.4662 -0.1125
vn 0.5136 -0.8538 -0.0845
vn 0.8636 0.4739 -0.1722
vn 0.0985 -0.9831 0.1541
vn 0.3383 0.9335 0.1188
vn 0.9332 -0.2368 -0.2704
vn -0.2182 -0.9758 -0.0142
vn 0.0565 -0.9949 -0.0831
vn 0.8588 0.4811 -0.1760
vn 0.8415 0.5329 -0.0888
vn -0.1867 -0.9817 -0.0377
vn 0.9245 0.2980 -0.2378
vn 0.7134 -0.1664 0.6807
vn 0.9288 0.2538 -0.2701
vn 0.1262 -0.9893 -0.0739
vn 0.6312 -0.7615 -0.1474
vn 0.5612 0.8169 0.1333
vn 0.2250 -0.9666 0.1229
vn 0.4565 0.8807 -0.1266
vn 0.8866 0.4366 -0.1526
vn 0.4363 -0.8934 -0.1072
vn 0.4882 -0.7745 0.4023
vn 0.8699 0.4912 -0.0436
vn 0.5125 0.8528 0.1006
vn 0.8566 0.5056 -0.1030
vn 0.9234 0.3406 -0.1767
vn 0.0775 -0.9923 -0.0968
vn -0.1219 -0.9894 -0.0788
vn 0.2142 -0.9635 0.1605
vn 0.1034 -0.9931 -0.0546
vn 0.7886 0.6058 -0.1056
vn 0.9685 0.1250 -0.2156
vn 0.8725 0.4845 -0.0633
vn 0.7314 -0.6741 -0.1034
vn 0.7096 0.7021 -0.0599
vn 0.6635 0.6891 0.2915
vn 0.6685 -0.7435 -0.0174
vn 0.9072 -0.3619 -0.2146
vn 0.2348 -0.9669 -0.1001
vn 0.4190 -0.9036 -0.0886
vn 0.7693 0.3166 0.5549
vn 0.9005 0.4265 -0.0843
vn 0.9726 -0.1051 -0.2072
vn 0.9764 0.1461 -0.1590
vn 0.9330 0.3477 -0.0929
vn 0.3394 -0.9406 -0.0036
vn 0.6474 -0.7560 -0.0963
vn 0.6802 0.7253 0.1062
vn 0.4128 -0.8595 0.3013
vn 0.5307 0.7886 -0.3105
vn 0.6761 -0.7292 -0.1053
vn 0.9663 0.1626 -0.1994
vn 0.9581 0.1807 -0.2224
vn 0.4387 -0.8967 -0.0595
vn 0.5951 -0.6172 0.5147
vn 0.6349 0.7578 0.1502
vn 0.7793 0.6245 -0.0525
vn 0.5349 0.8429 0.0590
vn 0.4661 -0.8792 -0.0986
vn 0.7029 0.7029 0.1086
vn 0.8142 0.5755 -0.0762
vn 0.1825 -0.9832 -0.0037
vn 0.7108 0.6601 0.2430
vn 0.7498 0.6569 -0.0790
vn 0.9107 0.3868 -0.1452
vn 0.9705 0.2240 -0.0898
vn 0.6626 -0.7388 -0.1232
vn 0.8161 0.4798 0.3221
vn 0.3862 -0.9221 -0.0253
vn 0.1577 -0.9875 -0.0033
vn 0.9053 0.4059 -0.1250
vn 0.6505 0.7565 0.0678
vn 0.8841 0.4495 -0.1277
vn 0.7280 0.6755 -0.1171
vn 0.4811 -0.8730 -0.0808
vn 0.9189 -0.3633 -0.1535
vn 0.9428 0.3140 -0.1124
vn 0.8249 -0.1775 0.5367
vn 0.4113 -0.9083 -0.0758
vn 0.3772 -0.9237 -0.0668
vn 0.8046 0.5268 0.2740
vn 0.8792 -0.4537 -0.1455
vn 0.9857 0.0143 -0.1682
vn 0.6764 -0.7188 -0.1608
vn 0.8522 0.5065 -0.1311
vn 0.8158 -0.5645 -0.1256
vn 0.9644 0.2525 -0.0788
vn 0.6693 0.7415 -0.0471
vn 0.8285 0.5559 -0.0678
vn 0.7964 0.6042 0.0282
vn 0.9421 0.2851 -0.1763
vn 0.9860 0.0633 -0.1543
vn 0.8431 0.4139 0.3434
vn 0.6800 -0.5981 0.4242
vn 0.8623 0.4976 -0.0939
vn 0.8470 0.5195 -0.1130
vn 0.5583 -0.8278 -0.0548
vn 0.4002 -0.8751 -0.2722
vn 0.3710 -0.9270 -0.0549
vn 0.6265 -0.7733 -0.0973
vn 0.8115 0.5752 -0.1030
vn 0.4509 -0.8884 0.0862
vn 0.8489 0.5225 -0.0800
vn 0.6027 -0.7898 -0.1144
vn 0.5921 -0.7842 0.1854
vn 0.7644 0.6168 0.1877
vn 0.8586 0.4294 0.2799
vn 0.7675 0.6371 0.0703
vn 0.9520 -0.2612 -0.1593
vn 0.9107 0.3839 -0.1526
vn 0.8630 0.4922 -0.1141
vn 0.9000 -0.4150 -0.1329
vn 0.7319 -0.6767 -0.0801
vn 0.9184 0.3674 -0.1467
vn 0.9898 -0.0934 -0.1077
vn 0.9890 0.0196 -0.1468
vn 0.7967 0.5912 0.1252
vn 0.8280 0.5579 0.0570
vn 0.6703 -0.6674 0.3244
vn 0.8236 0.5621 -0.0758
vn 0.7604 -0.6466 -0.0609
vn 0.8066 0.5884 -0.0564
vn 0.6555 -0.7550 -0.0178
vn 0.8947 0.4184 0.1562
vn 0.6474 -0.7551 0.1034
vn 0.9077 0.1192 0.4023
vn 0.9700 -0.2278 -0.0845
vn 0.9453 -0.1356 0.2968
vn 0.7378 -0.6657 -0.1118
vn 0.9018 0.4162 -0.1164
vn 0.9237 0.3583 -0.1355
vn 0.7833 -0.6210 0.0296
vn 0.8763 0.4699 -0.1066
vn 0.8634 0.5002 0.0659
vn 0.9101 -0.4006 -0.1059
vn 0.9665 0.2378 -0.0969
vn 0.9719 -0.1763 -0.1560
vn 0.7473 -0.6604 0.0732
vn 0.9707 0.2034 -0.1283
vn 0.9938 -0.0086 -0.1112
vn 0.5923 -0.8046 -0.0418
vn 0.7845 -0.6173 -0.0581
vn 0.9223 0.3768 -0.0856
vn 0.9379 0.3367 -0.0836
vn 0.9906 -0.0763 -0.1135
vn 0.9337 0.3055 0.1867
vn 0.9595 0.2609 -0.1065
vn 0.8065 -0.5911 -0.0122
vn 0.7593 -0.6450 -0.0861
vn 0.8794 -0.4685 -0.0844
vn 0.9157 -0.3827 0.1226
vn 0.9584 -0.1650 0.2328
vn 0.9285 0.3706 -0.0246
vn 0.7995 0.5893 0.1161
vn 0.9283 -0.3622 -0.0836
vn 0.9542 0.2275 -0.1944
vn 0.9411 0.2961 0.1634
vn 0.9322 0.3613 -0.0215
vn 0.9609 -0.2646 -0.0811
vn 0.9854 0.1502 -0.0799
vn 0.9410 0.3382 0.0081
vn 0.9952 0.0674 -0.0705
vn 0.8778 0.4744 -0.0656
vn 0.9805 -0.0658 0.1854
vn 0.8796 -0.4724 -0.0568
vn 0.9155 0.3951 0.0763
vn 0.8876 0.4469 0.1115
vn 0.8866 -0.4608 0.0402
vn 0.9902 -0.1023 -0.0952
vn 0.9087 -0.4167 0.0249
vn 0.9249 -0.3701 -0.0867
vn 0.9035 -0.3728 -0.2113
vn 0.9777 0.2000 -0.0643
vn 0.9728 0.2297 0.0292
vn 0.9870 0.1344 0.0885
vn 0.9985 -0.0061 -0.0539
vn 0.9961 -0.0275 -0.0843
vn 0.9776 0.2038 0.0522
vn 0.9741 0.2200 0.0512
vn 0.9845 -0.1748 -0.0152
vn 0.9698 0.2184 -0.1083
vn 0.9820 -0.1845 0.0404
f 770//770 767//767 784//784
f 730//730 767//767 673//673
f 694//694 730//730 628//628
f 742//742 740//740 755//755
f 694//694 714//714 730//730
f 714//714 742//742 762//762
f 714//714 685//685 695//695
f 656//656 627//627 714//714
f 738//738 746//746 814//814
f 738//738 814//814 842//842
f 894//894 842//842 927//927
f 842//842 894//894 869//869
f 842//842 776//776 738//738
f 656//656 738//738 776//776
f 773//773 842//842 837//837
f 732//732 837//837 857//857
f 856//856 929//929 879//879
f 823//823 856//856 782//782
f 850//850 920//920 782//782
f 939//939 952//952 906//906
f 952//952 939//939 933//933
f 850//850 805//805 906//906
f 772//772 789//789 733//733
f 863//863 830//830 789//789
f 953//953 929//929 920//920
f 968//968 958//958 965//965
f 919//919 925//925 935//935
f 925//925 919//919 861//861
f 748//748 732//732 857//857
f 857//857 925//925 818//818
f 682//682 732//732 748//748
f 925//925 857//857 907//907
f 658//658 818//818 771//771
f 935//935 958//958 968//968
f 955//955 968//968 967//967
f 861//861 919//919 849//849
f 955//955 849//849 968//968
f 861//861 793//793 771//771
f 969//969 933//933 924//924
f 983//983 975//975 980//980
f 983//983 966//966 981//981
f 686//686 736//736 725//725
f 697//697 718//718 812//812
f 766//766 840//840 790//790
f 900//900 942//942 840//840
f 900//900 840//840 766//766
f 758//758 809//809 766//766
f 766//766 790//790 778//778
f 967//967 909//909 918//918
f 964//964 962//962 974//974
f 962//962 977//977 974//974
f 975//975 983//983 979//979
f 979//979 983//983 981//981
f 933//933 939//939 903//903
f 903//903 939//939 926//926
f 929//929 927//927 879//879
f 90//90 86//86 95//95
f 86//86 80//80 129//129
f 86//86 38//38 58//58
f 547//547 548//548 261//261
f 379//379 261//261 548//548
f 485//485 456//456 670//670
f 670//670 666//666 485//485
f 101//101 96//96 95//95
f 95//95 96//96 38//38
f 38//38 96//96 98//98
f 670//670 769//769 726//726
f 98//98 112//112 139//139
f 96//96 101//101 98//98
f 23//23 38//38 17//17
f 215//215 525//525 375//375
f 355//355 525//525 215//215
f 581//581 525//525 477//477
f 91//91 427//427 60//60
f 91//91 60//60 68//68
f 673//673 516//516 730//730
f 45//45 37//37 23//23
f 79//79 17//17 44//44
f 564//564 430//430 447//447
f 156//156 386//386 351//351
f 564//564 447//447 454//454
f 646//646 628//628 564//564
f 156//156 351//351 120//120
f 730//730 516//516 628//628
f 135//135 83//83 79//79
f 213//213 308//308 303//303
f 420//420 669//669 483//483
f 408//408 669//669 420//420
f 177//177 484//484 408//408
f 408//408 331//331 186//186
f 303//303 484//484 177//177
f 57//57 64//64 213//213
f 57//57 177//177 59//59
f 59//59 177//177 186//186
f 59//59 186//186 116//116
f 57//57 213//213 177//177
f 483//483 499//499 482//482
f 483//483 635//635 526//526
f 635//635 627//627 526//526
f 499//499 483//483 526//526
f 164//164 482//482 438//438
f 146//146 482//482 147//147
f 78//78 147//147 164//164
f 117//117 164//164 149//149
f 482//482 420//420 483//483
f 49//49 59//59 116//116
f 59//59 49//49 29//29
f 13//13 17//17 29//29
f 25//25 13//13 15//15
f 62//62 78//78 117//117
f 29//29 49//49 78//78
f 277//277 317//317 140//140
f 403//403 389//389 406//406
f 361//361 311//311 393//393
f 113//113 103//103 140//140
f 166//166 103//103 102//102
f 399//399 395//395 393//393
f 286//286 306//306 314//314
f 306//306 286//286 204//204
f 361//361 395//395 382//382
f 316//316 306//306 204//204
f 286//286 314//314 361//361
f 362//362 395//395 316//316
f 103//103 226//226 140//140
f 219//219 103//103 166//166
f 43//43 25//25 15//15
f 56//56 67//67 120//120
f 56//56 51//51 43//43
f 138//138 120//120 67//67
f 118//118 77//77 117//117
f 113//113 140//140 62//62
f 81//81 62//62 77//77
f 113//113 62//62 81//81
f 81//81 103//103 113//113
f 81//81 77//77 87//87
f 149//149 475//475 117//117
f 584//584 506//506 475//475
f 475//475 506//506 397//397
f 163//163 475//475 397//397
f 117//117 163//163 118//118
f 87//87 118//118 163//163
f 433//433 506//506 732//732
f 433//433 397//397 506//506
f 732//732 505//505 433//433
f 121//121 163//163 370//370
f 87//87 163//163 121//121
f 92//92 87//87 121//121
f 168//168 370//370 384//384
f 87//87 77//77 118//118
f 103//103 81//81 87//87
f 39//39 78//78 62//62
f 117//117 78//78 164//164
f 64//64 139//139 213//213
f 44//44 17//17 13//13
f 186//186 146//146 116//116
f 681//681 782//782 537//537
f 524//524 402//402 359//359
f 692//692 641//641 655//655
f 287//287 524//524 359//359
f 219//219 206//206 287//287
f 463//463 524//524 287//287
f 417//417 452//452 287//287
f 161//161 206//206 102//102
f 161//161 287//287 210//210
f 273//273 161//161 251//251
f 251//251 229//229 274//274
f 273//273 287//287 161//161
f 287//287 206//206 210//210
f 510//510 601//601 655//655
f 601//601 455//455 572//572
f 572//572 455//455 445//445
f 455//455 417//417 347//347
f 445//445 455//455 301//301
f 309//309 338//338 301//301
f 363//363 445//445 332//332
f 445//445 301//301 332//332
f 316//316 204//204 293//293
f 394//394 352//352 369//369
f 102//102 87//87 100//100
f 385//385 394//394 336//336
f 211//211 204//204 229//229
f 161//161 102//102 100//100
f 119//119 92//92 168//168
f 297//297 266//266 204//204
f 211//211 229//229 205//205
f 272//272 204//204 211//211
f 272//272 297//297 204//204
f 385//385 341//341 372//372
f 211//211 205//205 202//202
f 130//130 181//181 161//161
f 404//404 446//446 530//530
f 334//334 336//336 272//272
f 272//272 211//211 284//284
f 211//211 239//239 194//194
f 130//130 152//152 176//176
f 211//211 202//202 239//239
f 445//445 363//363 366//366
f 366//366 363//363 332//332
f 152//152 130//130 145//145
f 294//294 302//302 341//341
f 294//294 238//238 196//196
f 162//162 132//132 169//169
f 238//238 294//294 299//299
f 162//162 175//175 157//157
f 157//157 175//175 167//167
f 377//377 321//321 348//348
f 170//170 302//302 197//197
f 271//271 321//321 237//237
f 173//173 184//184 252//252
f 377//377 341//341 302//302
f 338//338 309//309 268//268
f 347//347 287//287 275//275
f 169//169 132//132 228//228
f 647//647 601//601 572//572
f 542//542 572//572 469//469
f 618//618 647//647 572//572
f 491//491 469//469 478//478
f 618//618 469//469 491//491
f 618//618 491//491 609//609
f 634//634 609//609 585//585
f 585//585 609//609 491//491
f 615//615 536//536 766//766
f 307//307 469//469 339//339
f 291//291 365//365 320//320
f 419//419 469//469 307//307
f 461//461 422//422 387//387
f 422//422 419//419 307//307
f 184//184 173//173 221//221
f 312//312 320//320 365//365
f 295//295 365//365 313//313
f 233//233 263//263 221//221
f 133//133 173//173 141//141
f 257//257 221//221 248//248
f 318//318 365//365 321//321
f 321//321 271//271 318//318
f 257//257 233//233 221//221
f 326//326 307//307 250//250
f 187//187 247//247 255//255
f 307//307 259//259 250//250
f 257//257 253//253 234//234
f 298//298 318//318 323//323
f 263//263 267//267 184//184
f 298//298 313//313 318//318
f 419//419 478//478 469//469
f 637//637 536//536 470//470
f 304//304 209//209 240//240
f 240//240 142//142 230//230
f 407//407 240//240 230//230
f 495//495 470//470 448//448
f 245//245 495//495 225//225
f 225//225 407//407 230//230
f 585//585 491//491 461//461
f 291//291 339//339 348//348
f 365//365 348//348 321//321
f 252//252 264//264 263//263
f 710//710 665//665 637//637
f 710//710 794//794 758//758
f 876//876 905//905 871//871
f 829//829 876//876 871//871
f 972//972 950//950 951//951
f 972//972 951//951 970//970
f 974//974 978//978 970//970
f 978//978 973//973 970//970
f 950//950 901//901 951//951
f 974//974 970//970 961//961
f 668//668 797//797 699//699
f 936//936 922//922 880//880
f 960//960 922//922 956//956
f 970//970 960//960 946//946
f 956//956 936//936 946//946
f 808//808 847//847 797//797
f 797//797 668//668 653//653
f 880//880 828//828 785//785
f 870//870 847//847 828//828
f 880//880 870//870 828//828
f 645//645 768//768 785//785
f 645//645 785//785 715//715
f 645//645 715//715 653//653
f 880//880 922//922 847//847
f 687//687 768//768 645//645
f 606//606 687//687 586//586
f 687//687 741//741 768//768
f 599//599 687//687 606//606
f 855//855 930//930 860//860
f 852//852 930//930 855//855
f 936//936 930//930 928//928
f 699//699 631//631 534//534
f 534//534 495//495 437//437
f 437//437 495//495 245//245
f 534//534 668//668 699//699
f 534//534 631//631 495//495
f 436//436 473//473 437//437
f 534//534 437//437 473//473
f 645//645 653//653 576//576
f 545//545 576//576 492//492
f 645//645 576//576 545//545
f 650//650 674//674 622//622
f 479//479 622//622 522//522
f 622//622 644//644 522//522
f 657//657 702//702 690//690
f 702//702 674//674 806//806
f 558//558 593//593 610//610
f 610//610 539//539 558//558
f 644//644 657//657 522//522
f 551//551 593//593 558//558
f 555//555 604//604 566//566
f 660//660 683//683 663//663
f 683//683 663//663 602//602
f 424//424 588//588 528//528
f 588//588 544//544 528//528
f 891//891 909//909 923//923
f 582//582 568//568 589//589
f 677//677 724//724 619//619
f 792//792 759//759 724//724
f 792//792 825//825 759//759
f 677//677 543//543 651//651
f 440//440 543//543 677//677
f 383//383 626//626 619//619
f 723//723 759//759 859//859
f 582//582 529//529 561//561
f 565//565 582//582 561//561
f 724//724 759//759 619//619
f 891//891 923//923 964//964
f 934//934 964//964 974//974
f 934//934 974//974 959//959
f 889//889 904//904 875//875
f 859//859 781//781 723//723
f 625//625 750//750 550//550
f 486//486 625//625 550//550
f 795//795 875//875 858//858
f 625//625 781//781 750//750
f 651//651 663//663 721//721
f 721//721 849//849 677//677
f 296//296 522//522 602//602
f 169//169 228//228 296//296
f 520//520 566//566 568//568
f 424//424 201//201 296//296
f 228//228 241//241 296//296
f 383//383 279//279 440//440
f 529//529 511//511 501//501
f 383//383 619//619 415//415
f 125//125 199//199 192//192
f 199//199 383//383 192//192
f 142//142 187//187 133//133
f 230//230 142//142 124//124
f 230//230 124//124 134//134
f 225//225 134//134 245//245
f 144//144 134//134 110//110
f 111//111 144//144 110//110
f 192//192 290//290 137//137
f 110//110 128//128 137//137
f 472//472 497//497 533//533
f 289//289 220//220 137//137
f 961//961 945//945 944//944
f 945//945 961//961 948//948
f 858//858 875//875 902//902
f 858//858 902//902 921//921
f 931//931 921//921 945//945
f 896//896 921//921 890//890
f 963//963 948//948 961//961
f 957//957 948//948 963//963
f 940//940 931//931 948//948
f 890//890 921//921 931//931
f 931//931 940//940 937//937
f 912//912 931//931 911//911
f 756//756 795//795 865//865
f 795//795 858//858 865//865
f 533//533 737//737 632//632
f 737//737 756//756 632//632
f 756//756 862//862 800//800
f 800//800 862//862 836//836
f 912//912 911//911 886//886
f 862//862 897//897 912//912
f 862//862 886//886 832//832
f 897//897 931//931 912//912
f 832//832 836//836 862//862
f 705//705 800//800 727//727
f 800//800 836//836 727//727
f 754//754 727//727 832//832
f 728//728 727//727 754//754
f 754//754 832//832 786//786
f 727//727 836//836 832//832
f 616//616 727//727 649//649
f 928//928 930//930 913//913
f 915//915 874//874 932//932
f 917//917 915//915 941//941
f 941//941 938//938 917//917
f 915//915 932//932 941//941
f 868//868 913//913 852//852
f 913//913 868//868 887//887
f 883//883 910//910 887//887
f 848//848 887//887 822//822
f 816//816 822//822 868//868
f 689//689 675//675 753//753
f 753//753 798//798 822//822
f 502//502 753//753 675//675
f 877//877 883//883 803//803
f 509//509 696//696 502//502
f 917//917 893//893 915//915
f 824//824 874//874 811//811
f 811//811 810//810 824//824
f 884//884 893//893 883//883
f 616//616 649//649 643//643
f 465//465 616//616 541//541
f 614//614 643//643 620//620
f 754//754 751//751 620//620
f 613//613 465//465 620//620
f 498//498 465//465 613//613
f 620//620 751//751 713//713
f 713//713 811//811 777//777
f 704//704 713//713 777//777
f 498//498 613//613 577//577
f 713//713 704//704 591//591
f 591//591 498//498 577//577
f 527//527 704//704 546//546
f 704//704 527//527 591//591
f 480//480 411//411 546//546
f 775//775 821//821 834//834
f 787//787 775//775 834//834
f 775//775 765//765 704//704
f 546//546 704//704 600//600
f 600//600 704//704 612//612
f 612//612 704//704 720//720
f 411//411 480//480 449//449
f 720//720 704//704 764//764
f 664//664 554//554 720//720
f 468//468 554//554 457//457
f 411//411 468//468 457//457
f 704//704 765//765 787//787
f 554//554 443//443 457//457
f 811//811 786//786 810//810
f 843//843 834//834 846//846
f 928//928 941//941 936//936
f 620//620 713//713 613//613
f 838//838 803//803 763//763
f 509//509 648//648 696//696
f 817//817 835//835 763//763
f 744//744 817//817 763//763
f 763//763 803//803 696//696
f 877//877 835//835 839//839
f 817//817 709//709 799//799
f 839//839 799//799 779//779
f 817//817 799//799 839//839
f 680//680 608//608 709//709
f 639//639 779//779 661//661
f 779//779 743//743 661//661
f 807//807 844//844 839//839
f 801//801 815//815 833//833
f 833//833 844//844 807//807
f 488//488 680//680 617//617
f 519//519 494//494 579//579
f 813//813 833//833 815//815
f 749//749 774//774 780//780
f 791//791 757//757 716//716
f 783//783 757//757 791//791
f 671//671 716//716 734//734
f 761//761 757//757 783//783
f 671//671 757//757 729//729
f 716//716 780//780 791//791
f 444//444 203//203 443//443
f 443//443 574//574 503//503
f 621//621 667//667 716//716
f 623//623 517//517 574//574
f 444//444 517//517 391//391
f 671//671 621//621 716//716
f 412//412 517//517 569//569
f 500//500 453//453 392//392
f 500//500 481//481 453//453
f 453//453 481//481 390//390
f 671//671 481//481 500//500
f 774//774 843//843 827//827
f 679//679 698//698 642//642
f 729//729 698//698 679//679
f 629//629 676//676 640//640
f 676//676 642//642 638//638
f 676//676 679//679 642//642
f 464//464 640//640 592//592
f 676//676 638//638 640//640
f 563//563 652//652 629//629
f 640//640 508//508 629//629
f 388//388 390//390 481//481
f 481//481 563//563 471//471
f 464//464 493//493 640//640
f 878//878 892//892 884//884
f 752//752 803//803 798//798
f 764//764 802//802 774//774
f 144//144 158//158 227//227
f 423//423 436//436 368//368
f 144//144 111//111 105//105
f 191//191 158//158 208//208
f 269//269 368//368 144//144
f 350//350 368//368 269//269
f 254//254 208//208 136//136
f 198//198 254//254 136//136
f 367//367 364//364 198//198
f 190//190 367//367 198//198
f 136//136 72//72 190//190
f 190//190 198//198 136//136
f 183//183 94//94 97//97
f 487//487 472//472 533//533
f 472//472 280//280 220//220
f 280//280 472//472 487//487
f 72//72 94//94 172//172
f 172//172 280//280 193//193
f 136//136 105//105 72//72
f 74//74 190//190 72//72
f 85//85 193//193 88//88
f 88//88 193//193 150//150
f 65//65 76//76 88//88
f 136//136 208//208 122//122
f 599//599 496//496 367//367
f 597//597 599//599 367//367
f 689//689 597//597 429//429
f 428//428 689//689 429//429
f 675//675 689//689 428//428
f 428//428 429//429 224//224
f 509//509 502//502 278//278
f 214//214 190//190 82//82
f 190//190 74//74 82//82
f 123//123 214//214 82//82
f 153//153 224//224 82//82
f 40//40 65//65 36//36
f 48//48 65//65 40//40
f 35//35 40//40 36//36
f 75//75 21//21 27//27
f 150//150 344//344 88//88
f 451//451 265//265 344//344
f 28//28 70//70 171//171
f 21//21 70//70 28//28
f 21//21 36//36 70//70
f 28//28 171//171 151//151
f 16//16 28//28 41//41
f 16//16 20//20 12//12
f 20//20 16//16 41//41
f 154//154 411//411 443//443
f 107//107 154//154 443//443
f 617//617 509//509 439//439
f 327//327 509//509 342//342
f 459//459 488//488 617//617
f 114//114 426//426 218//218
f 218//218 108//108 61//61
f 114//114 218//218 61//61
f 69//69 131//131 114//114
f 256//256 459//459 114//114
f 459//459 608//608 488//488
f 131//131 358//358 425//425
f 358//358 131//131 106//106
f 109//109 106//106 131//131
f 396//396 519//519 358//358
f 396//396 358//358 353//353
f 19//19 12//12 41//41
f 5//5 12//12 19//19
f 69//69 47//47 18//18
f 69//69 18//18 33//33
f 107//107 443//443 203//203
f 41//41 107//107 42//42
f 22//22 33//33 1//1
f 6//6 4//4 50//50
f 4//4 1//1 2//2
f 22//22 4//4 6//6
f 392//392 391//391 412//412
f 50//50 4//4 180//180
f 127//127 126//126 388//388
f 126//126 203//203 391//391
f 93//93 54//54 31//31
f 494//494 258//258 243//243
f 258//258 494//494 353//353
f 9//9 30//30 11//11
f 8//8 30//30 84//84
f 8//8 11//11 30//30
f 32//32 55//55 46//46
f 93//93 353//353 358//358
f 592//592 494//494 462//462
f 421//421 431//431 357//357
f 319//319 442//442 435//435
f 421//421 413//413 435//435
f 50//50 180//180 160//160
f 180//180 388//388 414//414
f 160//160 180//180 414//414
f 159//159 160//160 442//442
f 442//442 160//160 414//414
f 243//243 93//93 71//71
f 47//47 27//27 5//5
f 218//218 342//342 108//108
f 423//423 492//492 436//436
f 943//943 972//972 966//966
f 973//973 978//978 972//972
f 144//144 232//232 245//245
f 662//662 733//733 655//655
f 615//615 778//778 718//718
f 551//551 558//558 539//539
f 504//504 552//552 501//501
f 552//552 515//515 501//501
f 511//511 560//560 501//501
f 383//383 677//677 626//626
f 300//300 486//486 472//472
f 488//488 608//608 680//680
f 706//706 788//788 769//769
f 726//726 769//769 755//755
f 670//670 755//755 666//666
f 666//666 755//755 669//669
f 669//669 484//484 666//666
f 695//695 669//669 740//740
f 755//755 670//670 726//726
f 770//770 796//796 706//706
f 730//730 762//762 784//784
f 784//784 762//762 796//796
f 755//755 769//769 788//788
f 796//796 755//755 788//788
f 742//742 755//755 762//762
f 695//695 740//740 742//742
f 714//714 695//695 742//742
f 714//714 762//762 730//730
f 694//694 746//746 711//711
f 694//694 814//814 746//746
f 712//712 814//814 694//694
f 879//879 927//927 814//814
f 856//856 879//879 814//814
f 927//927 842//842 814//814
f 782//782 856//856 712//712
f 712//712 856//856 814//814
f 730//730 784//784 767//767
f 627//627 635//635 685//685
f 738//738 688//688 714//714
f 738//738 714//714 711//711
f 711//711 746//746 738//738
f 688//688 738//738 656//656
f 584//584 475//475 656//656
f 656//656 776//776 773//773
f 656//656 773//773 684//684
f 732//732 773//773 837//837
f 857//857 837//837 864//864
f 864//864 837//837 882//882
f 837//837 842//842 869//869
f 837//837 869//869 882//882
f 584//584 656//656 684//684
f 684//684 773//773 732//732
f 584//584 684//684 732//732
f 506//506 584//584 732//732
f 711//711 714//714 694//694
f 656//656 714//714 688//688
f 475//475 627//627 656//656
f 823//823 895//895 856//856
f 782//782 895//895 823//823
f 920//920 929//929 895//895
f 895//895 929//929 856//856
f 782//782 920//920 895//895
f 953//953 906//906 952//952
f 850//850 906//906 920//920
f 782//782 805//805 850//850
f 708//708 805//805 782//782
f 819//819 906//906 805//805
f 819//819 903//903 906//906
f 819//819 830//830 903//903
f 903//903 926//926 906//906
f 722//722 733//733 805//805
f 722//722 692//692 733//733
f 920//920 906//906 953//953
f 863//863 903//903 830//830
f 789//789 830//830 733//733
f 745//745 739//739 772//772
f 703//703 745//745 733//733
f 772//772 863//863 789//789
f 772//772 812//812 863//863
f 739//739 707//707 812//812
f 739//739 812//812 772//772
f 863//863 924//924 903//903
f 925//925 927//927 929//929
f 953//953 925//925 929//929
f 925//925 953//953 965//965
f 947//947 925//925 965//965
f 965//965 958//958 947//947
f 925//925 908//908 927//927
f 935//935 925//925 947//947
f 935//935 947//947 958//958
f 925//925 907//907 908//908
f 908//908 894//894 927//927
f 882//882 894//894 908//908
f 907//907 882//882 908//908
f 857//857 882//882 907//907
f 983//983 965//965 952//952
f 976//976 968//968 965//965
f 965//965 953//953 952//952
f 976//976 983//983 980//980
f 952//952 969//969 983//983
f 980//980 967//967 976//976
f 703//703 686//686 701//701
f 703//703 701//701 745//745
f 864//864 882//882 857//857
f 818//818 925//925 861//861
f 505//505 682//682 748//748
f 562//562 505//505 748//748
f 748//748 658//658 562//562
f 530//530 562//562 658//658
f 748//748 857//857 818//818
f 771//771 818//818 861//861
f 748//748 818//818 658//658
f 410//410 530//530 658//658
f 678//678 650//650 658//658
f 678//678 658//658 771//771
f 678//678 771//771 674//674
f 849//849 919//919 968//968
f 968//968 919//919 935//935
f 674//674 771//771 793//793
f 861//861 806//806 793//793
f 590//590 607//607 598//598
f 590//590 575//575 598//598
f 598//598 575//575 590//590
f 598//598 571//571 578//578
f 971//971 983//983 969//969
f 924//924 971//971 969//969
f 975//975 967//967 980//980
f 966//966 983//983 971//971
f 725//725 745//745 701//701
f 736//736 686//686 739//739
f 718//718 863//863 812//812
f 609//609 718//718 697//697
f 966//966 942//942 900//900
f 972//972 977//977 966//966
f 966//966 971//971 949//949
f 924//924 966//966 949//949
f 881//881 924//924 863//863
f 881//881 966//966 924//924
f 881//881 899//899 942//942
f 881//881 942//942 966//966
f 881//881 790//790 840//840
f 778//778 863//863 718//718
f 778//778 790//790 881//881
f 778//778 881//881 863//863
f 840//840 942//942 899//899
f 809//809 900//900 766//766
f 766//766 778//778 615//615
f 665//665 758//758 766//766
f 840//840 899//899 881//881
f 979//979 962//962 975//975
f 981//981 982//982 979//979
f 979//979 982//982 962//962
f 955//955 918//918 849//849
f 873//873 849//849 918//918
f 975//975 962//962 967//967
f 967//967 918//918 955//955
f 977//977 982//982 981//981
f 977//977 981//981 966//966
f 972//972 978//978 977//977
f 977//977 978//978 974//974
f 977//977 962//962 982//982
f 924//924 933//933 903//903
f 969//969 952//952 933//933
f 691//691 686//686 703//703
f 706//706 262//262 427//427
f 288//288 427//427 262//262
f 63//63 80//80 73//73
f 66//66 63//63 73//73
f 60//60 80//80 63//63
f 73//73 80//80 86//86
f 86//86 288//288 95//95
f 288//288 262//262 95//95
f 38//38 86//86 95//95
f 288//288 86//86 129//129
f 80//80 60//60 129//129
f 129//129 427//427 288//288
f 37//37 45//45 58//58
f 37//37 58//58 38//38
f 58//58 66//66 73//73
f 63//63 66//66 58//58
f 58//58 60//60 63//63
f 557//557 556//556 573//573
f 456//456 548//548 670//670
f 343//343 242//242 379//379
f 242//242 261//261 379//379
f 308//308 343//343 456//456
f 308//308 456//456 485//485
f 456//456 343//343 379//379
f 261//261 242//242 139//139
f 261//261 262//262 769//769
f 630//630 261//261 670//670
f 573//573 547//547 630//630
f 547//547 261//261 630//630
f 548//548 630//630 670//670
f 261//261 769//769 670//670
f 548//548 573//573 630//630
f 769//769 262//262 706//706
f 308//308 485//485 484//484
f 343//343 308//308 242//242
f 484//484 485//485 666//666
f 112//112 95//95 262//262
f 101//101 95//95 112//112
f 112//112 98//98 104//104
f 261//261 112//112 262//262
f 112//112 104//104 101//101
f 37//37 38//38 23//23
f 34//34 98//98 139//139
f 17//17 38//38 34//34
f 308//308 139//139 242//242
f 706//706 767//767 770//770
f 427//427 767//767 706//706
f 427//427 525//525 767//767
f 659//659 673//673 767//767
f 525//525 659//659 767//767
f 525//525 673//673 659//659
f 673//673 525//525 581//581
f 236//236 525//525 427//427
f 236//236 375//375 525//525
f 477//477 525//525 355//355
f 236//236 215//215 375//375
f 68//68 58//58 45//45
f 91//91 155//155 427//427
f 45//45 23//23 68//68
f 215//215 207//207 155//155
f 207//207 231//231 236//236
f 231//231 207//207 215//215
f 83//83 91//91 68//68
f 91//91 83//83 215//215
f 215//215 155//155 91//91
f 60//60 58//58 68//68
f 215//215 351//351 355//355
f 355//355 351//351 477//477
f 673//673 581//581 516//516
f 477//477 516//516 581//581
f 83//83 68//68 17//17
f 83//83 17//17 79//79
f 564//564 628//628 516//516
f 516//516 430//430 564//564
f 516//516 477//477 351//351
f 447//447 430//430 386//386
f 646//646 564//564 694//694
f 564//564 712//712 694//694
f 454//454 447//447 416//416
f 458//458 416//416 402//402
f 458//458 454//454 416//416
f 138//138 322//322 156//156
f 322//322 447//447 156//156
f 564//564 537//537 712//712
f 537//537 782//782 712//712
f 537//537 454//454 458//458
f 402//402 537//537 458//458
f 156//156 447//447 386//386
f 135//135 351//351 215//215
f 83//83 135//135 215//215
f 135//135 120//120 351//351
f 51//51 56//56 79//79
f 79//79 56//56 120//120
f 68//68 23//23 17//17
f 303//303 308//308 484//484
f 484//484 669//669 408//408
f 186//186 177//177 408//408
f 57//57 34//34 64//64
f 483//483 669//669 685//685
f 483//483 685//685 635//635
f 146//146 331//331 420//420
f 482//482 146//146 420//420
f 116//116 146//146 147//147
f 507//507 526//526 627//627
f 438//438 482//482 526//526
f 475//475 507//507 627//627
f 149//149 164//164 438//438
f 475//475 149//149 438//438
f 26//26 17//17 34//34
f 34//34 59//59 26//26
f 29//29 17//17 26//26
f 26//26 59//59 29//29
f 25//25 51//51 44//44
f 25//25 44//44 13//13
f 13//13 29//29 15//15
f 39//39 29//29 78//78
f 39//39 15//15 29//29
f 447//447 317//317 416//416
f 317//317 447//447 322//322
f 317//317 322//322 138//138
f 317//317 138//138 143//143
f 359//359 402//402 219//219
f 317//317 143//143 140//140
f 219//219 277//277 226//226
f 277//277 219//219 402//402
f 403//403 374//374 389//389
f 349//349 389//389 374//374
f 356//356 389//389 349//349
f 311//311 349//349 374//374
f 406//406 400//400 403//403
f 311//311 374//374 403//403
f 398//398 406//406 395//395
f 395//395 406//406 356//356
f 311//311 314//314 356//356
f 306//306 356//356 314//314
f 306//306 395//395 356//356
f 398//398 400//400 399//399
f 400//400 406//406 399//399
f 311//311 356//356 349//349
f 395//395 361//361 393//393
f 306//306 316//316 395//395
f 103//103 219//219 226//226
f 317//317 277//277 402//402
f 311//311 403//403 393//393
f 395//395 399//399 398//398
f 25//25 43//43 51//51
f 43//43 15//15 39//39
f 120//120 138//138 156//156
f 43//43 39//39 62//62
f 43//43 67//67 56//56
f 67//67 43//43 62//62
f 62//62 140//140 67//67
f 67//67 140//140 138//138
f 102//102 103//103 87//87
f 438//438 526//526 507//507
f 475//475 438//438 507//507
f 117//117 475//475 163//163
f 370//370 433//433 505//505
f 293//293 360//360 316//316
f 370//370 397//397 433//433
f 168//168 121//121 370//370
f 92//92 121//121 168//168
f 446//446 370//370 505//505
f 362//362 360//360 394//394
f 77//77 62//62 117//117
f 138//138 140//140 143//143
f 213//213 139//139 308//308
f 427//427 129//129 60//60
f 146//146 186//186 331//331
f 537//537 402//402 524//524
f 681//681 537//537 524//524
f 624//624 681//681 524//524
f 524//524 463//463 624//624
f 681//681 624//624 782//782
f 463//463 474//474 624//624
f 641//641 624//624 474//474
f 641//641 722//722 708//708
f 722//722 641//641 692//692
f 553//553 641//641 474//474
f 553//553 655//655 641//641
f 655//655 553//553 510//510
f 601//601 662//662 655//655
f 708//708 624//624 641//641
f 662//662 686//686 691//691
f 686//686 662//662 647//647
f 206//206 219//219 166//166
f 219//219 287//287 359//359
f 287//287 474//474 463//463
f 452//452 474//474 287//287
f 361//361 330//330 286//286
f 229//229 286//286 330//330
f 394//394 385//385 382//382
f 382//382 330//330 361//361
f 330//330 274//274 229//229
f 382//382 274//274 330//330
f 229//229 204//204 286//286
f 102//102 206//206 166//166
f 347//347 417//417 287//287
f 275//275 287//287 273//273
f 324//324 273//273 382//382
f 161//161 200//200 229//229
f 161//161 229//229 251//251
f 200//200 161//161 181//181
f 324//324 275//275 273//273
f 210//210 206//206 161//161
f 476//476 510//510 474//474
f 455//455 510//510 476//476
f 455//455 476//476 417//417
f 476//476 474//474 417//417
f 455//455 601//601 510//510
f 301//301 455//455 347//347
f 347//347 324//324 309//309
f 301//301 347//347 309//309
f 469//469 572//572 445//445
f 360//360 352//352 394//394
f 293//293 328//328 369//369
f 293//293 369//369 352//352
f 336//336 394//394 369//369
f 369//369 328//328 336//336
f 328//328 293//293 266//266
f 328//328 297//297 336//336
f 266//266 293//293 204//204
f 200//200 205//205 229//229
f 161//161 100//100 115//115
f 174//174 205//205 130//130
f 174//174 202//202 205//205
f 385//385 336//336 334//334
f 115//115 100//100 119//119
f 733//733 830//830 819//819
f 446//446 505//505 562//562
f 384//384 370//370 446//446
f 530//530 446//446 562//562
f 384//384 446//446 404//404
f 384//384 246//246 168//168
f 410//410 404//404 530//530
f 246//246 404//404 410//410
f 132//132 115//115 119//119
f 299//299 341//341 284//284
f 246//246 241//241 132//132
f 241//241 246//246 410//410
f 228//228 132//132 241//241
f 119//119 246//246 132//132
f 246//246 119//119 168//168
f 130//130 115//115 132//132
f 272//272 336//336 297//297
f 246//246 384//384 404//404
f 292//292 301//301 338//338
f 189//189 212//212 239//239
f 385//385 372//372 292//292
f 176//176 212//212 189//189
f 194//194 239//239 212//212
f 194//194 212//212 176//176
f 176//176 152//152 194//194
f 292//292 338//338 385//385
f 377//377 372//372 341//341
f 345//345 372//372 377//377
f 469//469 445//445 366//366
f 339//339 366//366 345//345
f 345//345 366//366 332//332
f 348//348 339//339 377//377
f 294//294 341//341 299//299
f 130//130 132//132 145//145
f 145//145 179//179 194//194
f 162//162 188//188 132//132
f 178//178 132//132 188//188
f 179//179 178//178 188//188
f 238//238 188//188 196//196
f 157//157 196//196 162//162
f 238//238 179//179 188//188
f 238//238 178//178 179//179
f 211//211 178//178 238//238
f 157//157 175//175 196//196
f 263//263 173//173 252//252
f 237//237 321//321 302//302
f 222//222 271//271 237//237
f 216//216 170//170 173//173
f 237//237 233//233 271//271
f 173//173 170//170 141//141
f 377//377 302//302 321//321
f 152//152 145//145 194//194
f 252//252 184//184 235//235
f 264//264 252//252 235//235
f 264//264 235//235 184//184
f 345//345 292//292 372//372
f 332//332 301//301 292//292
f 452//452 417//417 474//474
f 324//324 338//338 309//309
f 338//338 324//324 385//385
f 618//618 572//572 542//542
f 618//618 707//707 647//647
f 615//615 634//634 585//585
f 615//615 718//718 634//634
f 536//536 615//615 585//585
f 665//665 766//766 536//536
f 419//419 491//491 478//478
f 339//339 469//469 366//366
f 320//320 339//339 291//291
f 307//307 339//339 320//320
f 348//348 264//264 291//291
f 348//348 276//276 264//264
f 264//264 276//276 263//263
f 267//267 264//264 184//184
f 419//419 422//422 461//461
f 307//307 387//387 422//422
f 263//263 184//184 223//223
f 223//223 184//184 221//221
f 295//295 312//312 365//365
f 221//221 255//255 248//248
f 221//221 187//187 255//255
f 233//233 257//257 271//271
f 248//248 298//298 257//257
f 298//298 248//248 313//313
f 187//187 173//173 133//133
f 313//313 365//365 318//318
f 318//318 271//271 257//257
f 295//295 307//307 312//312
f 259//259 307//307 295//295
f 247//247 249//249 250//250
f 249//249 247//247 315//315
f 315//315 259//259 295//295
f 387//387 283//283 323//323
f 304//304 387//387 323//323
f 257//257 298//298 253//253
f 217//217 195//195 234//234
f 234//234 244//244 257//257
f 257//257 244//244 281//281
f 195//195 217//217 187//187
f 244//244 234//234 195//195
f 323//323 244//244 195//195
f 195//195 209//209 323//323
f 142//142 209//209 195//195
f 253//253 298//298 255//255
f 298//298 323//323 315//315
f 283//283 315//315 323//323
f 195//195 187//187 142//142
f 313//313 315//315 295//295
f 298//298 315//315 313//313
f 461//461 470//470 536//536
f 441//441 470//470 461//461
f 387//387 441//441 461//461
f 441//441 448//448 470//470
f 495//495 637//637 470//470
f 631//631 637//637 495//495
f 240//240 441//441 387//387
f 304//304 240//240 387//387
f 240//240 209//209 142//142
f 407//407 225//225 448//448
f 240//240 448//448 441//441
f 240//240 407//407 448//448
f 536//536 585//585 461//461
f 634//634 718//718 609//609
f 601//601 647//647 662//662
f 360//360 293//293 352//352
f 943//943 950//950 972//972
f 905//905 943//943 900//900
f 950//950 943//943 905//905
f 871//871 905//905 900//900
f 809//809 794//794 900//900
f 794//794 871//871 900//900
f 710//710 758//758 665//665
f 876//876 829//829 831//831
f 699//699 831//831 829//829
f 710//710 699//699 794//794
f 699//699 829//829 794//794
f 972//972 970//970 973//973
f 637//637 631//631 710//710
f 699//699 710//710 631//631
f 797//797 831//831 699//699
f 936//936 956//956 922//922
f 946//946 961//961 970//970
f 930//930 936//936 914//914
f 930//930 914//914 885//885
f 960//960 951//951 922//922
f 831//831 898//898 901//901
f 847//847 898//898 831//831
f 797//797 847//847 831//831
f 898//898 847//847 922//922
f 715//715 797//797 653//653
f 870//870 880//880 847//847
f 808//808 828//828 847//847
f 653//653 668//668 576//576
f 880//880 885//885 914//914
f 687//687 645//645 523//523
f 785//785 808//808 715//715
f 831//831 901//901 876//876
f 876//876 950//950 905//905
f 876//876 901//901 950//950
f 898//898 951//951 901//901
f 930//930 885//885 841//841
f 768//768 841//841 880//880
f 860//860 930//930 841//841
f 599//599 741//741 687//687
f 768//768 689//689 816//816
f 860//860 768//768 855//855
f 841//841 768//768 860//860
f 689//689 760//760 816//816
f 768//768 816//816 855//855
f 816//816 852//852 855//855
f 841//841 885//885 880//880
f 768//768 880//880 785//785
f 245//245 381//381 437//437
f 436//436 534//534 473//473
f 492//492 534//534 436//436
f 668//668 534//534 576//576
f 645//645 545//545 523//523
f 586//586 687//687 523//523
f 492//492 576//576 534//534
f 622//622 658//658 650//650
f 674//674 793//793 806//806
f 731//731 735//735 806//806
f 644//644 674//674 702//702
f 702//702 806//806 735//735
f 735//735 690//690 702//702
f 735//735 731//731 690//690
f 567//567 610//610 607//607
f 610//610 593//593 603//603
f 683//683 657//657 690//690
f 602//602 522//522 657//657
f 644//644 622//622 674//674
f 657//657 644//644 702//702
f 602//602 657//657 683//683
f 806//806 849//849 731//731
f 721//721 663//663 849//849
f 731//731 849//849 663//663
f 849//849 806//806 861//861
f 604//604 595//595 594//594
f 555//555 571//571 594//594
f 604//604 555//555 594//594
f 593//593 594//594 571//571
f 593//593 571//571 603//603
f 604//604 594//594 593//593
f 660//660 663//663 683//683
f 588//588 602//602 663//663
f 580//580 605//605 583//583
f 551//551 520//520 580//580
f 520//520 535//535 605//605
f 520//520 605//605 580//580
f 528//528 559//559 544//544
f 535//535 528//528 544//544
f 543//543 588//588 651//651
f 588//588 543//543 544//544
f 588//588 663//663 651//651
f 683//683 731//731 663//663
f 873//873 918//918 909//909
f 909//909 967//967 962//962
f 962//962 964//964 923//923
f 825//825 873//873 909//909
f 891//891 859//859 909//909
f 859//859 825//825 909//909
f 792//792 873//873 825//825
f 677//677 820//820 792//792
f 605//605 568//568 583//583
f 589//589 596//596 559//559
f 596//596 568//568 605//605
f 504//504 568//568 552//552
f 552//552 568//568 582//582
f 568//568 596//596 589//589
f 677//677 792//792 724//724
f 651//651 721//721 677//677
f 559//559 560//560 589//589
f 514//514 559//559 504//504
f 529//529 582//582 560//560
f 560//560 511//511 529//529
f 626//626 677//677 619//619
f 759//759 825//825 859//859
f 549//549 582//582 570//570
f 570//570 540//540 515//515
f 582//582 565//565 570//570
f 512//512 532//532 501//501
f 540//540 565//565 512//512
f 415//415 619//619 625//625
f 513//513 529//529 501//501
f 565//565 513//513 532//532
f 501//501 532//532 513//513
f 565//565 540//540 570//570
f 561//561 529//529 513//513
f 582//582 589//589 560//560
f 515//515 582//582 549//549
f 904//904 891//891 964//964
f 934//934 904//904 964//964
f 954//954 934//934 959//959
f 954//954 944//944 934//934
f 902//902 934//934 944//944
f 889//889 859//859 891//891
f 889//889 891//891 904//904
f 851//851 781//781 889//889
f 851//851 889//889 875//875
f 875//875 904//904 902//902
f 902//902 904//904 934//934
f 781//781 859//859 889//889
f 625//625 654//654 723//723
f 550//550 750//750 700//700
f 700//700 611//611 550//550
f 472//472 486//486 550//550
f 795//795 750//750 781//781
f 781//781 851//851 875//875
f 795//795 781//781 875//875
f 795//795 700//700 750//750
f 550//550 611//611 489//489
f 472//472 489//489 490//490
f 611//611 489//489 490//490
f 489//489 611//611 497//497
f 533//533 611//611 700//700
f 497//497 611//611 533//533
f 781//781 625//625 723//723
f 654//654 625//625 759//759
f 504//504 559//559 528//528
f 296//296 410//410 479//479
f 296//296 241//241 410//410
f 602//602 450//450 296//296
f 479//479 522//522 296//296
f 555//555 521//521 539//539
f 566//566 521//521 555//555
f 424//424 450//450 588//588
f 520//520 551//551 521//521
f 520//520 521//521 566//566
f 201//201 182//182 296//296
f 201//201 133//133 141//141
f 279//279 201//201 424//424
f 440//440 424//424 543//543
f 279//279 424//424 440//440
f 450//450 602//602 588//588
f 424//424 296//296 450//450
f 568//568 504//504 520//520
f 142//142 133//133 125//125
f 125//125 133//133 148//148
f 201//201 148//148 133//133
f 281//281 244//244 323//323
f 124//124 142//142 125//125
f 279//279 383//383 201//201
f 199//199 148//148 201//201
f 512//512 501//501 515//515
f 383//383 346//346 192//192
f 346//346 383//383 415//415
f 128//128 125//125 192//192
f 134//134 124//124 125//125
f 134//134 225//225 230//230
f 110//110 125//125 128//128
f 134//134 125//125 110//110
f 137//137 128//128 192//192
f 300//300 415//415 486//486
f 290//290 415//415 300//300
f 415//415 290//290 346//346
f 290//290 300//300 289//289
f 289//289 137//137 290//290
f 220//220 289//289 300//300
f 220//220 300//300 472//472
f 137//137 97//97 110//110
f 290//290 192//192 346//346
f 944//944 954//954 959//959
f 902//902 944//944 921//921
f 865//865 921//921 896//896
f 945//945 921//921 944//944
f 961//961 944//944 974//974
f 957//957 963//963 946//946
f 940//940 948//948 957//957
f 941//941 946//946 936//936
f 940//940 957//957 946//946
f 941//941 937//937 946//946
f 931//931 945//945 948//948
f 897//897 890//890 931//931
f 937//937 940//940 946//946
f 865//865 858//858 921//921
f 862//862 865//865 896//896
f 756//756 865//865 862//862
f 737//737 533//533 700//700
f 487//487 533//533 632//632
f 705//705 756//756 800//800
f 705//705 632//632 756//756
f 487//487 632//632 633//633
f 636//636 487//487 633//633
f 616//616 487//487 636//636
f 636//636 633//633 705//705
f 705//705 727//727 616//616
f 633//633 632//632 705//705
f 862//862 890//890 897//897
f 912//912 886//886 862//862
f 832//832 874//874 826//826
f 786//786 832//832 826//826
f 938//938 941//941 928//928
f 913//913 938//938 928//928
f 917//917 938//938 913//913
f 913//913 916//916 917//917
f 941//941 932//932 937//937
f 932//932 911//911 937//937
f 852//852 913//913 930//930
f 597//597 741//741 599//599
f 597//597 689//689 741//741
f 887//887 910//910 913//913
f 910//910 893//893 916//916
f 916//916 893//893 917//917
f 883//883 893//893 910//910
f 816//816 753//753 822//822
f 868//868 822//822 887//887
f 868//868 852//852 816//816
f 753//753 816//816 760//760
f 883//883 887//887 848//848
f 883//883 848//848 798//798
f 798//798 848//848 822//822
f 502//502 752//752 753//753
f 696//696 752//752 502//502
f 932//932 874//874 911//911
f 874//874 832//832 886//886
f 886//886 911//911 874//874
f 872//872 874//874 915//915
f 915//915 893//893 872//872
f 874//874 872//872 811//811
f 810//810 786//786 826//826
f 874//874 810//810 826//826
f 824//824 810//810 874//874
f 811//811 872//872 821//821
f 888//888 872//872 893//893
f 866//866 872//872 888//888
f 892//892 888//888 893//893
f 834//834 872//872 866//866
f 834//834 821//821 872//872
f 866//866 846//846 834//834
f 846//846 866//866 878//878
f 843//843 846//846 878//878
f 888//888 878//878 866//866
f 689//689 753//753 760//760
f 643//643 727//727 728//728
f 649//649 727//727 643//643
f 541//541 616//616 643//643
f 751//751 754//754 786//786
f 620//620 643//643 754//754
f 614//614 541//541 643//643
f 465//465 541//541 614//614
f 418//418 465//465 498//498
f 811//811 713//713 786//786
f 786//786 713//713 751//751
f 344//344 418//418 498//498
f 804//804 777//777 811//811
f 775//775 777//777 804//804
f 704//704 777//777 775//775
f 591//591 577//577 713//713
f 451//451 527//527 518//518
f 411//411 451//451 518//518
f 411//411 518//518 546//546
f 527//527 546//546 518//518
f 344//344 498//498 451//451
f 775//775 804//804 821//821
f 802//802 787//787 834//834
f 787//787 765//765 775//775
f 802//802 834//834 843//843
f 774//774 802//802 843//843
f 764//764 787//787 802//802
f 468//468 480//480 612//612
f 468//468 612//612 554//554
f 468//468 411//411 449//449
f 468//468 449//449 480//480
f 764//764 704//704 787//787
f 612//612 720//720 554//554
f 554//554 664//664 574//574
f 821//821 804//804 811//811
f 763//763 835//835 838//838
f 838//838 835//835 877//877
f 752//752 696//696 803//803
f 509//509 617//617 648//648
f 648//648 763//763 696//696
f 648//648 617//617 763//763
f 744//744 709//709 817//817
f 817//817 839//839 835//835
f 763//763 617//617 680//680
f 877//877 884//884 883//883
f 884//884 892//892 893//893
f 877//877 844//844 884//884
f 867//867 878//878 884//884
f 853//853 854//854 884//884
f 843//843 854//854 853//853
f 884//884 854//854 867//867
f 845//845 853//853 844//844
f 844//844 853//853 884//884
f 839//839 844//844 877//877
f 743//743 799//799 709//709
f 779//779 799//799 743//743
f 661//661 709//709 608//608
f 608//608 639//639 661//661
f 844//844 833//833 845//845
f 807//807 839//839 779//779
f 807//807 801//801 833//833
f 747//747 807//807 779//779
f 639//639 747//747 779//779
f 661//661 743//743 709//709
f 717//717 747//747 639//639
f 639//639 608//608 538//538
f 538//538 519//519 639//639
f 717//717 639//639 579//579
f 827//827 843//843 853//853
f 827//827 833//833 813//813
f 813//813 780//780 827//827
f 791//791 780//780 813//813
f 791//791 813//813 815//815
f 774//774 720//720 764//764
f 664//664 720//720 774//774
f 749//749 719//719 664//664
f 749//749 664//664 774//774
f 574//574 664//664 719//719
f 716//716 749//749 780//780
f 749//749 716//716 719//719
f 780//780 774//774 827//827
f 791//791 815//815 801//801
f 717//717 801//801 807//807
f 783//783 801//801 717//717
f 761//761 783//783 717//717
f 783//783 791//791 801//801
f 734//734 716//716 757//757
f 761//761 729//729 757//757
f 671//671 734//734 757//757
f 667//667 574//574 719//719
f 574//574 667//667 623//623
f 621//621 623//623 667//667
f 391//391 517//517 412//412
f 444//444 503//503 517//517
f 517//517 621//621 569//569
f 412//412 569//569 500//500
f 500//500 392//392 412//412
f 652//652 481//481 671//671
f 671//671 500//500 621//621
f 392//392 453//453 390//390
f 569//569 621//621 500//500
f 652//652 671//671 693//693
f 698//698 761//761 717//717
f 642//642 579//579 494//494
f 579//579 642//642 698//698
f 592//592 638//638 642//642
f 592//592 642//642 494//494
f 679//679 693//693 729//729
f 729//729 693//693 671//671
f 679//679 676//676 693//693
f 676//676 672//672 693//693
f 676//676 629//629 672//672
f 698//698 729//729 761//761
f 435//435 592//592 462//462
f 592//592 640//640 638//638
f 435//435 464//464 592//592
f 629//629 652//652 693//693
f 672//672 629//629 693//693
f 563//563 481//481 652//652
f 471//471 563//563 629//629
f 414//414 471//471 467//467
f 508//508 640//640 493//493
f 508//508 464//464 442//442
f 414//414 467//467 508//508
f 471//471 508//508 467//467
f 629//629 508//508 471//471
f 442//442 414//414 508//508
f 414//414 409//409 481//481
f 409//409 388//388 481//481
f 460//460 442//442 464//464
f 854//854 843//843 867//867
f 747//747 717//717 807//807
f 698//698 717//717 579//579
f 554//554 574//574 443//443
f 436//436 437//437 381//381
f 368//368 381//381 144//144
f 144//144 381//381 232//232
f 227//227 269//269 144//144
f 245//245 232//232 381//381
f 423//423 368//368 335//335
f 191//191 208//208 305//305
f 305//305 208//208 335//335
f 305//305 333//333 337//337
f 191//191 305//305 260//260
f 105//105 111//111 97//97
f 208//208 158//158 105//105
f 94//94 105//105 97//97
f 208//208 105//105 122//122
f 368//368 436//436 381//381
f 354//354 333//333 368//368
f 340//340 350//350 325//325
f 523//523 492//492 432//432
f 254//254 432//432 423//423
f 254//254 364//364 432//432
f 432//432 492//492 423//423
f 254//254 423//423 208//208
f 432//432 586//586 523//523
f 496//496 586//586 432//432
f 367//367 434//434 364//364
f 434//434 432//432 364//364
f 496//496 432//432 434//434
f 198//198 364//364 254//254
f 183//183 97//97 137//137
f 94//94 183//183 172//172
f 183//183 220//220 280//280
f 172//172 183//183 280//280
f 616//616 280//280 487//487
f 85//85 172//172 193//193
f 85//85 72//72 172//172
f 105//105 136//136 122//122
f 72//72 105//105 94//94
f 74//74 72//72 48//48
f 193//193 280//280 616//616
f 76//76 85//85 88//88
f 76//76 72//72 85//85
f 74//74 48//48 40//40
f 48//48 76//76 65//65
f 599//599 606//606 496//496
f 434//434 367//367 496//496
f 367//367 405//405 597//597
f 214//214 367//367 190//190
f 224//224 429//429 214//214
f 429//429 597//597 405//405
f 502//502 428//428 224//224
f 123//123 224//224 214//214
f 123//123 82//82 224//224
f 52//52 75//75 82//82
f 36//36 65//65 88//88
f 82//82 40//40 35//35
f 75//75 52//52 35//35
f 21//21 35//35 36//36
f 21//21 75//75 35//35
f 153//153 502//502 224//224
f 278//278 502//502 153//153
f 75//75 278//278 153//153
f 75//75 153//153 82//82
f 342//342 278//278 108//108
f 27//27 108//108 75//75
f 108//108 278//278 75//75
f 193//193 616//616 465//465
f 344//344 465//465 418//418
f 344//344 193//193 465//465
f 150//150 193//193 344//344
f 70//70 88//88 171//171
f 88//88 344//344 171//171
f 265//265 171//171 344//344
f 41//41 28//28 151//151
f 28//28 16//16 24//24
f 24//24 16//16 27//27
f 12//12 5//5 16//16
f 5//5 27//27 16//16
f 41//41 12//12 20//20
f 154//154 151//151 411//411
f 41//41 151//151 154//154
f 41//41 154//154 107//107
f 151//151 171//171 265//265
f 439//439 466//466 617//617
f 327//327 439//439 509//509
f 218//218 439//439 327//327
f 218//218 466//466 439//439
f 617//617 466//466 426//426
f 426//426 459//459 617//617
f 114//114 459//459 426//426
f 426//426 466//466 218//218
f 61//61 27//27 47//47
f 47//47 114//114 61//61
f 69//69 114//114 47//47
f 218//218 327//327 342//342
f 459//459 425//425 608//608
f 131//131 256//256 114//114
f 131//131 459//459 256//256
f 131//131 425//425 459//459
f 538//538 608//608 425//425
f 109//109 131//131 69//69
f 425//425 358//358 538//538
f 396//396 353//353 519//519
f 358//358 519//519 538//538
f 18//18 47//47 5//5
f 3//3 5//5 19//19
f 5//5 3//3 18//18
f 4//4 42//42 107//107
f 4//4 107//107 126//126
f 42//42 3//3 19//19
f 42//42 19//19 41//41
f 1//1 18//18 3//3
f 1//1 3//3 2//2
f 22//22 69//69 33//33
f 54//54 22//22 6//6
f 69//69 22//22 54//54
f 42//42 2//2 3//3
f 2//2 42//42 4//4
f 4//4 22//22 1//1
f 391//391 392//392 126//126
f 127//127 4//4 126//126
f 180//180 4//4 127//127
f 388//388 126//126 392//392
f 390//390 388//388 392//392
f 106//106 54//54 358//358
f 31//31 54//54 6//6
f 54//54 93//93 358//358
f 93//93 258//258 353//353
f 93//93 243//243 258//258
f 71//71 93//93 31//31
f 14//14 71//71 31//31
f 50//50 160//160 84//84
f 9//9 6//6 30//30
f 7//7 11//11 31//31
f 8//8 10//10 11//11
f 31//31 11//11 10//10
f 50//50 84//84 30//30
f 9//9 7//7 6//6
f 7//7 31//31 6//6
f 160//160 159//159 84//84
f 159//159 442//442 319//319
f 46//46 14//14 32//32
f 32//32 159//159 53//53
f 46//46 71//71 14//14
f 8//8 32//32 14//14
f 53//53 159//159 319//319
f 53//53 319//319 89//89
f 53//53 89//89 55//55
f 89//89 46//46 55//55
f 32//32 53//53 55//55
f 462//462 494//494 357//357
f 243//243 71//71 357//357
f 357//357 494//494 243//243
f 357//357 431//431 462//462
f 89//89 357//357 71//71
f 462//462 421//421 435//435
f 421//421 462//462 431//431
f 89//89 421//421 185//185
f 421//421 357//357 185//185
f 319//319 421//421 89//89
f 435//435 442//442 464//464
f 414//414 388//388 409//409
f 71//71 46//46 89//89
f 6//6 50//50 30//30
f 674//674 650//650 678//678
f 342//342 509//509 278//278
f 61//61 108//108 27//27
f 578//578 539//539 567//567
f 944//944 959//959 974//974
f 963//963 961//961 946//946
f 943//943 966//966 900//900
f 809//809 758//758 794//794
f 700//700 795//795 737//737
f 111//111 110//110 97//97
f 692//692 655//655 733//733
f 732//732 682//682 505//505
f 708//708 782//782 624//624
f 686//686 647//647 739//739
f 410//410 658//658 622//622
f 566//566 583//583 568//568
f 410//410 622//622 479//479
f 560//560 514//514 501//501
f 383//383 440//440 677//677
f 675//675 428//428 502//502
f 755//755 740//740 669//669
f 796//796 770//770 784//784
f 706//706 796//796 788//788
f 796//796 762//762 755//755
f 685//685 669//669 695//695
f 685//685 714//714 627//627
f 842//842 773//773 776//776
f 894//894 882//882 869//869
f 708//708 722//722 805//805
f 939//939 906//906 926//926
f 819//819 805//805 733//733
f 531//531 548//548 556//556
f 733//733 745//745 772//772
f 733//733 662//662 703//703
f 745//745 736//736 739//739
f 976//976 965//965 983//983
f 575//575 567//567 590//590
f 590//590 578//578 575//575
f 575//575 578//578 567//567
f 590//590 598//598 578//578
f 968//968 976//976 967//967
f 971//971 924//924 949//949
f 725//725 736//736 745//745
f 725//725 701//701 686//686
f 812//812 707//707 697//697
f 95//95 86//86 90//90
f 86//86 58//58 73//73
f 548//548 531//531 556//556
f 557//557 556//556 548//548
f 547//547 557//557 548//548
f 573//573 556//556 547//547
f 556//556 557//557 548//548
f 557//557 573//573 548//548
f 556//556 557//557 547//547
f 456//456 379//379 548//548
f 99//99 101//101 104//104
f 99//99 104//104 98//98
f 101//101 99//99 98//98
f 99//99 96//96 101//101
f 261//261 139//139 112//112
f 99//99 101//101 96//96
f 139//139 64//64 34//34
f 98//98 34//34 38//38
f 120//120 135//135 79//79
f 427//427 207//207 236//236
f 207//207 427//427 155//155
f 231//231 215//215 236//236
f 44//44 51//51 79//79
f 386//386 430//430 351//351
f 351//351 430//430 516//516
f 628//628 646//646 694//694
f 454//454 537//537 564//564
f 303//303 177//177 213//213
f 408//408 420//420 331//331
f 57//57 59//59 34//34
f 499//499 526//526 482//482
f 376//376 378//378 373//373
f 371//371 376//376 373//373
f 378//378 376//376 373//373
f 371//371 373//373 376//376
f 380//380 371//371 376//376
f 380//380 376//376 371//371
f 401//401 399//399 393//393
f 371//371 349//349 380//380
f 482//482 164//164 147//147
f 147//147 78//78 49//49
f 49//49 116//116 147//147
f 416//416 317//317 402//402
f 277//277 140//140 226//226
f 356//356 406//406 389//389
f 400//400 401//401 403//403
f 401//401 393//393 403//403
f 400//400 398//398 399//399
f 401//401 400//400 399//399
f 399//399 406//406 398//398
f 371//371 380//380 374//374
f 311//311 361//361 314//314
f 395//395 394//394 382//382
f 362//362 394//394 395//395
f 362//362 316//316 360//360
f 397//397 370//370 163//163
f 380//380 349//349 374//374
f 371//371 374//374 349//349
f 200//200 181//181 130//130
f 205//205 200//200 130//130
f 382//382 273//273 251//251
f 382//382 251//251 274//274
f 92//92 100//100 87//87
f 92//92 119//119 100//100
f 266//266 297//297 328//328
f 130//130 161//161 115//115
f 239//239 202//202 174//174
f 189//189 239//239 174//174
f 341//341 385//385 334//334
f 341//341 334//334 272//272
f 341//341 272//272 284//284
f 284//284 211//211 238//238
f 299//299 284//284 238//238
f 268//268 309//309 338//338
f 174//174 130//130 176//176
f 179//179 178//178 211//211
f 174//174 176//176 189//189
f 345//345 332//332 292//292
f 377//377 339//339 345//345
f 194//194 179//179 211//211
f 145//145 132//132 178//178
f 179//179 145//145 178//178
f 196//196 188//188 162//162
f 162//162 165//165 167//167
f 175//175 162//162 167//167
f 302//302 294//294 196//196
f 197//197 302//302 196//196
f 165//165 169//169 167//167
f 169//169 182//182 157//157
f 182//182 170//170 157//157
f 162//162 169//169 165//165
f 167//167 169//169 157//157
f 196//196 157//157 197//197
f 170//170 216//216 222//222
f 237//237 170//170 222//222
f 175//175 157//157 196//196
f 170//170 197//197 157//157
f 237//237 302//302 170//170
f 182//182 141//141 170//170
f 263//263 216//216 173//173
f 263//263 233//233 216//216
f 237//237 271//271 222//222
f 237//237 222//222 216//216
f 233//233 237//237 216//216
f 697//697 707//707 618//618
f 609//609 697//697 618//618
f 382//382 385//385 324//324
f 275//275 324//324 347//347
f 348//348 365//365 291//291
f 276//276 348//348 291//291
f 618//618 542//542 469//469
f 267//267 276//276 291//291
f 267//267 263//263 276//276
f 221//221 173//173 187//187
f 291//291 276//276 267//267
f 276//276 264//264 267//267
f 264//264 276//276 291//291
f 320//320 312//312 307//307
f 419//419 461//461 491//491
f 263//263 223//223 221//221
f 313//313 248//248 255//255
f 259//259 315//315 247//247
f 255//255 298//298 313//313
f 250//250 259//259 247//247
f 249//249 315//315 283//283
f 247//247 187//187 217//217
f 249//249 247//247 217//217
f 249//249 283//283 250//250
f 283//283 249//249 217//217
f 323//323 318//318 257//257
f 281//281 323//323 257//257
f 326//326 250//250 283//283
f 283//283 387//387 326//326
f 234//234 253//253 249//249
f 304//304 323//323 209//209
f 255//255 247//247 253//253
f 571//571 598//598 610//610
f 603//603 571//571 610//610
f 283//283 217//217 234//234
f 249//249 283//283 234//234
f 247//247 249//249 253//253
f 307//307 326//326 387//387
f 637//637 665//665 536//536
f 495//495 448//448 225//225
f 474//474 510//510 553//553
f 871//871 794//794 829//829
f 951//951 960//960 970//970
f 951//951 898//898 922//922
f 960//960 956//956 946//946
f 914//914 936//936 880//880
f 808//808 785//785 828//828
f 797//797 715//715 808//808
f 768//768 741//741 689//689
f 492//492 523//523 545//545
f 607//607 610//610 598//598
f 604//604 595//595 551//551
f 587//587 604//604 551//551
f 567//567 539//539 610//610
f 535//535 520//520 504//504
f 528//528 535//535 504//504
f 595//595 604//604 594//594
f 604//604 593//593 595//595
f 593//593 551//551 595//595
f 583//583 566//566 604//604
f 604//604 587//587 580//580
f 551//551 580//580 587//587
f 535//535 544//544 605//605
f 605//605 544//544 559//559
f 596//596 605//605 559//559
f 690//690 731//731 683//683
f 580//580 583//583 604//604
f 528//528 544//544 543//543
f 873//873 820//820 849//849
f 962//962 923//923 909//909
f 820//820 873//873 792//792
f 677//677 849//849 820//820
f 552//552 582//582 515//515
f 560//560 559//559 514//514
f 723//723 654//654 759//759
f 540//540 512//512 515//515
f 549//549 570//570 515//515
f 512//512 565//565 532//532
f 625//625 619//619 759//759
f 565//565 561//561 513//513
f 497//497 472//472 490//490
f 489//489 497//497 490//490
f 489//489 611//611 490//490
f 489//489 472//472 550//550
f 169//169 296//296 182//182
f 551//551 539//539 521//521
f 201//201 141//141 182//182
f 528//528 543//543 424//424
f 501//501 514//514 504//504
f 148//148 199//199 125//125
f 199//199 201//201 383//383
f 134//134 144//144 245//245
f 227//227 191//191 260//260
f 937//937 911//911 931//931
f 756//756 737//737 795//795
f 705//705 616//616 636//636
f 896//896 890//890 862//862
f 913//913 910//910 916//916
f 753//753 752//752 798//798
f 883//883 798//798 803//803
f 892//892 878//878 888//888
f 878//878 867//867 843//843
f 620//620 465//465 614//614
f 754//754 643//643 728//728
f 713//713 577//577 613//613
f 591//591 527//527 498//498
f 498//498 527//527 451//451
f 480//480 546//546 600//600
f 612//612 480//480 600//600
f 411//411 457//457 443//443
f 877//877 803//803 838//838
f 680//680 744//744 763//763
f 827//827 853//853 845//845
f 744//744 680//680 709//709
f 639//639 519//519 579//579
f 833//833 827//827 845//845
f 719//719 716//716 667//667
f 503//503 444//444 443//443
f 574//574 517//517 503//503
f 203//203 444//444 391//391
f 621//621 517//517 623//623
f 464//464 508//508 493//493
f 471//471 414//414 481//481
f 442//442 460//460 464//464
f 350//350 354//354 368//368
f 305//305 227//227 260//260
f 335//335 337//337 333//333
f 305//305 335//335 333//333
f 305//305 269//269 227//227
f 340//340 305//305 329//329
f 350//350 340//340 329//329
f 333//333 337//337 368//368
f 208//208 423//423 335//335
f 337//337 335//335 368//368
f 144//144 105//105 158//158
f 350//350 340//340 337//337
f 270//270 285//285 310//310
f 310//310 285//285 282//282
f 310//310 282//282 270//270
f 270//270 282//282 260//260
f 305//305 340//340 350//350
f 354//354 350//350 337//337
f 333//333 354//354 337//337
f 260//260 282//282 285//285
f 260//260 285//285 270//270
f 325//325 305//305 337//337
f 227//227 158//158 191//191
f 310//310 305//305 325//325
f 269//269 305//305 350//350
f 329//329 305//305 310//310
f 325//325 350//350 329//329
f 310//310 325//325 329//329
f 340//340 325//325 337//337
f 265//265 451//451 411//411
f 151//151 265//265 411//411
f 137//137 220//220 183//183
f 76//76 48//48 72//72
f 586//586 496//496 606//606
f 367//367 214//214 405//405
f 405//405 214//214 429//429
f 40//40 82//82 74//74
f 35//35 52//52 82//82
f 88//88 70//70 36//36
f 28//28 24//24 27//27
f 415//415 625//625 486//486
f 21//21 28//28 27//27
f 126//126 107//107 203//203
f 1//1 33//33 18//18
f 109//109 69//69 106//106
f 106//106 69//69 54//54
f 127//127 388//388 180//180
f 353//353 494//494 519//519
f 7//7 9//9 11//11
f 32//32 8//8 84//84
f 159//159 32//32 84//84
f 10//10 8//8 14//14
f 10//10 14//14 31//31
f 357//357 89//89 185//185
f 319//319 435//435 413//413
f 421//421 319//319 413//413
f 590//590 567//567 607//607
f 571//571 539//539 578//578
f 691//691 703//703 662//662
f 707//707 739//739 647//647
f 555//555 539//539 571//571
